judul,BAB,Pasal,Content
PP_No_34_Tahun_2021_cleaned.txt,BAB I: KETENTUAN UMUM,PASAL 1,"Dalam Peraturan Pemerintah ini yang dimaksud dengan:   1. Tenaga Kerja Asing yang selanjutnya disingkat TKA  adalah warga negara asing pemegang visa dengan  maksud bekerja di wilayah Indonesia.   2. Pemberi Kerja TKA adalah badan hukum yang  didirikan berdasarkan hukum Indonesia atau badan  lainnya yang mempekerjakan TKA dengan membayar  upah atau imbalan dalam bentuk lain .  3. Tenaga Kerja Pendamping TKA adalah tenaga kerja  Indonesia yang ditunjuk oleh Pemberi Kerja TKA dan  dipersiapkan sebagai pendamping TKA yang  dipekerjakan dalam rangka alih teknologi dan alih  keahlian.   4. Rencana Penggunaan Tenaga Kerja Asing yang  selanjutny a disingkat RPTKA adalah rencana  penggunaan TKA pada jabatan tertentu dan jangka  waktu tertentu.   5. Pengesahan Rencana Penggunaan Tenaga Kerja Asing  yang selanjutnya disebut Pengesahan RPTKA adalah  persetujuan penggunaan TKA yang disahkan oleh  menteri yang me nyelenggarakan urusan pemerintahan  di bidang ketenagakerjaan atau pejabat yang ditunjuk.   6. Kawasan Ekonomi Khusus yang selanjutnya disingkat  KEK adalah kawasan dengan batas tertentu dalam  wilayah hukum Negara Kesatuan Republik Indonesia  yang ditetapkan untuk  menyelenggarakan fungsi  perekonomian dan memperoleh fasilitas tertentu.   7. Dana Kompensasi Penggunaan TKA yang selanjutnya  disingkat DKPTKA adalah kompensasi yang harus  dibayar oleh Pemberi Kerja TKA atas setiap TKA yang  dipekerjakan sebagai penerimaan nega ra bukan pajak  atau pendapatan daerah.   2021, No.44 -3-  8. Pengawas Ketenagakerjaan adalah pegawai negeri sipil  yang diberi tugas, tanggung jawab, wewenang, dan hak  secara penuh oleh pejabat yang berwenang untuk  melaksanakan kegiatan pembinaan, pemeriksaan,  pengujian, penyidi kan, dan pengembangan sistem  pengawasan ketenagakerjaan sesuai dengan ketentuan  peraturan perundang -undangan.   9. Menteri adalah menteri yang menyelenggarakan  urusan pemerintahan di bidang ketenagakerjaan.     BAB II : KEWAJIBAN DAN LARANGAN BAGI PEMBERI KERJA TEN AGA KERJA ASING     Bagian Kesatu   Umum"
PP_No_34_Tahun_2021_cleaned.txt,BAB II: KEWAJIBAN DAN LARANGAN BAGI,PASAL 2,"(1) Setiap Pemberi Kerja TKA wajib mengutamakan   penggunaan tenaga kerja Indonesia pada semua jenis  jabatan yang tersedia.   (2) Dalam hal jabatan sebagaimana dimaksud pada ayat  (1) belum dapat diduduki oleh tenaga kerja I ndonesia,  jabatan tersebut dapat diduduki oleh TKA.   (3) Penggunaan TKA sebagaimana dimaksud pada  ayat (2)  dilakukan dengan memperhatikan kondisi pasar kerja  dalam negeri."
PP_No_34_Tahun_2021_cleaned.txt,BAB II: KEWAJIBAN DAN LARANGAN BAGI,PASAL 3,"(1) Pemberi  Kerja TKA meliputi:   a. instansi Pemerintah, perwakilan negara asing ,  dan badan internasional;   b. kantor perwakilan dagang asing, kantor  perwakilan perusahaan asing, dan kantor berita  asing yang melakukan kegiatan di Indonesia;   c. perusahaan swasta asing yang berusaha  di  Indonesia;    2021, No.44 -4-  d. badan hukum dalam bentuk pers eroan terbatas  atau yayasan yang didirikan berdasarkan hukum  Indonesia atau badan usaha asing yang terdaftar  di instansi yang berwenang;   e. lembaga sosial, keagamaan, pendidikan, dan  kebudayaan;   f. usaha jasa impresariat; dan   g. badan usaha sepanjang diperbolehkan  oleh  undang -undang untuk menggunakan TKA.   (2) Perseroan terbatas sebagaimana dimaksud pada ayat  (1) huruf d dikecualikan untuk perseroan terbatas  yang berbentuk badan hukum perorangan."
PP_No_34_Tahun_2021_cleaned.txt,BAB II: KEWAJIBAN DAN LARANGAN BAGI,PASAL 4,"(1) TKA hanya  dapat dipekerjakan oleh Pemberi Kerja TKA  dalam hubunga n kerja untuk jabatan tertentu dan  waktu tertentu, serta memiliki kompetensi sesuai  dengan jabatan yang akan diduduki.   (2) Jabatan tertentu  yang dapat diduduki oleh TKA  sebagaimana dimaksud pada ayat (1) ditetapkan oleh  Menteri setelah mendapat masukan dari  kementerian/lembaga terkait."
PP_No_34_Tahun_2021_cleaned.txt,BAB II: KEWAJIBAN DAN LARANGAN BAGI,PASAL 5,"(1) Pemberi Kerja TKA dapat mempekerjakan TKA yang  sedang dipekerjakan oleh Pemberi Kerja TKA lain  untuk jabatan yang sama sebagai:   a. direksi atau komisaris; atau   b. TKA pada sektor pendidikan vokasi dan pelatihan  vokasi, sekto r ekonomi digital, dan sektor migas  bagi kontraktor kontrak kerja sama.   (2) Dalam hal Pemberi Kerja TKA akan mempekerjakan   TKA sebagaimana dimaksud pada ayat (1),  TKA  tersebut harus mendapatkan persetujuan dari Pemberi  Kerja TKA pertama.   (3) TKA se bagaimana dimaksud pada ayat (1)  dipekerjakan  paling lama sampai dengan berakhirnya  2021, No.44 -5-  jangka waktu sebagaimana tercantum dalam  Pengesahan RPTKA Pemberi Kerja TKA pertama.   (4) Jabatan tertentu pada sektor pendidikan vokasi dan  pelatihan  vokasi, sektor ekonomi di gital, dan sektor  migas bagi kontraktor kontrak kerja sama yang dapat  dirangkap sebagaimana dimaksud pada  ayat (1) huruf  b ditetapkan oleh Menteri setelah mendapat  masukan  dari kementerian/lembaga terkait.     Bagian Kedua   Kewajiban"
PP_No_34_Tahun_2021_cleaned.txt,BAB II: KEWAJIBAN DAN LARANGAN BAGI,PASAL 6,"(1) Setiap P emberi Kerja TKA yang mempekerjakan TKA  wajib memiliki RPTKA yang disahkan oleh Menteri  atau pejabat yang ditunjuk.   (2) Dalam  hal Pemberi Kerja TKA akan mempekerjakan  TKA yang sedang dipekerjakan oleh Pemberi Kerja TKA  lain, masing -masing Pemberi Kerja TKA waj ib memiliki  Pengesahan RPTKA.    (3) Pemberi  Kerja TKA sebagaimana dimaksud pada ayat  (1) dan ayat (2) wajib mempekerjakan TKA sesuai  dengan Pengesahan RPTKA."
PP_No_34_Tahun_2021_cleaned.txt,BAB II: KEWAJIBAN DAN LARANGAN BAGI,PASAL 7,"(1) Pemberi Kerja TKA wajib:   a. menunjuk tenaga kerja warga negara Indonesia  sebagai Tenaga Kerja Pen damping TKA yang  dipekerjakan  untuk alih teknologi dan alih  keahlian dari TKA;   b. melaksanakan pendidikan dan pelatihan kerja  bagi Tenaga Kerja Pendamping TKA sebagaimana  dimaksud pada huruf a sesuai dengan kualifikasi  jabatan yang diduduki oleh TKA; dan   c. mem ulangkan TKA ke negara asalnya setelah  perjanjian kerjanya berakhir.   2021, No.44 -6-  (2) Selain kewajiban Pemberi Kerja TKA sebagaimana  dimaksud  pada ayat (1), Pemberi Kerja TKA wajib  memfasilitasi pendidikan dan pelatihan bahasa  Indonesia kepada TKA.   (3) Ketentuan  sebagaimana di maksud pada ayat (1) huruf  a, huruf b, dan ayat (2) tidak berlaku bagi:   a. direksi dan komisaris;   b. kepala kantor perwakilan;   c. pembina, pengurus, dan pengawas yayasan; dan   d. TKA yang dipekerjakan untuk pekerjaan bersifat  sementara."
PP_No_34_Tahun_2021_cleaned.txt,BAB II: KEWAJIBAN DAN LARANGAN BAGI,PASAL 8,(1) Pemberi Kerja TKA waj ib mendaftarkan TKA dalam  program jaminan sosial nasional bagi TKA yang  bekerja lebih dari 6 (enam) bulan atau program  asuransi  pada perusahaan asuransi bagi TKA yang  bekerja kurang dari 6 (enam) bulan.   (2) Program asuransi  bagi TKA  yang bekerja kurang dari 6  (enam) bulan  sebagaimana  dimaksud pada ayat (1)  paling sedikit menjamin pelindungan untuk jenis  risiko kecelakaan kerja.     Bagian Ketiga   Larangan
PP_No_34_Tahun_2021_cleaned.txt,BAB II: KEWAJIBAN DAN LARANGAN BAGI,PASAL 9,Pemberi kerja orang  perseorangan dilarang mempekerjakan  TKA.
PP_No_34_Tahun_2021_cleaned.txt,BAB II: KEWAJIBAN DAN LARANGAN BAGI,PASAL 10,Pemberi Kerja TKA dilarang memp ekerjakan TKA rangkap  jabatan dalam perusahaan yang sama.
PP_No_34_Tahun_2021_cleaned.txt,BAB II: KEWAJIBAN DAN LARANGAN BAGI,PASAL 11,"(1) Pemberi Kerja TKA dilarang mempekerjakan TKA pada  jabatan  yang mengurusi personalia.   2021, No.44 -7-  (2) Jabatan yang mengurusi personalia sebagaimana  dimaksud pada ayat (1) ditetapkan oleh Menteri  setelah m endapat masukan dari kementerian/lembaga  terkait.     BAB III : PENGESAHAN RENCANA PENGGUNAAN TENAGA KERJA ASING     Bagian Kesatu   Tata Cara Permohonan   Pengesahan Rencana Penggunaan Tenaga Kerja Asing"
PP_No_34_Tahun_2021_cleaned.txt,BAB III: PENGESAHAN RENCANA PENGGUNAAN,PASAL 12,"(1) Untuk mendapatkan Pengesahan RPTKA, Pemberi  Kerja TK A harus mengajukan permohonan secara  daring  kepada Menteri atau pejabat yang ditunjuk.   (2) Permohonan Pengesahan RPTKA sebagaimana  dimaksud pada ayat ( 1) disampaikan oleh Pemberi  Kerja TKA yang memuat  paling sedikit:   a. identitas Pemberi Kerja TKA;   b. alasan penggu naan TKA;   c. jabatan atau kedudukan TKA dalam struktur  organisasi perusahaan;   d. jumlah TKA;   e. jangka waktu penggunaan TKA;   f. lokasi kerja TKA;   g. identitas Tenaga Kerja Pendamping TKA; dan   h. rencana penyerapan tenaga kerja Indonesia setiap  tahun.   (3) Permohonan Pengesahan RPTKA sebagaimana  dimaksud pada ayat (2) disampaikan oleh Pemberi  Kerja TKA dengan melampirkan dokumen paling  sedikit:   a. surat permohonan;   b. nomor induk berusaha dan/atau izin usaha  Pemberi Kerja TKA;   2021, No.44 -8-  c. akta dan keputusan pengesahan pendirian  dan/atau perubah an dari instansi yang  berwenang;   d. bukti wajib lapor ketenagakerjaan di perusahaan;   e. rancangan perjanjian kerja atau perjanjian lain;   f. bagan struktur organisasi perusahaan;   g. surat pernyataan untuk penunjukan Tenaga Kerja  Pendamping TKA;   h. surat pernyataan untu k melaksanakan  pendidikan dan pelatihan kerja bagi tenaga kerja  Indonesia sesuai dengan kualifikasi jabatan yang  diduduki oleh TKA; dan   i. surat pernyataan untuk memfasilitasi pendidikan  dan pelatihan bahasa Indonesia kepada TKA.    (4) Dalam hal Pemberi Kerja TKA telah siap  menyampaikan data calon TKA yang akan  dipekerjakan maka penyampaian data calon TKA dapat  dilakukan sekaligus pada saat permohonan  Pengesahan RPTKA."
PP_No_34_Tahun_2021_cleaned.txt,BAB III: PENGESAHAN RENCANA PENGGUNAAN,PASAL 13,(1) Menteri atau pejabat yang ditunjuk melakukan  penilaian kelayakan permohonan Pengesahan RPTKA  yang diajukan oleh Pemberi Kerja TKA sejak  dinyatakan lengkap dan benar .  (2) Menteri atau pejabat yang ditunjuk sebagaimana  dimaksud pada ayat (1) menerbitkan hasil penilaian  kelayakan Pengesahan RPTKA paling lama 2 (dua) hari  kerja setelah Pemberi Kerja  TKA dinilai layak  berdasarkan penilaian kelayakan.
PP_No_34_Tahun_2021_cleaned.txt,BAB III: PENGESAHAN RENCANA PENGGUNAAN,PASAL 14,"(1) Berdasarkan hasil penilaian kelayakan Pengesahan   RPTKA sebagaimana dimaksud dalam Pasal 13 ayat  (2), Pemberi Kerja TKA menyampaikan data calon TKA  secara daring kepada Menteri atau pejaba t yang  ditunjuk.   2021, No.44 -9-  (2) Data calon  TKA sebagaimana dimaksud pada  ayat (1)  memuat paling sedikit :  a. identitas TKA;   b. jabatan TKA dan jangka waktu bekerja TKA;   c. lokasi kerja TKA; dan   d. penetapan  kode dan lokasi domisili TKA.   (3) Pemberi  Kerja TKA dalam menyampaik an data calon  TKA sebagaimana dimaksud pada ayat ( 2) dengan  melampirkan dokumen paling sedikit:   a. ijazah pendidikan;    b. sertifikat kompetensi atau pengalaman kerja;   c. perjanjian kerja atau perjanjian lain;   d. surat keterangan penunjukan Tenaga Kerja  Pendamping TKA ;  e. surat pernyataan sebagai penjamin TKA; dan   f. rekening koran/tabungan TKA atau Pemberi Kerja  TKA.  (4) Data calon TKA dan  dokumen  dilakukan verifikasi oleh  Menteri atau pejabat yang ditunjuk paling lama 2 (dua)  hari kerja.   (5) Dalam hal data calon TKA dan dokumen sebagaimana  dimaksud pada ayat (4) dinyatakan lengkap dan benar  serta Pemberi Kerja TKA telah melakukan pembayaran  DKPTKA, Menteri atau pejabat yang ditunjuk  menerbitkan Pengesahan RPTKA.   (6) Pengesahan  RPTKA digunakan sebagai rekomendasi  untuk mendapatkan  visa dan izin tinggal dalam  rangka bekerja bagi TKA.   (7) Menteri atau pejabat yang ditunjuk sebagaimana  dimaksud pada ayat (5) menyampaikan data calon TKA  yang akan dipekerjakan secara daring kepada menteri  yang menyelenggarakan urusan pemerintahan di  bidang hukum  dan hak asasi manusia atau pejabat  yang ditunjuk sebagai rekomendasi untuk  mendapatkan visa dan izin tinggal dalam rangka  bekerja.     2021, No.44 -10-"
PP_No_34_Tahun_2021_cleaned.txt,BAB III: PENGESAHAN RENCANA PENGGUNAAN,PASAL 15,"(1) Permohonan Pengesahan RPTKA yang diajukan oleh  instansi  Pemerintah, perwakilan negara asing , dan  badan internasion al dikecualikan dari penilaian  kelayakan Pengesahan RPTKA  sebagaimana dimaksud  dalam Pasal 13 .   (2) Permohonan Pengesahan RPTKA sebagaimana  dimaksud pada ayat (1) disampaikan kepada Menteri  atau pejabat yang ditunjuk dengan memuat data calon  TKA paling sedikit :  a. identitas TKA;   b. jabatan TKA dan jangka waktu bekerja TKA;   c. lokasi kerja TKA; dan   d. penetapan  kode dan lokasi  domisili TKA .  (3) Permohonan Pengesahan RPTKA sebagaimana  dimaksud pada ayat ( 2) disampaikan oleh Pemberi  Kerja TKA dengan melampirkan dokumen paling  sedikit:  a. surat permohonan dan alasan penggunaan TKA;   b. rancangan perjanjian kerja atau perjanjian lain;  dan/atau   c. surat persetujuan dari instansi yang berwenang .  (4) Data calon TKA dan dokumen dilakukan verifikasi oleh  Menteri atau pejabat yang ditunjuk paling lama 2 (dua)  hari kerja.   (5) Dalam hal data calon TKA dan dokumen sebagaimana  dimaksud pada ayat (4) dinyatakan lengkap dan benar,  Menteri atau pejabat yang ditunjuk menerbitkan  Pengesahan RPTKA.   (6) Pengesahan RPTKA digunakan  sebagai rekomendasi   untuk mendapatkan visa  dan izin tinggal dalam  rangka bekerja bagi TKA .   (7) Menteri atau pejabat yang ditunjuk sebagaimana  dimaksud pada ayat (5) menyampaikan data calon TKA  yang akan dipekerjakan secara daring  kepada menteri  yang menyelenggarakan  urusan pemerintahan di  bidang huku m dan hak asasi manusia atau pejabat  2021, No.44 -11-  yang ditunjuk sebagai rekomendasi  untuk  mendapatkan visa dan izin tinggal dalam rangka  bekerja."
PP_No_34_Tahun_2021_cleaned.txt,BAB III: PENGESAHAN RENCANA PENGGUNAAN,PASAL 16,Pengesahan RPTKA terdiri atas:   a. RPTKA untuk pekerjaan bersifat sementara;   b. RPTKA untuk pekerjaan lebih dari 6 (enam ) bulan;   c. RPTKA non -DKPTKA; dan   d. RPTKA KEK.
PP_No_34_Tahun_2021_cleaned.txt,BAB III: PENGESAHAN RENCANA PENGGUNAAN,PASAL 17,"(1) Pengesahan RPTKA untuk pekerjaan bersifat  sementara diberikan untuk jangka waktu paling lama  6 (enam) bulan dan tidak dapat diperpanjang.   (2) Pengesahan RPTKA untuk pekerjaan lebih dari  6  (enam) b ulan dan Pengesahan RPTKA  non-DKPTKA  diberikan untuk jangka waktu paling lama 2 (dua)  tahun dan dapat diperpanjang.   (3) Pengesahan RPTKA KEK diberikan untuk jangka  waktu paling lama 5 (lima) tahun dan dapat  diperpanjang.   (4) Pengesahan RPTKA KEK untuk jabatan direksi atau  komisaris, diberikan sekali dan berlaku selama TKA  yang bersangkutan menjadi direksi atau komisaris."
PP_No_34_Tahun_2021_cleaned.txt,BAB III: PENGESAHAN RENCANA PENGGUNAAN,PASAL 18,"Pengesahan RPTKA non -DKPTKA  diberikan kepada Pemberi  Kerja TKA untuk instansi Pemerintah, perwakilan negara  asing , badan internasional, lembaga sosial, lembaga  keagamaan, dan jabatan tertentu  di lembaga pendidikan.               2021, No.44 -12-"
PP_No_34_Tahun_2021_cleaned.txt,BAB III: PENGESAHAN RENCANA PENGGUNAAN,PASAL 19,"(1) Pengesahan  RPTKA sebagaimana dimaksud dalam  Pasal 16 tidak berlaku bagi:   a. direksi atau komisaris dengan kepemilikan saham  tertentu,  atau pemegang saham sesuai dengan  ketentuan peraturan perundang -undangan;     b. pegawai diplomatik dan konsuler pada kantor  perwakilan negara asing; atau   c. TKA yang dibutuhkan oleh Pemberi Kerja TKA pada  jenis kegiatan produksi yang terhenti karena  keadaan darur at, vokasi, perusahaan rintisan ( start - up) berbasis teknologi, kunjungan bisnis, dan  penelitian untuk jangka waktu tertentu.   (2) Untuk mempekerjakan TKA pada jenis kegiatan   perusahaan  rintisan ( start -up) berbasis teknologi dan  vokasi untuk jangka waktu tertent u sebagaimana  dimaksud pada ayat (1) huruf c , Pemberi Kerja TKA   harus  menyampaikan data calon TKA secara daring  kepada Menteri atau pejabat yang ditunjuk.   (3) Jabatan pada kegiatan perusahaan rintisan ( start -up)  berbasis teknologi dan vokasi sebagaimana dimaks ud  pada ayat (2) ditetapkan oleh Menteri setelah  mendapatkan masukan dari kementerian/lembaga  terkait.   (4) Menteri atau pejabat yang ditunjuk sebagaimana  dimaksud pada ayat (2) menyampaikan data calon TKA  secara daring kepada menteri yang menyelenggarakan  urusan pemerintahan di bidang hukum dan hak asasi  manusia atau pejabat yang ditunjuk sebagai  rekomendasi untuk mendapatkan visa dan izin tinggal  dalam rangka bekerja .   (5) Jangka waktu bagi TKA yang bekerja  pada jenis  kegiatan  perusahaan rintisan ( start -up) berbas is  teknologi dan vokasi  sebagaimana dimaksud pada ayat  (3) diberikan paling lama 3 (tiga) bulan.   2021, No.44 -13-  (6) Pemberi Kerja TKA yang akan mempekerjakan TKA  pada jenis kegiatan perusahaan rintisan ( start -up)  berbasis teknologi dan vokasi melebihi jangka waktu  sebagaiman a dimaksud pada ayat (5) wajib memiliki  Pengesahan RPTKA.   (7) Dalam hal jangka waktu sebagaimana dimaksud pada  ayat (5) telah berakhir dan Pemberi Kerja  TKA tetap  akan mempekerjakan TKA tersebut, Pemberi Kerja TKA  harus mengajukan permohonan Pengesahan RPTKA.   (8) Permohonan Pengesahan RPTKA sebagaimana  dimaksud pada ayat (7) diajukan paling lambat  2 (dua)  minggu sebelum berakhirnya jangka waktu jabatan  TKA sebagaimana dimaksud pada ayat (5)."
PP_No_34_Tahun_2021_cleaned.txt,BAB III: PENGESAHAN RENCANA PENGGUNAAN,PASAL 20,"TKA yang dibutuhkan oleh Pemberi Kerja TKA pa da jenis  kegiatan produksi yang terhenti  karena keadaan darurat,  kunjungan bisnis, dan penelitian sebagaimana dimaksud  dalam Pasal 19 ayat (1)  huruf c  dapat masuk dan tinggal di  wilayah Indonesia dengan menggunakan visa dan  izin  tinggal sesuai dengan keten tuan peraturan perundang - undangan di bidang keimigrasian.     Bagian Kedua   Perpanjangan dan Perubahan Pengesahan Rencana  Penggunaan Tenaga Kerja Asing"
PP_No_34_Tahun_2021_cleaned.txt,BAB III: PENGESAHAN RENCANA PENGGUNAAN,PASAL 21,"(1) Permohonan perpanjangan Pengesahan RPTKA  diajukan oleh Pemberi Kerja TKA secara daring kepada  Menteri atau pejabat yang ditunjuk.   (2) Permohonan perpanjangan Pengesahan RPTKA  sebagaimana dimaksud pada ayat (1) diajukan paling  lambat 30 (tiga puluh) hari kerja sebelum jangka  waktu berakhir.   2021, No.44 -14-  (3) Permohonan perpanjangan Pengesahan RPTKA  sebagaimana dimaksud pada  ayat (1) disampaikan   oleh Pemberi Kerja TKA dengan memuat  paling sedikit:   a. identitas Pemberi Kerja TKA;   b. alasan perpanjangan Pengesahan RPTKA;   c. jabatan atau kedudukan TKA dalam struktur  organisasi perusahaan;   d. jumlah TKA;   e. jangka waktu penggunaan TKA;   f. lokas i kerja TKA;   g. identitas Tenaga Kerja Pendamping TKA; dan   h. realisasi penyerapan tenaga kerja Indonesia.   (4) Permohonan  perpanjangan Pengesahan RPTKA   sebagaimana dimaksud pada ayat ( 3) disampaikan  oleh Pemberi Kerja TKA dengan melampirkan dokumen  paling sedikit:   a. surat permohonan perpanjangan RPTKA;   b. Pengesahan RPTKA yang masih berlaku;   c. perjanjian kerja atau perjanjian lain;   d. paspor TKA yang masih berlaku;   e. kepesertaan program jaminan sosial;   f. nomor pokok wajib pajak TKA dan Pemberi Kerja  TKA; dan   g. laporan realisasi pel aksanaan pendidikan dan  pelatihan kerja bagi tenaga kerja Indonesia sesuai   dengan kualifikasi jabatan yang diduduki oleh  TKA.   (5) Dalam  hal permohonan perpanjangan Pengesahan  RPTKA  dinyatakan lengkap dan benar, Menteri atau  pejabat yang ditunjuk menerbitkan P engesahan RPTKA  perpanjangan  palin g lama  2 (dua) hari kerja.   (6) Jangka waktu  setiap Pengesahan RPTKA perpanjangan   sebagaimana dimaksud pada ayat (5) diberikan paling  lama 2 (dua) tahun dan Pengesahan RPTKA  perpanjangan di KEK diberikan paling lama 5 (lima)  tahun.  2021, No.44 -15-  (7) Pengesahan RPTKA perpanjangan digunakan  sebagai  rekomendasi  untuk mendapatkan izin tinggal dalam  rangka bekerja bagi TKA.   (8) Menteri atau pejabat yang ditunjuk sebagaimana  dimaksud pada ayat (5) menyampaikan data TKA yang  akan dipekerjakan  secara daring kepada menteri yang  menyelenggarakan urusan pemerintahan di bidang  hukum dan hak asasi manusia atau pejabat yang  ditunjuk sebagai rekomendasi untuk  mendapatkan  izin tinggal dalam rangka bekerja."
PP_No_34_Tahun_2021_cleaned.txt,BAB III: PENGESAHAN RENCANA PENGGUNAAN,PASAL 22,(1) Pemberi Kerja TKA dapat mengajukan permohonan  perub ahan Pengesahan RPTKA secara daring  kepada  Menteri atau pejabat yang ditunjuk mengenai:   a. alamat Pemberi Kerja TKA;   b. identitas TKA;    c. lokasi kerja TKA; dan/atau   d. nama Tenaga Kerja Pendamping TKA yang  dipekerjakan.   (2) Perubahan Pengesahan RPTKA sebagaimana dimak sud  pada ayat (1) diterbitkan oleh Menteri atau pejabat  yang ditunjuk paling lama 2 (dua) hari kerja sejak  permohonan dinyatakan lengkap dan benar.     Bagian Ketiga   Dana Kompensasi Penggunaan Tenaga Kerja Asing
PP_No_34_Tahun_2021_cleaned.txt,BAB III: PENGESAHAN RENCANA PENGGUNAAN,PASAL 23,"(1) Pemberi Kerja TKA wajib membayar DKPT KA atas  setiap TKA yang dipekerjakan .  (2) Pembayaran DKPTKA  dilakukan sesuai dengan jangka  waktu  TKA bekerja di wilayah Indonesia.   (3) Pembayaran DKPTKA sebagaimana dimaksud pada  ayat (1) dibayarkan oleh Pemberi Kerja TKA setelah  menerima kode billing  pembayaran D KPTKA dari  Menteri atau pejabat yang ditunjuk.   2021, No.44 -16-  (4) Kode billing  pembayaran DKPTKA sebagaimana  dimaksud pada ayat (3) disampaikan kepada Pemberi  Kerja TKA setelah data calon TKA dan dokumen  dinyatakan  lengkap oleh Menteri atau pejabat yang  ditunjuk.   (5) Pembayaran DKPTKA merupakan persyaratan  Pengesahan RPTKA .  (6) Ketentuan mengenai besaran dan penggunaan  DKPTKA sebagaimana dimaksud pada ayat (1)  dilaksanakan sesuai dengan ketentuan peraturan  perundang -undangan."
PP_No_34_Tahun_2021_cleaned.txt,BAB III: PENGESAHAN RENCANA PENGGUNAAN,PASAL 24,"(1) Pembayaran DKPTKA oleh Pemberi Kerja TKA  merupak an penerimaan negara bukan pajak atau  pendapatan daerah berupa retribusi daerah.   (2) DKPTKA  sebagaimana dimaksud pada ayat (1)  menjadi:   a. penerimaan negara bukan pajak untuk  Pengesahan RPTKA baru, Pengesahan RPTKA  perpanjangan bagi TKA yang bekerja di lokasi  lebih dari 1 (satu) provinsi, dan Pengesahan  RPTKA KEK;   b. pendapatan daerah provinsi untuk Pengesahan  RPTKA perpanjangan bagi TKA yang bekerja di  lokasi lebih dari 1 (satu) kabupaten/kota dalam 1  (satu) provinsi; dan   c. pendapatan daerah kabupaten/kota untuk  Pengesahan RPTKA perpanjangan bagi TKA yang  bekerja di lokasi dalam 1 (satu) kabupaten/kota.   (3) Pembayaran  DKPTKA sebagaimana dimaksud pada  ayat (1) untuk penerimaan negara bukan pajak  dibayarkan melalui bank persepsi yang ditunjuk oleh  Menteri dan untuk pendapa tan daerah dibayarkan  melalui bank yang ditunjuk oleh Pemerintah Daerah.       2021, No.44 -17-"
PP_No_34_Tahun_2021_cleaned.txt,BAB III: PENGESAHAN RENCANA PENGGUNAAN,PASAL 25,(1) Kewajiban membayar DKPTKA  tidak berlaku bagi:   a. instansi Pemerintah;   b. perwakilan negara asing;   c. badan internasional;   d. lembaga sosial;   e. lembaga keagamaan; dan   f. jabatan tertentu di  lembaga pendidikan.   (2) Jabatan tertentu di lembaga pendidikan  yang  dibebaskan  pembayaran DKPTKA sebagaimana  dimaksud pada ayat (1) huruf f ditetapkan  oleh  Menteri setelah mendapatkan masukan dari  kementerian yang menyelenggarakan urusan  pemerintahan di bidang pendidikan.
PP_No_34_Tahun_2021_cleaned.txt,BAB III: PENGESAHAN RENCANA PENGGUNAAN,PASAL 26,"Ketentuan lebih lanjut mengenai tata cara permohonan,  perpanjangan, perubahan Pengesahan RPTKA, dan  pembayaran DKPTKA sebagaimana dimaksud dalam Pasal  12 sampai dengan Pasal 25 diatur dengan Peraturan  Menteri.     BAB IV : IZIN TINGGAL TENAGA KERJA ASING"
PP_No_34_Tahun_2021_cleaned.txt,BAB IV: IZIN TINGGAL TENAGA KERJA ASING,PASAL 27,"(1) Setiap TKA yang dipekerjakan oleh Pemberi Kerja TKA  di Indonesia  wajib memiliki izin tinggal.   (2) Jenis dan tata cara pemberian izin tinggal  sebagaimana  dimaksud pada ayat (1) sesuai dengan  ketentuan peraturan per undang -undangan di bidang  keimigrasian.             2021, No.44 -18-  BAB V : PENDIDIKAN DAN PELATIHAN  KERJA  BAGI TENAGA KERJA PENDAMPING DAN TENAGA KERJA ASING"
PP_No_34_Tahun_2021_cleaned.txt,BAB V: PENDIDIKAN DAN PELATIHAN  KERJA  BAGI TENAGA,PASAL 28,(1) Penunjukan tenaga kerja Indonesia sebagai Tenaga  Kerja Pendamping  TKA dilaksanakan untuk alih  teknologi dan alih kea hlian.   (2) Alih teknologi dan alih keahlian sebagaimana  dimaksud pada ayat (1) dilaksanakan melalui  pendidikan dan/atau pelatihan kerja kepada Tenaga  Kerja Pendamping TKA  sehingga memiliki kemampuan  untuk mengimplementasikan teknologi yang  dipergunakan oleh TK A dalam melaksanakan  pekerjaan.
PP_No_34_Tahun_2021_cleaned.txt,BAB V: PENDIDIKAN DAN PELATIHAN  KERJA  BAGI TENAGA,PASAL 29,(1) Pendidikan dan pelatihan  kerja  bagi Tenaga Kerja  Pendamping TKA dapat dilaksanakan di dalam  dan/atau di luar negeri.   (2) Tenaga Kerja Pendamping TKA  yang mengikuti  pendidikan dan pelatihan kerja sebagaimana  dimaksud p ada ayat (1) mendapat sertifikat  pendidikan dan pelatihan kerja dan/atau sertifikat  kompetensi sesuai dengan ketentuan peraturan  perundang -undangan.   (3) Pelaksanaan pendidikan dan pelatihan  kerja  bagi  Tenaga Kerja Pendamping TKA  di dalam negeri  sebagaimana dim aksud pada ayat (1) dilaksanakan  sesuai dengan ketentuan peraturan perundang - undangan.
PP_No_34_Tahun_2021_cleaned.txt,BAB V: PENDIDIKAN DAN PELATIHAN  KERJA  BAGI TENAGA,PASAL 30,"Pendidikan dan pelatihan bahasa Indonesia kepada TKA  dapat dilaksanakan oleh Pemberi Kerja TKA atau bekerja  sama dengan lembaga pendidikan atau lembaga pelatiha n  bahasa Indonesia.   2021, No.44 -19-"
PP_No_34_Tahun_2021_cleaned.txt,BAB V: PENDIDIKAN DAN PELATIHAN  KERJA  BAGI TENAGA,PASAL 31,"Ketentuan lebih lanjut mengenai pelaksanaan pendidikan  dan pelatihan  kerja  bagi Tenaga Kerja Pendamping TKA dan  TKA sebagaimana dimaksud dalam Pasal 28 sampai  dengan Pasal 30 diatur dengan Peraturan Menteri.     BAB VI : PELAPORAN , PEMBINAAN, DAN PENGAWASAN   Bagian Kesatu   Pelaporan"
PP_No_34_Tahun_2021_cleaned.txt,"BAB VI: PELAPORAN , PEMBINAAN, DAN PENGAWASAN",PASAL 32,(1) Pemberi Kerja TKA wajib melaporkan setiap  1 (satu)  tahun kepada Menteri atau pejabat yang ditunjuk  untuk pelaksanaan:   a. penggunaan TKA;   b. pendidikan dan pelatihan kerja bagi Tenaga Kerja  Pendamping TKA; dan   c. alih teknologi dan alih keahlian dari TKA kepada   Tenaga Kerja Pendamping TKA.   (2) Pemberi Kerja TKA untuk pekerjaan yang bersifat  sementara  wajib melaporkan pelaksanaan penggunaan  TKA sebagaimana dimaksud pada  ayat (1) huruf a  setelah berakhirnya perjanjian kerja kepada Menteri  atau pejabat yang ditunjuk.   (3) Pemberi Kerja TKA wajib melaporkan kepada Menteri  atau pejabat yang ditunjuk untuk perjanjian kerja  TKA  yang telah berakhir atau diakhiri sebelum jangka  waktu perjanjian kerj a berakhir.
PP_No_34_Tahun_2021_cleaned.txt,"BAB VI: PELAPORAN , PEMBINAAN, DAN PENGAWASAN",PASAL 33,"Menteri atau pejabat yang ditunjuk menyediakan data TKA  yang dipekerjakan oleh Pemberi Kerja TKA secara daring   dan dapat diakses oleh dinas yang menyelenggarakan  urusan pemerintahan di bidang ketenagakerjaan provinsi  2021, No.44 -20-  dan kabupaten/kot a sesuai dengan lokasi kerja TKA   melalui sistem informasi ketenagakerjaan .    Bagian Kedua   Pembinaan"
PP_No_34_Tahun_2021_cleaned.txt,"BAB VI: PELAPORAN , PEMBINAAN, DAN PENGAWASAN",PASAL 34,Pembinaan penggunaan TKA dilakukan oleh kementerian  yang menyelenggarakan urusan pemerintahan di bidang  ketenagakerjaan dan dinas yang menyelenggar akan urusan  pemerintahan di bidang ketenagakerjaan provinsi dan  kabupaten/kota sesuai dengan kewenangannya.     Bagian Ketiga   Pengawasan
PP_No_34_Tahun_2021_cleaned.txt,"BAB VI: PELAPORAN , PEMBINAAN, DAN PENGAWASAN",PASAL 35,"(1) Pengawasan penggunaan TKA dilaksanakan oleh:   a. Pengawas Ketenagakerjaan pada kementerian   yang menyelenggarakan  urusan pemerintahan di  bidang ketenagakerjaan dan/atau dinas yang  menyelenggarakan urusan pemerintahan  di  bidang ketenagakerjaan provinsi; dan/atau   b. Pejabat imigrasi yang bertugas di bidang  pengawasan  dan penindakan keimigrasian,   secara t erkoordinasi sesuai dengan lingkup tugas dan  kewenangan masing -masing.   (2) Pengawas Ketenagakerjaan sebagaimana dimaksud  pada ayat (1) huruf a melakukan pengawasan pada  norma penggunaan TKA sesuai dengan ketentuan  peraturan perundang -undangan di bidang  ketenag akerjaan.             2021, No.44 -21-  BAB VII : SANKSI ADMINISTRATIF"
PP_No_34_Tahun_2021_cleaned.txt,BAB VII: SANKSI ADMINISTRATIF,PASAL 36,"(1) Pemberi Kerja TKA yang melanggar ketentuan  Pasal 6  ayat (1), Pasal 6 ayat (2), Pasal 6 ayat (3), Pasal 7 ayat  (2), Pasal 8 ayat (1), Pasal 10, Pasal 11 ayat (1), Pasal  19 ayat (6), Pasal 23 aya t (1), Pasal 32 ayat (1), Pasal  32 ayat (2), dan/atau  Pasal 32 ayat (3), dikenai sanksi  administratif berupa:   a. denda;   b. penghentian sementara proses permohonan  Pengesahan RPTKA; dan /atau   c. pencabutan  Pengesahan RPTKA.   (2) Sanksi administratif se bagaimana dimaksud pada ayat  (1) diberikan oleh Menteri atau pejabat yang ditunjuk.   (3) Menteri atau pejabat yang ditunjuk sebagaimana  dimaksud pada ayat (2) dalam mengenakan sanksi  administratif berdasarkan surat pemberitahuan  pengenaan sanksi administratif d ari Pengawas  Ketenagakerjaan."
PP_No_34_Tahun_2021_cleaned.txt,BAB VII: SANKSI ADMINISTRATIF,PASAL 37,"(1) Sanksi denda sebagaimana dimaksud dalam  Pasal 36  ayat (1) huruf a dikenakan kepada Pemberi Kerja TKA  yang melanggar ketentuan tidak memiliki Pengesahan  RPTKA sebagaimana dimaksud dalam Pasal 6 ayat (1) ,  Pasal 6  ayat (2) , dan Pasal 19  ayat (6).   (2) Besaran sanksi denda sebagaimana dimaksud pada  ayat (1) dikenakan per jabatan per orang per bulan  dengan ketentuan sebagai berikut:   a. 1 (satu) bulan dikenai sanksi denda sebesar  Rp6.000.000,00 (enam juta rupia h);  b. 2 (dua) bulan dikenai sanksi denda sebesar  Rp12.000.000,00 (dua belas juta rupiah);   c. 3 (tiga) bulan dikenai sanksi denda sebesar  Rp18.000.000,00 (delapan belas juta rupiah);   2021, No.44 -22-  d. 4 (empat) bulan dikenai sanksi denda sebesar  Rp24.000.000,00 (dua puluh empat j uta rupiah);   e. 5 (lima) bulan dikenai sanksi denda sebesar  Rp30.000.000,00 (tiga puluh juta rupiah); atau   f. 6 (enam) bulan dikenai sanksi denda sebesar  Rp36.000.000,00 (tiga puluh enam juta rupiah) .  (3) Penghitungan besaran sanksi denda sebagaimana  dimaksud pada a yat (2) dikenakan kepada Pemberi  Kerja TKA dimulai sejak TKA memasuki wilayah  Indonesia sampai dengan 6 (enam) bulan.   (4) Sanksi denda sebagaimana dimaksud pada ayat (2)  dibayarkan  ke kas negara.   (5) Pembayaran sanksi denda sebagaimana dimaksud  pada ayat (2) dilak ukan oleh Pemberi Kerja TKA paling  lama 2 (dua) minggu sejak diterima atau diumumkan  pengenaan sanksi denda."
PP_No_34_Tahun_2021_cleaned.txt,BAB VII: SANKSI ADMINISTRATIF,PASAL 38,"(1) Pemberi Kerja TKA yang tidak membayar sanksi denda  dalam jangka waktu paling lama 2 (dua) minggu  sebagaimana  dimaksud dalam Pasal 37  ayat (5)  dikenakan sanksi penghentian sementara  proses  permohonan Pengesahan RPTKA .  (2) Pemberi Kerja TKA sebagaimana dimaksud pada ayat  (1) tetap berkewajiban untuk membayar sanksi denda  dan denda keterlambatan sebesar 2% (dua persen) per   bulan dari jumlah s anksi denda yang harus  dibayarkan.   (3) Denda keterlambatan sebagaimana dimaksud pada  ayat (2) dikenakan paling lama 6 (enam) bulan.   (4) Apabila dalam jangka waktu 6 (enam) bulan sejak  batas waktu pembayaran Pemberi Kerja TKA tidak  membayar sanksi denda dan denda keterlambatan ,  Menteri atau pejabat yang ditunjuk menyerahkan  penagihan kepada instansi yang berwenang mengurusi  piutang negara untuk di proses lebih lanjut.     2021, No.44 -23-"
PP_No_34_Tahun_2021_cleaned.txt,BAB VII: SANKSI ADMINISTRATIF,PASAL 39,"(1) Sanksi penghentian sementara proses permohonan  Pengesahan RPTKA  sebagaimana dimaksud dala m  Pasal 36 ayat (1) huruf b dikenakan kepada Pemberi  Kerja TKA yang melanggar ketentuan:   a. tidak memfasilitasi pendidikan dan pelatihan  bahasa Indonesia kepada TKA sebagaimana  dimaksud dalam Pasal 7 ayat (2);   b. tidak mendaftarkan TKA dalam program jaminan  sosial nasional bagi TKA yang bekerja lebih dari 6  (enam) bulan atau program asuransi  pada  perusahaan asuransi bagi TKA yang bekerja  kurang dari 6 (enam) bulan  sebagaimana  dimaksud dalam Pasal 8 ayat (1);   c. tidak melaporkan setiap 1 (satu) tahun kepada  Menteri a tau pejabat yang ditunjuk untuk  pelaksanaan penggunaan TKA, pelaksanaan  pendidikan dan pelatihan kerja bagi Tenaga Kerja  Pendamping TKA, dan pelaksanaan alih teknologi  dan alih keahlian dari TKA kepada Tenaga Kerja  Pendamping TKA sebagaimana dimaksud dalam   Pasal 32 ayat (1);   d. tidak melaporkan pelaksanaan penggunaan TKA  untuk pekerjaan yang bersifat sementara setelah  berakhirnya perjanjian kerja kepada Menteri atau  pejabat yang ditunjuk sebagaimana dimaksud  dalam Pasal 32 ayat (2); dan/atau   e. tidak melaporkan k epada Menteri atau pejabat  yang ditunjuk untuk perjanjian kerja TKA yang  telah berakhir atau diakhiri sebelum jangka  waktu perjanjian kerja berakhir sebagaimana  dimaksud dalam Pasal 32 ayat (3).   (2) Sanksi penghentian sementara proses permohonan  Pengesahan RPT KA sebagaimana dimaksud pada ayat  (1) diberikan untuk jangka waktu paling lama 3 (tiga)  bulan.   2021, No.44 -24-  (3) Sanksi penghentian sementara proses permohonan  Pengesahan RPTKA  sebagaimana dimaksud pada ayat  (2) memuat kewajiban yang harus dilaksanakan  oleh  Pemberi Kerja TK A terhadap pelanggaran yang telah  dilakukan.   (4) Dalam hal Pemberi Kerja TKA tidak melaksanakan  kewajiban sebagaimana dimaksud pada ayat (3) akan  dikenakan sanksi pencabutan Pengesahan RPTKA."
PP_No_34_Tahun_2021_cleaned.txt,BAB VII: SANKSI ADMINISTRATIF,PASAL 40,(1) Sanksi pencabutan Pengesahan RPTKA sebagaimana  dimaksud da lam Pasal 36 ayat (1) huruf c dikenakan   kepada Pemberi Kerja TKA yang melanggar ketentuan:   a. mempekerjakan TKA tidak sesuai dengan  Pengesahan RPTKA sebagaimana dimaksud dalam  Pasal 6 ayat (3);   b. mempekerjakan TKA rangkap jabatan dalam  perusahaan yang sama seb agaimana dimaksud  dalam Pasal 10;   c. mempekerjakan TKA pada jabatan yang  mengurusi personalia sebagaimana dimaksud  dalam Pasal 11 ayat (1); dan/atau   d. tidak membayar DKPTKA atas setiap TKA yang  dipekerjakan sebagaimana dimaksud dalam Pasal  23 ayat (1).
PP_No_34_Tahun_2021_cleaned.txt,BAB VII: SANKSI ADMINISTRATIF,PASAL 41,"Menteri atau pejabat yang ditunjuk menyampaikan  pencabutan Pengesahan RPTKA kepada menteri yang  menyelenggarakan urusan pemerintahan di bidang hukum  dan hak asasi manusia atau pejabat yang ditunjuk untuk  dilakukan tindakan keimigrasian sesuai dengan kete ntuan  peraturan perundang -undangan di bidan g keimigrasian.           2021, No.44 -25-"
PP_No_34_Tahun_2021_cleaned.txt,BAB VII: SANKSI ADMINISTRATIF,PASAL 42,Ketentuan lebih lanjut mengenai tata cara pengenaan  sanksi administratif sebagaimana dimaksud dalam Pasal  36 sampai dengan Pasal 41 diatur dengan Peraturan  Menteri.     BAB VIII : PENDANAAN
PP_No_34_Tahun_2021_cleaned.txt,BAB VIII: PENDANAAN,PASAL 43,"Segala pendanaan yang diperlukan untuk pelaksanaan  Peraturan Pemerintah ini dibebankan pada Anggaran  Pendapatan dan Belanja Negara, Anggaran Pendapatan dan  Belanja Daerah provinsi, serta sumber pendanaan lainnya  yang sah sesuai dengan ketentuan per aturan perundang - undangan.     BAB IX : KETENTUAN LAIN -LAIN"
PP_No_34_Tahun_2021_cleaned.txt,BAB IX: KETENTUAN LAIN -LAIN,PASAL 44,Proses penggunaan TKA sebagaimana diatur dalam  Peraturan Pemerintah ini dilakukan melalui penggunaan  data secara bersama dan terintegrasi secara daring .     BAB X : KETENTUAN PERALIHAN
PP_No_34_Tahun_2021_cleaned.txt,BAB X: KETENTUAN PERALIHAN,PASAL 45,"Pada saat Peraturan Pemerintah ini mulai berlaku:   a. perizinan penggunaan TKA yang sudah terbit masih  tetap berlaku sampai dengan habis masa berlakunya;  dan  b. perizinan penggunaan TKA yang sedang dalam proses  permohonan disesuaikan dengan ketentuan dalam  Peratu ran Pemerintah ini.     2021, No.44 -26-  BAB XI : KETENTUAN PENUTUP"
PP_No_34_Tahun_2021_cleaned.txt,BAB XI: KETENTUAN PENUTUP,PASAL 46,"Pada saat Peraturan Pemerintah ini mulai berlaku,  Peraturan Presiden Nomor 20 Tahun 2018 tentang  Penggunaan Tenaga Kerja Asing (Lembaran Negara  Republik Indonesia Tahun 2018 Nomor 39), dicabut dan  dinyatakan tidak berlaku."
PP_No_34_Tahun_2021_cleaned.txt,BAB XI: KETENTUAN PENUTUP,PASAL 47,"Pada saat Peraturan Pemerintah ini mulai berlaku,  Peraturan Daerah dan Peraturan Kepala Daerah yang  mengatur mengenai retribusi yang berasal dari  perpanjangan izin mempekerjakan TKA wajib  menyesuaikan dengan ketentuan dalam  Peraturan  Pemerintah ini paling lambat 3 (tiga) bulan terhitung sejak  Peraturan Pemerintah ini berlaku."
PP_No_34_Tahun_2021_cleaned.txt,BAB XI: KETENTUAN PENUTUP,PASAL 48,"Peraturan Pemerintah ini mulai berlaku pada tanggal  1  April 2021.                               2021, No.44 -27-"
PP_No_35_Tahun_2021_cleaned.txt,BAB VI: PENGAWASAN KETENAGAKERJAAN,PASAL 60,"Pengawasan ketenagakerjaan terhadap penerapan  ketentuan dalam Peraturan Pemerintah ini  dilaksanakan oleh Pengawas Ketenagakerjaan pada  kementerian yang menyelenggarakan urusan  pemerintahan di bidang ketenagakerj aan dan/atau  dinas yang menyelenggarakan urusan pemerintahan di  bidang ketenagakerjaan provinsi.           2021, No.45 -39-  BAB VII : SANKSI ADMINISTRATIF"
PP_No_35_Tahun_2021_cleaned.txt,BAB VII: SANKSI ADMINISTRATIF,PASAL 61,"(1) Pengusaha yang melanggar ketentuan Pasal 15              ayat (1), Pasal 17, Pasal 21 ayat (1), Pasal 22, Pasal  29 ayat (1) huruf b dan huruf c, Pasal 53,  dan/atau Pasal 59 dikenai sanksi administratif  berupa:   a. teguran tertulis;   b. pembatasan kegiatan usaha;   c. penghentian sementara sebagian atau seluruh  alat produksi; dan   d. pembekuan kegiatan usaha.   (2) Pengenaan sanksi administratif sebagaimana  dimaksud pada ayat (1) dilakukan secara bertahap.   (3) Teguran tertulis sebagaimana dimaksud pada ayat  (1) huruf a merupakan peringatan tertulis atas  pelanggaran yang dilakukan oleh Pengusaha.   (4) Pembatasan k egiatan usaha sebagaimana  dimaksud pada ayat (1) huruf b meliputi:   a. pembatasan kapasitas produksi barang  dan/atau jasa dalam waktu tertentu;  dan/atau   b. penundaan pemberian izin usaha di salah  satu atau beberapa lokasi bagi Perusahaan  yang memiliki proye k di beberapa lokasi.   (5) Penghentian sementara sebagian atau seluruh alat  produksi sebagaimana dimaksud pada ayat (1)  huruf c berupa tindakan tidak menjalankan  sebagian atau seluruh alat produksi barang  dan/atau jasa dalam waktu tertentu.   (6) Pembekuan ke giatan usaha sebagaimana  dimaksud pada ayat (1) huruf d berupa tindakan  menghentikan seluruh proses produksi barang  dan/atau jasa  di Perusahaan dalam waktu  tertentu.   2021, No.45 -40-"
PP_No_35_Tahun_2021_cleaned.txt,BAB VII: SANKSI ADMINISTRATIF,PASAL 62,"(1) Menteri, menteri terkait, gubernur,  bupati/walikota, atau pej abat yang ditunjuk sesuai  dengan kewenangannya mengenakan sanksi  administratif sebagaimana dimaksud dalam Pasal  61 ayat (1) kepada Pengusaha.   (2) Pengenaan sanksi administratif diberikan  berdasarkan hasil pemeriksaan yang dilakukan  oleh Pengawas Ketenagake rjaan yang berasal dari:   a. pengaduan; dan/atau   b. tindak lanjut hasil pengawasan  ketenagakerjaan.   (3) Tindak lanjut hasil pemeriksaan yang dilakukan  oleh Pengawas Ketenagakerjaan dituangkan dalam  nota pemeriksaan.    (4) Dalam hal nota pemeriksaan tidak dil aksanakan  oleh Pengusaha, Pengawas Ketenagakerjaan  menyampaikan laporan ketidakpatuhan terhadap  peraturan perundang -undangan beserta nota  pemeriksaan kepada:   a. direktur jenderal yang membidangi  pengawasan ketenagakerjaan pada  kementerian yang menyelenggar akan urusan  pemerintahan di bidang ketenagakerjaan,  untuk Pengawas Ketenagakerjaan di  kementerian yang menyelenggarakan urusan  pemerintahan di bidang ketenagakerjaan; atau   b. kepala dinas yang menyelenggarakan urusan  pemerintahan di bidang ketenagakerjaan  provinsi, untuk Pengawas Ketenagakerjaan  pada dinas yang menyelenggarakan urusan  pemerintahan di bidang ketenagakerjaan  provinsi.   (5) Direktur jenderal atau kepala dinas menyampaikan  rekomendasi kepada pejabat yang berwenang  mengenakan sanksi administratif .    2021, No.45 -41-  (6) Menteri terkait, gubernur, bupati/walikota, atau  pejabat yang ditunjuk memberitahukan  pelaksanaan pengenaan sanksi administratif  kepada Menteri.     BAB VIII : KETENTUAN PERALIHAN"
PP_No_35_Tahun_2021_cleaned.txt,BAB VIII: KETENTUAN PERALIHAN,PASAL 63,"Pada saat Peraturan Pemerintah ini mulai berlaku,  PKWT yang te lah ada dan jangka waktunya belum  berakhir masih tetap berlaku sampai dengan  berakhirnya PKWT.     BAB IX : KETENTUAN PENUTUP"
PP_No_35_Tahun_2021_cleaned.txt,BAB IX: KETENTUAN PENUTUP,PASAL 64,Pada saat Peraturan Pemerintah ini mulai berlaku:   a. uang kompensasi untuk PKWT yang jangka  waktunya belum berakhir dibe rikan sesuai dengan  ketentuan dalam Peraturan Pemerintah ini; dan   b. besaran uang kompensasi sebagaimana dimaksud  pada huruf a dihitung berdasarkan masa kerja  Pekerja/Buruh yang perhitungannya dimulai sejak  tanggal diundangkan Undang -Undang Nomor 11  Tahun 2020 tentang Cipta Kerja.
PP_No_35_Tahun_2021_cleaned.txt,BAB IX: KETENTUAN PENUTUP,PASAL 65,"Pada saat Peraturan Pemerintah ini mulai berlaku,  semua peraturan perundang -undangan yang  merupakan peraturan pelaksanaan dari Undang - Undang Nomor 13 Tahun 2003 tentang  Ketenagakerjaan (Lembaran Negara Republik Indonesi a  Tahun 2003 Nomor 39, Tambahan Lembaran Negara  Republik Indonesia Nomor 4279) yang mengatur  mengenai waktu kerja pada sektor usaha atau  2021, No.45 -42-  pekerjaan tertentu, dinyatakan masih tetap berlaku  sepanjang tidak bertentangan dengan ketentuan  Peraturan Pemerintah i ni."
PP_No_35_Tahun_2021_cleaned.txt,BAB IX: KETENTUAN PENUTUP,PASAL 66,Peraturan Pemerintah ini mulai berlaku pada tanggal  diundangkan.
PP_No_36_Tahun_2021_cleaned.txt,BAB I: KETENTUAN UMUM,PASAL 1,"Dalam Peraturan Pemerintah ini yang dimaksud dengan:   1. Upah adalah hak Pekerja/Buruh yang diterima dan  dinyatakan dalam bentuk uang sebagai imbalan dari  Pengusaha atau pemberi kerja kepada Pekerja/Buruh  yang ditetapka n dan dibayarkan menurut suatu  Perjanjian Kerja, kesepakatan, atau peraturan  perundang -undangan, termasuk tunjangan bagi  Pekerja/Buruh dan keluarganya atas suatu pekerjaan  dan/atau jasa yang telah atau akan dilakukan.   2. Pekerja/Buruh adalah setiap orang yan g bekerja  dengan menerima Upah atau imbalan dalam bentuk  lain.   3. Pengusaha adalah:   a. orang perseorangan, persekutuan, atau badan  hukum yang menjalankan suatu Perusahaan  milik sendiri;   b. orang perseorangan, persekutuan, atau badan  hukum yang secara berdiri sen diri menjalankan  Perusahaan bukan miliknya;   c. orang perseorangan, persekutuan, atau badan  hukum yang berada di Indonesia mewakili  Perusahaan sebagaimana dimaksud dalam huruf  a dan b yang berkedudukan di luar wilayah  Indonesia.   4. Perusahaan adalah:   a. setiap be ntuk usaha yang berbadan hukum atau  tidak, milik orang perseorangan, milik  persekutuan, atau milik badan hukum, baik milik  swasta maupun milik negara yang  mempekerjakan Pekerja/Buruh dengan  membayar Upah atau imbalan dalam bentuk lain;   b. usaha -usaha sosial dan usaha -usaha lain yang   mempunyai pengurus dan memperkerjakan orang  2021, No.46 -3-  lain dengan membayar Upah atau imbalan dalam  bentuk lain.   5. Perjanjian Kerja adalah perjanjian antara  Pekerja/Buruh dengan Pengusaha atau pemberi kerja  yang memuat syarat -syarat kerja, ha k, dan kewajiban  para pihak.   6. Peraturan Perusahaan adalah peraturan yang dibuat  secara tertulis oleh Pengusaha yang memuat syarat - syarat kerja dan tata tertib Perusahaan.   7. Perjanjian Kerja Bersama adalah perjanjian yang  merupakan hasil perundingan antara S erikat  Pekerja/Serikat Buruh atau beberapa Serikat  Pekerja/Serikat Buruh yang tercatat pada instansi  yang bertanggung jawab di bidang ketenagakerjaan  dengan Pengusaha, atau beberapa Pengusaha atau  perkumpulan Pengusaha yang memuat syarat -syarat  kerja, hak,  dan kewajiban kedua belah pihak.   8. Hubungan Kerja adalah hubungan antara Pengusaha  dengan Pekerja/Buruh berdasarkan Perjanjian Kerja,  yang mempunyai unsur pekerjaan, Upah, dan  perintah.   9. Pemutusan Hubungan Kerja adalah pengakhiran  Hubungan Kerja karena sua tu hal tertentu yang  mengakibatkan berakhirnya hak dan kewajiban antara  Pekerja/Buruh dan Pengusaha.   10. Serikat Pekerja/Serikat Buruh adalah organisasi yang  dibentuk dari, oleh, dan untuk Pekerja/Buruh baik di  Perusahaan maupun di luar Perusahaan, yang bersi fat  bebas, terbuka, mandiri, demokratis, dan bertanggung  jawab guna memperjuangkan, membela serta  melindungi hak dan kepentingan Pekerja/Buruh serta  meningkatkan kesejahteraan Pekerja/Buruh dan  keluarganya.   11. Pemerintah Pusat adalah Presiden Republik Indone sia  yang memegang kekuasaan pemerintahan negara  Republik Indonesia yang dibantu oleh Wakil Presiden  dan menteri sebagaimana dimaksud dalam Undang - 2021, No.46 -4-  Undang Dasar Negara Republik Indonesia Tahun  1945.   12. Pengawas Ketenagakerjaan adalah pegawai negeri sipil  yang d iberi tugas, tanggung jawab , wewenang, dan  hak secara penuh oleh pejabat yang berwenang untuk  melaksanakan kegiatan pembinaan, pemeriksaan,  pengujian, penyidikan, dan pengembangan sistem  pengawasan ketenagakerjaan sesuai dengan ketentuan  peraturan perundan g-undangan.   13. Menteri adalah menteri yang menyelenggarakan  urusan pemerintahan di bidang ketenagakerjaan."
PP_No_36_Tahun_2021_cleaned.txt,BAB I: KETENTUAN UMUM,PASAL 2,(1) Setiap Pekerja/Buruh berhak atas penghidupan yang  layak bagi kemanusiaan.   (2) Setiap Pekerja/Buruh berhak memperoleh perlakuan  yang sama dalam penerapan sistem pengupahan  tanpa diskriminasi.   (3) Setiap Pekerja/Buruh berhak memperoleh Upah yang  sama untuk pekerjaan yang sama nilainya.
PP_No_36_Tahun_2021_cleaned.txt,BAB I: KETENTUAN UMUM,PASAL 3,Hak Pekerja/Buruh atas Upah timbul pada saat terjadi  Hubungan Kerja antara Pekerja/Buruh dengan Pengusaha   dan berakhir pada saat putusnya Hubungan Kerja.     BAB II : KEBIJAKAN PENGUPAHAN
PP_No_36_Tahun_2021_cleaned.txt,BAB II: KEBIJAKAN PENGUPAHAN,PASAL 4,"(1) Pemerintah Pusat menetapkan kebijakan pengupahan  sebagai salah satu upaya mewujudkan hak  Pekerja/Buruh atas penghidupan yang layak bagi  kemanusiaan.   (2) Kebijakan pengupa han sebagaimana dimaksud pada  ayat (1) merupakan program strategis nasional.     2021, No.46 -5-  (3) Pemerintah Daerah dalam melaksanakan kebijakan  pengupahan wajib berpedoman pada kebijakan  Pemerintah Pusat."
PP_No_36_Tahun_2021_cleaned.txt,BAB II: KEBIJAKAN PENGUPAHAN,PASAL 5,(1) Kebijakan pengupahan ditetapkan sebagai salah satu  upaya mewu judkan hak Pekerja/Buruh atas  penghidupan yang layak bagi kemanusiaan.   (2) Kebijakan pengupahan sebagaimana dimaksud pada  ayat (1) meliputi:   a. Upah minimum;   b. struktur dan skala Upah;    c. Upah kerja lembur;   d. Upah tidak masuk kerja dan/atau tidak  melakukan pekerjaa n karena alasan tertentu;   e. bentuk dan cara pembayaran Upah;   f. hal-hal yang dapat diperhitungkan dengan Upah;  dan   g. Upah sebagai dasar perhitungan atau  pembayaran hak dan kewajiban lainnya.
PP_No_36_Tahun_2021_cleaned.txt,BAB II: KEBIJAKAN PENGUPAHAN,PASAL 6,(1) Kebijakan pengupahan ditujukan untuk pencapaian  penghasila n yang memenuhi penghidupan yang layak  bagi kemanusiaan.   (2) Penghasilan sebagaimana dimaksud pada ayat (1)  diperoleh dalam bentuk:   a. Upah; dan   b. pendapatan non -Upah.
PP_No_36_Tahun_2021_cleaned.txt,BAB II: KEBIJAKAN PENGUPAHAN,PASAL 7,"(1) Upah terdiri atas komponen:   a. Upah tanpa tunjangan;   b. Upah pokok dan tunjangan tetap ;   c. Upah pokok, tunjangan tetap, dan tunjangan  tidak tetap; atau     2021, No.46 -6-  d. Upah pokok dan tunjangan tidak tetap.   (2) Dalam hal komponen Upah terdiri atas Upah pokok  dan tunjangan tetap sebagaimana dimaksud pada ayat  (1) huruf b, besarnya Upah pokok paling sedikit 75%  (tujuh puluh lima persen) dari jumlah Upah pokok dan  tunjangan tetap.   (3) Dalam hal komponen Upah terdiri atas Upah pokok,  tunjangan tetap, dan tunjangan tidak tetap  sebagaimana dimaksud pada ayat (1) huruf c,  besarnya Upah pokok paling sedikit 75% (tujuh pul uh  lima persen) dari jumlah Upah pokok dan tunjangan  tetap.   (4) Komponen Upah sebagaimana dimaksud pada ayat (1)  yang akan digunakan ditetapkan  dalam Perjanjian  Kerja, Peraturan Perusahaan, atau Perjanjian Kerja  Bersama.   (5) Persentase besaran Upah pokok dalam k omponen  Upah sebagaimana dimaksud pada ayat (2) dan ayat  (3) untuk jabatan atau pekerjaan tertentu, dapat  diatur dalam Perjanjian Kerja, Peraturan Perusahaan,  atau Perjanjian Kerja Bersama."
PP_No_36_Tahun_2021_cleaned.txt,BAB II: KEBIJAKAN PENGUPAHAN,PASAL 8,"(1) Pendapatan non -Upah berupa tunjangan hari raya  keagamaa n.   (2) Selain tunjangan hari raya keagamaan sebagaimana  dimaksud pada ayat (1), Pengusaha dapat memberikan  pendapatan non -Upah berupa:   a. insentif;   b. bonus;   c. uang pengganti fasilitas kerja; dan/atau   d. uang servis pada usaha tertentu."
PP_No_36_Tahun_2021_cleaned.txt,BAB II: KEBIJAKAN PENGUPAHAN,PASAL 9,"(1) Tunjangan hari raya  keagamaan wajib diberikan oleh  Pengusaha kepada Pekerja/Buruh.     2021, No.46 -7-  (2) Tunjangan hari raya keagamaan wajib dibayarkan  paling lama 7 (tujuh) hari sebelum hari raya  keagamaan.    (3) Ketentuan lebih lanjut mengenai tunjangan hari raya  keagamaan  dan tata cara pembayaran nya diatur  dengan Peraturan Menteri."
PP_No_36_Tahun_2021_cleaned.txt,BAB II: KEBIJAKAN PENGUPAHAN,PASAL 10,(1) Insentif dapat diberikan oleh Pengusaha kepada  Pekerja/Buruh dalam jabatan atau pekerjaan tertentu.   (2) Insentif ditetapkan sesuai kebijakan Perusahaan.
PP_No_36_Tahun_2021_cleaned.txt,BAB II: KEBIJAKAN PENGUPAHAN,PASAL 11,"(1) Bonus dapat diberikan oleh Pengusaha kepada  Pekerja/Buruh atas keuntungan Perusahaan.   (2) Bonus untuk Pekerja/Buruh diatur dalam Perjanjian  Kerja, Peraturan Perusahaan, atau Perjanjian Kerja  Bersama."
PP_No_36_Tahun_2021_cleaned.txt,BAB II: KEBIJAKAN PENGUPAHAN,PASAL 12,"(1) Perusahaan dapat menyediakan fasilitas kerja bagi:   a. Pekerja/Buruh dalam jabatan atau pekerjaan  tertentu; atau   b. seluruh Pekerja/Buruh.   (2) Dalam hal fasilitas kerja bagi Pekerja/Buruh tidak  tersedia atau tidak mencukupi, Perusahaan dapat  memberikan uang pengganti fasilitas kerja  sebagaimana dimaksud dalam Pasal 8 ayat (2) huruf c.   (3) Penyediaan fasilitas k erja sebagaimana dimaksud pada  ayat (1) dan pemberian uang pengganti fasilitas kerja  sebagaimana dimaksud pada  ayat (2) diatur dalam  Perjanjian Kerja, Peraturan Perusahaan, atau  Perjanjian Kerja Bersama."
PP_No_36_Tahun_2021_cleaned.txt,BAB II: KEBIJAKAN PENGUPAHAN,PASAL 13,"(1) Uang servis pada usaha tertentu dikumpulk an dan  dikelola oleh Perusahaan.   2021, No.46 -8-  (2) Uang servis pada usaha tertentu wajib dibagikan  kepada Pekerja/Buruh setelah dikurangi biaya  cadangan terhadap risiko kehilangan atau kerusakan  dan pendayagunaan peningkatan kualitas sumber  daya manusia.   (3) Ketentuan mengena i uang servis pada usaha tertentu  diatur dengan Peraturan Menteri.      BAB III : UPAH BERDASARKAN SATUAN WAKTU DAN/ATAU SATUAN HASIL"
PP_No_36_Tahun_2021_cleaned.txt,BAB III: UPAH BERDASARKAN SATUAN WAKTU,PASAL 14,Upah ditetapkan berdasarkan:   a. satuan waktu; dan/atau    b. satuan hasil.
PP_No_36_Tahun_2021_cleaned.txt,BAB III: UPAH BERDASARKAN SATUAN WAKTU,PASAL 15,Upah berdasarkan satuan waktu seb agaimana dimaksud  dalam Pasal 14 huruf a ditetapkan secara:   a. per jam;    b. harian; atau    c. bulanan.
PP_No_36_Tahun_2021_cleaned.txt,BAB III: UPAH BERDASARKAN SATUAN WAKTU,PASAL 16,"(1) Penetapan Upah per jam hanya dapat diperuntukkan  bagi Pekerja/Buruh yang bekerja secara paruh waktu.    (2) Upah per jam dibayarkan berdasarkan kesepakatan  antara Pengusaha dan Pekerja/Buruh.   (3) Kesepakatan sebagaimana dimaksud pada  ayat (2)  tidak boleh lebih rendah dari hasil perhitungan  formula Upah per jam.   (4) Formula perhitungan Upah per jam sebagai berikut:      Upah per jam =        Upah sebulan   126  2021, No.46 -9-  (5) Angka penyebut dalam formu la perhitungan Upah per  jam dapat dilakukan peninjauan apabila terjadi  perubahan median jam kerja Pekerja/Buruh paruh  waktu secara signifikan.    (6) Peninjauan sebagaimana dimaksud pada ayat (5)  dilakukan dan ditetapkan  hasilnya oleh Menteri  dengan mempertimban gkan hasil kajian yang  dilaksanakan oleh dewan pengupahan nasional."
PP_No_36_Tahun_2021_cleaned.txt,BAB III: UPAH BERDASARKAN SATUAN WAKTU,PASAL 17,"Dalam hal Upah ditetapkan secara harian, perhitungan  Upah sehari sebagai berikut:   a. bagi Perusahaan dengan sistem waktu kerja  6 (enam)  hari dalam seminggu, Upah sebulan dibagi 2 5 (dua  puluh lima); atau   b. bagi Perusahaan dengan sistem waktu kerja  5 (lima)  hari dalam seminggu, Upah sebulan dibagi 21 (dua  puluh satu)."
PP_No_36_Tahun_2021_cleaned.txt,BAB III: UPAH BERDASARKAN SATUAN WAKTU,PASAL 18,(1) Upah berdasarkan satuan hasil sebagaimana  dimaksud dalam Pasal 14 huruf b ditetapkan sesuai  dengan hasil pekerjaan yang telah disepakati.   (2) Penetapan besarnya Upah sebagaimana  dimaksud  pada ayat (1) dilakukan oleh Pengusaha berdasarkan  hasil kesepakatan antara Pekerja/Buruh dengan  Pengusaha.
PP_No_36_Tahun_2021_cleaned.txt,BAB III: UPAH BERDASARKAN SATUAN WAKTU,PASAL 19,"Penetapan Upah sebulan berdasarkan satuan hasil  sebagaima na dimaksud dalam Pasal 14 huruf b untuk  pemenuhan pelaksanaan ketentuan peraturan perundang - undangan, ditetapkan berdasarkan Upah rata -rata 12 (dua  belas) bulan terakhir yang diterima oleh Pekerja/Buruh.          2021, No.46 -10-  BAB IV : STRUKTUR DAN SKALA UPAH"
PP_No_36_Tahun_2021_cleaned.txt,BAB IV: STRUKTUR DAN SKALA UPAH,PASAL 20,"(1) Penetapan besarnya Upah berdasarkan satuan waktu  sebagaimana dimaksud dalam Pasal 14 huruf a  dilakukan dengan berpedoman pada struktur dan  skala Upah.   (2) Dalam hal Upah di perusahaan menggunakan  komponen Upah tanpa tunjangan,  struktur dan skala  Upah menjadi pe doman dalam penetapan besaran  Upah tanpa tunjangan.   (3) Dalam hal Upah di perusahaan terdiri atas  komponen   Upah pokok dan tunjangan , struktur dan skala Upah  menjadi pedoman dalam penetapan besaran Upah  pokok."
PP_No_36_Tahun_2021_cleaned.txt,BAB IV: STRUKTUR DAN SKALA UPAH,PASAL 21,(1) Pengusaha wajib menyusun dan menerapkan struktur  dan skala Upah di Perusahaan dengan memperhatikan  kemampuan Perusahaan dan produktivitas.   (2) Struktur dan skala Upah sebagaimana dimaksud pada  ayat (1) wajib diberitahukan kepada seluruh  Pekerja/Buruh secara perorangan.   (3) Struktur dan skala Upah yang  diberitahukan  sekurang -kurangnya struktur dan skala Upah pada  golongan jabatan sesuai dengan jabatan  Pekerja/Buruh yang bersangkutan.
PP_No_36_Tahun_2021_cleaned.txt,BAB IV: STRUKTUR DAN SKALA UPAH,PASAL 22,"(1) Struktur dan skala  Upah sebagaimana dimaksud  dalam Pasal 21 ayat (1) harus dilampirkan oleh  Perusahaan  pada sa at mengajukan permohonan:   a. pengesahan dan pembaruan  Peraturan   Perusahaan; atau   b. pendaftaran, perpanjangan, dan pembaruan  Perjanjian Kerja Bersama.   2021, No.46 -11-  (2) Struktur dan skala Upah yang dilampirkan  sebagaimana dimaksud pada ayat (1) diperlihatkan  kepada pejabat yan g berwenang pada kementerian  yang menyelenggarakan urusan  pemerintaha n di  bidang ketenagakerjaan  dan/atau dinas yang  menyelenggarakan urusan pemerintahan di bidang  ketenagakerjaan.   (3) Setelah dokumen struktur dan skala Upah  diperlihatkan, pejabat yang berwen ang sebagaimana  dimaksud pada ayat (2) harus  mengembalikan  dokumen struktur dan skala Upah kepada pihak  Perusahaan pada saat itu juga.   (4) Selain melampirkan struktur dan skala Upah  sebagaimana dimaksud pada ayat (1), pimpinan  Perusahaan melampirkan surat per nyataan telah  ditetapkannya struktur dan skala Upah di  Perusahaan.    (5) Surat pernyataan sebagaimana dimaksud pada ayat  (4) didokumentasikan oleh pejabat yang berwenang  pada kementerian yang menyelenggarakan urusan  pemerintahan  di bidang ketenagakerjaan dan/at au  dinas yang menyelenggarakan urusan pemerintahan di  bidang ketenagakerjaan, sebagai bukti telah dilakukan  penyusunan struktur dan skala Upah.   (6) Ketentuan lebih lanjut mengenai struktur dan skala  Upah diatur dengan Peraturan Menteri.                          2021, No.46 -12-  BAB V : UPAH MINIMUM    Bagian Kesatu   Umum"
PP_No_36_Tahun_2021_cleaned.txt,BAB V: UPAH MINIMUM,PASAL 23,"(1) Upah minimum merupakan Upah bulanan terendah  yaitu:   a. Upah tanpa tunjangan; atau   b. Upah pokok dan tunjangan tetap.   (2) Dalam hal komponen Upah di Perusahaan terdiri atas  Upah pokok dan tunjangan tidak tetap, Upah po kok  paling sedikit sebesar Upah minimum.   (3) Pengusaha dilarang membayar Upah lebih rendah dari  Upah minimum."
PP_No_36_Tahun_2021_cleaned.txt,BAB V: UPAH MINIMUM,PASAL 24,(1) Upah minimum sebagaimana dimaksud dalam Pasal  23 ayat (1) berlaku bagi Pekerja/Buruh dengan masa  kerja kurang dari 1 (satu) tahun pada Per usahaan  yang bersangkutan.   (2) Upah bagi Pekerja/Buruh dengan masa kerja  1 (satu)  tahun atau lebih berpedoman pada struktur dan skala  Upah.
PP_No_36_Tahun_2021_cleaned.txt,BAB V: UPAH MINIMUM,PASAL 25,"(1) Upah minimum terdiri atas:   a. Upah minimum provinsi;   b. Upah minimum kabupaten/kota dengan syarat  tertentu.   (2) Upah minimum sebagaimana dimaksud pada  ayat (1)  ditetapkan berdasarkan kondisi ekonomi dan  ketenagakerjaan.   (3) Syarat tertentu sebagaimana dimaksud pada  ayat (1)  huruf b meliputi pertumbuhan  ekonomi daerah atau  inflasi pada kabupaten/kota yang bersangkutan.    2021, No.46 -13-    (4) Kondisi ekonomi  dan ketenagakerjaan  sebagaimana  dimaksud pada ayat (2) meliputi variabel:    a. paritas daya beli;   b. tingkat penyerapan tenaga kerja; dan    c. median Upah.    (5) Data pertumbuhan ekonomi, inflasi, paritas daya beli,  tingkat penyerapan  tenaga kerja, dan med ian Upah  bersumber dari lembaga yang berwenang  di bidang  statistik."
PP_No_36_Tahun_2021_cleaned.txt,BAB V: UPAH MINIMUM,PASAL 26,"(1) Penyesuaian  nilai Upah minimum dilakukan setiap  tahun .  (2) Penyesuaian nilai Upah minimum ditetapkan pada  rentang nilai tertentu di  antara batas atas dan  batas  bawah Upah minimum p ada wilayah yang  bersangkutan.   (3) Batas atas Upah minimum sebagaimana dimaksud  pada ayat (2) merupakan acuan nilai Upah minimum  tertinggi yang dapat ditetapkan dan dihitung  menggunakan formula sebagai berikut:    Rata – rata konsumsi per kapita (t) × Rata – rata  banyaknya ART (t)  Batas atas UM (t) =   Rata – rata banyaknya ART bekerja pada setiap rumah  tangga (t)  (4) Batas bawah Upah minimum sebagaimana dimaksud  pada ayat (2) merupakan acuan nilai Upah minimum  terendah yang dapat ditetapkan dan dihitung  menggunakan fo rmula sebagai berikut:    Batas bawah UM (t) = Batas atas UM (t) × 50%    (5) Nilai Upah minimum tertentu sebagaimana dimaksud  pada ayat (2) dihitung berdasarkan formula  penyesuaian nilai Upah minimum sebagai berikut:       UM (t+1) = UM (t) + Max(PE (t),Inflasi (t)) × × UM (t)   Batas  atas (t) – UM (t)  Batas atas (t) – Batas bawah (t)    2021, No.46 -14-  (6) Rata-rata konsumsi per kapita, rata -rata banyaknya  anggota rumah tangga, dan rata -rata banyaknya  anggota rumah tangga bekerja pada setiap rumah  tangga sebagaimana dimaksud pada ayat (3)  menggunakan data di wilayah yang bersangkutan.   (7) Nilai pe rtumbuhan ekonomi atau inflasi yang  digunakan dalam formula penyesuaian nilai Upah  minimum sebagaimana dimaksud pada ayat (5)  merupakan nilai pertumbuhan ekonomi atau inflasi  tingkat provinsi.   (8) Data sebagaimana dimaksud pada ayat (6) dan ayat (7)  bersumber  dari lembaga yang berwenang di bidang  statistik.     Bagian Kedua   Upah Minimum Provinsi"
PP_No_36_Tahun_2021_cleaned.txt,BAB V: UPAH MINIMUM,PASAL 27,(1) Gubernur wajib menetapkan Upah minimum provinsi  setiap tahun.   (2) Penyesuaian nilai Upah minimum provinsi dilakukan  sesuai dengan tahapan perhitungan sebagaim ana  dimaksud dalam Pasal 26.   (3) Nilai penyesuaian Upah minimum provinsi yang  ditetapkan harus berdasarkan hasil perhitungan  penyesuaian nilai Upah minimum sebagaimana  dimaksud pada ayat (2).   (4) Dalam hal Upah minimum provinsi tahun berjalan  lebih tinggi dari b atas atas Upah minimum provinsi  maka gubernur wajib menetapkan Upah minimum  provinsi tahun berikutnya sama dengan nilai Upah  minimum provinsi tahun berjalan.
PP_No_36_Tahun_2021_cleaned.txt,BAB V: UPAH MINIMUM,PASAL 28,"(1) Perhitungan penyesuaian nilai Upah minimum  provinsi sebagaimana dimaksud dalam Pasal 2 6 ayat  (2) dilakukan oleh dewan pengupahan provinsi.   2021, No.46 -15-  (2) Hasil perhitungan penyesuaian nilai  Upah minimum  provinsi sebagaimana dimaksud pada ayat (1)  direkomendasikan kepada gubernur melalui dinas  yang menyelenggarakan urusan pemerintahan di  bidang ketenagake rjaan  provinsi ."
PP_No_36_Tahun_2021_cleaned.txt,BAB V: UPAH MINIMUM,PASAL 29,"(1) Upah minimum provinsi ditetapkan dengan Keputusan  Gubernur dan diumumkan paling lambat tanggal 21  November tahun berjalan.   (2) Dalam hal tanggal 21 November jatuh pada hari  Minggu , hari libur nasional, atau hari libur resmi ,  Upah minimum provinsi ditetapkan dan diumumkan  oleh gubernur 1 (satu) hari sebelum hari Minggu , hari  libur nasional, atau hari libur resmi.   (3) Upah minimum provinsi sebagaimana dimaksud pada  ayat (1) dan ayat (2) berlaku terhitung mulai tanggal 1  Januari tahun be rikutnya.   (4) Pelaksanaan ketentuan sebagaimana dimaksud pada  ayat (1) dan ayat (2) tidak boleh bertentangan dengan  kebijakan pengupahan sebagaimana dimaksud dalam"
PP_No_36_Tahun_2021_cleaned.txt,BAB II: KEBIJAKAN PENGUPAHAN,PASAL 4,Bagian Ketiga   Upah Minimum Kabupaten/Kota
PP_No_36_Tahun_2021_cleaned.txt,BAB V: UPAH MINIMUM,PASAL 30,"(1) Gubernur dapat menetapkan  Upah minimum  kabupaten/kota dengan syarat tertentu.   (2) Syarat tertentu sebagaimana dimaksud pada  ayat (1)  yaitu:   a. rata-rata pertumbuhan ekonomi kabupaten/kota  yang bersangkutan selama  3 (tiga) tahun terakhir  dari data yang tersedia pada periode yang sama,  lebih  tinggi dibandingkan rata -rata pertumbuhan  ekonomi provinsi; atau     2021, No.46 -16-  b. nilai pertumbuhan ekonomi dikurangi inflasi  kabupaten/kota yang bersangkutan selama  3  (tiga) tahun terakhir dari data yang tersedia pada  periode yang sama, selalu positif, dan lebih tinggi   dari nilai provinsi."
PP_No_36_Tahun_2021_cleaned.txt,BAB V: UPAH MINIMUM,PASAL 31,(1) Upah minimum kabupaten/kota ditetapkan setelah  penetapan Upah minimum provinsi.    (2) Upah minimum kabupaten/kota sebagaimana  dimaksud pada ayat (1) harus lebih tinggi dari Upah  minimum provinsi.
PP_No_36_Tahun_2021_cleaned.txt,BAB V: UPAH MINIMUM,PASAL 32,"(1)  Penetapan Upah minimum bagi kabupaten/kota  yang  belum memiliki Upah minimum  kabupaten/kota,  menggunakan formula perhitungan Upah minimum   dengan tahapan perhitungan sebagai berikut:   a. menghitung nilai  relatif Upah minimum  kabupaten/kota terhadap Upah minimum  provinsi ber dasarkan rasio paritas daya beli  (purchasing power parity ), dengan formula sebagai  berikut:     UMK (F1) = × UMP (t)     b. menghitung nilai  relatif  Upah  minimum  kabupaten/kota terhadap Upah minimum  provinsi berdasarkan rasio tingkat penyerapan  tenaga kerja, den gan formula sebagai berikut:      UMK (F2) =  × UMP (t)     c. menghitung nilai relatif Upah minimum  kabupaten/kota terhadap Upah minimum  provinsi berdasarkan rasio median Upah, dengan  formula sebagai berikut:  PPP Kab/Kota   PPP Provinsi   (1 – TPT Kab/Kota)   (1 – TPT Provinsi)   2021, No.46 -17-     UMK (F3) =  ×UMP (t)       d. menghitung rata -rata nilai relatif UMK  sebagaimana dimaksud pada huruf a, huruf b,  dan huruf  c, dengan formula sebagai berikut:      UMK (t+1) =      (2) Variabel paritas daya beli, tingkat penyerapan tena ga  kerja, dan median Upah sebagaimana dimaksud pada  ayat (1) masing -masing dihitung berdasarkan nilai  rata-rata 3 (tiga) tahun terakhir dari data yang  tersedia pada periode yang sama.   (3) Dalam hal syarat tertentu sebagaimana dimaksud  dalam Pasal 30 ayat (2) tidak terpenuhi maka  gubernur tidak dapat menetapkan Upah minimum  bagi kabupaten/kota yang belum memiliki Upah  minimum kabupaten/kota."
PP_No_36_Tahun_2021_cleaned.txt,BAB V: UPAH MINIMUM,PASAL 33,"(1) Perhitungan nilai Upah minimum kabupaten/kota   dilakukan oleh dewan pengupahan kabupaten/kota.   (2) Hasil perhitun gan Upah minimum kabupaten/kota  sebagaimana dimaksud pada ayat (1) disampaikan  kepada bupati/wali kota untuk direkomendasikan  kepada gubernur melalui dinas yang  menyelenggarakan urusan pemerintahan di bidang  ketenagakerjaan provinsi.   (3) Dalam hal hasil perhi tungan Upah minimum  kabupaten/kota lebih rendah dari nilai Upah  minimum provinsi maka bupati/wali kota tidak  dapat  merekomendasikan nilai Upah minimum  kabupaten/kota kepada gubernur.       Median Upah Provinsi  Median Upah  Kab/Kota   3 (UMK (F1) + UMK (F2) + UMK (F3))  2021, No.46 -18-"
PP_No_36_Tahun_2021_cleaned.txt,BAB V: UPAH MINIMUM,PASAL 34,(1) Penetapan Upah minimum bagi kabupaten/kota yang  telah memilik i Upah minimum kabupaten/kota  dilakukan dengan penyesuaian nilai Upah minimum.   (2) Penyesuaian nilai Upah minimum kabupaten/kota  dilakukan sesuai tahapan perhitungan sebagaimana  dimaksud dalam  Pasal 26.   (3) Pertumbuhan ekonomi atau inflasi yang digunakan  dalam f ormula penyesuaian nilai Upah minimum  sebagaimana dimaksud dalam Pasal 26 ayat (5)  merupakan nilai pertumbuhan ekonomi atau inflasi  tingkat provinsi.    (4) Perhitungan penyesuaian nilai Upah minimum  kabupaten/kota sebagaimana dimaksud pada ayat (2)  dilakukan ol eh dewan pengupahan kabupaten/kota.   (5) Hasil perhitungan penyesuaian nilai Upah minimum  kabupaten/kota sebagaimana dimaksud pada ayat (4)  disampaikan kepada bupati/wali kota untuk  direkomendasikan kepada gubernur melalui dinas  yang menyelenggarakan urusan pe merintahan di  bidang ketenagakerjaan provinsi.   (6) Dalam hal Upah minimum kabupaten/kota tahun  berjalan lebih tinggi dari batas atas Upah minimum  kabupaten/kota maka bupati/wali kota   harus merekomendasikan kepada gubernur nilai Upah  minimum kabupaten/kota ta hun berikutnya sama  dengan nilai Upah minimum kabupaten/kota tahun  berjalan.
PP_No_36_Tahun_2021_cleaned.txt,BAB V: UPAH MINIMUM,PASAL 35,"(1) Gubernur meminta saran dan pertimbangan dewan  pengupahan provinsi dalam menetapkan Upah  minimum kabupaten/kota yang direkomendasikan  oleh bupati/wali kota.   (2) Upah minim um kabupaten/kota ditetapkan dengan  Keputusan Gubernur dan diumumkan paling lambat   pada tanggal 30 November tahun berjalan.   2021, No.46 -19-  (3) Dalam hal tanggal 30 November jatuh pada hari  Minggu , hari libur nasional, atau hari libur resmi ,  Upah minimum kabupaten/kota ditet apkan dan  diumumkan oleh gubernur 1 (satu) hari sebelum hari  Minggu , hari libur nasional, atau hari libur resmi.   (4) Upah minimum kabupaten/kota sebagaimana  dimaksud pada ayat (2) dan ayat (3) berlaku terhitung  mulai tanggal 1 Januari tahun berikutnya.   (5) Pelaksa naan ketentuan sebagaimana dimaksud pada  ayat (1), ayat (2), dan ayat (3) tidak boleh bertentangan  dengan kebijakan pengupahan sebagaimana dimaksud  dalam Pasal 4.     BAB VI : UPAH TERENDAH PADA USAHA MIKRO DAN USAHA KECIL"
PP_No_36_Tahun_2021_cleaned.txt,BAB VI: UPAH TERENDAH PADA USAHA MIKRO DAN USAHA,PASAL 36,"(1) Ketentuan Upah minimum  sebagaimana dimaksud  dalam Pasal 23 sampai dengan Pasal 35 dikecualikan  bagi usaha mikro dan usaha kecil.    (2) Upah pada usaha mikro dan usaha kecil ditetapkan  berdasarkan kesepakatan antara Pengusaha dengan  Pekerja/Buruh di Perusahaan dengan ketentuan:    a. paling  sedikit sebesar 50% (lima puluh persen)  dari rata -rata konsumsi masyarakat di tingkat  provinsi; dan    b. nilai Upah yang disepakati paling sedikit 25%  (dua puluh lima persen) di atas garis kemiskinan  di tingkat provinsi.   (3) Rata-rata konsumsi masyarakat dan gar is kemiskinan  sebagaimana dimaksud pada ayat (2) huruf a dan  huruf b menggunakan data yang bersumber dari  lembaga yang berwenang  di bidang statistik.          2021, No.46 -20-"
PP_No_36_Tahun_2021_cleaned.txt,BAB VI: UPAH TERENDAH PADA USAHA MIKRO DAN USAHA,PASAL 37,Usaha mikro dan usaha kecil sebagaimana dimaksud  dalam Pasal 36 ayat (1) harus memenuhi kri teria tertentu  yang ditetapkan sesuai  dengan  ketentuan peraturan  perundang -undangan .
PP_No_36_Tahun_2021_cleaned.txt,BAB VI: UPAH TERENDAH PADA USAHA MIKRO DAN USAHA,PASAL 38,Usaha mikro dan usaha kecil yang  dikecualikan dari  ketentuan Upah minimum wajib mempertimbangkan faktor  sebagai berikut:   a. mengandalkan sumber  daya tradisional; d an/atau   b. tidak bergerak pada  usaha berteknologi tinggi  dan  tidak padat modal.      BAB VII : PELINDUNGAN UPAH    Bagian Kesatu   Upah Kerja Lembur
PP_No_36_Tahun_2021_cleaned.txt,BAB VII: PELINDUNGAN UPAH,PASAL 39,"Upah kerja lembur wajib dibayar oleh Pengusaha yang  mempekerjakan Pekerja/Buruh melebihi waktu kerja , pada  istirahat mingguan , atau pada hari libur resmi sebagai  kompensasi kepada Pekerja/Buruh yang bersangkutan  sesuai dengan ketentuan peraturan perundang -undangan.      Bagian Kedua   Upah Pekerja/Buruh Tidak Masuk Bekerja dan/atau Tidak  Melakukan Pekerjaan Ka rena Alasan Tertentu"
PP_No_36_Tahun_2021_cleaned.txt,BAB VII: PELINDUNGAN UPAH,PASAL 40,"(1) Upah tidak dibayar apabila Pekerja/Buruh tidak  masuk bekerja dan/atau tidak melakukan pekerjaan.   (2) Ketentuan sebagaimana dimaksud pada ayat (1) tidak  berlaku dan Pengusaha wajib membayar Upah jika  Pekerja/Buruh:   2021, No.46 -21-  a. berhalangan;    b. melakukan kegiatan lain di luar pekerjaannya;   c. menjalankan hak waktu istirahat atau cutinya;  atau   d. bersedia melakukan pekerjaan yang telah  dijanjikan tetapi Pengusaha tidak  mempekerjakannya karena kesalahan Pengusaha  sendiri atau kendala yang seharusnya dapat  dihindari Pengusaha.   (3) Alasan Pekerja/Buruh tidak masuk bekerja dan/atau  tidak melakukan pekerjaan karena berhalangan  sebagaimana dimaksud pada ayat (2) huruf a meliputi:   a. Pekerja/Buruh sakit sehingga tidak dapat  melakukan pekerjaan;   b. Pekerja/Buruh pe rempuan yang sakit pada hari  pertama dan kedua masa haidnya sehingga tidak  dapat melakukan pekerjaan; atau   c. Pekerja/Buruh tidak masuk bekerja karena:   1. menikah;   2. menikahkan anaknya;   3. mengkhitankan anaknya;   4. membaptiskan anaknya;   5. istri melahirkan atau kegugu ran kandungan;   6. suami, istri, orang tua, mertua, anak,  dan/atau menantu meninggal dunia; atau   7. anggota keluarga selain sebagaimana  dimaksud pada angka 6 yang tinggal dalam 1  (satu) rumah meninggal dunia.   (4) Alasan Pekerja/Buruh tidak masuk bekerja dan/atau  tidak melakukan pekerjaan karena melakukan  kegiatan lain di luar pekerjaannya sebagaimana  dimaksud pada ayat (2) huruf b meliputi:   a. menjalankan kewajiban terhadap negara;   b. menjalankan kewajiban ibadah yang  diperintahkan agamanya;   c. melaksanakan tugas Serikat  Pekerja/Serikat  Buruh atas persetujuan Pengusaha dan dapat  2021, No.46 -22-  dibuktikan dengan adanya pemberitahuan  tertulis; atau   d. melaksanakan tugas pendidikan dan/atau  pelatihan dari Perusahaan.   (5) Alasan Pekerja/Buruh tidak masuk bekerja dan/atau  tidak melakukan pekerjaa n karena menjalankan hak  waktu istirahat atau cutinya sebagaimana dimaksud  pada ayat (2) huruf c apabila Pekerja/Buruh  melaksanakan:   a. hak istirahat mingguan;   b. cuti tahunan;   c. istirahat panjang;   d. istirahat sebelum dan sesudah melahirkan; atau   e. istirahat karena mengalami keguguran  kandungan."
PP_No_36_Tahun_2021_cleaned.txt,BAB VII: PELINDUNGAN UPAH,PASAL 41,"(1) Upah yang dibayarkan kepada Pekerja/Buruh yang  tidak masuk bekerja dan/atau tidak melakukan  pekerjaan karena sakit sebagaimana  dimaksud dalam  Pasal 40 ayat (3) huruf a sebagai berikut:   a. untuk 4 (empat) bulan p ertama, dibayar  100%   (seratus persen) dari Upah;   b. untuk 4 (empat) bulan kedua, dibayar 75% (tujuh  puluh lima persen) dari Upah;   c. untuk 4 (empat) bulan ketiga, dibayar 50% (lima  puluh persen) dari Upah; dan   d. untuk bulan selanjutnya dibayar 25% (dua puluh  lima persen) dari Upah sebelum Pemutusan  Hubungan Kerja dilakukan oleh Pengusaha.   (2) Upah yang dibayarkan kepada Pekerja/Buruh  perempuan yang tidak masuk bekerja dan/atau tidak  melakukan pekerjaan karena sakit pada hari pertama  dan kedua masa haidnya sebagaima na dimaksud  dalam Pasal 40 ayat (3) huruf b disesuaikan dengan  jumlah hari menjalani masa sakit haidnya, paling  lama  2 (dua) hari.   2021, No.46 -23-  (3) Upah yang dibayarkan kepada Pekerja/Buruh yang  tidak masuk bekerja dan/atau tidak melakukan  pekerjaan sebagaimana dimaksud d alam Pasal 40 ayat  (3) huruf c sebagai berikut:   a. Pekerja/Buruh menikah, dibayar untuk selama 3  (tiga) hari;   b. menikahkan anaknya, dibayar untuk selama 2  (dua) hari;   c. mengkhitankan anaknya, dibayar untuk selama 2  (dua) hari;   d. membaptiskan anaknya, dibayar un tuk selama 2  (dua) hari;   e. istri melahirkan atau keguguran kandungan,  dibayar untuk selama 2 (dua) hari;   f. suami, istri, orang tua, mertua, anak, dan/atau  menantu meninggal dunia,  dibayar  untuk selama  2 (dua) hari; atau   g. anggota keluarga selain sebagaimana d imaksud  dalam huruf f yang tinggal dalam  1 (satu) rumah  meninggal dunia, dibayar untuk selama 1 (satu)  hari."
PP_No_36_Tahun_2021_cleaned.txt,BAB VII: PELINDUNGAN UPAH,PASAL 42,"(1) Pekerja/Buruh yang menjalankan kewajiban terhadap  negara sebagaimana dimaksud dalam Pasal 40 ayat (4)  huruf a tidak melebihi 1 (satu) t ahun dan penghasilan  yang diberikan oleh negara kurang dari besarnya Upah  yang biasa  diterima  Pekerja/Buruh, Pengusaha wajib  membayar kekurangannya.   (2) Pekerja/Buruh yang menjalankan kewajiban terhadap  negara sebagaimana dimaksud dalam Pasal 40 ayat (4)  huru f a tidak melebihi 1 (satu) tahun dan penghasilan  yang diberikan oleh negara sama atau lebih besar dari  Upah yang biasa diterima Pekerja/Buruh, Pengusaha  tidak wajib membayar.   (3) Pekerja/Buruh yang menjalankan kewajiban terhadap  negara sebagaimana dimaksud p ada ayat (1) dan ayat  2021, No.46 -24-  (2) wajib memberitahukan secara tertulis kepada  Pengusaha."
PP_No_36_Tahun_2021_cleaned.txt,BAB VII: PELINDUNGAN UPAH,PASAL 43,"Pengusaha wajib membayar Upah kepada Pekerja/Buruh  yang tidak masuk bekerja atau tidak melakukan  pekerjaannya karena menjalankan kewajiban ibadah yang  diperintahk an agamanya sebagaimana dimaksud dalam  Pasal 40 ayat (4)  huruf b, sebesar Upah yang diterima oleh  Pekerja/Buruh dengan ketentuan hanya sekali selama  Pekerja/Buruh bekerja di Perusahaan yang bersangkutan."
PP_No_36_Tahun_2021_cleaned.txt,BAB VII: PELINDUNGAN UPAH,PASAL 44,"Pengusaha wajib membayar Upah kepada Pe kerja/Buruh  yang tidak masuk bekerja dan/atau tidak melakukan  pekerjaan karena melaksanakan  tugas Serikat  Pekerja/Serikat Buruh sebagaimana dimaksud dalam  Pasal 40 ayat (4) huruf c, sebesar Upah yang biasa  diterima oleh Pekerja/Buruh."
PP_No_36_Tahun_2021_cleaned.txt,BAB VII: PELINDUNGAN UPAH,PASAL 45,"Pengusah a wajib membayar Upah kepada Pekerja/Buruh  yang tidak masuk bekerja dan/atau tidak melakukan  pekerjaan karena melaksanakan tugas pendidikan  dan/atau pelatihan dari Perusahaan sebagaimana  dimaksud dalam Pasal 40 ayat (4) huruf d, sebesar Upah  yang biasa dit erima oleh Pekerja/Buruh."
PP_No_36_Tahun_2021_cleaned.txt,BAB VII: PELINDUNGAN UPAH,PASAL 46,"Pengusaha wajib membayar Upah kepada Pekerja/Buruh  yang tidak masuk bekerja dan/atau tidak melakukan  pekerjaan karena menjalankan hak waktu istirahat atau  cutinya sebagaimana dimaksud dalam Pasal 40 ayat (5),  sebesar Up ah yang biasa diterima oleh Pekerja/Buruh.          2021, No.46 -25-"
PP_No_36_Tahun_2021_cleaned.txt,BAB VII: PELINDUNGAN UPAH,PASAL 47,"Pelaksanaan ketentuan sebagaimana dimaksud dalam  Pasal 40 sampai dengan Pasal 46 diatur dalam Perjanjian  Kerja, Peraturan Perusahaan, atau Perjanjian Kerja  Bersama.     Bagian Ketiga   Peninjauan Upah"
PP_No_36_Tahun_2021_cleaned.txt,BAB VII: PELINDUNGAN UPAH,PASAL 48,"(1) Pengusaha melakukan peninjauan Upah secara  berkala dengan memperhatikan kemampuan  Perusahaan dan produktivitas.    (2) Peninjauan Upah sebagaimana dimaksud pada ayat (1)  diatur dalam Perjanjian Kerja, Peraturan Perusahaan,  atau Perjanjian Kerja Bers ama.      Bagian Keempat    Pembayaran Upah dalam Keadaan Kepailitan"
PP_No_36_Tahun_2021_cleaned.txt,BAB VII: PELINDUNGAN UPAH,PASAL 49,"(1) Perusahaan yang dinyatakan pailit atau dilikuidasi  berdasarkan ketentuan peraturan perundang - undangan, Upah dan hak lainnya yang belum diterima  oleh Pekerja/Buruh merupakan utang  yang  didahulukan pembayarannya.   (2) Upah Pekerja/Buruh sebagaimana dimaksud pada  ayat (1) didahulukan pembayarannya sebelum  pembayaran kepada semua kreditur.    (3) Hak lainnya dari Pekerja/Buruh sebagaimana  dimaksud pada ayat (1) didahulukan pembayarannya  atas se mua kreditur kecuali kepada para kreditur  pemegang hak jaminan kebendaan."
PP_No_36_Tahun_2021_cleaned.txt,BAB VII: PELINDUNGAN UPAH,PASAL 50,"Apabila Pekerja/Buruh jatuh pailit, Upah dan segala  pembayaran yang timbul dari Hubungan Kerja tidak  2021, No.46 -26-  termasuk dalam kepailitan kecuali ditetapkan lain oleh  hakim dengan k etentuan tidak melebihi 25% (dua puluh  lima persen) dari Upah dan segala pembayaran yang timbul  dari Hubungan Kerja yang harus dibayarkan.     Bagian Kelima   Penyitaan Upah Berdasarkan Perintah Pengadilan"
PP_No_36_Tahun_2021_cleaned.txt,BAB VII: PELINDUNGAN UPAH,PASAL 51,Apabila uang yang disediakan oleh Pengus aha untuk  membayar Upah disita oleh juru sita berdasarkan perintah  pengadilan maka penyitaan tersebut tidak boleh melebihi  20% (dua puluh persen) dari jumlah Upah yang harus  dibayarkan.     Bagian Keenam   Hak Pekerja/Buruh atas Keterangan Upah
PP_No_36_Tahun_2021_cleaned.txt,BAB VII: PELINDUNGAN UPAH,PASAL 52,(1) Pekerja/Buruh atau kuasa yang ditunjuk secara sah  berhak meminta keterangan mengenai Upah untuk  dirinya dalam hal keterangan terkait Upah tersebut  hanya dapat diperoleh melalui dokumen Perusahaan.   (2) Apabila permintaan keterangan sebagaimana  dimaksud pada aya t (1) tidak berhasil maka  Pekerja/Buruh atau kuasa yang ditunjuk berhak  meminta bantuan kepada Pengawas Ketenagakerjaan.   (3) Keterangan sebagaimana dimaksud pada ayat (1) dan  ayat (2) wajib dirahasiakan sesuai dengan ketentuan  peraturan perundang -undangan.     BAB VIII : BENTUK DAN CARA PEMBAYARAN UPAH
PP_No_36_Tahun_2021_cleaned.txt,BAB VIII: BENTUK DAN CARA PEMBAYARAN UPAH,PASAL 53,"(1) Upah wajib dibayarkan oleh Pengusaha kepada  Pekerja/Buruh yang bersangkutan.   2021, No.46 -27-  (2) Pengusaha wajib memberikan bukti pembayaran Upah  yang memuat rincian Upah yang diterima oleh  Pekerja/Buruh pada saat Upah d ibayarkan.   (3) Pembayaran Upah oleh Pengusaha dilakukan  berdasarkan Perjanjian Kerja, Peraturan Perusahaan,  atau Perjanjian Kerja Bersama.   (4) Upah sebagaimana dimaksud pada ayat (1) dapat  dibayarkan kepada pihak ketiga berdasarkan surat  kuasa dari Pekerja/Buruh  yang bersangkutan."
PP_No_36_Tahun_2021_cleaned.txt,BAB VIII: BENTUK DAN CARA PEMBAYARAN UPAH,PASAL 54,(1) Pembayaran Upah harus dilakukan dengan mata uang  rupiah Negara Kesatuan Republik Indonesia.   (2) Upah sebagaimana dimaksud pada ayat (1) harus  dibayarkan seluruhnya pada setiap periode dan per  tanggal pembayaran Upah.
PP_No_36_Tahun_2021_cleaned.txt,BAB VIII: BENTUK DAN CARA PEMBAYARAN UPAH,PASAL 55,"(1) Pengusaha wajib membayar Upah pada waktu yang  telah diperjanjikan antara Pengusaha dengan  Pekerja/Buruh.    (2) Dalam hal  hari atau tanggal  yang telah disepakati  jatuh pada hari libur , hari yang diliburkan, atau hari  istirahat mingguan, pelaksanaan pembayara n Upah  diatur dalam Perjanjian Kerja, Peraturan Perusahaan,  atau Perjanjian Kerja Bersama.   (3) Upah dapat dibayarkan dengan cara harian,  mingguan, atau bulanan.   (4) Jangka waktu pembayaran Upah oleh Pengusaha tidak  boleh lebih dari 1 (satu) bulan."
PP_No_36_Tahun_2021_cleaned.txt,BAB VIII: BENTUK DAN CARA PEMBAYARAN UPAH,PASAL 56,"(1) Pembayaran Upah dilakukan pada tempat yang diatur  dalam Perjanjian Kerja, Peraturan Perusahaan, atau  Perjanjian Kerja Bersama.   (2) Dalam hal tempat pembayaran Upah tidak diatur  dalam Perjanjian Kerja, Peraturan Perusahaan , atau  2021, No.46 -28-  Perjanjian Kerja Bersama  maka pemb ayaran Upah  dilakukan di tempat Pekerja/Buruh bekerja."
PP_No_36_Tahun_2021_cleaned.txt,BAB VIII: BENTUK DAN CARA PEMBAYARAN UPAH,PASAL 57,(1) Upah dapat dibayarkan secara langsung kepada  Pekerja/Buruh atau melalui bank.   (2) Dalam hal Upah dibayarkan melalui bank maka Upah  harus sudah dapat diuangkan oleh Pekerja/Buruh  pada tanggal pe mbayaran Upah yang disepakati kedua  belah pihak.      BAB IX : HAL-HAL YANG DAPAT DIPERHITUNGKAN DENGAN UPAH   Bagian Kesatu   Umum
PP_No_36_Tahun_2021_cleaned.txt,BAB IX: HAL-HAL YANG DAPAT DIPERHITUNGKAN DENGAN UPAH,PASAL 58,"(1)  Hal-hal yang dapat diperhitungkan dengan Upah  terdiri atas:   a. denda;   b. ganti rugi;    c. pemotongan Upah;   d. uang muka Up ah;   e. sewa rumah dan/atau sewa barang  milik  Perusahaan yang disewakan oleh Pengusaha  kepada Pekerja/Buruh;   f. utang atau cicilan utang Pekerja/Buruh;  dan/atau   g. kelebihan pembayaran Upah.   (2)  Hal-hal yang dapat diperhitungkan dengan Upah  sebagaimana dimaksud  pada ayat (1) dilaksanakan  sesuai dengan Perjanjian Kerja, Peraturan  Perusahaan, atau Perjanjian Kerja Bersama.         2021, No.46 -29-  Bagian Ke dua  Denda"
PP_No_36_Tahun_2021_cleaned.txt,BAB IX: HAL-HAL YANG DAPAT DIPERHITUNGKAN DENGAN UPAH,PASAL 59,"(1)  Pengusaha atau Pekerja/Buruh yang melanggar  ketentuan dalam Perjanjian Kerja, Peraturan  Perusahaan, atau Perjanjian Kerja Bersama karena  kesengajaan atau kelalaiannya dikenakan denda  apabila diatur secara tegas dalam Perjanjian Kerja,  Peraturan Perusahaan, atau Perjanjian Kerja Bersama.    (2)  Dalam hal denda tidak diatur dalam  Perjanjian Kerja,  Peraturan Peru sahaan, atau Perjanjian Kerja Bersama  maka pengenaan denda mengacu pada ketentuan yang  berlaku dalam Peraturan Pemerintah ini."
PP_No_36_Tahun_2021_cleaned.txt,BAB IX: HAL-HAL YANG DAPAT DIPERHITUNGKAN DENGAN UPAH,PASAL 60,"(1)  Denda kepada Pengusaha atau Pekerja/Buruh  sebagaimana dimaksud dalam Pasal 59 dipergunakan  hanya untuk kepentinga n Pekerja/Buruh.   (2) Jenis  pelanggaran yang dapat dikenakan denda,  besaran denda , dan penggunaan uang denda diatur  dalam Perjanjian Kerja, Peraturan Perusahaan, atau  Perjanjian Kerja Bersama."
PP_No_36_Tahun_2021_cleaned.txt,BAB IX: HAL-HAL YANG DAPAT DIPERHITUNGKAN DENGAN UPAH,PASAL 61,"(1)  Pengusaha yang terlambat membayar dan/atau tidak   membayar Upah sebagaimana dimaksud dalam Pasal  55 ayat (1) dikenai denda, dengan ketentuan:    a. mulai dari hari keempat sampai hari kedelapan  terhitung tanggal seharusnya Upah dibayar,  dikenakan denda sebesar 5% (lima persen) untuk  setiap hari keterlambatan dari Upah yang  seharusnya dibayarkan;   b. sesudah hari kedelapan, apabila Upah masih  belum dibayar, dikenakan denda keterlambatan  sebagaimana dimaksud pada huruf a ditambah  1% (satu persen) untuk setiap hari keterlambatan  2021, No.46 -30-  dengan ketentuan 1 (satu) bulan tidak  boleh  melebihi 50% (lima puluh persen) dari Upah yang  seharusnya dibayarkan; dan   c. sesudah sebulan, apabila Upah masih belum  dibayar,  dikenakan denda keterlambatan  sebagaimana dimaksud pada huruf a dan huruf b  ditambah bunga sebesar suku bunga tertinggi  yang berlaku pada bank pemerintah.   (2)  Pengenaan denda sebagaimana dimaksud pada ayat  (1) tidak menghilangkan kewajiban Pengusaha  untuk  tetap membayar Upah kepada Pekerja/Buruh."
PP_No_36_Tahun_2021_cleaned.txt,BAB IX: HAL-HAL YANG DAPAT DIPERHITUNGKAN DENGAN UPAH,PASAL 62,(1) Pengusaha yang terlambat membayar tunjangan hari  raya keagamaan ke pada Pekerja/Buruh dikenai denda  sebesar 5% (lima persen) dari total tunjangan hari raya  keagamaan yang harus dibayar sejak berakhirnya  batas waktu kewajiban Pengusaha untuk membayar.   (2) Pengenaan denda sebagaimana dimaksud pada ayat  (1) tidak menghilangkan kewajiban Pengusaha untuk  tetap membayar tunjangan hari raya keagamaan  kepada Pekerja/Buruh.      Bagian Ke tiga  Pemotongan Upah
PP_No_36_Tahun_2021_cleaned.txt,BAB IX: HAL-HAL YANG DAPAT DIPERHITUNGKAN DENGAN UPAH,PASAL 63,"(1) Pemotongan Upah oleh Pengusaha dapat dilakukan  untuk pembayaran:   a. denda;    b. ganti rugi;    c. uang muka Upah;   d. sewa rumah da n/atau sewa barang milik  Perusahaan yang  disewakan  oleh Pengusaha  kepada Pekerja/Buruh;    e. utang atau cicilan utang Pekerja/Buruh;  dan/atau   2021, No.46 -31-  f. kelebihan pembayaran Upah.   (2) Pemotongan Upah sebagaimana dimaksud pada ayat  (1) huruf a, huruf b, dan huruf c dilakuka n sesuai  dengan Perjanjian Kerja, Peraturan Perusahaan, atau  Perjanjian Kerja Bersama.   (3) Pemotongan upah sebagaimana dimaksud pada ayat  (1) huruf d dan huruf e harus dilakukan berdasarkan  kesepakatan tertulis atau perjanjian tertulis.   (4) Pemotongan Upah sebag aimana dimaksud pada ayat  (1) huruf f dilakukan tanpa persetujuan  Pekerja/Buruh."
PP_No_36_Tahun_2021_cleaned.txt,BAB IX: HAL-HAL YANG DAPAT DIPERHITUNGKAN DENGAN UPAH,PASAL 64,(1) Pemotongan Upah oleh Pengusaha untuk pihak ketiga  hanya dapat dilakukan berdasarkan surat kuasa dari  Pekerja/Buruh.   (2) Surat kuasa setiap saat dapat ditarik kembali .   (3) Surat kuasa dari Pekerja/Buruh dikecualikan untuk  semua kewajiban pembayaran oleh Pekerja/Buruh  terhadap negara atau iuran sebagai peserta pada  badan  yang menyelenggarakan jaminan sosial yang  ditetapkan sesuai dengan ketentuan peraturan  perundang -undang an.
PP_No_36_Tahun_2021_cleaned.txt,BAB IX: HAL-HAL YANG DAPAT DIPERHITUNGKAN DENGAN UPAH,PASAL 65,"Jumlah keseluruhan pemotongan Upah sebagaimana  dimaksud dalam Pasal 63 paling banyak 50%  (lima puluh  persen) dari setiap pembayaran Upah yang diterima  Pekerja/Buruh.                   2021, No.46 -32-  BAB X : UPAH SEBAGAI DASAR PERHITUNGAN ATAU PEMBAYARAN HAK DAN KEWAJ IBAN LAINNYA      Bagian Kesatu   Upah Sebagai Dasar Perhitungan Uang Pesangon dan Uang  Penghargaan Masa Kerja"
PP_No_36_Tahun_2021_cleaned.txt,BAB X: UPAH SEBAGAI DASAR PERHITUNGAN ATAU,PASAL 66,"(1) Komponen Upah yang digunakan sebagai dasar  perhitungan uang pesangon dan uang penghargaan  masa kerja terdiri atas:    a. Upah pokok; dan   b. tunjangan  tetap  yang diberikan  kepada   Pekerja/Buruh dan keluarganya .  (2) Dalam hal Pengusaha membayarkan Upah tanpa  tunjangan maka dasar perhitungan uang pesangon  dan uang penghargaan masa kerja, yaitu Upah tanpa  tunjangan.    (3) Dalam hal komponen Upah yang digunakan yaitu  Upah pokok dan tunjangan tidak tetap maka dasar  perhitungan uang pesangon dan uang penghargaan  masa kerja, yaitu Upah pokok."
PP_No_36_Tahun_2021_cleaned.txt,BAB X: UPAH SEBAGAI DASAR PERHITUNGAN ATAU,PASAL 67,"(1) Upah untuk pembayaran uang pesangon dan uang  penghargaan masa kerja sebagaimana dimaksud  dalam Pasal 66 diberikan dengan ketentuan:   a. dalam hal penghasilan Pekerja/Buruh dibayarkan  atas dasar perhitungan harian,  Upah sebulan  sama dengan 30 (tiga puluh) dikalikan Upah  sehari; atau   b. dalam hal Upah Pekerja/Buruh dibayarkan atas  dasar perhitungan satuan hasil, Upah sebulan   sama dengan penghasilan rata -rata dalam 12  (dua belas) bulan terakhir.     2021, No.46 -33-  (2) Dalam hal Upah sebulan sebagaimana dimaksud pada  ayat (1) huruf b lebih rendah dari Upah minimum,  Upah yang menjadi dasar perhitungan uang pesangon  dan uang penghargaan masa kerja yaitu U pah  minimum yang berlaku di wilayah tempat  Pekerja/Buruh bekerja.       Bagian Kedua   Upah Sebagai Dasar Perhitungan Pajak Penghasilan"
PP_No_36_Tahun_2021_cleaned.txt,BAB X: UPAH SEBAGAI DASAR PERHITUNGAN ATAU,PASAL 68,"(1) Upah untuk perhitungan pajak penghasilan yang  dibayarkan untuk pajak penghasilan dihitung dari  seluruh pen ghasilan yang diterima oleh  Pekerja/Buruh.   (2) Pajak penghasilan sebagaimana dimaksud pada ayat  (1) dapat dibebankan kepada Pengusaha atau  Pekerja/Buruh yang diatur dalam Perjanjian Kerja,  Peraturan Perusahaan, atau Perjanjian Kerja Bersama.   (3) Upah untuk perhi tungan pajak penghasilan  dilaksanakan sesuai dengan ketentuan peraturan  perundang -undangan.     BAB XI : DEWAN PENGUPAHAN"
PP_No_36_Tahun_2021_cleaned.txt,BAB XI: DEWAN PENGUPAHAN,PASAL 69,"(1) Dewan pengupahan terdiri atas:    a. dewan pengupahan nasional; dan   b. dewan pengupahan provinsi.   (2) Dalam hal diperlukan, dapat  dibentuk d ewan  pengupahan kabupaten/kota."
PP_No_36_Tahun_2021_cleaned.txt,BAB XI: DEWAN PENGUPAHAN,PASAL 70,"(1) Dewan pengupahan nasional  dibentuk oleh Presiden.    (2) Dewan pengupahan provinsi  dibentuk oleh gubernur.     2021, No.46 -34-  (3) Dewan pengupahan kabupaten/kota  dibentuk oleh  bupati/wali kota."
PP_No_36_Tahun_2021_cleaned.txt,BAB XI: DEWAN PENGUPAHAN,PASAL 71,(1) Dewan pengupahan nasional  bertugas memberikan  saran dan pertimbangan kepada Pemerintah Pusat  dalam rangka:   a. perumusan kebijakan pengupahan; dan   b. penyusunan  dan pengembangan  sistem   pengupahan.   (2) Dewan pe ngupahan provinsi  bertugas memberikan  saran dan pertimbangan kepada gubernur dalam  rangka:    a. penetapan Upah minimum provinsi;    b. penetapan Upah minimum kabupaten/kota bagi  kabupaten/kota yang mengusulkan; dan    c. penyiapan bahan perumusan pengembangan  sistem pengupahan.   (3) Dewan pengupahan  kabupaten/kota  bertugas  memberikan saran dan pertimbangan kepad a  bupati/wali kota dalam rangka:    a. pengusulan Upah minimum kabupaten/kota; dan   b. penyiapan bahan perumusan pengembangan  sistem pengupahan.
PP_No_36_Tahun_2021_cleaned.txt,BAB XI: DEWAN PENGUPAHAN,PASAL 72,"(1) Keanggotaan dewan pengupahan terdiri atas unsur  pemerintah, organisasi Pengusaha, Serikat  Pekerja/Serikat B uruh, akademisi, dan pakar.   (2) Keanggotaan dewan pengupahan dari unsur  pemerintah bersifat melekat pada jabatan  (ex officio ).   (3) Keanggotaan dewan pengupahan dari unsur  pemerintah, organisasi Pengusaha, dan Serikat  Pekerja/Serikat Buruh dengan komposisi  perban dingan 2:1:1  (dua banding satu banding satu) .   (4) Keanggotaan dewan pengupahan dari unsur akademisi  dan pakar jumlahnya disesuaikan dengan kebutuhan.   2021, No.46 -35-  (5) Susunan keanggotaan dewan pengupahan terdiri atas:    a. ketua, merangkap sebagai anggota dari unsur  pemerintah d i bidang ketenagakerjaan;    b. wakil ketua:   1. sebanyak 2 (dua) orang merangkap sebagai  anggota masing -masing  dari unsur Serikat   Pekerja/Serikat Buruh  dan organisasi  Pengusaha, untuk dewan pengupahan  nasional.   2. sebanyak 1 (satu) orang merangkap sebagai  anggota da ri unsur akademisi, untuk dewan  pengupahan provinsi  dan dewan  pengupahan kabupaten/kota.    c. sekretaris, merangkap sebagai anggota dari unsur  pemerintah yang mewakili kementerian  yang  menyelenggarakan urusan  pemerintah an di  bidang ketenagakerjaan atau dinas y ang  menyelenggarakan urusan pemerintahan di  bidang ketenagakerjaan .   (6) Keseluruhan anggota dewan pengupahan sebagaimana  dimaksud pada ayat (1) berjumlah gasal."
PP_No_36_Tahun_2021_cleaned.txt,BAB XI: DEWAN PENGUPAHAN,PASAL 73,"(1) Untuk mendukung kelancaran pelaksanaan tugas  rutin  dewan pengupahan nasional , dewan p engupahan  provinsi,  dan dewan pengupahan kabupaten/kota   dibantu oleh sekretariat.   (2) Sekretariat dewan pengupahan nasional  dibentuk oleh  Menteri.   (3) Sekretariat dewan pengupahan provinsi  dibentuk oleh  gubernur.   (4) Sekretariat  dewan pengupahan kabupaten/kota  dibentuk oleh  bupati/wali kota."
PP_No_36_Tahun_2021_cleaned.txt,BAB XI: DEWAN PENGUPAHAN,PASAL 74,"(1) Anggota dewan pengupahan nasional  diangkat dan  diberhentikan oleh Presiden atas usul Menteri.   2021, No.46 -36-  (2) Anggota dewan pengupahan provinsi  diangkat dan  diberhentikan oleh gubernur atas usul kepala  dinas  yang menyelenggarakan u rusan  pemerintahan di  bidang ketenagakerjaan provinsi.   (3) Anggota dewan pengupahan kabupaten/kota  diangkat  dan diberhentikan oleh bupati/wali kota atas usul  kepala  dinas yang menyelenggarakan urusan  pemerintahan di bidang ketenagakerjaan  kabupaten/kota.   (4) Ketentuan lebih lanjut mengenai tata cara  pengangkatan dan pemberhentian dewan pengupahan  diatur dengan Peraturan Menteri."
PP_No_36_Tahun_2021_cleaned.txt,BAB XI: DEWAN PENGUPAHAN,PASAL 75,"(1) Untuk dapat diangkat menjadi anggota dewan  pengupahan, calon anggota harus memenuhi  persyaratan:   a. warga negara Indonesia;   b. berpendidikan paling rendah lulusan strata -1 (S- 1) untuk  dewan pengupahan nasional  dan dewan  pengupahan provinsi ;   c. berpendidikan paling rendah lulusan diploma -III  (D-III) untuk dewan pengupahan kabupaten/kota ;  dan   d. memiliki pengalaman atau pengetahuan bidan g  pengupahan dan pengembangan sumber daya  manusia.   (2) Anggota dewan pengupahan dari unsur organisasi  Pengusaha  dan Serikat Pekerja/Serikat Buruh  diangkat untuk 1 (satu) kali masa jabatan selama 3  (tiga) tahun dan dapat diangkat kembali hanya untuk  paling lam a 1 (satu) kali masa jabatan berikutnya.   (3) Anggota dewan pengupahan dari unsur akademisi dan  pakar diangkat untuk 1 (satu) kali masa jabatan  selama 3 (tiga) tahun dan dapat diangkat kembali  hanya untuk  paling lama  2 (dua) kali masa jabatan  berikutnya.   2021, No.46 -37-  (4) Selain berakhirnya masa jabatan, anggota dewan  pengupahan diberhentikan jika:   a. mengundurkan diri;    b. selama 3 (tiga) bulan berturut -turut tidak dapat  menjalankan tugasnya;    c. dihukum karena melakukan tindak pidana  dengan putusan pengadilan yang telah  mempunyai kek uatan hukum tetap;    d. melanggar ketentuan yang diatur dalam tata kerja  dewan pengupahan; atau   e. diusulkan oleh organisasi atau instansi yang  bersangkutan untuk diganti karena terjadi  perubahan organisasi.   (5) Penggantian anggota dewan pengupahan yang  diberhentik an dengan alasan sebagaimana dimaksud  pada ayat (4), diusulkan oleh:   a. Menteri kepada Presiden setelah menerima  usulan dari kementerian terkait atau organisasi  yang bersangkutan, bagi anggota dewan  pengupahan  nasional;   b. kepala  dinas yang menyelenggarakan ur usan  pemerintahan di bidang ketenagakerjaan  provinsi  kepada gubernur setelah menerima usulan dari  dinas yang menyelenggarakan urusan  pemerintahan bidang terkait  di provinsi atau  organisasi yang bersangkutan, bagi anggota  dewan pengupahan provinsi ;   c. kepala  dinas yang menyelenggarakan urusan  pemerintahan di bidang ketenagakerjaan  kabupaten/kota kepada bupati/wali kota setelah  menerima usulan dari dinas yang  menyelenggarakan urusan pemerintahan bidang  terkait  di kabupaten/kota  atau organisasi yang  bersangkutan , bagi anggota dewan pengupahan  kabupaten/kota .   (6) Dalam hal anggota dewan pengupahan mengundurkan  diri atas permintaan sendiri sebagaimana dimaksud  2021, No.46 -38-  pada ayat (4) huruf a, permintaan disampaikan oleh  anggota yang bersangkutan kepada:   a. Menteri dengan tembusan  kepada organisasi atau  instansi yang mengusulkan untuk diajukan  kepada Presiden, bagi anggota dewan  pengupahan nasional ;   b. kepala  dinas  yang menyelenggarakan urusan  pemerintahan di bidang ketenagakerjaan provinsi  dengan tembusan kepada organisasi atau dina s  yang mengusulkan untuk diajukan kepada  gubernur, bagi anggota dewan pengupahan  provinsi ;  c. kepala  dinas yang menyelenggarakan urusan  pemerintahan di bidang ketenagakerjaan  kabupaten/kota dengan tembusan kepada  organisasi atau dinas yang mengusulkan untuk  diajukan kepada bupati/wali kota, bagi anggota  dewan pengupahan kabupaten/kota .   (7) Ketentuan lebih lanjut  mengenai t ata cara penggantian  anggota dewan pengupahan diatur dengan  Peraturan  Menteri."
PP_No_36_Tahun_2021_cleaned.txt,BAB XI: DEWAN PENGUPAHAN,PASAL 76,(1) Saran  dan  pertimbangan  dewan  pengupahan  disampaikan  dalam bentuk surat rekomendasi.   (2) Perumusan saran dan  pertimbangan  dilakukan  berdasarkan musyawarah untuk mufakat.   (3) Dalam hal musyawarah tidak mencapai mufakat maka  dapat dilakukan pemungutan suara terbanyak.   (4) Ketentuan mengenai tata kerja dewan pengupahan   diatur dengan Peraturan Menteri.
PP_No_36_Tahun_2021_cleaned.txt,BAB XI: DEWAN PENGUPAHAN,PASAL 77,"(1) Pendanaan  yang diperlukan bagi pelaksanaan tugas  dewan pengupahan nasional dibebankan pada  Anggaran Pendapatan dan Belanja Negara bagian  anggaran kementerian yang menyelenggarakan urusan  2021, No.46 -39-  pemerintahan di bidang k etenagakerjaan.   (2) Pendanaan yang diperlukan bagi pelaksanaan tugas  dewan pengupahan provinsi dibebankan pada  Anggaran Pendapatan dan Belanja Daerah provinsi.   (3) Pendanaan yang diperlukan bagi pelaksanaan tugas  dewan pengupahan kabupaten/kota dibebankan pada  Anggaran Pendapatan dan Belanja Daerah  kabupaten/kota.   (4) Selain sumber pendanaan sebagaimana dimaksud  pada ayat (1), ayat (2), dan ayat (3), sumber  pendanaan yang diperlukan bagi pelaksanaan tugas  dewan pengupahan dapat berasal dari sumber lain  yang sah dan tidak mengikat.     BAB XII : PENGAWASAN"
PP_No_36_Tahun_2021_cleaned.txt,BAB XII: PENGAWASAN,PASAL 78,Pengawasan ketenagakerjaan terhadap penerapan  ketentuan dalam Peraturan Pemerintah ini dilaksanakan  oleh Pengawas Ketenagakerjaan pada kementerian yang  menyelenggarakan urusan pemerintahan di  bidang  ketenagake rjaan dan/atau dinas yang menyelenggarakan  urusan pemerintahan di  bidang ketenagakerjaan provinsi.     BAB XIII : SANKSI ADMINISTRATIF
PP_No_36_Tahun_2021_cleaned.txt,BAB XIII: SANKSI ADMINISTRATIF,PASAL 79,"(1) Pengusaha yang melanggar ketentuan  Pasal 9  ayat (1) ,  Pasal 9  ayat (2), Pasal 13 ayat (2),  Pasal 21 ayat (1) ,  Pasal 21 ayat (2), dan/atau  Pasal 53 ayat (2 ) dikenai  sanksi administratif berupa:   a. teguran tertulis;   b. pembatasan kegiatan usaha;   c. penghentian sementara sebagian atau seluruh  alat produksi; dan   2021, No.46 -40-  d. pembekuan kegiatan usaha.   (2) Pengenaan  sanksi administratif sebagaiman a  dimaksud pada ayat (1) dilakukan secara bertahap.   (3) Teguran tertulis sebagaimana dimaksud pada  ayat (1)  huruf a merupakan peringatan tertulis atas  pelanggaran yang dilakukan oleh Pengusaha.   (4) Pembatasan  kegiatan usaha sebagaimana dimaksud  pada ayat (1) huruf  b meliputi:   a. pembatasan kapasitas produksi barang dan/atau  jasa dalam waktu tertentu; dan/atau   b. penundaan pemberian izin usaha di salah satu  atau beberapa lokasi bagi Perusahaan yang  memiliki proyek di beberapa lokasi.   (5) Penghentian sementara sebagian atau se luruh alat  produksi sebagaimana dimaksud pada ayat (1) huruf c  berupa tindakan tidak menjalankan sebagian atau  seluruh alat produksi barang dan/atau jasa dalam  waktu tertentu.   (6) Pembekuan kegiatan  usaha sebagaimana dimaksud  pada ayat (1) huruf d berupa tinda kan menghentikan  seluruh proses produksi barang dan/atau jasa di  Perusahaan dalam waktu tertentu."
PP_No_36_Tahun_2021_cleaned.txt,BAB XIII: SANKSI ADMINISTRATIF,PASAL 80,"(1) Menteri, menteri terkait, gubernur, bupati/wali kota,  atau pejabat yang ditunjuk sesuai dengan  kewenangannya mengenakan sanksi administratif  sebagai mana dimaksud dalam Pasal 79 kepada  Pengusaha.   (2) Pengenaan sanksi administratif diberikan berdasarkan  hasil pemeriksaan yang dilakukan oleh Pengawas  Ketenagakerjaan yang berasal dari:   a. pengaduan; dan/atau   b. tindak lanjut hasil pengawasan ketenagakerjaan.   (3) Tindak lanjut hasil pemeriksaan yang dilakukan oleh  Pengawas Ketenagakerjaan dituangkan dalam nota  pemeriksaan.   2021, No.46 -41-  (4) Dalam hal nota pemeriksaan tidak dilaksanakan oleh  Pengusaha, Pengawas Ketenagakerjaan  menyampaikan laporan ketidakpatuhan terhadap   ketentuan perat uran perundang -undangan beserta  nota pemeriks aan kepada:   a. direktur jenderal yang membidangi pengawasan  ketenagakerjaan pada kementerian yang  menyelenggarakan urusan pemerintahan di  bidang ketenagakerjaan, untuk Pengawas  Ketenagakerjaan  di kementerian yang  menyelenggarakan urusan pemerintahan di  bidang ketenagakerjaan; atau   b. kepala dinas yang menyelenggarakan urusan  pemerintahan di bidang ketenagakerjaan provinsi,  untuk Pengawas Ketenagakerjaan pada dinas  yang menyelenggarakan urusan pemerintahan di  bidang ket enagakerjaan provinsi.   (5) Direktur jenderal atau kepala dinas sebagaimana  dimaksud pada ayat (4) menyampaikan rekomendasi  kepada pejabat yang berwenang mengenakan sanksi  administratif.   (6) Menteri terkait, gubernur, bupati/wali kota, atau  pejabat yang ditunjuk me mberitahukan pelaksanaan  pengenaan sanksi administratif kepada Menteri."
PP_No_36_Tahun_2021_cleaned.txt,BAB XIII: SANKSI ADMINISTRATIF,PASAL 81,"Pemerintah Daerah provinsi dan kabupaten/kota yang  masih memberlakukan keputusan tentang Upah minimum  yang bertentangan dengan Peraturan Pemerintah ini  dikenai sanksi adminis tratif sesuai dengan ketentuan  peraturan perundang -undangan yang mengatur mengenai  pemerintahan daerah.             2021, No.46 -42-  BAB XIV : KETENTUAN PERALIHAN"
PP_No_36_Tahun_2021_cleaned.txt,BAB XIV: KETENTUAN PERALIHAN,PASAL 82,Pada saat Peraturan Pemerintah ini mulai berlaku:   a. Upah minimum provinsi dan/atau Upah minimum  kabupaten/ko ta Tahun 2021 yang telah ditetapkan  oleh gubernur pada Tahun 2020  dinyatakan  tetap   berlaku  sampai dengan Desember 2021;   b. Upah  minimum sektoral yang telah ditetapkan  sebelum  tanggal 2 November 2020 tetap berlaku  sampai dengan :  1. surat keputusan mengenai peneta pan Upah  minimum sektoral berakhir; atau   2. Upah minimum provinsi dan/atau Upah  minimum kabupaten/kota di daerah tersebut  ditetapkan lebih tinggi dari Upah minimum  sektoral;   c. Upah minimum sektoral provinsi dan/atau Upah  minimum  sektoral k abupaten/ kota yang  ditetapkan  setelah tanggal 2 November 2020 wajib dicabut oleh  gubernur selambat -lambatnya  1 (satu) tahun sejak  ditetapkan ; dan   d. gubernur tidak boleh  lagi menetapkan Upah  minimum sektoral.
PP_No_36_Tahun_2021_cleaned.txt,BAB XIV: KETENTUAN PERALIHAN,PASAL 83,"(1) Perusahaan yang telah memberikan Upah lebih tinggi  dari Upah minimum yang telah ditetapkan , Pengusaha  dilarang mengurangi atau menurunkan Upah .  (2) Pengusaha yang melanggar ketentuan sebagaimana  dimaksud pada ayat (1) dikenai sanksi administratif  sebagaimana dimaksud dalam Pasal 79.           2021, No.46 -43-  BAB XV : KETENTUAN PENUTUP"
PP_No_36_Tahun_2021_cleaned.txt,BAB XV: KETENTUAN PENUTUP,PASAL 84,"Pada saat Peraturan Pemerintah ini mulai berlaku, semua  peraturan  perundang -undangan yang merupakan  peraturan  pelaksanaan dari  Undang -Undang Nomor 13  Tahun 2003 tentang Ketenagakerjaan yang mengatur  mengenai pengupahan dinyatakan masih tetap berlaku  sepanjang tidak bertentangan dengan Peraturan  Pemerintah ini."
PP_No_36_Tahun_2021_cleaned.txt,BAB XV: KETENTUAN PENUTUP,PASAL 85,"Pada saat Peraturan Pemerintah ini mulai berlaku,  Peraturan Pemerintah Nomor 78 Tahun 2015 tentang  Pengupahan (Lembaran  Negara  Republik Indonesia Tahun  2015 Nomor 237, Tambahan Lembar an Negara Republik  Indonesia Nomor 5747), dicabut dan dinyatakan tidak  berlaku."
PP_No_36_Tahun_2021_cleaned.txt,BAB XV: KETENTUAN PENUTUP,PASAL 86,"Peraturan Pemerintah ini mulai berlaku pada tanggal  diundangkan.                                2021, No.46 -44-"
PP_No_37_Tahun_2021_cleaned.txt,BAB I: KETENTUAN UMUM,PASAL 1,"Dalam Peraturan Pemerintah ini yang dimaksud dengan:   1. Jaminan Kehilangan Pekerjaan yang selanjutnya  disingkat JKP adalah jamina n sosial  yang diberikan  kepada Pekerja/Buruh yang mengalami Pemutusan  Hubungan  Kerja berupa manfaat uang tunai , akses  informasi pasar kerja, dan Pelatihan Kerja.   2. Pekerja/Buruh adalah setiap orang yang bekerja  dengan menerima Upah atau imbalan dalam bentuk  lain.  3. Pengusaha adalah:   a. orang perseorangan, persekutuan, atau badan  hukum yan g menjalankan suatu perusahaan  milik sendiri;   b. orang perseorangan, persekutuan, atau badan  hukum yang secara berdiri sendiri menjalankan  perusahaan bukan miliknya;    c. orang perseorangan, persekutuan, atau badan  hukum yang berada di Indonesia mewakili  perusaha an sebagaimana dimaksud dalam huruf  a dan huruf b yang berkedudukan di luar wilayah  2021, No.47 -3-  Indonesia.   4. Upah adalah hak Pekerja/Buruh yang diterima dan  dinyatakan dalam bentuk uang sebagai imbalan dari  Pengusaha atau pemberi kerja kepada Pekerja/Buruh  yang ditetapk an dan dibayarkan menurut suatu  perjanjian kerja, kesepakatan, atau peraturan  perundang -undangan, termasuk tunjangan bagi  Pekerja/Buruh dan keluarganya atas suatu pekerjaan  dan/atau jasa yang telah atau akan dilakukan.   5. Pemutusan Hubungan Kerja adalah penga khiran  hubungan kerja karena suatu hal tertentu yang  mengakibatkan berakhirnya hak dan kewajiban antara  Pekerja/Buruh dan Pengusaha .  6. Peserta JKP yang selanjutnya disebut Peserta adalah   Pekerja/Buruh yang mempunyai hubungan kerja  dengan Pengusaha  dan telah terdaftar  serta  membayar  iuran.   7. Jaminan Kesehatan yang selanjutnya disebut  JKN  adalah jaminan berupa perlindungan kesehatan agar  Peserta memperoleh manfaat pemeliharaan kesehatan  dan perlindungan dalam memenuhi kebutuhan dasar  kesehatan yang diberikan kepa da setiap orang yang  telah membayar iuran jaminan kesehatan atau iuran  jaminan kesehatannya dibayar oleh Pemerintah Pusat  atau Pemerintah Daerah.   8. Jaminan Kecelakaan Kerja yang selanjutnya disingkat  JKK adalah manfaat berupa uang tunai dan/atau  pelayanan ke sehatan yang diberikan pada saat Peserta  mengalami kecelakaan kerja atau penyakit yang  disebabkan oleh lingkungan kerja.   9. Jaminan Hari Tua yang selanjutnya disingkat JHT  adalah manfaat uang tunai yang dibayarkan sekaligus  pada saat Peserta memasuki usia pe nsiun, meninggal  dunia, atau mengalami cacat total tetap.   10. Jaminan Pensiun yang selanjutnya disingkat JP  adalah jaminan sosial yang bertujuan untuk  mempertahankan derajat kehidupan yang layak bagi  2021, No.47 -4-  Peserta dan/atau ahli warisnya dengan memberikan  penghasilan  setelah Peserta memasuki usia pensiun,  mengalami cacat total tetap, atau meninggal dunia.   11. Jaminan Kematian yang selanjutnya disebut  JKM  adalah manfaat uang tunai yang diberikan kepada ahli  waris ketika Peserta meninggal dunia bukan akibat  kecelakaan kerja .  12. Badan Penyelenggara Jaminan Sosial  Ketenagakerjaan  yang selanjutnya disebut BPJS Ketenagakerjaan  adalah badan hukum publik yang dibentuk  berdasarkan Undang -Undang Nomor 24 Tahun 2011  tentang Badan Penyelenggara Jaminan Sosial.   13. Badan Penyelenggara Jaminan  Sosial Kesehatan yang  selanjutnya disebut BPJS Kesehatan  adalah  badan  hukum yang dibentuk untuk menyelenggarakan  program Jaminan Kesehatan.   14. Sistem Informasi Ketenagakerjaan adalah suatu  ekosistem digital yang menjadi platform bagi segala  jenis layanan pub lik dan aktivitas bidang  ketenagakerjaan baik di pusat maupun daerah.   15. Pelatihan  Kerja adalah keseluruhan kegiatan untuk  memberi, memperoleh, meningkatkan, serta  mengembangkan kompetensi kerja, produktivitas,  disiplin, sikap, dan etos kerja pada tingkat  keterampilan dan keahlian tertentu sesuai dengan  jenjang dan kualifikasi jabatan atau pekerjaan.    16. Lembaga Pelatihan Kerja adalah instansi pemerintah  dan badan hukum yang memenuhi persyaratan untuk  menyelenggarakan Pelatihan Kerja.   17. Pemerintah Pusat adalah Pres iden Republik Indonesia  yang memegang kekuasaan pemerintahan negara  Republik Indonesia yang dibantu oleh Wakil Presiden  dan menteri sebagaimana dimaksud dalam Undang - Undang Dasar Negara Republik Indonesia Tahun  1945 .  18. Pengawas Ketenagakerjaan adalah pegawai  negeri sipil  yang diberi tugas, tanggung jawab , wewenang, dan  2021, No.47 -5-  hak secara penuh oleh pejabat yang berwenang untuk  melaksanakan kegiatan pembinaan, pemeriksaan,  pengujian, penyidikan, dan pengembangan sistem  pengawasan ketenagakerjaan sesuai dengan ketentua n  peraturan perundang -undangan.   19. Menteri adalah menteri yang menyelenggarakan  urusan pem erintahan di bidang ketenagakerjaan."
PP_No_37_Tahun_2021_cleaned.txt,BAB I: KETENTUAN UMUM,PASAL 2,(1) Pengusaha wajib mengikutsertakan Pekerja/Buruh  sebagai Peserta  dalam program JKP .  (2) Program  JKP sebagaimana dimaksud pada aya t (1)  diselenggarakan untuk mempertahankan derajat  kehidupan yang layak pada saat Pekerja/Buruh  kehilangan pekerjaan.
PP_No_37_Tahun_2021_cleaned.txt,BAB I: KETENTUAN UMUM,PASAL 3,JKP sebagaimana dimaksud dalam Pasal 2 diselenggarakan  oleh BPJS  Ketenagakerjaan dan Pemerintah  Pusat .     BAB II : KEPESERTAAN DAN T ATA CARA PENDAFTARAN   Bagian Kesatu   Kepesertaan
PP_No_37_Tahun_2021_cleaned.txt,BAB II: KEPESERTAAN DAN T ATA CARA PENDAFTARAN,PASAL 4,"(1) Peserta  terdiri atas:   a. Pekerja/Buruh yang telah diikutsertakan oleh  Pengusaha dalam program jaminan sosial; dan   b. Pekerja/Buruh yang baru didaftarkan oleh  Pengusaha dalam program jaminan sosial.   (2) Peserta  sebagaimana dimaksud pada ayat (1) harus  memenuhi persyaratan:    a. warga  negara Indonesia;   b. belum mencapai usia 5 4 (lima puluh empat )  tahun pada saat mendaftar; dan   2021, No.47 -6-  c. mempunyai hubungan kerja dengan Pengusaha.   (3) Selain persyaratan sebagaimana dimaksud pada ayat  (2) juga harus memenuhi ketentuan:   a. Pekerja/Buruh  yang bekerja pada usaha besar  dan usaha menengah, diikutsertakan pada  program JKN, JKK, JHT, JP , dan JKM;  dan  b. Pekerja/Buruh yang bekerja pada usaha mikro  dan usaha  kecil, diikutsertakan sekurang - kurangnya pada program JKN, JKK, JHT , dan   JKM.  (4) Peserta program JKN sebagaimana dimaksud pada  ayat (3) merupakan pekerja penerima Upah pada  badan usaha.     Bagian Kedua   Tata Cara Pendaftaran"
PP_No_37_Tahun_2021_cleaned.txt,BAB II: KEPESERTAAN DAN T ATA CARA PENDAFTARAN,PASAL 5,"(1) Pekerja/Buruh yang telah diikutsertakan oleh  Pengusaha dalam program ja minan sosial  sebagaimana dimaksud dalam Pasal 4 terhitung sejak  tanggal Peraturan Pemerintah ini diundangkan,  serta  merta menjadi Peserta .  (2) Pengusaha sebagaimana dimaksud pada ayat (1)  diberikan sertifikat kepesertaan program JKP oleh  BPJS Ketenagakerjaan.   (3) Pekerja/Buruh sebagaimana dimaksud pada ayat (1)  diberikan bukti kepesertaan program JKP oleh BPJS  Ketenagakerjaan."
PP_No_37_Tahun_2021_cleaned.txt,BAB II: KEPESERTAAN DAN T ATA CARA PENDAFTARAN,PASAL 6,"(1) Pengusaha yang mendaftarkan Pekerja/Buruh dalam  program JKP wajib menyerahkan formulir pendaftaran  yang telah diisi secara lengkap dan benar kepada  BPJS Ketenagakerjaan paling lama 30 (tiga puluh) hari  sejak tanggal Pekerja/Buruh tersebut mulai bekerja.     2021, No.47 -7-  (2) Formulir pendaftaran sebagaimana dimaksud pada  ayat (1) paling sedikit memuat:   a. nomor induk kependudukan;   b. tanggal lahir Pekerja/Buruh;  dan  c. nomor dan/atau tanggal mulai dan berakhirnya  perjanjian kerja.   (3) BPJS Ketenagakerjaan wajib memberikan nomor  kepesertaan paling lama 1 (satu) hari kerja sejak  formulir pendaftaran diterima secara lengkap dan  benar serta iuran pertama dibayar lunas kepad a BPJS  Ketenagakerjaan.   (4) Pengusaha sebagaimana dimaksud pada ayat (1)  diberikan sertifikat kepesertaan program JKP oleh  BPJS Ketenagakerjaan.   (5) Pekerja/Buruh sebagaimana dimaksud pada ayat (1)  diberikan bukti kepesertaan program JKP oleh BPJS  Ketenagakerjaan."
PP_No_37_Tahun_2021_cleaned.txt,BAB II: KEPESERTAAN DAN T ATA CARA PENDAFTARAN,PASAL 7,Bukti kepesertaan program JKP bagi Pekerja/Buruh  sebagaimana dimaksud dalam Pasal 5 ayat (3) dan Pasal 6  ayat (5) terintegrasi dalam 1 (satu) kartu kepesertaan  program jaminan sosial pada BPJS Ketenagakerjaan.
PP_No_37_Tahun_2021_cleaned.txt,BAB II: KEPESERTAAN DAN T ATA CARA PENDAFTARAN,PASAL 8,"(1) Pekerja/Buruh yang mempunya i hubungan kerja  dengan lebih dari 1 (satu) Pengusaha , wajib  diikutsertakan dalam program JKP oleh masing - masing Pengusaha.    (2) Pekerja/Buruh sebagaimana dimaksud pada ayat (1)  setelah terdaftar sebagai Peserta, memilih salah satu  perusahaan sebagai tempat pe kerjaan yang  didaftarkan dalam program JKP kepada BPJS  Ketenagakerjaan.         2021, No.47 -8-"
PP_No_37_Tahun_2021_cleaned.txt,BAB II: KEPESERTAAN DAN T ATA CARA PENDAFTARAN,PASAL 9,"Dalam hal terjadi perubahan nama perusahaan, alamat  kantor, skala usaha, data Upah, data Pekerja/Buruh, dan  perubahan data lainnya terkait  kepesertaan program JKP,  Pengusaha wajib menyampaikan perubahan tersebut  kepada  BPJS Ketenagakerjaan paling lama 7 (tujuh) hari  kerja sejak terjadi perubahan."
PP_No_37_Tahun_2021_cleaned.txt,BAB II: KEPESERTAAN DAN T ATA CARA PENDAFTARAN,PASAL 10,"(1) Pendaftaran sebagaimana dimaksud dalam Pasal 5  dan Pasal 6, serta perubahan data sebagaimana  dimaksud dalam Pasal 9 dilakuk an secara daring atau  luring.   (2) Ketentuan lebih lanjut mengenai tata cara pendaftaran  diatur dengan Peraturan Menteri.     BAB III : IURAN DAN TATA CARA PEMBAYARAN  IURAN   Bagian Kesatu   Iuran"
PP_No_37_Tahun_2021_cleaned.txt,BAB III: IURAN DAN TATA CARA PEMBAYARAN  IURAN,PASAL 11,"(1) Iuran program JKP wajib dibayarkan setiap bulan.   (2) Iuran sebaga imana dimaksud pada ayat (1) sebesar  0,46% (nol koma empat puluh enam persen) dari Upah  sebulan.   (3) Iuran sebesar 0,46% (nol koma empat puluh enam   persen) sebagaimana dimaksud pada ayat (2)  bersumber dari iuran yang dibayar kan oleh  Pemerintah Pusat  dan sumbe r pendanaan JKP.   (4) Iuran yang dibayarkan oleh Pemerintah Pusat  sebagaimana dimaksud pada ayat (3) sebesar 0,22%  (nol koma dua puluh dua persen)  dari Upah  sebulan.   (5) Sumber pendanaan JKP sebagaimana dimaksud pada  ayat (3) merupakan rekomposisi dari iuran progr am  JKK dan JKM, d engan ketentuan :  2021, No.47 -9-  a. iuran JKK direkomposisi sebesar 0,14% (nol koma  empat belas persen) dari Upah sebulan, sehingga  iuran JKK untuk setiap kelompok tingkat risiko  menjadi:   1. tingkat risiko sangat rendah  sebesar  0,10%  (nol koma sepuluh persen) d ari Upah  sebulan;   2. tingkat risiko rendah sebesar 0,40% (nol  koma empat puluh persen) dari Upah  sebulan;   3. tingkat risiko sedang sebesar 0,75% (nol  koma tujuh puluh lima persen) dari Upah  sebulan;   4. tingkat risiko tinggi sebesar 1,13% (satu  koma tiga belas perse n) dari Upah sebulan;  dan  5. tingkat risiko sangat tinggi sebesar 1,60%  (satu koma enam puluh persen) dari Upah  sebulan;   b. iuran JKM direkomposisi sebesar 0,10% (nol  koma sepuluh persen) dari Upah sebulan,  sehingga iuran JKM menjadi sebesar 0,20% (nol  koma dua puluh persen) dari Upah sebulan.   (6) Upah yang digunakan sebagai dasar perhitungan  iuran sebagaimana dimaksud pada ayat ( 2)  merupakan  Upah  terakhir Pekerja/Buruh  yang  dilaporkan  oleh Pengusaha kepada  BPJS  Ketenagakerjaan dan tidak melebihi batas atas Upah .  (7) Batas atas Upah sebagaimana dimaksud pada ayat ( 6)  untuk pertama kali ditetapkan sebesar  Rp5.000.000 ,00 (lima juta  rupiah).   (8) Dalam hal Upah melebihi batas atas Upah  sebagaimana dimaksud pada ayat ( 7) maka Upah yang  digunakan sebagai dasar perhitungan iuran sebesar  batas atas Upah.       2021, No.47 -10-"
PP_No_37_Tahun_2021_cleaned.txt,BAB III: IURAN DAN TATA CARA PEMBAYARAN  IURAN,PASAL 12,(1) Besaran iuran dan batas atas Upah sebagaimana  dimaksud dalam Pasal 11 ayat (2) dan ayat (7)  dilakukan evaluasi secara berkala setiap  2 (dua) tahun  dengan mempertimbangkan kondisi  ekonomi nasional   dan perhitungan kecukupan ke wajiban aktuaria.   (2) Evaluasi sebagaimana dimaksud pada ayat ( 1)  dilakukan oleh kementerian yang menyelenggarakan  urusan pemerintahan di bidang ketenagakerjaan  berkoordinasi dengan kementerian yang  menyelenggarakan urusan pemerintahan di bidang  keuangan dan dewan jaminan sosial nasional.   (3) Besaran  iuran dan batas atas Upah hasil e valuasi  sebagaimana dimaksud pada ayat ( 1) ditetapkan  dengan Peraturan  Pemerintah.
PP_No_37_Tahun_2021_cleaned.txt,BAB III: IURAN DAN TATA CARA PEMBAYARAN  IURAN,PASAL 13,"(1) Upah sebulan sebagaimana dimaksud dalam Pasal 11  yang digunakan sebagai dasar perhitungan  pembayaran iuran , terdiri atas Upah pokok dan  tunjangan tetap.   (2) Dalam hal Upah  di perusahaan tidak menggunakan  komponen Upah  pokok dan tunjangan tetap maka  dasar perhitungan pembayaran iuran yaitu  Upah   tanpa tunjangan.    (3) Dalam hal Upah di perusahaan terdiri at as Upah  pokok dan tunjangan tidak tetap maka dasar  perhitungan iuran yaitu Upah pokok.     Bagian Kedua   Tata Cara Pembayaran Iuran"
PP_No_37_Tahun_2021_cleaned.txt,BAB III: IURAN DAN TATA CARA PEMBAYARAN  IURAN,PASAL 14,"Iuran sebagaimana dimaksud dalam Pasal 11 dibayarkan  kepada BPJS Ketenagakerjaan berdasarkan data  kepesertaan dari BPJ S Ketenagakerjaan .    2021, No.47 -11-"
PP_No_37_Tahun_2021_cleaned.txt,BAB III: IURAN DAN TATA CARA PEMBAYARAN  IURAN,PASAL 15,"(1) Data kepesertaan sebagaimana dimaksud dalam Pasal  14 terintegrasi dengan data kepesertaan BPJS  Kesehatan.   (2) Untuk integrasi data sebagaimana dimaksud pada  ayat (1) , BPJS Kesehatan harus menya mpaikan data  kepesertaan sebagaimana d imaksud dalam Pasal 4  ayat (4) kepada BPJS Ketenagakerjaan.   (3) Data kepesertaan sebagaimana dimaksud pada ayat  (1) dilakukan verifikasi dan validasi oleh BPJS  Ketenagakerjaan .  (4) Data yang telah diverifikasi dan divalidasi  sebagaimana dimaksud pada ayat ( 3) disa mpaikan  kepada Menteri ."
PP_No_37_Tahun_2021_cleaned.txt,BAB III: IURAN DAN TATA CARA PEMBAYARAN  IURAN,PASAL 16,"(1) Dalam hal pelaksanaan rekomposisi iuran  sebagaimana dimaksud dalam Pasal 11 ayat (5)  mengalami keterlambatan maka Pemerintah Pusat  tidak membayarkan iuran.   (2) Dalam hal pelaksanaan rekomposisi iuran  sebagaimana dimaksud da lam Pasal 11 ayat (5) telah  dibayar tunggakannya,  Pemerintah Pusat  membayarkan iuran yang belum dibayarkan sesuai  bulan pelunasan iuran yang tertunggak."
PP_No_37_Tahun_2021_cleaned.txt,BAB III: IURAN DAN TATA CARA PEMBAYARAN  IURAN,PASAL 17,"(1) Ketentuan lebih lanjut mengenai tata cara  pembayaran iuran yang dibayarkan oleh Pemerintah  Pusat diatur dengan Peraturan Menteri yang  menyelenggarakan urusan pemerintahan di bidang  keuangan.   (2) Ketentuan lebih lanjut mengenai tata cara  pelaksanaan rekomposisi iuran diatur dengan  Peraturan Menteri.       2021, No.47 -12-  BAB IV : MANFAAT  JKP   Bagian Kesatu   Umum"
PP_No_37_Tahun_2021_cleaned.txt,BAB IV: MANFAAT  JKP,PASAL 18,Manfaat J KP berupa:   a. uang tunai;   b. akses informasi pasar kerja; dan   c. Pelatihan Kerja.
PP_No_37_Tahun_2021_cleaned.txt,BAB IV: MANFAAT  JKP,PASAL 19,"(1) Manfaat JKP diberikan kepada Peserta yang  mengalami Pemutusan Hubungan Kerja baik untuk  hubungan kerja berdasarkan perjanjian kerja waktu  tidak tertentu  maupun  perja njian kerja waktu  tertentu .  (2) Selain memenuhi ketentuan sebagaimana dimaksud  pada ayat (1), penerima manfaat JKP harus bersedia  untuk bekerja kembali.    (3) Manfaat  JKP dapat diajukan setelah Peserta  memiliki  masa iur paling sedikit 12 (dua belas) bulan dalam 24  (dua puluh empat) bulan dan telah membayar iuran  paling singkat 6 (enam) bulan berturut -turut pada  BPJS Ketenagakerjaan  sebelum terjadi Pemutusan  Hubungan Kerja atau pengakhiran hubungan kerja."
PP_No_37_Tahun_2021_cleaned.txt,BAB IV: MANFAAT  JKP,PASAL 20,"(1) Manfaat JKP bagi Peserta yang mengalami Pemutusan  Hubungan Kerja dikecualikan untuk alasan  Pemutusan Hubungan Kerja karena:   a. mengundurkan diri;   b. cacat total tetap;   c. pensiun; atau   d. meninggal  dunia.     2021, No.47 -13-  (2) Manfaat JKP bagi Peserta yang hubungan kerjanya  berdasarkan perjanjian kerja waktu tertentu  diberikan  apabila Pemut usan Hubungan Kerja oleh Pengusaha  dilakukan sebelum berakhirnya jangka waktu  perjanjian kerja waktu tertentu .  (3) Pemutusan Hubungan Kerja sebagaimana dimaksud  pada ayat (1) dibuktikan dengan:   a. bukti diterimanya Pemutusan Hubungan Kerja  oleh Pekerja/Buruh  dan tanda terima laporan  Pemutusan Hubungan Kerja dari dinas yang  menyelenggarakan urusan pemerintahan di  bidang ketenagakerjaan kabupaten/kota;   b. perjanjian bersama yang telah didaftarkan pada  pengadilan hubungan industrial dan akta bukti  pendaftaran perjanjian  bersama; atau   c. petikan atau putusan pengadilan hubungan  industrial yang telah mempunyai kekuatan  hukum tetap.     Bagian Kedua   Manfaat Uang Tunai"
PP_No_37_Tahun_2021_cleaned.txt,BAB IV: MANFAAT  JKP,PASAL 21,"(1) Manfaat uang tunai diberikan setiap bulan paling  banyak 6 (enam) bulan Upah  dengan ketentuan  sebagai ber ikut:  a. sebesar 45 % (empat puluh lima persen) dari  Upah  untuk 3 (tiga) bulan pertama; dan   b. sebesar 25 % (dua puluh lima persen) dari Upah   untuk 3 (tiga) bulan berikutnya.   (2) Upah yang digunakan sebagai dasar pembayaran  manfaat uang tunai merupakan  Upah  terakhir   Pekerja/Buruh  yang dilaporkan  Pengusaha  kepada   BPJS Ketenagakerjaan dan tidak melebihi batas atas  Upah yang ditetapkan.   (3) Batas atas Upah  untuk pertama kali ditetapkan  sebesar Rp 5.000.000 ,00 (lima juta  rupiah).   2021, No.47 -14-  (4) Dalam hal Upah melebihi batas atas Upah maka U pah  yang digunakan sebagai dasar pembayaran manfaat  uang tunai sebesar batas atas Upah."
PP_No_37_Tahun_2021_cleaned.txt,BAB IV: MANFAAT  JKP,PASAL 22,(1) Besaran batas atas Upah sebagaimana dimaksud  dalam Pasal 2 1 ayat (3) dilakukan evaluasi setiap 2  (dua) tahun .   (2) Evaluasi  besaran batas atas Upah  dilakukan  oleh  kementerian yang menyelenggarakan urusan  pemerintahan di bidang ketenagakerjaan  berkoordinasi dengan kementerian  yang  menyelenggarakan urusan pemerintahan di bidang  keuangan  dan dewan jaminan sosial nasional .  (3) Besaran  batas atas Upah hasil e valuasi sebagai mana  dimaksud pada ayat ( 2) ditetapkan dengan Peraturan   Pemerintah.
PP_No_37_Tahun_2021_cleaned.txt,BAB IV: MANFAAT  JKP,PASAL 23,"Dalam hal terjadi Pemutusan Hubungan Kerja dan Upah  Pekerja/Buruh yang dilaporkan sebagaimana dimaksud  dalam Pasal 21 ayat (2) tidak sesuai dengan Upah yang  sebenarnya  sehingga te rdapat kekurangan pembayaran  manfaat uang tunai , Pengusaha wajib membayar  kekurangan  manfaat  uang tunai kepada Pekerja/Buruh  secara sekaligus."
PP_No_37_Tahun_2021_cleaned.txt,BAB IV: MANFAAT  JKP,PASAL 24,Pemberian manfaat uang tunai diselenggarakan oleh BPJS  Ketenagakerjaan.     Bagian Ketiga   Manfaat Akses In formasi  Pasar Kerja
PP_No_37_Tahun_2021_cleaned.txt,BAB IV: MANFAAT  JKP,PASAL 25,"(1) Manfaat akses informasi pasar kerja sebagaimana  dimaksud dalam Pasal 18 huruf b di berikan dalam  2021, No.47 -15-  bentuk layanan:   a. informasi pasar kerja;  dan/atau   b. bimbingan jabatan.   (2) Layanan sebagaimana dimaksud pada ayat (1)  dilakukan  oleh pengantar kerja dan/atau petugas  antarkerja melalui Sistem Informasi Ketenagakerjaan."
PP_No_37_Tahun_2021_cleaned.txt,BAB IV: MANFAAT  JKP,PASAL 26,(1) Layanan informasi pasar kerja sebagaimana dimaksud  dalam Pasal 25 ayat (1) huruf a diberikan dalam  bentuk penyediaan data lowongan pekerjaan.   (2) Penyediaan data lowong an pekerjaan sebagaimana  dimaksud pada ayat ( 1) dilaksanakan sesuai dengan   ketentuan p eraturan perundang -undangan .
PP_No_37_Tahun_2021_cleaned.txt,BAB IV: MANFAAT  JKP,PASAL 27,Layanan bimbingan jabatan sebagaimana dimaksud dalam  Pasal 25 ayat (1) huruf b diberikan dalam bentuk:   a. asesmen diri  atau penilaian diri; dan/atau    b. konseling karir.
PP_No_37_Tahun_2021_cleaned.txt,BAB IV: MANFAAT  JKP,PASAL 28,"Peserta yang telah mendapatkan manfaat akses informasi  pasar kerja dan pekerjaan yang sesuai dengan minat,  bakat, dan kompetensi harus  melaporkan penempatannya  melalui Sistem Informasi Ketenagakerjaan paling lama  7  (tujuh) hari kerja sejak diterima bekerja."
PP_No_37_Tahun_2021_cleaned.txt,BAB IV: MANFAAT  JKP,PASAL 29,"Manfaat akses informasi pasar kerja diselenggarakan oleh  kementerian yang menyelenggarakan urusan pemerintahan  di bidang ketenagakerjaan .            2021, No.47 -16-  Bagian Keempat   Manfaat Pelatihan  Kerja"
PP_No_37_Tahun_2021_cleaned.txt,BAB IV: MANFAAT  JKP,PASAL 30,(1) Manfaat Pelatihan Kerja sebagaimana dimaksud dalam  Pasal 18 huruf c diberikan berupa  pelatihan berbasis  kompetensi.   (2) Manfaat  Pelatihan Kerja sebagaimana dimaksud pada  ayat (1)  dapat dilakukan melalui integrasi akses  informasi pasar kerja  dan sistem informasi BPJS  Keten agakerjaan dalam  Sistem Informasi  Ketenagakerjaan .   (3) Manfaat Pelatihan Kerja dapat diselenggarakan secara  daring dan/atau luring.
PP_No_37_Tahun_2021_cleaned.txt,BAB IV: MANFAAT  JKP,PASAL 31,"(1) Pelatihan Kerja dilakukan melalui Lembaga Pelatihan  Kerja milik pemerintah, swasta, atau perusahaan.   (2) Lembaga  Pelatiha n Kerja sebagaimana dimaksud pada  ayat (1) harus memenuhi persyaratan paling sedikit:   a. memiliki pelatihan berbasis kompetensi kerja  yang sesuai dengan kebutuhan pasar kerja  dengan mempertimbangkan standar kompetensi  kerja nasional, internasional, atau khusu s;   b. terdaftar dan terverifikasi di Sistem Informasi  Ketenagakerjaan ;   c. terakreditasi  dari lembaga akreditasi Lembaga  Pelatihan Kerja yang dibuktikan dengan sertifikat  akreditasi; dan   d. mendapat persetujuan  Menteri.   (3) Ketentuan lebih lanjut mengenai tata cara  pendaftaran, pemilihan jenis pelatihan, lembaga  pelatihan, dan pemanfaatan pelatihan diatur d engan  Peraturan Menteri.         2021, No.47 -17-"
PP_No_37_Tahun_2021_cleaned.txt,BAB IV: MANFAAT  JKP,PASAL 32,(1) Lembaga Pelatihan Kerja dapat bekerja sama dengan  lembaga sertifikasi profesi untuk menyelenggarakan  sertifikasi kompetensi melalu i uji kompetensi.   (2) Lembaga sertifikasi profesi sebagaimana  dimaksud  pada ayat (1) merupakan lembaga sertifikasi profesi  yang telah memperoleh lisensi dari badan nasional  sertifikasi profesi.
PP_No_37_Tahun_2021_cleaned.txt,BAB IV: MANFAAT  JKP,PASAL 33,(1) Peserta yang telah  menerima manfaat Pelatihan  Kerja  harus melaporkan pelatihan yang telah diselesaikan  melalui Sistem Informasi Ketenagakerjaan paling lama   7 (tujuh) hari kerja sejak selesainya pelatihan.   (2) Peserta sebagaimana dimaksud pada ayat (1) dapat  memanfaatkan kembali layanan akses informasi pasar  kerja m elalui Sistem Informasi Ketenagakerjaan untuk  bekerja.
PP_No_37_Tahun_2021_cleaned.txt,BAB IV: MANFAAT  JKP,PASAL 34,(1) Manfaat Pelatihan Kerja diselenggarakan oleh  kementerian yang menyelenggarakan urusan  pemerintahan di bidang ketenagakerjaan.   (2) Ketentuan lebih lanjut mengenai pembiayaan manfaat  Pelatihan Kerj a diatur dengan Peraturan Menteri yang  menyelenggarakan urusan pemerintaha n di bidang  keuangan.     Bagian Kelima   Pelaksanaan Pemberian Manfaat  JKP
PP_No_37_Tahun_2021_cleaned.txt,BAB IV: MANFAAT  JKP,PASAL 35,"Hak atas manfaat JKP diajukan paling banyak 3 (tiga) kali  selama masa usia kerja dengan ketentuan:   a. manfaat JKP pertama, diajukan oleh Peserta paling  cepat setelah terpenuhinya masa iur dan kepesertaan  sebagaimana dimaksud dalam Pasal 19 ayat ( 3);  2021, No.47 -18-  b. manfaat JKP kedua,  diajukan oleh Peserta paling  sedikit  setelah terpenuhinya masa iur selama 5 (lima)  tahun sejak memperoleh manfaat JKP pertama;  dan  c. manfaat  JKP ketiga , diajukan oleh Peserta paling  sedikit  setelah terpenuhinya masa iur selama 5 (lima)  tahun sejak memperoleh manfaat JKP kedua."
PP_No_37_Tahun_2021_cleaned.txt,BAB IV: MANFAAT  JKP,PASAL 36,Manfaat  JKP bagi Peserta yang mempunyai hubungan kerja  denga n lebih dari 1 (satu) Pengusaha diberikan  jika Peserta  mengalami Pemutusan Hubungan Kerja.
PP_No_37_Tahun_2021_cleaned.txt,BAB IV: MANFAAT  JKP,PASAL 37,"(1) Dalam hal Pengusaha tidak mengikutsertakan  Pekerja/Buruh dalam program  JKP dan terjadi  Pemutusan Hubungan Kerja, Pengusaha wajib  memenuhi hak Pekerja/Buruh  berupa:   a. manfaat uang tunai dengan perhitungan manfaat  sebagaimana dimaksud dalam Pasal 21 ayat (1)   yang diberikan secara sekaligus ; dan   b. manfaat Pelatihan Kerja sebagaimana dimaksud  dalam Pasal 3 0.  (2) Kewajiban  pemenuhan hak Pekerja/Buruh  sebagaimana dimaksud  pada ayat (1) dikecualikan  bagi Pengusaha pada usaha mikro."
PP_No_37_Tahun_2021_cleaned.txt,BAB IV: MANFAAT  JKP,PASAL 38,"Hak atas manfaat JKP tidak dapat dipindahtangankan,  digadaikan , atau disita sebagai pelaksana an putusan  pengadilan."
PP_No_37_Tahun_2021_cleaned.txt,BAB IV: MANFAAT  JKP,PASAL 39,"(1) Pengusaha  yang menunggak iuran  JKK dan JKM  sebagai sumber p endanaan program JKP sampai  dengan 3 (tiga) bulan berturut -turut dan terjadi  Pemutusan Hubungan Kerja , BPJS Ketenagakerjaan  wajib membayar manfaat uang tunai sebagaimana  2021, No.47 -19-  dimaksud dalam Pasal 21 ayat (1) kepada Peserta.   (2) Dalam hal BPJS Ketenagakerjaan telah membayar  manfaat uang tunai sebagaimana dimaksud pada ayat  (1) maka Pengusaha wajib melunasi tunggakan iuran.   (3) Pengusaha yang menunggak iuran  JKK dan JKM  sebagai sumber pendanaan program JKP lebih dari 3  (tiga) bulan berturut -turut dan terjadi Pemutusan  Hubungan Kerja, Pengusaha wajib membayar terlebih  dahulu manfaat uang tunai kepada Peserta   sebagaimana dimaksud dalam Pasal 21 ayat (1).  (4) Dalam hal Pengusaha telah melunasi seluruh  tunggakan iuran  dan denda yang menjadi  kewajibannya, Pengusaha dapat meminta pe nggantian  manfaat uang tunai yang telah dibayarkan  sebagaimana dimaksud pada ayat (3), kepada BPJS  Ketenagakerjaan.   (5) Pengusaha mengajukan permintaan penggantian  manfaat uang tunai kepada BPJS Ketenagakerjaan  paling lama  3 (tiga) bulan sejak Pengusaha membay ar  hak Peserta .  (6) BPJS Ketenagakerjaan wajib membayar penggantian  manfaat uang tunai  sebagaimana dimaksud pada ayat  (4) paling lama  7 (tujuh) hari kerja sejak surat   permintaan dan dokumen pendukung diterima secara   lengkap dan benar oleh BPJS Ketenagakerjaan ."
PP_No_37_Tahun_2021_cleaned.txt,BAB IV: MANFAAT  JKP,PASAL 40,"Hak atas manfaat JK P sebagaimana dimaksud dalam Pasal  18 hilang jika Pekerja/Buruh :  a. tidak mengajukan permohonan klaim manfaat JKP  selama 3 (tiga) bulan sejak terjadi Pemutusan  Hubungan Kerja;   b. telah mendapatkan pekerjaan;  atau  c. meninggal dunia.         2021, No.47 -20-"
PP_No_37_Tahun_2021_cleaned.txt,BAB IV: MANFAAT  JKP,PASAL 41,Ketentuan lebih lanjut mengenai t ata cara pemberian  manfaat JKP diatur d engan Peraturan Menteri.     BAB V : SUMBER PENDANAAN
PP_No_37_Tahun_2021_cleaned.txt,BAB V: SUMBER PENDANAAN,PASAL 42,(1) Sumber pendanaan JKP berasal dari:   a. modal awal pemerintah;   b. rekomposisi iuran program jaminan sosial;  dan/atau   c. dana operasional BPJS Ketenagakerjaan.   (2) Modal awal sebagaimana dimaksud pada ayat (1)  huruf a merupakan dana awal yang bersumber dari  Anggaran Pendapatan dan Belanja Negara untuk  pendanaan program JKP .  (3) Dana awal sebagaimana dimaksud pada ayat (2)  bukan merupakan  kekayaan negara yang dipisahkan .  (4) Dana awal dapat digunakan dalam hal iuran program  yang diterima belum mencukupi untuk membayar  manfaat program.   (5) Ketentuan lebih lanjut  mengenai dana awal diatur  dengan Peraturan Menteri yang menyelenggarakan  urusan pemerin tahan di bidang keuangan.
PP_No_37_Tahun_2021_cleaned.txt,BAB V: SUMBER PENDANAAN,PASAL 43,"Dana operasional sebagaimana dimaksud dalam pasal 42  ayat (1) huruf c dapat digunakan untuk pendanaan  program  JKP dalam hal iuran program yang diterima dan  dana awal belum mencukupi untuk membayar manfaat  program JKP.             2021, No.47 -21-  BAB VI : PENGAWASAN KETENAGAKERJAAN"
PP_No_37_Tahun_2021_cleaned.txt,BAB VI: PENGAWASAN KETENAGAKERJAAN,PASAL 44,Pengawasan ketenagakerjaan terhadap penerapan  ketentuan dalam Peraturan Pemerintah ini dilaksanakan  oleh Pengawas Ketenagakerjaan pada kementerian yang  menyelenggarakan urusan pemerintahan di bidang  ketenagakerjaa n dan/atau dinas yang menyelenggarakan  urusan pemerintahan di bidang ketenagakerjaan provinsi.     BAB VII : PENYELESAI AN SENGKETA
PP_No_37_Tahun_2021_cleaned.txt,BAB VII: PENYELESAI AN SENGKETA,PASAL 45,"(1) Sengketa dalam penyelenggaraan program JK P antara  Peserta dengan BPJS Ketenagakerjaan dan/atau  antara Peserta dengan Pengusaha  dapat diselesaikan  secara musyawarah oleh para pihak yang bersengketa.   (2) Sengketa sebagaimana dimaksud pada ayat (1)  merupakan sengketa di bidang keperdataan dan  sengketa mengenai hak -hak sesuai dengan ketentuan  peraturan perundang -undangan dikuasai s epenuhnya  oleh pihak yang bersengketa dan sengketa yang  menurut ketentuan peraturan perundang -undangan  dapat diadakan perdamaian.   (3) Dalam hal penyelesaian sebagaimana dimaksud pada  ayat (2) tidak terlaksana maka penyelesaian dilakukan  melalui mediasi sesuai dengan ketentuan peraturan  perundang -undangan.   (4) Dalam hal mekanisme mediasi sebagaimana dimaksud  pada ayat (3) tidak dapat terlaksana maka  penyelesaiannya dapat diajukan ke pengadilan negeri  sesuai dengan ketentuan peraturan perundang - undangan.        2021, No.47 -22-  BAB VIII : SANKSI ADMINISTRATIF"
PP_No_37_Tahun_2021_cleaned.txt,BAB VIII: SANKSI ADMINISTRATIF,PASAL 46,"(1) Pengusaha yang melanggar ketentuan  Pasal 2 ayat (1),  Pasal 6 ayat (1), Pasal 8 ayat (1), Pasal 9, Pasal 23,  Pasal 37 ayat (1), dan/atau Pasal 39 ayat (3) dikenai  sanksi administratif berupa:   a. teguran tertulis; da n  b. tidak mendapat kan pelayanan publik tertentu.   (2) Pengenaan  sanksi administratif sebagaimana  dimaksud pada ayat (1) dilakukan secara bertahap.   (3) Teguran tertulis sebagaimana dimaksud pada ayat (1)  huruf a merupakan peringatan tertulis atas  pelanggaran yang dilakukan oleh Pengu saha.   (4) Tidak mendapatkan pelayanan publik tertentu  sebagaimana dimaksud pada ayat (1) huruf b  merupakan sanksi  yang diberikan oleh unit pelayanan  publik tertentu kepada Pengusaha yang tidak  melaksanakan kewajiban sesuai dengan ketentuan  peraturan perundang -undangan."
PP_No_37_Tahun_2021_cleaned.txt,BAB VIII: SANKSI ADMINISTRATIF,PASAL 47,"(1) Menteri, menteri terkait, gubernur, bupati/walikota,  atau pejabat yang ditunjuk sesuai dengan  kewenangannya mengenakan sanksi administratif  sebagaimana dimaksud dalam Pasal 46 ayat (1)   kepada Pengusaha.   (2) Pengenaan sanksi administratif di berikan berdasarkan  hasil pemeriksaan yang dilakukan oleh Pengawas  Ketenagakerjaan yang berasal dari:   a. pengaduan; dan/atau   b. tindak lanjut hasil pengawasan ketenagakerjaan.   (3) Tindak lanjut hasil pemeriksaan yang dilakukan oleh  Pengawas Ketenagakerjaan dituan gkan dalam nota  pemeriksaan.     2021, No.47 -23-  (4) Dalam hal nota pemeriksaan tidak dilaksanakan oleh  Pengusaha, Pengawas Ketenagakerjaan  menyampaikan laporan ketidakpatuhan terhadap  peraturan perundang -undangan beserta nota  pemeriksaan kepada:   a. direktur jenderal yang membidangi  pengawasan  ketenagakerjaan pada kementerian yang  menyelenggarakan urusan pemerintahan di  bidang ketenagakerjaan, untuk Pengawas  Ketenagakerjaan di kementerian yang  menyelenggarakan urusan pemerintahan di  bidang ketenagakerjaan; atau   b. kepala dinas yang meny elenggarakan urusan  pemerintahan di bidang ketenagakerjaan provinsi,  untuk Pengawas Ketenagakerjaan pada dinas  yang menyelenggarakan urusan pemerintahan di  bidang ketenagakerjaan provinsi.   (5) Direktur jenderal atau kepala dinas sebagaimana  dimaksud pada ayat (4) menyampaikan rekomendasi  kepada pejabat yang berwenang mengenakan sanksi  administratif.   (6) Menteri terkait, gubernur, bupati/walikota, atau  pejabat yang ditunjuk memberitahukan pelaksanaan  pengenaan sanksi administratif kepada Menteri.     BAB IX : KETENTUAN PENUTUP"
PP_No_37_Tahun_2021_cleaned.txt,BAB IX: KETENTUAN PENUTUP,PASAL 48,"(1) Untuk kepesertaan JKP, BPJS Kesehatan dan BPJS  Ketenagakerjaan  melakukan integrasi data  kepesertaan JKP.   (2) Integrasi data sebagaimana dimaksud pada ayat (1)  dilakukan  paling lama dalam waktu 6 (enam) bulan  sejak Peraturan Pemerintah ini ber laku.   (3) Dalam masa integrasi data sebagaimana dimaksud  pada ayat (2), BPJS Ketenagakerjaan dapat melakukan  2021, No.47 -24-  pendaftaran  kepesertaan JKP tanpa memperhatikan  kepesertaan JKN.   (4) Dalam hal sesudah masa integrasi dan terdapat  kepesertaan JKP yang tidak memenuhi pers yaratan  kepesertaan  JKN maka iuran yang telah dibayarkan  Pemerintah Pusat diperhitungkan dalam pembayaran  iuran JKP berikutnya."
PP_No_37_Tahun_2021_cleaned.txt,BAB IX: KETENTUAN PENUTUP,PASAL 49,"Pada saat Peraturan Pemerintah ini mulai berlaku,  ketentuan mengenai pengelolaan aset dana jaminan sosial  kecelakaan k erja dan dana jaminan sosial kematian yang  diatur dalam Peraturan Pemerintah Nomor 99 Tahun 2013  tentang Pengelolaan Aset Jaminan Sosial Ketenagakerjaan  (Lembaran Negara Republik Indonesia Tahun 2013 Nomor  256, Tambahan Lembaran Negara Republik Indonesia  Nomor 5486) sebagaimana telah diubah dengan Peraturan  Pemerintah Nomor 55 Tahun 2015 tentang Perubahan atas  Peraturan Pemerintah Nomor 99 Tahun 2013 tentang  Pengelolaan Aset Jaminan Sosial Ketenagakerjaan   (Lembaran Negara Republik Indonesia Tahun 2015 Nomor   179, Tambahan Lembaran Negara Republik Indonesia  Nomor 5724) , diberlakukan untuk p engelolaan aset dana  jaminan sosial kehilangan pekerjaan sampai dengan  berlakunya peraturan perundang -undangan yang  mengatur mengenai pengelolaan aset dana jaminan sosial  kehilangan pekerjaan ."
PP_No_37_Tahun_2021_cleaned.txt,BAB IX: KETENTUAN PENUTUP,PASAL 50,"Peraturan Pemerintah ini mulai berlaku pada tanggal  diundangkan .              2021, No.47 -25-"
