judul,judul_id,BAB,BAB_id,Pasal,Pasal_id,Content
PP No 29 Tahun 2021,3002921,BAB I: KETENTUAN UMUM,300292101,PASAL 1,300292101001,"Dalam Peraturan Pemerintah ini yang dimaksud  dengan:   1. Perdagangan adalah tatanan ke giatan yang terkait  dengan transaksi Barang dan/atau Jasa di dalam  negeri dan melampaui batas wilayah negara  dengan tujuan pengalihan hak atas Barang  dan/atau Jasa untuk memperoleh imbalan atau  kompensasi.   2. Perdagangan Luar Negeri adalah Perdagangan  yang mencakup kegiatan Ekspor dan/atau Impor  atas Barang dan/atau Perdagangan Jasa yang  melampaui batas wilayah negara.   3. Standar adalah persyaratan teknis atau sesuatu  yang dibakukan, termasuk tata cara dan metode  yang disusun berdasarkan konsensus semua  pihak/Pemerintah/keputusan internasional yang  terkait dengan memperhatikan syarat  keselamatan, keamanan, kesehatan, lingkungan  hidup, perkembangan ilmu pengetahuan dan  teknologi, pengalaman, serta perkembangan pada  masa kini dan masa depan untuk memperoleh  manfaat yang sebesar  besarnya.   4. Standar Nasional Indonesia yang selanjutnya  disingkat SNI adalah Standar yang ditetapkan oleh  2021, No.39  3   lembaga yang menyelenggarakan pengembangan  dan pembinaan di bidang standardisasi.   5. Ekspor adalah kegiatan meng eluarkan Barang dari  daerah pabean.   6. Eksportir adalah orang perseorangan atau lembaga  atau badan usaha, baik yang berbentuk badan  hukum maupun bukan badan hukum, yang  melakukan Ekspor.   7. Impor adalah kegiatan memasukkan Barang ke  dalam daerah pabean.   8. Importir adalah orang perseorangan atau lembaga  atau badan usaha, baik yang berbentuk badan  hukum maupun bukan badan hukum, yang  melakukan Impor.   9. Pelaku Usaha adalah orang perseorangan atau  badan usaha yang melakukan usaha dan/atau  kegiatan pada bidang  tertentu.   10. Pelaku Usaha Distribusi adalah Pelaku Usaha  yang menjalankan kegiatan Distribusi Barang di  dalam negeri.   11. Produsen adalah Pelaku Usaha yang memproduksi  Barang.   12. Usaha Mikro, Kecil, dan Menengah yang  selanjutnya disingkat UMK  M adalah u saha mikro,  usaha kecil, dan usaha menengah sebagaimana  dimaksud dalam Undang  Undang tentang Usaha  Mikro, Kecil, dan Menengah.   13. Distributor adalah Pelaku Usaha Distribusi yang  bertindak atas namanya sendiri dan/atau atas  penunjukan dari Produsen atau pe masok atau  Importir berdasarkan perjanjian untuk melakukan  kegiatan pemasaran Barang.   14. Pengemas adalah Pelaku Usaha yang melakukan  pengemasan Barang.   15. Pedagang Pengumpul adalah Pelaku Usaha yang  mempunyai kegiatan usaha melakukan  pengumpulan hasil produksi usaha mikro dan  2021, No.39  4   usaha kecil untuk diperdagangkan.   16. Agen adalah Pelaku Usaha Distribusi yang  bertindak sebagai perantara untuk dan atas nama  pihak yang menunjuknya berdasarkan perjanjian  dengan imbalan Komisi untuk melakukan ke giatan  pemasaran Barang tanpa memiliki dan/atau  menguasai Barang yang dipasarkan.   17. Grosir/Perkulakan adalah Pelaku Usaha Distribusi  yang menjual berbagai macam Barang dalam  partai besar dan tidak secara eceran.   18. Pengecer adalah Pelaku Usaha Distribus i yang  kegiatan pokoknya memasarkan Barang secara  langsung kepada Konsumen.   19. Konsumen adalah setiap orang pemakai Barang  dan/atau Jasa yang tersedia dalam masyarakat,  baik bagi kepentingan diri sendiri, keluarga, orang  lain, maupun makhluk hidup lain da n tidak untuk  diperdagangkan.   20. Penjual Langsung adalah orang perseorangan atau  badan usaha berbentuk perseroan terbatas yang  merupakan anggota mandiri jaringan pemasaran  atau penjualan perusahaan.   21. Perusahaan Penjualan Langsung adalah badan  usaha yan g berbentuk perseroan terbatas yang  melakukan kegiatan usaha Perdagangan Barang  dengan sistem Penjualan Langsung.   22. Penjualan Langsung adalah sistem penjualan  Barang tertentu melalui jaringan pemasaran yang  dikembangkan oleh Penjual Langsung yang bekerja   atas dasar Komisi dan/atau Bonus berdasarkan  hasil penjualan kepada Konsumen di luar lokasi  eceran.   23. Penjualan Langsung secara Single Level  adalah  penjualan Barang tertentu yang tidak melalui  jaringan pemasaran berjenjang.   24. Penjualan Langsung secara Multi Level  adalah  penjualan Barang tertentu melalui jaringan  2021, No.39  5   pemasaran berjenjang yang dikembangkan oleh  Penjual Langsung yang bekerja atas dasar Komisi  dan/atau Bonus berdasarkan hasil penjualan  Barang kepada Konsumen.   25. Hak Distr ibusi Eksklusif adalah hak untuk  mendistribusikan Barang yang dimiliki oleh hanya  satu perusahaan dalam wilayah Indonesia yang  didapat dari perjanjian secara langsung maupun  tidak langsung dengan pemilik hak Distribusi  merek dagang atau dari kepemilikan at as merek  dagang.   26. Toko Swalayan adalah toko dengan sistem  pelayanan mandiri, menjual berbagai jenis Barang  secara eceran yang berbentuk minimarket,  supermarket, department store,  hypermarket,   ataupun grosir yang berbentuk perkulakan.   27. Pusat Perbelanj aan adalah suatu area tertentu  yang terdiri dari satu atau beberapa bangunan  yang didirikan secara vertikal maupun horizontal  yang dijual atau disewakan kepada Pelaku Usaha  atau dikelola sendiri untuk melakukan kegiatan  Perdagangan Barang.   28. Pusat Niaga adalah suatu area terpadu untuk  usaha Perdagangan dan komersil lainnya.   29. Komisi atas Penjualan yang selanjutnya disebut  Komisi adalah imbalan yang diberikan oleh  perusahaan kepada Penjual Langsung yang  besarnya dihitung berdasarkan hasil kerja nyata,  sesuai volume atau nilai hasil penjualan Barang,  baik yang dihasilkan oleh Penjual Langsung secara  pribadi maupun yang dihasilkan oleh jaringannya.   30. Bonus atas Penjualan yang selanjutnya disebut  Bonus adalah tambahan imbalan yang diberika n  oleh perusahaan kepada Penjual Langsung, karena  berhasil melebihi target penjualan Barang yang  ditetapkan perusahaan.     2021, No.39  6   31. Program Pemasaran adalah program perusahaan  dalam memasarkan Barang yang akan  dilaksanakan dan dikembangkan oleh Penjual  Langsung me lalui jaringan pemasaran dengan  bentuk Penjualan Langsung secara Single Level   atau Penjualan Langsung secara Multi Level  .  32. Skema Piramida adalah kegiatan usaha yang  bukan dari hasil kegiatan penjualan Barang tetapi  memanfaatkan peluang keikutsertaan Pe njual  Langsung untuk memperoleh imbalan atau  pendapatan terutama dari biaya partisipasi orang  lain yang bergabung kemudian atau setelah  bergabungnya Penjual Langsung tersebut.   33. Perizinan Berusaha adalah legalitas yang diberikan  kepada Pelaku Usaha untuk  memulai dan  menjalankan usaha dan/atau kegiatannya.   34. Nomor Induk Berusaha yang selanjutnya disingkat  NIB adalah bukti registrasi/pendaftaran Pelaku  Usaha untuk melakukan kegiatan usaha dan  sebagai identitas bagi Pelaku Usaha dalam  pelaksanaan kegiatan usahanya.   35. Barang adalah setiap benda, baik berwujud  maupun tidak berwujud, baik bergerak maupun  tidak bergerak, baik dapat dihabiskan maupun  tidak dapat dihabiskan, dan dapat  diperdagangkan, dipakai, digunakan, atau  dimanfaatkan oleh Konsumen atau Pela ku Usaha.   36. Barang Kebutuhan Pokok adalah Barang yang  menyangkut hajat hidup orang banyak dengan  skala pemenuhan kebutuhan yang tinggi serta  menjadi faktor pendukung kesejahteraan  masyarakat.   37. Barang Penting adalah Barang strategis y ang  berperan penting dalam menentukan kelancaran  pembangunan nasional.   38. Jasa adalah setiap layanan dan unjuk kerja  berbentuk pekerjaan atau hasil kerja yang dicapai,  2021, No.39  7   yang diperdagangkan oleh satu pihak ke pihak lain  dalam masyarakat untuk dimanfaatkan o leh  Konsumen atau Pelaku Usaha.   39. Distribusi adalah kegiatan penyaluran Barang  secara langsung atau tidak langsung kepada  Konsumen.   40. Perdagangan Melalui Sistem Elektronik adalah  Perdagangan yang transaksinya dilakukan melalui  serangkaian perangkat dan  prosedur elektronik.   41. Gudang adalah suatu ruangan tidak bergerak yang  tertutup dan/atau terbuka dengan tujuan tidak  untuk dikunjungi oleh umum, tetapi untuk  dipakai khusus sebagai tempat penyimpanan  Barang yang dapat diperdagangkan dan tidak  untuk kebu tuhan sendiri.   42. Pasar Rakyat adalah tempat usaha yang ditata,  dibangun, dan dikelola oleh Pemerintah,  Pemerintah Daerah, swasta, badan usaha milik  negara, dan/atau badan usaha milik daerah,  dapat berupa toko/kios, los, dan tenda yang  dimiliki/dikelola o leh pedagang kecil dan  menengah, swadaya masyarakat, atau koperasi  serta UMK  M dengan proses jual beli Barang  melalui tawar  menawar.   43. Tanda Daftar Gudang yang selanjutnya disingkat  TDG adalah bukti pendaftaran Gudang yang  diberikan kepada pemilik Gudang .  44. Alat Ukur adalah alat yang diperuntukkan atau  dipakai bagi pengukuran kuantitas dan/atau  kualitas.   45. Alat Takar adalah alat yang diperuntukkan atau  dipakai bagi pengukuran kuantitas atau  penakaran.   46. Alat Timbang adalah alat yang diperuntukkan atau  dipakai bagi pengukuran massa atau  penimbangan.     2021, No.39  8   47. Alat Perlengkapan adalah alat yang diperuntukkan  atau dipakai sebagai pelengkap atau tambahan  pada alat  alat ukur, takar atau timbang, yang  menentukan hasil pengukuran, penakaran atau  penimbangan.   48. Persetujuan Tipe adalah Perizinan Berusaha  berupa sertifikat yang menyatakan tipe Alat Ukur,  Alat Takar, Alat Timbang, dan Alat Perlengkapan  produksi dalam negeri atau Alat Ukur, Alat Takar,  Alat Timbang, dan Alat Perlengkapan asal Impor  telah memperoleh persetujuan berdasarkan  penilaian kesesuaian terhadap persyaratan teknis.   49. Reparasi Alat Ukur, Alat Takar, Alat Timbang, dan    Alat Perlengkapan adalah suatu kegiatan  memperbaiki dan/atau memelihara Alat Ukur, Alat  Takar, Alat Timbang, da n Alat Perlengkapan,  dilakukan oleh Reparatir Alat Ukur, Alat Takar,  Alat Timbang, dan Alat Perlengkapan.   50. Reparatir Alat Ukur, Alat Takar, Alat Timbang, dan  Alat Perlengkapan adalah personel atau teknisi  yang telah mempunyai kemampuan/keahlian  dalam bi dang Reparasi Alat Ukur, Alat Takar, Alat  Timbang, dan Alat Perlengkapan.   51. Bahan Baku adalah bahan mentah, Barang  setengah jadi, atau Barang jadi yang dapat diolah  menjadi Barang setengah jadi atau Barang jadi  yang mempunyai nilai ekonomi yang lebih tin ggi.  52. Barang Dalam Keadaan Terbungkus yang  selanjutnya disingkat BDKT adalah Barang yang  dimasukkan ke dalam kemasan baik yang tertutup  secara penuh maupun sebagian dan untuk  mempergunakannya harus membuka kemasan,  merusak kemasan, atau segel kemasan, d an yang  kuantitasnya ditentukan sebelum diedarkan,  dijual, ditawarkan, atau dipamerkan.   53. Pemerintah Pusat adalah Presiden Republik  Indonesia yang memegang kekuasaan  2021, No.39  9   pemerintahan negara Republik Indonesia yang  dibantu oleh Wakil Pre siden dan menteri  sebagaimana dimaksud dalam        Undang   Undang Dasar Negara Republik Indonesia                Tahun 1945.   54. Pemerintah Daerah adalah kepala daerah sebagai  unsur penyelenggara pemerintahan daerah yang  memimpin pelaksanaan urusan pemerint ahan  yang menjadi kewenangan daerah otonom.   55. Menteri adalah menteri yang menyelenggarakan  urusan pemerintahan di bidang Perdagangan.   56. Petugas Pengawas Perdagangan adalah pegawai  negeri sipil pada unit yang menyelenggarakan  urusan pemerintahan di bida ng Perdagangan baik  di pusat maupun daerah yang ditunjuk untuk  melaksanakan pengawasan terhadap kegiatan  Perdagangan.   57. Penyidik Pegawai Negeri Sipil Perdagangan yang  selanjutnya disebut PPNS  DAG adalah pegawai  negeri sipil tertentu sebagaimana dimaksud dalam  Kitab Undang  Undang Hukum Acara Pidana baik  yang ada di pusat maupun daerah yang diberi  wewenang khusus oleh Undang  Undang Nomor 7  Tahun 2014 tentang Perdagangan."
PP No 29 Tahun 2021,3002921,BAB I: KETENTUAN UMUM,300292101,PASAL 2,300292101002,"Lingkup pengaturan penyelenggaraan Perdagangan  dalam Peraturan Pemerintah ini  meliputi:   a. kebijakan dan pengendalian Ekspor dan Impor;   b. penggunaan atau kelengkapan label berbahasa  Indonesia;   c. Distribusi Barang;   d. sarana Perdagangan;   e. standardisasi;   f. pengembangan Ekspor;   g. metrologi legal; dan     2021, No.39  10   h. penga wasan kegiatan Perdagangan dan  pengawasan terhadap Barang yang ditetapkan  sebagai Barang dalam pengawasan.     BAB II : KEBIJAKAN DAN PENGENDALIAN EKSPOR DAN IMPOR"
PP No 29 Tahun 2021,3002921,BAB II: KEBIJAKAN DAN PENGENDALIAN EKSPOR DAN IMPOR,300292102,PASAL 3,300292102003,"(1) Kebijakan dan pengendalian di bidang Ekspor dan  Impor dilaksanakan oleh Menteri.   (2) Pelaksanaan kebijakan dan pengendalian Ekspor  dan Impor sebagaimana dimaksud pada ayat (1)  dilaksanakan oleh Menteri dalam bentuk:   a. persetujuan Ekspor;   b. persetujuan Impor;   c. Eksportir terdaftar;   d. Importir terdaftar;   e. Importir Produsen;   f. penen tuan tempat pengeluaran dan  pemasukan Barang;   g. jenis Barang;   h. kewenangan;   i. persyaratan Eksportir dan Importir;   j. tata cara permohonan perizinan Ekspor dan  Impor;   k. penerbitan perizinan Ekspor dan Impor;   l. verifikasi atau penelusuran teknis;   m. kewajiban Eksportir dan Importir;   n. larangan bagi Eksportir dan Importir;   o. pengawasan; dan   p. sanksi.    (3) Ketentuan lebih lanjut mengenai kebijakan dan  pengendalian di bidang Eksp or dan Impor  sebagaimana dimaksud pada ayat (1) diatur  dengan Peraturan Menteri.       2021, No.39  11 "
PP No 29 Tahun 2021,3002921,BAB II: KEBIJAKAN DAN PENGENDALIAN EKSPOR DAN IMPOR,300292102,PASAL 4,300292102004,"(1) Menteri dapat menetapkan pelaksanaan verifikasi  atau penelusuran teknis sebagaimana dimaksud  dalam Pasal 3 ayat (2) huruf l terhadap Barang  tertentu.   (2) Verifik asi atau penelusuran teknis sebagaimana  dimaksud pada ayat (1) dapat dikenakan              terhadap Barang tertentu dengan kriteria                    yang disepakati dalam rapat koordinasi di  kementerian yang menyelenggarakan koordinasi,  sinkronisasi, dan pengendalian urusan  kementerian dalam penyelenggaraan pemerintahan  di bidang perekonomian.   (3) Ketentuan lebih lanjut mengenai Barang tertentu  yang dapat dikenakan verifikasi atau penelusuran  teknis dan pelaksanaan verifikasi atau  penelusuran teknis diatur  dengan Peraturan  Menteri.   (4) Jenis Barang tertentu yang diatur berdasarkan  Peraturan Menteri sebagaimana dimaksud pada        ayat (3) dapat diubah berdasarkan keputusan  rapat koordinasi yang dipimpin oleh menteri yang  menyelenggarakan koordinasi, sinkron isasi,                dan pengendalian urusan kementerian                       dalam penyelenggaraan pemerintahan di bidang  perekonomian, yang dihadiri menteri/kepala  lembaga pemerintah nonkementerian atau pejabat  yang ditunjuk untuk mewakili yang diberikan   kewenangan untuk dan atas nama menteri/kepala  lembaga pemerintah nonkementerian."
PP No 29 Tahun 2021,3002921,BAB II: KEBIJAKAN DAN PENGENDALIAN EKSPOR DAN IMPOR,300292102,PASAL 5,300292102005,"(1) Eksportir dalam kegiatan Ekspor wajib memiliki  NIB.  (2) Dalam hal Ekspor tidak dilakukan untuk kegiatan  usaha, Eksportir tidak memerlukan NIB dan/atau  Perizinan B erusaha.   2021, No.39  12   (3) Terhadap kegiatan Ekspor tertentu, Eksportir wajib  memiliki Perizinan Berusaha dari Menteri.   (4) Perizinan Berusaha di bidang Ekspor sebagaimana  dimaksud pada ayat (3) terdiri dari:   a. Eksportir terdaftar; dan/atau   b. persetujuan Ekspor.   (5) Penerbitan persetujuan Ekspor oleh Menteri  dilaksanakan berdasarkan neraca komoditas.   (6) Dalam hal neraca komoditas sebagaimana  dimaksud pada ayat (5) belum ditetapkan,  penerbitan persetujuan Ekspor oleh Menteri akan  dilakukan berdasarkan ketentuan dan dat a yang  tersedia.   (7) Ketentuan lebih lanjut mengenai neraca komoditas  sebagaimana dimaksud pada ayat (5) diatur  dengan Peraturan Presiden.   (8) Ketentuan lebih lanjut mengenai:   a. Eksportir yang tidak memerlukan NIB  dan/atau Perizinan Berusaha sebagaimana  dimaksud pada ayat (2); dan   b. Perizinan Berusaha di bidang Ekspor  sebagaimana dimaksud pada ayat (4),   diatur dengan Peraturan Menteri."
PP No 29 Tahun 2021,3002921,BAB II: KEBIJAKAN DAN PENGENDALIAN EKSPOR DAN IMPOR,300292102,PASAL 6,300292102006,"(1) Importir dalam kegiatan Impor wajib memiliki NIB  yang berlaku sebagai Angka Pengenal Importir  (API).   (2) NIB yang berlaku sebagai Angka Pengenal Importir  (API) sebagaimana dimaksud pada ayat (1) terdiri  dari:  a. Angka Pengenal Importir Umum (API  U); dan   b. Angka Pengenal Importir Produsen (API  P).  (3) Terhadap kegiatan Impor tertentu, Importir wajib  memiliki Pe rizinan Berusaha dari Menteri.   (4) Dalam hal Impor tidak dilakukan untuk kegiatan  usaha, Importir tidak memerlukan NIB dan/atau  2021, No.39  13   Perizinan Berusaha.   (5) Perizinan Berusaha di bidang Impor sebagaimana  dimaksud pada ayat (3) terdiri dari:   a. Importir terdafta r;  b. Importir Produsen; dan/atau   c. persetujuan Impor.   (6) Penerbitan persetujuan Impor oleh Menteri  dilaksanakan berdasarkan neraca komoditas.   (7) Dalam hal neraca komoditas sebagaimana  dimaksud pada ayat (6) belum ditetapkan,  penerbitan persetujuan Impo r oleh Menteri akan  dilakukan berdasarkan ketentuan dan data yang  tersedia.   (8) Ketentuan lebih lanjut mengenai neraca komoditas  sebagaimana dimaksud pada ayat (6) diatur  dengan Peraturan Presiden.   (9) Ketentuan lebih lanjut mengenai:   a. NIB yang berlaku s ebagai Angka Pengenal  Importir (API) sebagaimana dimaksud pada        ayat (1);   b. Importir yang tidak memerlukan NIB  dan/atau Perizinan Berusaha sebagaimana  dimaksud pada ayat (4); dan   c. Perizinan Berusaha di bidang Impor  sebagaimana dimaksud pada ayat (5 ),   diatur dengan Peraturan Menteri."
PP No 29 Tahun 2021,3002921,BAB II: KEBIJAKAN DAN PENGENDALIAN EKSPOR DAN IMPOR,300292102,PASAL 7,300292102007,"(1) Pengajuan Perizinan Berusaha dalam rangka  pengendalian Ekspor dan Impor dilakukan secara  elektronik melalui sistem tunggal yang  mengintegrasikan proses penanganan dokumen  yang terkait dengan Ekspor dan Imp or.  (2) Apabila permohonan Perizinan Berusaha  sebagaimana dimaksud pada ayat (1) tidak  lengkap, dilakukan penolakan secara elektronik  melalui sistem yang terintegrasi dalam jangka  2021, No.39  14   waktu yang ditetapkan sesuai dengan ketentuan  peraturan perundang  undangan.   (3) Apabila permohonan Perizinan Berusaha  sebagaimana dimaksud pada ayat (1) telah  lengkap, dilakukan penerbitan Perizinan Berusaha  secara elektronik melalui sistem yang terintegrasi  dalam jangka waktu yang ditetapkan sesuai  dengan ketentuan peraturan peru ndang   undangan.   (4) Apabila permohonan Perizinan Berusaha  sebagaimana dimaksud pada ayat (1) telah  lengkap, namun Perizinan Berusaha belum  diterbitkan dalam jangka waktu yang ditetapkan  sesuai dengan ketentuan peraturan perundang   undangan, dilakukan penerb itan Perizinan  Berusaha secara otomatis melalui sistem yang  terintegrasi.   (5) Dalam hal terjadi keadaan kahar yang  mengakibatkan sistem yang terintegrasi tidak  berfungsi, permohonan Perizinan Berusaha dalam  rangka pengendalian Ekspor dan Impor  sebagaimana dimaksud pada        ayat (1) dapat  disampaikan secara manual kepada Menteri.   (6) Ketentuan mengenai permohonan Perizinan  Berusaha dalam hal terjadi keadaan kahar  sebagaimana dimaksud pada ayat (5) diatur  dengan Peraturan Menteri."
PP No 29 Tahun 2021,3002921,BAB II: KEBIJAKAN DAN PENGENDALIAN EKSPOR DAN IMPOR,300292102,PASAL 8,300292102008,"(1) Dalam rangk a peningkatan dan pengembangan  produk invensi dan inovasi nasional yang diekspor  ke luar negeri, Menteri dapat memberikan fasilitas:   a. pembiayaan;   b. penjaminan;   c. asuransi Ekspor;   d. pemasaran; dan/atau   e. insentif prosedural lainnya.   2021, No.39  15   (2) Dalam memberik an fasilitas sebagaimana  dimaksud pada ayat (1), Menteri dapat bekerja  sama dengan Pemerintah Daerah, perguruan  tinggi, dunia usaha, asosiasi, dan pemangku  kepentingan lainnya.   (3) Menteri dapat menetapkan produk invensi dan  inovasi nasional yang dapat die kspor ke luar negeri  sebagaimana dimaksud pada ayat (1)."
PP No 29 Tahun 2021,3002921,BAB II: KEBIJAKAN DAN PENGENDALIAN EKSPOR DAN IMPOR,300292102,PASAL 9,300292102009,"(1) Setiap Importir wajib mengimpor Barang dalam  keadaan baru.   (2) Dalam hal tertentu, Menteri dapat menetapkan  Barang yang diimpor dalam keadaan tidak baru  berdasarkan:   a. peraturan perund ang undangan;   b. kewenangan Menteri; dan/atau   c. usulan atau pertimbangan teknis dari instansi  pemerintah lainnya.   (3) Ketentuan lebih lanjut mengenai Barang yang  diimpor dalam keadaan tidak baru sebagaimana  dimaksud pada ayat (2) diatur dengan Peraturan  Menteri.   (4) Jenis Barang yang diatur berdasarkan Peraturan  Menteri sebagaimana dimaksud pada ayat (3)  dapat diubah berdasarkan keputusan rapat  koordinasi yang dipimpin oleh menteri yang  menyelenggarakan koordinasi, sinkronisasi, dan  pengendalian urusan kem enterian dalam  penyelenggaraan pemerintahan di bidang  perekonomian, yang dihadiri menteri/kepala  lembaga pemerintah nonkementerian atau pejabat  yang ditunjuk untuk mewakili yang diberikan  kewenangan untuk dan atas nama menteri/kepala  lembaga pemerintah non kementerian.       2021, No.39  16 "
PP No 29 Tahun 2021,3002921,BAB II: KEBIJAKAN DAN PENGENDALIAN EKSPOR DAN IMPOR,300292102,PASAL 10,300292102010,"(1) Eksportir dilarang mengekspor Barang yang  ditetapkan sebagai Barang yang dilarang untuk  diekspor.   (2) Importir dilarang mengimpor Barang yang  ditetapkan sebagai Barang yang dilarang untuk  diimpor.   (3) Barang yang dilarang untuk diekspor sebagaimana  dimaksud pada ayat (1) dan Barang yang dilarang  untuk diimpor sebagaimana dimaksud pada ayat  (2) harus memenuhi kriteria:   a. terkait dengan perlindungan terhadap  kesehatan, keselamatan manusia, hewan,  ikan, tumbuhan, dan lingkungan hid up;  b. terkait dengan keamanan nasional,  kepentingan nasional, atau kepentingan  umum, termasuk sosial, budaya, dan moral  masyarakat; dan/atau   c. termasuk tumbuhan alam dan satwa liar yang  perlu dijaga kelestariannya.   (4) Ketentuan lebih lanjut mengenai Bar ang yang  dilarang untuk diekspor sebagaimana dimaksud  pada ayat (1) dan Barang yang dilarang untuk  diimpor sebagaimana dimaksud pada ayat (2)  diatur dengan Peraturan Menteri.   (5) Jenis Barang yang dilarang untuk diekspor dan  Barang yang dilarang untuk diim por berdasarkan  Peraturan Menteri sebagaimana dimaksud pada  ayat (4) dapat diubah berdasarkan keputusan  rapat koordinasi yang dipimpin oleh menteri yang  menyelenggarakan koordinasi, sinkronisasi, dan  pengendalian urusan kementerian dalam  penyelenggaraan pe merintahan di bidang  perekonomian, yang dihadiri menteri/kepala  lembaga pemerintahan nonkementerian atau  pejabat yang ditunjuk untuk mewakili yang  diberikan kewenangan untuk dan atas nama  2021, No.39  17   menteri/kepala lembaga pemerintah  nonkementerian."
PP No 29 Tahun 2021,3002921,BAB II: KEBIJAKAN DAN PENGENDALIAN EKSPOR DAN IMPOR,300292102,PASAL 11,300292102011,"(1) Eksportir dilarang mengekspor Barang yang tidak  sesuai dengan ketentuan pembatasan Barang  untuk diekspor.   (2) Barang yang ekspornya dibatasi sebagaimana  dimaksud pada ayat (1) harus memenuhi kriteria:   a. memenuhi standar pembatasan sesuai dengan  ketentuan per aturan perundang  undangan;   b. melindungi keamanan nasional, kepentingan  nasional, atau kepentingan umum, termasuk  sosial, budaya, dan moral masyarakat;   c.  melindungi kesehatan, keselamatan manusia,  hewan, ikan, tumbuhan, dan lingkungan  hidup;   d. melindung i tumbuhan alam dan satwa liar  yang diperbolehkan Ekspor sesuai dengan  ketentuan peraturan perundang  undangan;  dan/atau   e. dibutuhkan ketersediaannya di dalam negeri.   (3) Eksportir yang melakukan pelanggaran  sebagaimana dimaksud pada ayat (1) dikenai  sanks i administratif."
PP No 29 Tahun 2021,3002921,BAB II: KEBIJAKAN DAN PENGENDALIAN EKSPOR DAN IMPOR,300292102,PASAL 12,300292102012,"(1) Importir dilarang mengimpor Barang yang tidak  sesuai dengan ketentuan pembatasan Barang  untuk diimpor.   (2) Barang yang impornya dibatasi sebagaimana  dimaksud pada ayat (1) harus memenuhi kriteria:   a. memenuhi standar pembata san sesuai dengan  ketentuan peraturan perundang  undangan;   b. melindungi keamanan nasional, kepentingan  nasional, atau kepentingan umum, termasuk  sosial, budaya, dan moral masyarakat;  2021, No.39  18   dan/atau   c. melindungi kesehatan, keselamatan manusia,  hewan, ikan, tumbu han, dan lingkungan  hidup.   (3) Ketentuan lebih lanjut mengenai Barang yang  dibatasi untuk Ekspor sebagaimana dimaksud  dalam Pasal 11 ayat (2) dan Barang yang dibatasi  untuk Impor sebagaimana dimaksud pada ayat (2)  diatur dengan Peraturan Menteri.   (4) Jenis  Barang yang dibatasi untuk diekspor dan  Barang yang dibatasi untuk diimpor berdasarkan  Peraturan Menteri sebagaimana dimaksud pada  ayat (3) dapat diubah berdasarkan keputusan  rapat koordinasi yang dipimpin oleh menteri yang  menyelenggarakan koordinasi, si nkronisasi, dan  pengendalian urusan kementerian dalam  penyelenggaraan pemerintahan di bidang  perekonomian, yang dihadiri menteri/kepala  lembaga pemerintah nonkementerian atau pejabat  yang ditunjuk untuk mewakili yang diberikan  kewenangan untuk dan atas nam a menteri/kepala  lembaga pemerintah nonkementerian.   (5) Importir yang melakukan pelanggaran  sebagaimana dimaksud pada ayat (1) dikenai  sanksi administratif."
PP No 29 Tahun 2021,3002921,BAB II: KEBIJAKAN DAN PENGENDALIAN EKSPOR DAN IMPOR,300292102,PASAL 13,300292102013,"(1) Dalam rangka kebutuhan neraca komoditas,  kementerian/lembaga pemerintah nonkementeri an  menyediakan data terkait dengan Ekspor dan  Impor serta data lainnya pada sistem informasi  yang terintegrasi.   (2) Menteri yang menyelenggarakan urusan  pemerintahan di bidang keuangan menyampaikan  data realisasi Ekspor dan Impor kepada Menteri,  menteri, d an/atau kepala lembaga pemerintah  nonkementerian terkait melalui sistem informasi  2021, No.39  19   yang terintegrasi."
PP No 29 Tahun 2021,3002921,BAB II: KEBIJAKAN DAN PENGENDALIAN EKSPOR DAN IMPOR,300292102,PASAL 14,300292102014,"(1) Pemeriksaan atas pemenuhan Perizinan Berusaha  terhadap Impor Barang tertentu dilakukan melalui  pengawasan kegiatan Perdagangan setelah melal ui  kawasan pabean oleh direktorat jenderal yang  membidangi perlindungan konsumen dan tertib  niaga.   (2) Dalam hal diperlukan, pengawasan kegiatan  Perdagangan sebagaimana dimaksud pada ayat (1)  dilakukan di kawasan pabean bekerja sama  dengan direktorat jende ral yang membidangi  kepabeanan.   (3) Ketentuan lebih lanjut mengenai Barang tertentu  sebagaimana dimaksud pada ayat (1) diatur  dengan Peraturan Menteri.   (4) Jenis Barang tertentu berdasarkan Peraturan  Menteri sebagaimana dimaksud pada ayat (3)  dapat diubah berdasarkan keputusan rapat  koordinasi yang dipimpin oleh menteri yang  menyelenggarakan koordinasi, sinkronisasi, dan  pengendalian urusan kementerian dalam  penyelenggaraan pemerintahan di bidang  perekonomian, yang dihadiri menteri/kepala  lembaga pemerintah  nonkementerian atau pejabat  yang ditunjuk untuk mewakili yang diberikan  kewenangan untuk dan atas nama menteri/kepala  lembaga pemerintah nonkementerian."
PP No 29 Tahun 2021,3002921,BAB II: KEBIJAKAN DAN PENGENDALIAN EKSPOR DAN IMPOR,300292102,PASAL 15,300292102015,"(1) Dalam rangka penguatan pengawasan  implementasi program strategis nasional  pencegahan ko rupsi untuk komoditas yang  pengawasannya dilakukan setelah melalui  kawasan pabean, Importir wajib mencantumkan  Perizinan Berusaha secara lengkap dalam  2021, No.39  20   dokumen pemberitahuan pabean.   (2) Importir yang tidak mencantumkan Perizinan  Berusaha secara lengkap seba gaimana dimaksud  pada ayat (1) dikenai sanksi administratif."
PP No 29 Tahun 2021,3002921,BAB II: KEBIJAKAN DAN PENGENDALIAN EKSPOR DAN IMPOR,300292102,PASAL 16,300292102016,(1) Importir sebagaimana dimaksud dalam Pasal 15        ayat (1) wajib memberitahukan jumlah atau  volume Barang Impor dalam pemberitahuan  pabean menggunakan jenis satuan Barang  sebagaim ana tercantum dalam Perizinan Berusaha  di bidang Impor sesuai dengan ketentuan  peraturan perundang  undangan di bidang  kepabeanan.   (2) Jumlah atau volume Barang Impor sebagaimana  dimaksud pada ayat (1) tidak melebihi yang  tercantum dalam Perizinan Berusaha di bidang  Impor sesuai dengan ketentuan peraturan  perundang  undangan di bidang kepabeanan.
PP No 29 Tahun 2021,3002921,BAB II: KEBIJAKAN DAN PENGENDALIAN EKSPOR DAN IMPOR,300292102,PASAL 17,300292102017,"(1) Menteri dapat menetapkan Eksportir dan Importir  yang bereputasi baik.   (2) Kementerian/lembaga pemerintah nonkementerian  dapat merekomendasikan Eksport ir dan Importir  yang bereputasi baik.   (3) Eksportir dan Importir yang bereputasi baik  sebagaimana dimaksud pada ayat (1) dapat  diberikan kemudahan atas Perizinan Berusaha  pada masing  masing kementerian/lembaga  pemerintah nonkementerian.   (4) Ketentuan menge nai kriteria Eksportir dan  Importir bereputasi baik sebagaimana dimaksud  pada ayat (1) diatur dengan Peraturan Menteri.         2021, No.39  21 "
PP No 29 Tahun 2021,3002921,BAB II: KEBIJAKAN DAN PENGENDALIAN EKSPOR DAN IMPOR,300292102,PASAL 18,300292102018,"(1) Ketentuan mengenai pembatasan di bidang Ekspor  dan Impor di kawasan perdagangan bebas dan  pelabuhan bebas dan/atau kawasan ek onomi  khusus diberlakukan sesuai dengan ketentuan  peraturan perundang  undangan.   (2) Ketentuan pemberlakuan pembatasan di bidang  Ekspor dan Impor dikecualikan di tempat  penimbunan berikat.   (3) Ketentuan pemberlakuan pembatasan di bidang  Ekspor dan Impor dikecua likan atas importasi  Barang dan/atau bahan untuk diolah, dirakit, atau  dipasang dengan tujuan Ekspor dalam rangka  kemudahan Impor tujuan Ekspor pembebasan.   (4) Untuk kepentingan perekonomian nasional,  Menteri dapat menetapkan berlakunya ketentuan  pembatasa n di bidang Ekspor dan Impor di tempat  penimbunan berikat sebagaimana dimaksud pada  ayat (2) dan kemudahan Impor tujuan Ekspor  sebagaimana dimaksud pada ayat (3) secara  selektif."
PP No 29 Tahun 2021,3002921,BAB II: KEBIJAKAN DAN PENGENDALIAN EKSPOR DAN IMPOR,300292102,PASAL 19,300292102019,"(1) Dalam rangka peningkatan nilai tambah industri  guna pendalaman  dan penguatan struktur industri  dalam negeri, Menteri dapat mengendalikan  melalui pembatasan Ekspor dan Impor Barang  sebagai Bahan Baku dan/atau bahan penolong  industri.   (2) Pembatasan Ekspor dan Impor sebagaimana  dimaksud pada ayat (1) dilakukan melalui rapat  koordinasi di kementerian yang menyelenggarakan  koordinasi, sinkronisasi, dan pengendalian urusan  kementerian dalam penyelenggaraan pemerintahan  di bidang perekonomian.   (3) Menteri dapat menetapkan Barang sebagai Bahan  Baku dan/atau bahan penolong in dustri yang  2021, No.39  22   dibatasi Ekspor dan Impornya dalam hal telah  diputuskan dalam rapat terbatas dan/atau sidang  kabinet.   (4) Penetapan sebagaimana dimaksud pada ayat (3)  disampaikan oleh Menteri kepada menteri yang  menyelenggarakan urusan pemerintahan di bidang  keuangan untuk dilakukan pengawasan  berdasarkan ketentuan peraturan perundang   undangan di bidang kepabeanan.     BAB III : PENGGUNAAN ATAU KELENGKAPAN LABEL BERBAHASA INDONESIA"
PP No 29 Tahun 2021,3002921,BAB III: PENGGUNAAN ATAU KELENGKAPAN LABEL BERBAHASA,300292103,PASAL 20,300292103020,"(1) Setiap Pelaku Usaha wajib menggunakan atau  melengkapi label berbahasa  Indonesia pada Barang  yang diperdagangkan di dalam negeri.   (2) Perdagangan di dalam negeri sebagaimana  dimaksud pada ayat (1) meliputi Perdagangan  Melalui Sistem Elektronik serta Perdagangan yang  Distribusi barangnya dilakukan secara tidak  langsung dan se cara langsung Single Level  atau  Multi Level.   (3) Kewajiban sebagaimana dimaksud pada ayat (1)  dilakukan oleh:   a. Produsen untuk Barang produksi dalam  negeri;   b. Importir untuk Barang asal Impor; dan   c. Pengemas untuk Barang yang diproduksi  dalam negeri ata u asal Impor yang dikemas di  wilayah Republik Indonesia.   (4) Ketentuan lebih lanjut mengenai Barang yang  wajib menggunakan atau melengkapi label  berbahasa Indonesia sebagaimana dimaksud pada  ayat (1) diatur dengan Peraturan Menteri.     2021, No.39  23   (5) Jenis Barang berdas arkan Peraturan Menteri  sebagaimana dimaksud pada ayat (4) dapat diubah  berdasarkan keputusan rapat koordinasi yang  dipimpin oleh menteri yang menyelenggarakan  koordinasi, sinkronisasi, dan pengendalian urusan  kementerian dalam penyelenggaraan pemerintahan   di bidang perekonomian, yang dihadiri  menteri/kepala lembaga pemerintahan  nonkementerian atau pejabat yang ditunjuk untuk  mewakili yang diberikan kewenangan untuk dan  atas nama menteri/kepala lembaga pemerintah  nonkementerian.   (6) Pelaku Usaha yang melang gar kewajiban  sebagaimana dimaksud pada ayat (1) dikenai  sanksi administratif."
PP No 29 Tahun 2021,3002921,BAB III: PENGGUNAAN ATAU KELENGKAPAN LABEL BERBAHASA,300292103,PASAL 21,300292103021,"(1) Label sebagaimana dimaksud dalam Pasal 20  harus menggunakan bahasa Indonesia yang jelas,  mudah dibaca, dan mudah dimengerti.   (2) Penggunaan bahasa, angka, dan hur uf selain  Bahasa Indonesia, angka arab, dan huruf latin  dapat digunakan jika tidak ada atau tidak dapat  diciptakan padanannya."
PP No 29 Tahun 2021,3002921,BAB III: PENGGUNAAN ATAU KELENGKAPAN LABEL BERBAHASA,300292103,PASAL 22,300292103022,"(1) Penggunaan label berbahasa Indonesia  sebagaimana dimaksud dalam Pasal 21 dilakukan  melalui pencantuman label pada Barang dan/atau  kemasan.   (2) Pencantuman label berbahasa Indonesia  sebagaimana dimaksud pada ayat (1) dapat  berupa:   a. embos atau tercetak;   b. ditempel atau melekat secara utuh; atau   c. dimasukkan atau disertakan ke dalam Barang  dan/atau kemasan.   2021, No.39  24   (3) Ukura n besar label berbahasa Indonesia  disesuaikan dengan ukuran Barang atau kemasan  secara proporsional."
PP No 29 Tahun 2021,3002921,BAB III: PENGGUNAAN ATAU KELENGKAPAN LABEL BERBAHASA,300292103,PASAL 23,300292103023,"(1) Label berbahasa Indonesia sebagaimana dimaksud  dalam Pasal 22 memuat keterangan mengenai  nama Barang, asal Barang, identitas Pelaku  Usaha, d an informasi lain sesuai dengan  karakteristik Barang.   (2) Keterangan mengenai identitas Pelaku Usaha  sebagaimana dimaksud pada ayat (1) paling sedikit  memuat:   a. nama dan alamat Produsen untuk Barang  produksi dalam negeri;   b. nama dan alamat Importir untuk  Barang asal  Impor;   c. nama dan alamat Pengemas, untuk Barang  yang diproduksi dalam negeri atau asal Impor  yang dikemas di wilayah Republik Indonesia;  atau  d. nama dan alamat Pedagang Pengumpul jika  memperoleh dan memperdagangkan Barang  hasil produksi usah a mikro dan usaha kecil.   (3) Barang yang terkait dengan keselamatan,  keamanan, dan kesehatan Konsumen dan  lingkungan hidup harus memuat:   a. cara penggunaan; dan   b. simbol bahaya dan/atau tanda peringatan  yang jelas dan mudah dimengerti.   (4) Dalam hal ident itas Pelaku Usaha sebagaimana  dimaksud pada ayat (2) tidak memungkinkan  dicantumkan secara lengkap pada Barang  dan/atau kemasan, identitas dapat disertakan  atau dimasukkan pada Barang dan/atau kemasan.       2021, No.39  25 "
PP No 29 Tahun 2021,3002921,BAB III: PENGGUNAAN ATAU KELENGKAPAN LABEL BERBAHASA,300292103,PASAL 24,300292103024,"(1) Selain keterangan sebagaimana dimaksud dalam  Pasal 23 ayat (1), Pelaku Usaha wajib  mencantumkan keterangan atau penjelasan sesuai  dengan ketentuan peraturan perundang   undangan.   (2) Untuk Barang yang telah diberlakukan SNI secara  wajib, pencantuman label berbahasa Indonesia  mengikuti penandaan y ang ditetapkan dalam SNI."
PP No 29 Tahun 2021,3002921,BAB III: PENGGUNAAN ATAU KELENGKAPAN LABEL BERBAHASA,300292103,PASAL 25,300292103025,(1) Pelaku Usaha dilarang mencantumkan label  berbahasa Indonesia yang memuat informasi:   a. secara tidak lengkap; dan/atau   b. tidak benar dan/atau menyesatkan  Konsumen.   (2) Pelanggaran terhadap larangan sebagaimana  dimak sud pada ayat (1) dikenai sanksi  administratif.
PP No 29 Tahun 2021,3002921,BAB III: PENGGUNAAN ATAU KELENGKAPAN LABEL BERBAHASA,300292103,PASAL 26,300292103026,"(1) Produsen, Importir, atau Pengemas sebagaimana  dimaksud dalam Pasal 20 ayat (3) yang tidak  memenuhi ketentuan sebagaimana dimaksud  dalam Pasal 25, wajib menarik Barang dari  peredaran dan dilaran g memperdagangkan Barang  dimaksud.   (2) Penarikan Barang dari peredaran sebagaimana  dimaksud pada ayat (1) dilakukan atas perintah  Menteri.   (3) Menteri memberikan mandat penarikan Barang  sebagaimana dimaksud pada ayat (2) kepada  direktur jenderal yang membi dangi perlindungan  konsumen dan tertib niaga.   (4) Biaya penarikan Barang dari peredaran  dibebankan kepada Produsen, Importir, atau  Pengemas sebagaimana dimaksud pada ayat (1).   2021, No.39  26 "
PP No 29 Tahun 2021,3002921,BAB III: PENGGUNAAN ATAU KELENGKAPAN LABEL BERBAHASA,300292103,PASAL 27,300292103027,Barang yang telah ditarik dari peredaran sebagaimana  dimaksud dalam P asal 26 ayat (1) dapat  diperdagangkan kembali jika telah memenuhi  ketentuan kewajiban pencantuman label berbahasa  Indonesia sesuai dengan Peraturan Pemerintah ini.
PP No 29 Tahun 2021,3002921,BAB III: PENGGUNAAN ATAU KELENGKAPAN LABEL BERBAHASA,300292103,PASAL 28,300292103028,"Ketentuan kewajiban pencantuman label berbahasa  Indonesia sebagaimana dimaksud da lam Pasal 20, tidak  berlaku untuk:   a. Barang curah yang dikemas dan diperdagangkan  secara langsung di hadapan Konsumen; atau   b. Barang yang diproduksi Pelaku Usaha mikro dan  Pelaku Usaha kecil."
PP No 29 Tahun 2021,3002921,BAB III: PENGGUNAAN ATAU KELENGKAPAN LABEL BERBAHASA,300292103,PASAL 29,300292103029,"(1) Selain Pelaku Usaha sebagaimana dimaksud dalam  Pasal 20 ayat (3), Pedagang Pengumpul wajib  mencantumkan label berbahasa Indonesia.   (2) Pedagang Pengumpul yang tidak memenuhi  ketentuan sebagaimana dimaksud dalam Pasal 25  wajib   menarik Barang dari peredaran dan  dilarang memperdagangkan Barang.   (3) Ketentuan mengenai kewajiban menarik Barang  dari peredaran dan dilarang memperdagangkan  Barang sebagaimana dimaksud pada ayat (2)  dilaksanakan sesuai dengan ketentuan  sebagaimana dimaksud dalam Pasal 26."
PP No 29 Tahun 2021,3002921,BAB III: PENGGUNAAN ATAU KELENGKAPAN LABEL BERBAHASA,300292103,PASAL 30,300292103030,"(1) Pembinaan terhadap pencantuman label  berbahasa Indonesia dilakukan oleh Menteri.   (2) Menteri mendelegasikan pembinaan sebagaimana  dimaksud pada ayat (1) kepada direktur jenderal  yang membidangi perlindungan konsumen dan  tertib niaga.   2021, No.39  27   (3) Pelaksanaan pembinaan sebagaimana dimaksud  pada ayat (1) da pat dilakukan secara sendiri atau  bersama  sama dengan kementerian dan/atau  lembaga teknis terkait pada Pemerintah Pusat  dan/atau Pemerintah Daerah.   (4) Pembinaan sebagaimana dimaksud pada ayat (1)  dilakukan secara langsung kepada Pelaku Usaha  dan/atau Kons umen dalam bentuk:   a. pelayanan dan penyebarluasan informasi;   b. edukasi; dan/atau   c. konsultasi."
PP No 29 Tahun 2021,3002921,BAB III: PENGGUNAAN ATAU KELENGKAPAN LABEL BERBAHASA,300292103,PASAL 31,300292103031,"(1) Pelaku Usaha yang memproduksi atau mengimpor  Barang yang tidak sesuai dengan ketentuan  peraturan perundang  undangan terkait Barang  yang wajib m enggunakan atau melengkapi label  berbahasa Indonesia dan telah mencantumkan  label berbahasa Indonesia, tetap mencantumkan  label berbahasa Indonesia sesuai dengan  karakteristik Barang.   (2) Pelaku Usaha yang memproduksi atau mengimpor  Barang yang tidak sesua i dengan ketentuan  peraturan perundang  undangan terkait Barang  yang wajib menggunakan atau melengkapi label  berbahasa Indonesia dan belum mencantumkan  label berbahasa Indonesia, dapat mencantumkan  label berbahasa Indonesia sesuai dengan  karakteristik Baran g.  (3) Pencantuman label sebagaimana dimaksud pada      ayat (2) dimaksudkan untuk memberikan  informasi yang lebih banyak kepada Konsumen  dan sebagai sarana promosi mengenai Barang yang  diperdagangkan di pasar dalam negeri.         2021, No.39  28   BAB IV : DISTRIBUSI BARANG   Bagia n Kesatu   Umum"
PP No 29 Tahun 2021,3002921,BAB IV: DISTRIBUSI BARANG,300292104,PASAL 32,300292104032,Distribusi Barang yang diperdagangkan di dalam negeri  dapat dilakukan secara tidak langsung atau secara  langsung kepada Konsumen.     Bagian Kedua   Distribusi Barang Secara Tidak Langsung
PP No 29 Tahun 2021,3002921,BAB IV: DISTRIBUSI BARANG,300292104,PASAL 33,300292104033,"(1) Distribusi Barang secara tida k langsung  sebagaimana dimaksud dalam Pasal 32 dilakukan  oleh Pelaku Usaha Distribusi dengan  menggunakan rantai Distribusi yang bersifat  umum, yaitu:   a. Distributor dan jaringannya;   b. Agen dan jaringannya; atau   c. waralaba.   (2) Distributor dan jaringannya  sebagaimana  dimaksud pada ayat (1) huruf a terdiri dari:   a. Distributor;   b. Grosir/Perkulakan; dan   c. Pengecer.   (3) Agen dan jaringannya sebagaimana dimaksud  pada ayat (1) huruf b terdiri dari:   a. Agen;   b. Grosir/Perkulakan; dan   c. Pengecer."
PP No 29 Tahun 2021,3002921,BAB IV: DISTRIBUSI BARANG,300292104,PASAL 34,300292104034,"Distribusi Barang secara tidak langsung dilakukan oleh  Pelaku Usaha Distribusi melalui perikatan yang dapat  2021, No.39  29   dibuktikan dengan adanya perjanjian, penunjukan,  dan/atau bukti transaksi secara tertulis."
PP No 29 Tahun 2021,3002921,BAB IV: DISTRIBUSI BARANG,300292104,PASAL 35,300292104035,"(1) Produsen di dalam negeri dapat menunjuk Pela ku  Usaha Distribusi sebagai Distributor atau Agen  untuk mendistribusikan Barang kepada Pengecer.   (2) Selain Produsen di dalam negeri sebagaimana  dimaksud pada ayat (1), Produsen harus menunjuk  Pelaku Usaha Distribusi sebagai Distributor atau  Agen untuk men distribusikan Barang kepada  Pengecer.   (3) Dalam hal Produsen telah menunjuk Distributor  tunggal atau Agen tunggal untuk mendistribusikan  Barang di suatu wilayah pemasaran, Produsen  tidak dapat menunjuk Distributor atau Agen  lainnya untuk mendistribusikan B arang dengan  jenis dan merek yang sama.   (4) Masa berlaku penunjukan Distributor tunggal  paling sedikit selama 5 (lima) tahun dan wajib  diperpanjang   1 (satu) kali.   (5) Ketentuan lebih lanjut mengenai perikatan untuk  pendistribusian Barang oleh Distributor  atau Agen  diatur dengan Peraturan Menteri."
PP No 29 Tahun 2021,3002921,BAB IV: DISTRIBUSI BARANG,300292104,PASAL 36,300292104036,Distributor atau Agen yang mendistribusikan Barang  sebagaimana dimaksud dalam Pasal 35 ayat (1) wajib  memiliki Perizinan Berusaha sebagai Distributor atau  Agen sesuai dengan ketentuan peraturan perunda ng  undangan.
PP No 29 Tahun 2021,3002921,BAB IV: DISTRIBUSI BARANG,300292104,PASAL 37,300292104037,"(1) Pengecer sebagaimana dimaksud dalam Pasal 33       ayat (2) huruf c dan ayat (3) huruf c serta Pasal 35      ayat (1) dan ayat (2), dalam mendistribusikan  Barang harus menggunakan sarana penjualan toko  2021, No.39  30   dan sarana penjualan lainnya .  (2) Sarana penjualan toko sebagaimana dimaksud  pada ayat (1) dapat berupa:   a. Toko Swalayan; atau   b. toko dengan sistem pelayanan konvensional.   (3) Sarana penjualan lainnya sebagaimana dimaksud  pada ayat (1) dapat berupa:   a. sistem elektronik;   b. penjual an dengan perangkat mesin elektronik ;  atau  c. penjualan bergerak."
PP No 29 Tahun 2021,3002921,BAB IV: DISTRIBUSI BARANG,300292104,PASAL 38,300292104038,"Distributor sebagaimana dimaksud dalam Pasal 33 ayat  (2) huruf a, wajib memenuhi ketentuan:   a. memiliki Perizinan Berusaha sebagai Distributor;   b. memiliki atau menguasai tempat u saha dengan  alamat yang benar, tetap, dan jelas;   c. memiliki atau menguasai Gudang yang sudah  terdaftar dengan alamat yang benar, tetap, dan  jelas; dan   d. memiliki perikatan sebagaimana dimaksud dalam  Pasal 34 dengan Produsen atau pemasok atau  Importir men genai Barang yang akan  didistribusikan."
PP No 29 Tahun 2021,3002921,BAB IV: DISTRIBUSI BARANG,300292104,PASAL 39,300292104039,"Agen sebagaimana dimaksud dalam Pasal 33 ayat (3)      huruf a, wajib memenuhi ketentuan:   a. memiliki Perizinan Berusaha sebagai Agen;   b. memiliki atau menguasai tempat usaha dengan  alamat yang benar, tetap , dan jelas;   c. memiliki perikatan sebagaimana dimaksud dalam  Pasal 34 dengan pihak yang menunjuknya yang  mengatur hak dan kewajiban masing  masing  pihak; dan     2021, No.39  31   d. menjalankan usaha berdasarkan Komisi yang  diperoleh dari pihak yang menunjuknya."
PP No 29 Tahun 2021,3002921,BAB IV: DISTRIBUSI BARANG,300292104,PASAL 40,300292104040,"Grosir/Perkulakan sebagaimana dimaksud dalam Pasal  33 ayat (2) huruf b dan ayat (3) huruf b wajib  memenuhi ketentuan:   a. memiliki Perizinan Berusaha sebagai  Grosir/Perkulakan; dan   b. memiliki kerja sama dengan Produsen, Distributor  atau Importir Barang yang d ilandasi dengan  perikatan sebagaimana dimaksud dalam Pasal 34."
PP No 29 Tahun 2021,3002921,BAB IV: DISTRIBUSI BARANG,300292104,PASAL 41,300292104041,"Pengecer sebagaimana dimaksud dalam Pasal 33 ayat  (2) huruf c dan ayat (3) huruf c wajib memenuhi  ketentuan:   a. memiliki Perizinan Berusaha sebagai Pengecer;  dan  b. memiliki atau men guasai sarana penjualan, atau  tempat usaha dengan alamat yang benar, tetap,  dan jelas.     Bagian Ketiga   Distribusi Barang secara Langsung"
PP No 29 Tahun 2021,3002921,BAB IV: DISTRIBUSI BARANG,300292104,PASAL 42,300292104042,"(1) Distribusi Barang secara langsung sebagaimana  dimaksud dalam Pasal 32 dilakukan dengan  menggunakan pen distribusian khusus melalui  sistem Penjualan Langsung.   (2) Sistem Penjualan Langsung sebagaimana  dimaksud pada ayat (1) dilakukan dengan cara:   a. Penjualan Langsung secara Single Level;  atau  b. Penjualan Langsung secara Multi Level.   (3) Penjualan Langsung secara Single Level   sebagaimana dimaksud pada ayat (2) huruf a  2021, No.39  32   dikembangkan oleh Penjual Langsung yang bekerja  atas dasar Komisi dan/atau Bonus berdasarkan  hasil penjualan Barang kepada Konsumen.   (4) Penjualan Langsung secara Multi Level   sebagaimana dimaks ud pada ayat (2) huruf b  dikembangkan oleh Penjual Langsung yang bekerja  atas dasar Komisi dan/atau Bonus berdasarkan  hasil penjualan Barang kepada Konsumen."
PP No 29 Tahun 2021,3002921,BAB IV: DISTRIBUSI BARANG,300292104,PASAL 43,300292104043,"(1) Perusahaan yang melakukan kegiatan Distribusi  Barang dengan sistem Penjualan Langsu ng harus  memenuhi kriteria sebagai berikut:   a. memiliki Hak Distribusi Eksklusif terhadap  Barang yang akan didistribusikan melalui  penjualan secara langsung;   b. memiliki Program Pemasaran;   c. memiliki kode etik;   d. melakukan perekrutan Penjual Langsung  melalui sistem jaringan; dan   e. melakukan penjualan Barang secara langsung  kepada Konsumen melalui jaringan  pemasaran yang dikembangkan oleh Penjual  Langsung.   (2) Program Pemasaran sebagaimana dimaksud pada     ayat (1) huruf b harus dibuat dalam bahasa  Indone sia dan mencantumkan informasi paling  sedikit mengenai:   a. daftar dan profil Barang yang paling sedikit  meliputi gambar, harga jual, dan manfaat;   b. jenis Program Pemasaran yang digunakan;   c. biaya pendaftaran calon Penjual Langsung;   d. isi alat bantu penj ualan;   e. alur penjualan Barang dari perusahaan  sampai dengan kepada Konsumen;   f. jenis, perhitungan, serta jumlah Komisi  dan/atau Bonus yang diberikan kepada  2021, No.39  33   seluruh Penjual Langsung yang dibuat dalam  mata uang rupiah;   g. simulasi perhitungan Komisi dan/a tau Bonus  kepada Penjual Langsung hingga tingkat  jaringan tertentu;   h. syarat dan ketentuan dalam mendapatkan  Komisi dan/atau Bonus; dan   i. jadwal pembayaran Komisi dan/atau Bonus.   (3) Kode etik sebagaimana dimaksud pada ayat (1)       huruf c harus dibuat dalam bahasa Indonesia dan  memuat ketentuan paling sedikit:   a. persyaratan menjadi Penjual Langsung;   b. prosedur pendaftaran Penjual Langsung;   c. masa berlaku keanggotaan Penjual Langsung;   d. prosedur pendaftaran dalam keanggotaan;   e. hak dan kewajiban per usahaan;   f. hak dan kewajiban Penjual Langsung;   g. program pembinaan bantuan pelatihan  dan/atau fasilitas yang diberikan perusahaan  Penjual Langsung;   h. ganti rugi atas Barang yang tidak sesuai  dengan kualitas dan jenis yang diperjanjikan  dan prosedurnya;   i. larangan bagi Penjual Langsung;   j. sanksi; dan   k. prosedur penyelesaian perselisihan."
PP No 29 Tahun 2021,3002921,BAB IV: DISTRIBUSI BARANG,300292104,PASAL 44,300292104044,Hak Distribusi Eksklusif sebagaimana dimaksud dalam  Pasal 43 ayat (1) huruf a didapat dari perjanjian atau  kepemilikan atas merek dagang.
PP No 29 Tahun 2021,3002921,BAB IV: DISTRIBUSI BARANG,300292104,PASAL 45,300292104045,"Dalam h al Hak Distribusi Eksklusif sebagaimana  dimaksud dalam Pasal 44 yang didapat melalui  perjanjian diputus secara sepihak oleh pemilik merek  dagang sebelum masa berlaku perjanjian tersebut  2021, No.39  34   berakhir, pemilik merek dagang tidak dapat menunjuk  perusahaan baru se belum tercapai kesepakatan dalam  penyelesaian perselisihan oleh para pihak atau sampai  ada putusan pengadilan yang sudah berkekuatan  hukum tetap."
PP No 29 Tahun 2021,3002921,BAB IV: DISTRIBUSI BARANG,300292104,PASAL 46,300292104046,Kegiatan usaha Perdagangan dengan sistem Penjualan  Langsung diselenggarakan berdasarkan perjanjian  tertulis antara perusahaan dan Penjual Langsung  dengan memperhatikan kode etik.
PP No 29 Tahun 2021,3002921,BAB IV: DISTRIBUSI BARANG,300292104,PASAL 47,300292104047,"Dalam melakukan perekrutan Penjual Langsung  melalui sistem jaringan sebagaimana dimaksud dalam  Pasal 43 ayat (1) huruf d, perusahaan wajib  memberikan keterangan seca ra lisan dan tertulis  dengan benar kepada calon Penjual Langsung paling  sedikit mengenai:   a. identitas perusahaan;   b. mutu dan spesifikasi Barang;   c. kondisi dan jaminan Barang serta memberi  penjelasan penggunaan, perbaikan, dan  pemeliharaannya;   d. Program  Pemasaran; dan   e. kode etik."
PP No 29 Tahun 2021,3002921,BAB IV: DISTRIBUSI BARANG,300292104,PASAL 48,300292104048,"Perusahaan yang telah melakukan perekrutan Penjual  Langsung sebagaimana dimaksud dalam Pasal 47  dalam melakukan kegiatan usaha Penjualan Langsung  wajib:   a. memberikan alat bantu penjualan kepada setiap  Penjual Langs ung yang paling sedikit berisikan  keterangan mengenai Barang, Program Pemasaran,  dan kode etik;     2021, No.39  35   b. memastikan kegiatan yang dilakukan oleh Penjual  Langsung sesuai dengan Program Pemasaran dan  kode etik;   c. mencantumkan label pada Barang dan/atau  kemasan ya ng paling sedikit memuat nama  perusahaan dan keterangan bahwa Barang dijual  dengan sistem Penjualan Langsung;   d. menetapkan harga Barang yang dijual dalam mata  uang rupiah dan berlaku untuk Penjual Langsung  dan Konsumen;   e. memberikan Komisi dan/atau Bonus  berdasarkan  hasil kegiatan penjualan Barang yang dilakukan  oleh Penjual Langsung dan jaringannya sesuai  dengan yang diperjanjikan;   f. memberikan tenggang waktu kepada Konsumen  untuk mengembalikan Barang dengan jangka  waktu 7 (tujuh) hari kerja terhitung s ejak Barang  diterima, apabila ternyata Barang tersebut tidak  sesuai dengan yang diperjanjikan;   g. memberi kompensasi, ganti rugi dan/atau  penggantian atas kerugian yang ditimbulkan  akibat penggunaan, pemakaian, dan pemanfaatan  Barang yang diperdagangkan;   h. melaksanakan pembinaan dan pelatihan paling  sedikit 1 (satu) kali dalam 1 (satu) tahun untuk  meningkatkan kemampuan dan pengetahuan para  Penjual Langsung, agar bertindak dengan benar,  jujur, dan bertanggung jawab;   i. memberikan kesempatan yang sama kepad a  semua Penjual Langsung untuk berprestasi dalam  memasarkan Barang;   j. memiliki daftar Penjual Langsung yang menjadi  anggota jaringan pemasarannya yang dilengkapi  dengan data identitas Penjual Langsung dimaksud;   k. menjual Barang yang telah memiliki izin e dar atau  telah memenuhi ketentuan Standar mutu sesuai  dengan ketentuan peraturan perundang   2021, No.39  36   undangan; dan   l. memastikan Penjual Langsung tidak menjual  Barang melalui saluran disribusi tidak langsung  dan/atau online market place."
PP No 29 Tahun 2021,3002921,BAB IV: DISTRIBUSI BARANG,300292104,PASAL 49,300292104049,Jumlah Komisi dan /atau Bonus yang diberikan kepada  Penjual Langsung sebagaimana dimaksud dalam Pasal  48 huruf e paling banyak 60% (enam puluh persen) dari  omzet perusahaan.
PP No 29 Tahun 2021,3002921,BAB IV: DISTRIBUSI BARANG,300292104,PASAL 50,300292104050,Pelaku Usaha Distribusi dalam sistem Penjualan  Langsung merupakan perusahaan yang memilik i  Perizinan Berusaha sebagai Perusahaan Penjualan  Langsung.
PP No 29 Tahun 2021,3002921,BAB IV: DISTRIBUSI BARANG,300292104,PASAL 51,300292104051,"Perusahaan yang telah memiliki Perizinan Berusaha di  bidang Penjualan Langsung dilarang melakukan  kegiatan:   a. menawarkan, mempromosikan, mengiklankan  Barang secara tidak benar, berbeda , atau  bertentangan dengan keadaan yang sebenarnya;   b. menawarkan Barang dengan cara pemaksaan atau  cara lain yang dapat menimbulkan gangguan, baik  fisik maupun psikis terhadap Konsumen;   c. menawarkan Barang dengan membuat atau  mencantumkan klausula baku p ada dokumen  dan/atau perjanjian yang tidak sesuai dengan  ketentuan peraturan perundang  undangan di  bidang perlindungan Konsumen;   d. menjual Barang yang tidak mempunyai tanda  daftar dari instansi teknis yang berwenang,  khususnya bagi Barang yang wajib terda ftar sesuai  dengan ketentuan peraturan perundang   undangan;   2021, No.39  37   e. menjual Barang yang tidak memenuhi ketentuan  Standar mutu Barang sesuai dengan ketentuan  peraturan perundang  undangan;   f. menarik dan/atau mendapatkan keuntungan  melalui iuran keanggotaan atau p endaftaran  sebagai mitra usaha secara tidak wajar;   g. menerima pendaftaran keanggotaan sebagai  Penjual Langsung dengan nama yang sama lebih  dari 1 (satu) kali;   h. membayar Komisi dan/atau Bonus dari hasil iuran  keanggotaan atau perekrutan Penjual Langsung;   i. memberikan Komisi dan/atau Bonus dari Program  Pemasaran ketika perusahaan tidak melakukan  penjualan Barang.   j. menjual atau memasarkan Barang yang tercantum  dalam perizinan berusahanya melalui saluran  Distribusi tidak langsung dan/atau online market  place;  k. menjual langsung kepada Konsumen tanpa  melalui jaringan pemasaran yang dikembangkan  oleh Penjual Langsung;   l. melakukan usaha yang terkait dengan  penghimpunan dana masyarakat;   m. membentuk jaringan pemasaran dengan  menggunakan Skema Piramida;   n. menjual dan/atau memasarkan Barang yang tidak  tercantum dalam Program Pemasaran; dan/atau   o. menjual Barang dan/atau Jasa yang termasuk  produk komoditi berjangka sesuai dengan  ketentuan peraturan perundang  undangan."
PP No 29 Tahun 2021,3002921,BAB IV: DISTRIBUSI BARANG,300292104,PASAL 52,300292104052,"Menteri melakukan pembinaan dan  evaluasi terhadap  penyelenggaraan kegiatan usaha Distribusi Barang  secara langsung.       2021, No.39  38 "
PP No 29 Tahun 2021,3002921,BAB IV: DISTRIBUSI BARANG,300292104,PASAL 53,300292104053,"(1) Pembinaan sebagaimana dimaksud dalam Pasal 52  dilakukan melalui penyuluhan, konsultasi,  pendidikan, dan pelatihan.   (2) Evaluasi sebagaimana dimaksud dalam P asal 52  dilakukan berdasarkan laporan tahunan kegiatan  usaha perusahaan yang disampaikan oleh  perusahaan dan hasil verifikasi ke lokasi  perusahaan.   (3) Dalam melaksanakan pembinaan dan evaluasi  sebagaimana dimaksud pada ayat (1) dan ayat (2),  Menteri dapat  melakukan koordinasi dengan  instansi terkait di pusat dan/atau di daerah serta  asosiasi di bidang Penjualan Langsung."
PP No 29 Tahun 2021,3002921,BAB IV: DISTRIBUSI BARANG,300292104,PASAL 54,300292104054,Barang yang termasuk produk komoditi berjangka  sesuai dengan ketentuan peraturan perundang   undangan dan/atau Jasa dilarang dip asarkan melalui  sistem Penjualan Langsung.     Bagian Keempat   Larangan
PP No 29 Tahun 2021,3002921,BAB IV: DISTRIBUSI BARANG,300292104,PASAL 55,300292104055,"(1) Produsen, Distributor, dan Grosir/Perkulakan  dilarang mendistribusikan Barang secara eceran  kepada Konsumen.   (2) Agen dilarang melakukan pemindahan hak atas  fisik Barang yang dimiliki/dikuasai oleh Produsen,  pemasok, dan/atau Importir yang menunjuknya.   (3) Pelaku Distribusi tidak langsung dilarang  mendistribusikan Barang yang dipasarkan oleh  sistem Penjualan Langsung yang memiliki Hak  Distribusi Eksklusif.   (4) Importir dil arang mendistribusikan Barang secara  langsung kepada Pengecer kecuali bertindak  2021, No.39  39   sebagai Distributor.   (5) Pengecer dilarang melakukan Impor Barang.     Bagian Kelima   Ketentuan Lain  Lain"
PP No 29 Tahun 2021,3002921,BAB IV: DISTRIBUSI BARANG,300292104,PASAL 56,300292104056,"Dalam menjual Barang, Produsen tidak perlu memiliki  Perizina n Berusaha di bidang Perdagangan."
PP No 29 Tahun 2021,3002921,BAB IV: DISTRIBUSI BARANG,300292104,PASAL 57,300292104057,"Produsen dapat memasok atau mendistribusikan  Barang yang diperuntukkan sebagai Bahan Baku,  bahan penolong, atau Barang modal kepada Produsen  lainnya tanpa melalui Distributor dan jaringannya atau  Agen dan jaring annya."
PP No 29 Tahun 2021,3002921,BAB IV: DISTRIBUSI BARANG,300292104,PASAL 58,300292104058,Produsen dengan skala usaha mikro dan usaha kecil  serta Produsen Barang yang mudah basi atau tidak  tahan lebih lama dari 7 (tujuh) hari dapat menjual  Barang kepada Konsumen tanpa melalui Distributor  dan jaringannya atau Agen dan jaringann ya.
PP No 29 Tahun 2021,3002921,BAB IV: DISTRIBUSI BARANG,300292104,PASAL 59,300292104059,"(1) Ketentuan mengenai Distribusi Barang dalam  Peraturan Pemerintah ini dikecualikan untuk:   a. pengadaan Barang pemerintah dengan kriteria  Barang untuk keadaan tertentu; dan/atau   b. pemenuhan ketersediaan dan kestabilan  harga Barang Kebutuha n Pokok dan Barang  Penting berdasarkan persetujuan Menteri.   (2) Pengadaan Barang pemerintah sebagaimana  dimaksud pada ayat (1) huruf a dilaksanakan  berdasarkan ketentuan peraturan perundang   undangan mengenai pengadaan Barang/Jasa  pemerintah.   2021, No.39  40   BAB V : SARANA  PERDAGANGAN   Bagian Kesatu   Gudang"
PP No 29 Tahun 2021,3002921,BAB V: SARANA  PERDAGANGAN,300292105,PASAL 60,300292105060,"(1) Gudang terdiri dari Gudang tertutup dan Gudang  terbuka.   (2) Gudang tertutup sebagaimana dimaksud pada ayat  (1) digolongkan atas:   a. Gudang tertutup golongan A, dengan kriteria:   1. luas 100 m² (seratus meter  persegi)  sampai dengan 1.000 m² (seribu meter  persegi); dan/atau   2. kapasitas penyimpanan antara 360 m³  (tiga ratus enam puluh meter kubik)  sampai dengan 3.600 m³ (tiga ribu enam  ratus meter kubik).   b. Gudang tertutup golongan B, dengan kriteria:   1. luas di atas 1.000 m² (seribu meter  persegi) sampai dengan 2.500 m² (dua  ribu lima ratus meter persegi); dan/atau   2. kapasitas penyimpanan di atas 3.600 m³  (tiga ribu enam ratus meter kubik)  sampai dengan 9.000 m³ (sembilan ribu  meter kubik).   c. Gudang tertutup  golongan C, dengan kriteria:   1. luas di atas 2.500 m² (dua ribu lima  ratus meter persegi); dan/atau   2. kapasitas penyimpanan di atas 9.000 m³  (sembilan ribu meter kubik).   d. Gudang tertutup golongan D, dengan kriteria:   1. Gudang berbentuk silo atau tangki ;  dan/atau   2. kapasitas penyimpanan paling sedikit  762 m³ (tujuh ratus enam puluh dua  2021, No.39  41   meter kubik) atau 400 ton (empat ratus  ton).  (3) Gudang terbuka sebagaimana dimaksud pada ayat  (1) dengan kriteria luas paling sedikit 1.000 m²  (seribu meter persegi).   (4) Penggolongan Gudang sebagaimana dimaksud  pada ayat (2) dan ayat (3) dapat diubah dengan  Peraturan Menteri berdasarkan keputusan rapat  koordinasi yang dipimpin oleh menteri yang  menyelenggarakan koordinasi, sinkronisasi, dan  pengendalian urusan kementeria n dalam  penyelenggaraan pemerintahan di bidang  perekonomian, yang dihadiri menteri/kepala  lembaga pemerintah nonkementerian atau pejabat  yang ditunjuk untuk mewakili yang diberikan  kewenangan untuk dan atas nama menteri/kepala  lembaga pemerintah nonkemente rian."
PP No 29 Tahun 2021,3002921,BAB V: SARANA  PERDAGANGAN,300292105,PASAL 61,300292105061,"(1) Setiap pemilik Gudang wajib memiliki TDG dari  Menteri.   (2) Untuk memiliki TDG sebagaimana dimaksud pada    ayat (1), pemilik Gudang harus melakukan  pendaftaran Gudang."
PP No 29 Tahun 2021,3002921,BAB V: SARANA  PERDAGANGAN,300292105,PASAL 62,300292105062,"(1) Kewenangan penerbitan TDG sebagaimana  dimaksud dalam Pasal 61 ayat (1) dilaksanakan  oleh Menteri.   (2) Menteri melimpahkan kewenangan penerbitan TDG  kepada:   a. Gubernur DKI Jakarta untuk Provinsi DKI  Jakarta; dan   b. bupati/wali kota.         2021, No.39  42 "
PP No 29 Tahun 2021,3002921,BAB V: SARANA  PERDAGANGAN,300292105,PASAL 63,300292105063,(1) Gubernur DKI Jakarta untuk Provinsi DKI Jakarta  dan bupati/wa li kota sebagaimana dimaksud  dalam Pasal 62 ayat (2) dapat melimpahkan  kewenangan penerbitan TDG kepada kepala unit  pelayanan terpadu satu pintu.   (2) Kepala unit pelayanan terpadu satu pintu  sebagaimana dimaksud pada ayat (1) berwenang  melakukan penerbitan  TDG secara elektronik  melalui sistem yang terintegrasi dengan sistem  kementerian/lembaga pemerintah nonkementerian  dan menyerahkan tembusan TDG yang telah  diterbitkan kepada Menteri dan kepala dinas yang  membidangi Perdagangan.     Paragraf 1   Pencatatan Adm inistrasi Gudang
PP No 29 Tahun 2021,3002921,BAB V: SARANA  PERDAGANGAN,300292105,PASAL 64,300292105064,"Pengelola Gudang wajib menyelenggarakan pencatatan  administrasi Gudang mengenai jenis dan jumlah  Barang yang disimpan, yang masuk, dan yang keluar  dari Gudang."
PP No 29 Tahun 2021,3002921,BAB V: SARANA  PERDAGANGAN,300292105,PASAL 65,300292105065,"(1) Pencatatan administrasi Gudang sebagaimana  dimaksud  dalam Pasal 64 paling sedikit memuat  informasi mengenai:   a. pemilik Barang;   b. NIB pemilik Barang;   c. jenis atau kelompok Barang;   d. jumlah Barang;   e. tanggal masuk Barang;   f. asal Barang;   g. tanggal keluar Barang;   h. tujuan Barang; dan   i. sisa Barang yan g tersimpan di Gudang (stok).   2021, No.39  43   (2) Dalam hal diperlukan, pencatatan administrasi  Gudang sebagaimana dimaksud pada ayat (1) wajib  tersedia setiap saat dan diperlihatkan kepada  Petugas Pengawas Perdagangan dari kementerian  yang menyelenggarakan urusan pemerin tahan di  bidang Perdagangan dan/atau dinas  provinsi/kabupaten/ kota yang membidangi  Perdagangan.   (3) Ketentuan lebih lanjut mengenai mekanisme  pencatatan sebagaimana dimaksud pada ayat (1)  dan ayat (2) diatur dengan Peraturan Menteri."
PP No 29 Tahun 2021,3002921,BAB V: SARANA  PERDAGANGAN,300292105,PASAL 66,300292105066,Ketentuan  pencatatan administrasi Gudang  sebagaimana dimaksud dalam Pasal 65 dikecualikan  terhadap:   a. Gudang yang digunakan untuk menyimpan  Barang dengan sistem resi gudang; dan   b. Gudang yang digunakan sebagai tempat  penyimpanan sementara bagi Jasa pengiriman  Barang.    Paragraf 2   Pelaporan
PP No 29 Tahun 2021,3002921,BAB V: SARANA  PERDAGANGAN,300292105,PASAL 67,300292105067,"(1) Kepala dinas yang membidangi Perdagangan di:   a. Provinsi DKI Jakarta; dan   b. kabupaten/kota,   wajib melaporkan rekapitulasi perkembangan  penerbitan TDG setiap 3 (tiga) bulan sekali kepada  Menteri.   (2) Kepala din as yang membidangi Perdagangan di  tingkat kabupaten/kota menyampaikan laporan  rekapitulasi perkembangan penerbitan TDG  sebagaimana dimaksud pada ayat (1) dengan  tembusan kepala dinas yang membidangi  2021, No.39  44   Perdagangan di tingkat provinsi.   (3) Penyampaian laporan rekapitulasi perkembangan  penerbitan TDG sebagaimana dimaksud pada ayat  (1) dapat dilakukan secara elektronik."
PP No 29 Tahun 2021,3002921,BAB V: SARANA  PERDAGANGAN,300292105,PASAL 68,300292105068,"Pengelola Gudang wajib memberikan data dan  informasi mengenai ketersediaan Barang yang ada di  Gudang yang dikuasainya, jika diminta ol eh Menteri,  Gubernur DKI Jakarta untuk Provinsi DKI Jakarta,  bupati/wali kota, atau pejabat yang ditunjuk."
PP No 29 Tahun 2021,3002921,BAB V: SARANA  PERDAGANGAN,300292105,PASAL 69,300292105069,"Ketentuan mengenai pendaftaran Gudang sebagaimana  diatur dalam Peraturan Pemerintah ini dikecualikan  terhadap:   a. Gudang yang berada pada tempat penimbunan  berikat;   b. Gudang yang berada pada tempat penimbunan di  bawah pengawasan direktorat jenderal yang  membidangi kepabeanan; dan   c. Gudang yang melekat dengan usaha ritel/eceran  yang digunakan sebagai tempat penyimpanan  sementara Barang daga ngan eceran, atau Gudang  yang melekat dengan tempat produksi.     Paragraf 3   Pembinaan"
PP No 29 Tahun 2021,3002921,BAB V: SARANA  PERDAGANGAN,300292105,PASAL 70,300292105070,"(1) Dalam rangka pemenuhan ketersediaan Barang,  stabilitas harga, dan kelancaran Distribusi Barang,  Gubernur DKI Jakarta untuk Provinsi DKI Jakarta  dan/atau b upati/wali kota menugaskan kepala  dinas yang membidangi Perdagangan untuk  melakukan pembinaan terhadap kegiatan  pendaftaran Gudang, penyimpanan Barang di  2021, No.39  45   Gudang, dan pelaporan.   (2) Pelaksanaan pembinaan sebagaimana dimaksud  pada ayat (1) dapat dilakukan se ndiri oleh dinas  Provinsi DKI Jakarta dan dinas kabupaten/kota  yang membidangi Perdagangan dan/atau bersama   sama dengan dinas provinsi yang membidangi  Perdagangan dan/atau Menteri.   (3) Pembinaan terhadap kegiatan pendaftaran  Gudang, penyimpanan Barang di G udang, dan  pelaporan sebagaimana dimaksud pada ayat (1)  dapat dilakukan dalam bentuk pelatihan,  konsultasi, dan/atau kunjungan lapangan.     Bagian Kedua   Pasar Rakyat     Paragraf 1   Umum"
PP No 29 Tahun 2021,3002921,BAB V: SARANA  PERDAGANGAN,300292105,PASAL 71,300292105071,"(1) Menteri menata dan/atau membangun Pasar  Rakyat yang di kelola oleh Pemerintah Daerah,  swasta, badan usaha milik negara, badan usaha  milik daerah, badan usaha milik desa, dan/atau  koperasi.   (2) Toko/kios, los, hamparan/dasaran/jongko,  dan/atau tenda yang berada dalam Pasar Rakyat  dimiliki/dimanfaatkan oleh peda gang kecil dan  menengah, dan/atau koperasi serta UMK  M sesuai  dengan ketentuan peraturan perundang   undangan."
PP No 29 Tahun 2021,3002921,BAB V: SARANA  PERDAGANGAN,300292105,PASAL 72,300292105072,"(1) Menteri bekerja sama dengan Pemerintah Daerah  melakukan pembangunan, pemberdayaan, dan  peningkatan kualitas pengelolaan Pasar Rakyat .    2021, No.39  46   (2) Pembangunan, pemberdayaan, dan peningkatan  kualitas pengelolaan Pasar Rakyat sebagaimana  dimaksud pada ayat (1) dapat dilakukan dalam  bentuk:   a. pembangunan dan/atau revitalisasi Pasar  Rakyat;   b. implementasi manajemen pengelolaan Pasar  Rakyat yang p rofesional;   c. fasilitasi akses penyediaan Barang dengan  mutu yang baik dan harga yang bersaing;   d. fasilitasi akses pembiayaan kepada pedagang  di Pasar Rakyat; dan/atau   e. fasilitasi pemanfaatan teknologi informasi dan  komunikasi dalam pengelolaan dan pro ses  transaksi di Pasar Rakyat."
PP No 29 Tahun 2021,3002921,BAB V: SARANA  PERDAGANGAN,300292105,PASAL 73,300292105073,"(1) Pembangunan dan/atau revitalisasi Pasar Rakyat  sebagaimana dimaksud dalam Pasal 72 ayat (2)      huruf a mencakup:   a. fisik;  b. manajemen;   c. ekonomi; dan   d. sosial.   (2) Pembangunan dan/atau revitalisasi fisik  sebagaimana dimaksud pada ayat (1) huruf a  dilakukan dengan berpedoman pada SNI Pasar  Rakyat dan ketentuan peraturan perundang   undangan terkait bangunan yang antara lain  meliputi:   a. kondisi fisik bangunan berpedoman pada  desain standar purwarupa Pasar Raky at;  b. zonasi Barang yang diperdagangkan;   c. sarana kebersihan, kesehatan, keamanan,  dan lingkungan;   d. kemudahan akses transportasi; dan   e. sarana teknologi informasi dan komunikasi.   2021, No.39  47   (3) Pembangunan dan/atau revitalisasi fisik  sebagaimana dimaksud pada ay at (2) berlaku  untuk Pasar Rakyat yang dibangun melalui  anggaran pendapatan dan belanja negara,  anggaran pendapatan dan belanja daerah,  dan/atau sumber lain yang sah sesuai dengan  ketentuan peraturan perundang  undangan.   (4) Pembangunan dan/atau revitalisas i manajemen  sebagaimana dimaksud pada ayat (1) huruf b  dilakukan dengan berpedoman pada SNI Pasar  Rakyat dengan mempertimbangkan paling sedikit:   a. peningkatan profesionalisme pengelola;   b. pemberdayaan Pelaku Usaha;   c. pemantauan Barang terhadap pemenuhan   ketentuan peraturan perundang  undangan;  dan/atau   d. penerapan standar operasional prosedur  pengelolaan dan pelayanan Pasar Rakyat.   (5) Pembangunan dan/atau revitalisasi sosial  sebagaimana dimaksud pada ayat (1) huruf d  merupakan upaya perbaikan dan pening katan  sistem interaksi sosial budaya antarpemangku  kepentingan, antara pedagang di Pasar Rakyat  dengan Konsumen, dan pembinaan pedagang kaki  lima untuk mewujudkan Pasar Rakyat yang  kondusif dan nyaman."
PP No 29 Tahun 2021,3002921,BAB V: SARANA  PERDAGANGAN,300292105,PASAL 74,300292105074,"(1) Pembangunan dan/atau revitalisasi Pasar  Rakyat  sebagaimana dimaksud dalam Pasal 72 ayat (2)      huruf a dapat dibiayai melalui anggaran  pendapatan dan belanja negara, anggaran  pendapatan dan belanja daerah, dan/atau sumber  lain yang sah sesuai dengan ketentuan peraturan  perundang  undangan.   (2) Pembangunan dan/atau revitalisasi Pasar Rakyat  yang menggunakan anggaran pendapatan dan  2021, No.39  48   belanja negara, diutamakan memenuhi kriteria  dan persyaratan paling sedikit:   a. telah memiliki embrio Pasar Rakyat;   b. berada di lokasi yang strategis dan didukung  oleh kemudahan akses transportasi;   c. kondisi sosial ekonomi masyarakat, termasuk  UMK  M, yang ada di daerah setempat; dan   d. peran Pasar Rakyat dalam rantai Distribusi.   (3) Dalam hal pembangunan Pasar Rakyat yang  mengalami bencana dan/atau berada di daerah  tertinggal, terluar, terpencil, dan perbatasan dapat  dikecualikan dari kriteria dan persyaratan  sebagaimana dimaksud pada ayat (2).   (4) Pembangunan dan/atau revitalisasi Pasar Rakyat  yang menggunakan anggaran pendapatan dan  belanja daerah, harus memenuhi krit eria dan  persyaratan sebagaimana dimaksud pada ayat (2)  serta ketentuan lain yang diatur oleh masing   masing daerah.   (5) Menteri dan/atau Pemerintah Daerah dapat  bekerja sama dengan swasta, koperasi, badan  usaha milik negara, dan/atau badan usaha milik  daerah dalam membangun dan/atau merevitalisasi  Pasar Rakyat.   (6) Dalam hal Menteri dan/atau Pemerintah Daerah  bekerja sama dengan swasta, koperasi, badan  usaha milik negara, dan/atau badan usaha milik  daerah dalam membangun dan/atau merevitalisasi  Pasar Rakyat , kepemilikan Pasar Rakyat diatur  sesuai dengan ketentuan peraturan perundang   undangan.   (7) Ketentuan lebih lanjut mengenai kriteria dan  persyaratan sebagaimana dimaksud pada ayat (2)  diatur dengan Peraturan Menteri.         2021, No.39  49 "
PP No 29 Tahun 2021,3002921,BAB V: SARANA  PERDAGANGAN,300292105,PASAL 75,300292105075,"(1) Menteri menghibahkan Pas ar Rakyat yang  dibangun dengan anggaran pendapatan dan  belanja negara sebagaimana dimaksud dalam  Pasal 74 ayat (1) kepada Pemerintah Daerah paling  lambat 1 (satu) tahun setelah pembangunan  dan/atau revitalisasi selesai dilakukan.   (2) Pemeliharaan, pengelol aan, dan pemberdayaan  Pasar Rakyat yang telah dihibahkan sebagaimana  dimaksud pada ayat (1) dilakukan oleh Pemerintah  Daerah dengan menggunakan anggaran  pendapatan dan belanja daerah.   (3) Pemerintah Daerah wajib mengasuransikan Pasar  Rakyat yang telah dihi bahkan sebagaimana  dimaksud pada ayat (1)."
PP No 29 Tahun 2021,3002921,BAB V: SARANA  PERDAGANGAN,300292105,PASAL 76,300292105076,"(1) Implementasi manajemen pengelolaan Pasar  Rakyat yang profesional sebagaimana dimaksud  dalam       Pasal 72 ayat (2) huruf b dapat  dilakukan bekerja sama dengan swasta, badan  usaha milik negara, bada n usaha milik daerah,  badan usaha milik desa, dan/atau koperasi  dan/atau menunjuk perangkat daerah.   (2) Implementasi manajemen pengelolaan Pasar  Rakyat sebagaimana dimaksud pada ayat (1)  dilakukan melalui penerapan ketentuan SNI Pasar  Rakyat."
PP No 29 Tahun 2021,3002921,BAB V: SARANA  PERDAGANGAN,300292105,PASAL 77,300292105077,"Fasilitasi akses penyediaan Barang dengan mutu yang  baik dan harga yang bersaing sebagaimana dimaksud  dalam Pasal 72 ayat (2) huruf c dapat dilakukan  dengan:   a. memfasilitasi kemitraan antara pedagang dan  Produsen dan/atau Distributor;     2021, No.39  50   b. menyediakan informa si tentang sumber pasokan  Barang yang memenuhi Standar mutu Barang;  dan/atau   c. memfasilitasi pembentukan asosiasi, forum  komunikasi, koperasi, dan/atau forum lain dalam  rangka penyediaan Barang."
PP No 29 Tahun 2021,3002921,BAB V: SARANA  PERDAGANGAN,300292105,PASAL 78,300292105078,"Fasilitasi akses pembiayaan kepada pedagang di Pa sar  Rakyat sebagaimana dimaksud dalam Pasal 72 ayat (2)  huruf d dapat dilakukan dengan:   a. memfasilitasi sumber pembiayaan dari pinjaman  bank dan/atau lembaga keuangan bukan bank  dengan proses yang mudah dan suku bunga  terjangkau;   b. memfasilitasi sumber p embiayaan lain sesuai  dengan ketentuan peraturan perundang   undangan; dan/atau   c. meningkatkan kerja sama antara pengelola Pasar  Rakyat dan pedagang di Pasar Rakyat melalui  koperasi dan/atau asosiasi.     Paragraf 2   Pengembangan, Penataan, dan Pembinaan"
PP No 29 Tahun 2021,3002921,BAB V: SARANA  PERDAGANGAN,300292105,PASAL 79,300292105079,"(1) Lokasi pendirian Pasar Rakyat harus mengacu  pada:   a. rencana tata ruang wilayah kabupaten/kota;  atau  b. rencana detail tata ruang kabupaten/kota.   (2) Dalam hal Pemerintah Daerah belum memiliki  rencana tata ruang wilayah kabupaten/kota atau  rencana detail tata ruang kabupaten/kota  sebagaimana dimaksud pada ayat (1), lokasi  pendirian Pasar Rakyat mengacu pada ketentuan  peraturan perundang  undangan mengenai  2021, No.39  51   penataan ruang.   (3) Pasar Rakyat sebagaimana dimaksud pada ayat (1)  dapat berlokasi di setia p sistem jaringan jalan,  termasuk sistem jaringan jalan lokal atau jalan  lingkungan di kawasan pelayanan bagian  kabupaten/ kota, lokal, atau lingkungan  (perumahan) di dalam kabupaten/kota."
PP No 29 Tahun 2021,3002921,BAB V: SARANA  PERDAGANGAN,300292105,PASAL 80,300292105080,"Ketentuan mengenai pembangunan dan/atau  revitalisasi Pas ar Rakyat sebagaimana dimaksud dalam  Pasal 73 dan kriteria dan persyaratan sebagaimana  dimaksud dalam Pasal 74 ayat (2) berlaku mutatis  mutandis  untuk Pasar Rakyat yang ditata, dibangun,  dan/atau dikelola oleh swasta, badan usaha milik  negara, badan usaha milik daerah, dan/atau koperasi."
PP No 29 Tahun 2021,3002921,BAB V: SARANA  PERDAGANGAN,300292105,PASAL 81,300292105081,"Menteri, Pemerintah Daerah, dan masyarakat berperan  aktif dalam mempromosikan Pasar Rakyat untuk  mendorong peningkatan transaksi Perdagangan di  Pasar Rakyat."
PP No 29 Tahun 2021,3002921,BAB V: SARANA  PERDAGANGAN,300292105,PASAL 82,300292105082,"(1) Dalam hal Pasar Rakyat yang telah ditat a,  dibangun, dikelola, dan/atau dimiliki oleh Menteri  dan/atau Pemerintah Daerah mengalami bencana  alam, bencana nonalam, dan/atau bencana sosial,  pembangunan kembali Pasar Rakyat dilakukan  oleh Menteri dan/atau Pemerintah Daerah.   (2) Pemerintah Daerah waj ib memberikan prioritas  kepada koperasi dan UMK  M yang terdaftar  sebagai pedagang di Pasar Rakyat yang mengalami  bencana sebagaimana dimaksud pada ayat (1)  untuk memperoleh toko/kios, los,  hamparan/dasaran/ jongko, dan/atau tenda  dengan harga pemanfaatan y ang terjangkau.   2021, No.39  52 "
PP No 29 Tahun 2021,3002921,BAB V: SARANA  PERDAGANGAN,300292105,PASAL 83,300292105083,"(1) Menteri menetapkan pedoman harga pemanfaatan  toko/kios, los, hamparan/dasaran/jongko,  dan/atau tenda.   (2) Pemerintah Daerah menetapkan harga  pemanfaatan toko/kios, los,  hamparan/dasaran/jongko, dan/atau tenda  berdasarkan pedo man sebagaimana dimaksud  pada ayat (1)."
PP No 29 Tahun 2021,3002921,BAB V: SARANA  PERDAGANGAN,300292105,PASAL 84,300292105084,"Menteri, gubernur, dan/atau bupati/wali kota secara  sendiri atau bersama  sama melakukan pembinaan  terhadap pengelola Pasar Rakyat.     Bagian Ketiga   Pusat Perbelanjaan dan Toko Swalayan     Paragraf 1   Umum"
PP No 29 Tahun 2021,3002921,BAB V: SARANA  PERDAGANGAN,300292105,PASAL 85,300292105085,(1) Pusat Perbelanjaan dapat berbentuk:   a. pertokoan;   b. mal; dan   c. plaza.   (2) Toko Swalayan dapat berbentuk:   a. minimarket;   b. supermarket;   c. department store;   d. hypermarket;  dan  e. Grosir/Perkulakan yang berbentuk toko  dengan sistem pelaya nan mandiri.
PP No 29 Tahun 2021,3002921,BAB V: SARANA  PERDAGANGAN,300292105,PASAL 86,300292105086,"(1) Pendirian Pusat Perbelanjaan atau Toko Swalayan  harus memperhitungkan kondisi sosial ekonomi  2021, No.39  53   masyarakat, keberadaan Pasar Rakyat, dan UMK   M yang ada di zona atau area atau wilayah  setempat.   (2) Pengelola Pusat Perbelanjaan dan P elaku Usaha  Toko Swalayan harus menyediakan paling sedikit:   a. areal parkir;   b. fasilitas yang menjamin Pusat Perbelanjaan  dan Toko Swalayan bersih, sehat (higienis),  aman, dan tertib; dan   c. ruang publik yang nyaman.   (3) Pelaku Usaha dapat mendirikan mini market,  supermarket, hypermarket,  dan Grosir/Perkulakan  yang berbentuk toko dengan sistem pelayanan  mandiri yang berdiri sendiri atau terintegrasi  dengan Pusat Perbelanjaan yang telah memiliki  Perizinan Berusaha dan/atau bangunan atau  kawasan lain.   (4) Dalam hal Toko Swalayan berbentuk department  store,  pendirian department store  oleh Pelaku  Usaha yang merupakan:   a. penanam modal asing harus dilakukan  terintegrasi dengan Pusat Perbelanjaan yang  telah memiliki Perizinan Berusaha; atau   b. penanam modal dalam negeri dapat dilakukan  berdiri sendiri atau terintegrasi dengan Pusat  Perbelanjaan yang telah memiliki Perizinan  Berusaha dan/atau bangunan atau kawasan  lain.  (5) Ketentuan sebagaimana dimaksud pada ayat (1)  dan ayat (2) tidak berlaku bagi Toko Swalayan ji ka  terintegrasi dengan Pusat Perbelanjaan yang telah  memiliki Perizinan Berusaha, Pusat Niaga,  dan/atau bangunan atau kawasan lain."
PP No 29 Tahun 2021,3002921,BAB V: SARANA  PERDAGANGAN,300292105,PASAL 87,300292105087,"Toko Swalayan memiliki batasan luas lantai penjualan  dengan ketentuan:   2021, No.39  54   a. minimarket, sampai dengan 400 m² (empat  ratus  meter persegi);   b. supermarket, di atas 400 m² (empat ratus meter  persegi) sampai dengan 5.000 m² (lima ribu meter  persegi);   c. department store,  paling sedikit 400 m² (empat  ratus meter persegi);   d. hypermarket,  di atas 5.000 m² (lima ribu meter  persegi); dan   e. Grosir/Perkulakan yang berbentuk toko dengan  sistem pelayanan mandiri, paling sedikit 2.000 m²  (dua ribu meter persegi) dan untuk  Grosir/Perkulakan koperasi yang berbentuk toko  dengan sistem pelayanan mandiri paling sedikit  1.000 m² (seribu meter persegi)."
PP No 29 Tahun 2021,3002921,BAB V: SARANA  PERDAGANGAN,300292105,PASAL 88,300292105088,"Sistem penjualan dan jenis Barang dagangan yang  harus diterapkan dalam Toko Swalayan meliputi:   a. minimarket, supermarket, dan hypermarket   menjual secara eceran berbagai jenis Barang  konsumsi terutama produk makanan dan/atau  produk rumah tangga lainnya yang dapat berupa  bahan bangunan, furnitur, elektronik, dan bentuk  produk khusus lainnya;   b. department store  menjual secara eceran berbagai  jenis Barang konsumsi terutama produk sandang  dan perlengkapannya dengan penataan  berdasark an jenis kelamin dan/atau tingkat usia  Konsumen; dan   c. Grosir/Perkulakan yang berbentuk toko dengan  sistem pelayanan mandiri menjual secara partai  besar/tidak secara eceran berbagai jenis Barang  konsumsi.         2021, No.39  55   Paragraf 2   Pengembangan, Penataan, dan Pembinaan"
PP No 29 Tahun 2021,3002921,BAB V: SARANA  PERDAGANGAN,300292105,PASAL 89,300292105089,"(1) Lokasi pendirian Pusat Perbelanjaan dan Toko  Swalayan harus mengacu pada:   a. rencana tata ruang wilayah kabupaten/kota;  atau  b. rencana detail tata ruang kabupaten/kota.   (2) Dalam hal Pemerintah Daerah belum memiliki  rencana tata ruang wi layah kabupaten/kota atau  rencana detail tata ruang kabupaten/kota  sebagaimana dimaksud pada ayat (1), lokasi  pendirian Pusat Perbelanjaan dan Toko Swalayan  mengacu pada ketentuan peraturan perundang   undangan mengenai penataan ruang."
PP No 29 Tahun 2021,3002921,BAB V: SARANA  PERDAGANGAN,300292105,PASAL 90,300292105090,"Ketentuan m engenai lokasi pendirian Pusat  Perbelanjaan dan Toko Swalayan sebagaimana  dimaksud dalam Pasal 89 tidak berlaku bagi Toko  Swalayan jika terintegrasi dengan Pusat Perbelanjaan  yang telah memiliki Perizinan Berusaha, Pusat Niaga,  dan/atau bangunan atau kawas an lain."
PP No 29 Tahun 2021,3002921,BAB V: SARANA  PERDAGANGAN,300292105,PASAL 91,300292105091,"(1) Supermarket, hypermarket, dan department store   wajib memenuhi ketentuan jam operasional.   (2) Ketentuan lebih lanjut mengenai jam operasional  sebagaimana dimaksud pada ayat (1) diatur  dengan Peraturan Menteri."
PP No 29 Tahun 2021,3002921,BAB V: SARANA  PERDAGANGAN,300292105,PASAL 92,300292105092,"(1) Dalam ha l Pusat Perbelanjaan dibangun kembali  karena sebab apapun, pengelola Pusat  Perbelanjaan wajib memberikan prioritas kepada  koperasi dan  UMK  M yang terdaftar sebagai  2021, No.39  56   pedagang di Pusat Perbelanjaan untuk memiliki  atau menyewa lokasi baru dari Pusat Perbelanj aan  yang dibangun kembali dengan harga pemanfaatan  yang terjangkau.   (2) Ketentuan sebagaimana dimaksud pada ayat (1)  berlaku pula dalam hal Pasar Rakyat yang dimiliki  oleh Pelaku Usaha dibangun kembali sebagai Pusat  Perbelanjaan.     Paragraf 3   Kerja Sama Us aha, Kemitraan, dan Kepemilikan"
PP No 29 Tahun 2021,3002921,BAB V: SARANA  PERDAGANGAN,300292105,PASAL 93,300292105093,Pelaku Usaha Toko Swalayan yang melakukan kerja  sama pasokan Barang wajib mengikutsertakan pelaku  UMK  M.
PP No 29 Tahun 2021,3002921,BAB V: SARANA  PERDAGANGAN,300292105,PASAL 94,300292105094,"(1) Kerja sama usaha pemasokan Barang antara  pemasok dengan Pelaku Usaha Toko Swalayan  dibuat d engan perjanjian tertulis dalam bahasa  Indonesia dan terhadapnya berlaku hukum  Indonesia.   (2) Dalam hal perjanjian tertulis sebagaimana  dimaksud pada ayat (1) terdapat persyaratan  Perdagangan, maka harus jelas, wajar,  berkeadilan, dan saling menguntungkan serta  disepakati kedua belah pihak tanpa tekanan.   (3) Ketentuan lebih lanjut mengenai perjanjian kerja  sama usaha pemasokan Barang yang terdapat  persyaratan Perdagangan sebagaimana dimaksud  pada ayat (2) diatur dengan Peraturan Menteri.   (4) Pelaku Usaha ya ng membuat persyaratan  Perdagangan wajib memenuhi ketentuan mengenai  persyaratan Perdagangan sebagaimana dimaksud  pada ayat (3).     2021, No.39  57 "
PP No 29 Tahun 2021,3002921,BAB V: SARANA  PERDAGANGAN,300292105,PASAL 95,300292105095,"(1) Dalam pengembangan kerja sama usaha antara  pemasok UMK  M dan Pelaku Usaha Toko  Swalayan, persyaratan Perdagangan  sebagaimana  dimaksud dalam Pasal 94 dilakukan dengan  ketentuan Pelaku Usaha Toko Swalayan:   a. tidak memungut biaya administrasi  pendaftaran Barang dari pemasok UMK  M;  dan  b. membayar kepada pemasok UMK  M secara  tunai, atau dengan alasan teknis tertentu  dapat dilakukan dalam jangka waktu paling  lama 15 (lima belas) hari setelah seluruh  dokumen penagihan diterima.   (2) Pembayaran sebagaimana dimaksud pada ayat (1)  huruf b dapat dilakukan secara tidak tunai jika  berdasarkan perhitungan biaya risiko dan bunga  tidak merugikan pemasok UMK  M."
PP No 29 Tahun 2021,3002921,BAB V: SARANA  PERDAGANGAN,300292105,PASAL 96,300292105096,"(1) Dalam menciptakan hubungan kerja sama yang  berkeadilan dan saling menguntungkan, Menteri  dan Pemerintah Daerah dapat memfasilitasi  kepentingan pemasok dan Pelaku Usaha Toko  Swalayan dalam merundingkan perjanjian   sebagaimana dimaksud dalam Pasal 94 ayat (2).   (2) Kerja sama sebagaimana dimaksud pada ayat (1)  diawasi secara tertib dan teratur oleh lembaga  yang dibentuk dan bertugas untuk mengawasi  persaingan usaha sebagaimana diatur dalam  ketentuan peraturan perunda ng undangan.   (3) Dalam melaksanakan pengawasan sebagaimana  dimaksud pada ayat (2), lembaga yang dibentuk  dan bertugas untuk mengawasi persaingan usaha  berkoordinasi dengan instansi terkait.       2021, No.39  58 "
PP No 29 Tahun 2021,3002921,BAB V: SARANA  PERDAGANGAN,300292105,PASAL 97,300292105097,"(1) Pelaku Usaha Toko Swalayan wajib menyediakan  Barang  dagangan produk dalam negeri.   (2) Dalam hal menggunakan merek Toko Swalayan  sendiri, Pelaku Usaha Toko Swalayan wajib:   a. bertanggung jawab terhadap Barang  dagangannya telah memenuhi ketentuan  peraturan perundang  undangan di bidang  kekayaan intelektual; d an  b. membina pengembangan produk dan merek  sendiri bagi Barang dagangan untuk UMK  M.  (3) Pengelola Pusat Perbelanjaan wajib menyediakan  dan/atau menawarkan:   a. ruang usaha dalam rangka kemitraan dengan  harga jual atau biaya sewa sesuai  kemampuan kepada us aha mikro dan usaha  kecil; dan/atau   b. ruang promosi dan/atau ruang usaha yang  proporsional dan strategis untuk pencitraan  dan/atau pemasaran produk dalam negeri  dengan merek dalam negeri."
PP No 29 Tahun 2021,3002921,BAB V: SARANA  PERDAGANGAN,300292105,PASAL 98,300292105098,"(1) Toko Swalayan dalam menjual Barang yang  menggunakan merek Toko Swalayan sendiri  sebagaimana dimaksud dalam Pasal 97 ayat (2)  mengutamakan Barang produksi UMK  M dan  Barang yang diproduksi di Indonesia.   (2) Toko Swalayan dilarang memaksa Produsen UMK   M yang akan memasarkan produksinya di dalam  Toko Swalayan u ntuk menggunakan merek milik  Toko Swalayan pada hasil produksi UMK  M yang  telah memiliki merek sendiri.   (3) Pelaku Usaha Toko Swalayan yang memasarkan  Barang hasil produksi UMK  M dengan merek Toko  Swalayan sendiri wajib mencantumkan nama  UMK  M yang memprod uksi Barang.   2021, No.39  59   (4) Pelaku Usaha Toko Swalayan wajib memenuhi  ketentuan pembatasan kepemilikan gerai Toko  Swalayan.   (5) Ketentuan lebih lanjut mengenai ketentuan  pembatasan kepemilikan gerai Toko Swalayan  sebagaimana dimaksud pada ayat (4) diatur  dengan Perat uran Menteri.     Paragraf 4   Perizinan"
PP No 29 Tahun 2021,3002921,BAB V: SARANA  PERDAGANGAN,300292105,PASAL 99,300292105099,"(1) Pelaku Usaha yang mengelola Pusat Perbelanjaan  dan Pelaku Usaha Toko Swalayan wajib memenuhi  Perizinan Berusaha di bidang Perdagangan sesuai  dengan ketentuan peraturan perundang  undangan  di bidang periz inan berusaha terintegrasi secara  elektronik.   (2) Pelaku Usaha yang berada di dalam Pasar Rakyat  atau Pusat Perbelanjaan wajib memenuhi Perizinan  Berusaha sesuai dengan ketentuan peraturan  perundang  undangan di bidang perizinan berusaha  terintegrasi secara  elektronik, kecuali Pelaku  Usaha dengan skala usaha mikro dan usaha kecil.     Paragraf 5   Pembinaan"
PP No 29 Tahun 2021,3002921,BAB V: SARANA  PERDAGANGAN,300292105,PASAL 100,300292106000,Menteri dan/atau Pemerintah Daerah melakukan  pembinaan terhadap pengembangan dan penataan  Pusat Perbelanjaan dan Toko Swalayan.
PP No 29 Tahun 2021,3002921,BAB V: SARANA  PERDAGANGAN,300292105,PASAL 101,300292106001,"(1) Menteri dan/atau Pemerintah Daerah sesuai  dengan kewenangannya menetapkan pedoman  teknis terkait dengan perizinan, jarak dan lokasi  2021, No.39  60   pendirian, kondisi sosial ekonomi masyarakat  setempat, kemitraan, dan kerja sama usaha.   (2) Pengembangan, penataan, dan pem binaan Pasar  Rakyat, Pusat Perbelanjaan, dan Toko Swalayan  harus mengacu pada pedoman teknis sebagaimana  dimaksud pada ayat (1).   (3) Ketentuan lebih lanjut mengenai pedoman teknis  sebagaimana dimaksud pada ayat (1) diatur  dengan Peraturan Menteri.   (4) Peme rintah Daerah dalam menetapkan pedoman  teknis sebagaimana dimaksud pada ayat (1)  mengikuti norma, standar, prosedur, dan kriteria  yang ditetapkan Pemerintah Pusat."
PP No 29 Tahun 2021,3002921,BAB V: SARANA  PERDAGANGAN,300292105,PASAL 102,300292106002,"(1) Menteri dalam melakukan pembinaan dapat  meminta data dan/atau informasi kepa da  pengelola Pasar Rakyat, pengelola Pusat  Perbelanjaan, dan Pelaku Usaha Toko Swalayan  secara berkala atau sewaktu  waktu jika  diperlukan.   (2) Pengelola Pasar Rakyat, pengelola Pusat  Perbelanjaan, dan Pelaku Usaha Toko Swalayan  wajib memberikan data dan/at au informasi  sebagaimana dimaksud pada ayat (1) dengan  lengkap dan akurat.     BAB VI : PELAPORAN"
PP No 29 Tahun 2021,3002921,BAB VI: PELAPORAN,300292106,PASAL 103,300292107003,"Setiap Pelaku Usaha Distribusi yang mendistribusikan  Barang wajib menyampaikan laporan Distribusi Barang  kepada Menteri.         2021, No.39  61 "
PP No 29 Tahun 2021,3002921,BAB VI: PELAPORAN,300292106,PASAL 104,300292107004,(1) Pelaku Usaha Distribusi yang mendistribusikan  Barang Kebutuhan Pokok dan Barang Penting  wajib menyampaikan laporan stok Distribusi  Barang Kebutuhan Pokok dan Barang Penting  kepada Menteri.   (2) Jenis Barang Kebutuhan Pokok dan Barang  Penting sebagaimana dimaksud pada ay at (1)  ditetapkan sesuai dengan ketentuan peraturan  perundang  undangan.   (3) Penyampaian laporan sebagaimana dimaksud pada  ayat (1) disampaikan setiap bulan paling lambat  tanggal 15 (lima belas) bulan berikutnya secara  elektronik.
PP No 29 Tahun 2021,3002921,BAB VI: PELAPORAN,300292106,PASAL 105,300292107005,(1) Pengelola Pasar Rakyat wajib menyampaikan  laporan kepada Menteri terkait:   a. omzet tahunan dari seluruh pedagang;   b. data harga bulanan Barang Kebutuhan Pokok;   c. data nama pedagang berdasarkan alamat di  pasar dan komoditi yang dijual; dan   d. data Barang kebutuhan p asokan pasar.   (2) Laporan sebagaimana dimaksud pada ayat (1)  disampaikan secara elektronik.
PP No 29 Tahun 2021,3002921,BAB VI: PELAPORAN,300292106,PASAL 106,300292107006,"Ketentuan lebih lanjut mengenai tata cara pelaporan  kegiatan usaha Perdagangan kepada Menteri  sebagaimana dimaksud dalam Pasal 103, Pasal 104,  dan Pasal  105 diatur dengan Peraturan Menteri.               2021, No.39  62   BAB VII : STANDARDISASI"
PP No 29 Tahun 2021,3002921,BAB VII: STANDARDISASI,300292107,PASAL 107,300292108007,"(1) Barang yang diperdagangkan di dalam negeri  harus memenuhi:   a. SNI yang telah diberlakukan secara wajib;  atau  b. persyaratan teknis yang telah diberlakukan  secara wajib.   (2) Pelaku Usaha dilarang memperdagangkan Barang  di dalam negeri yang tidak memenuhi SNI yang  telah diberlakukan secara wajib atau persyaratan  teknis yang telah diberlakukan secara wajib.   (3) Pemberlakuan SNI atau persyaratan teknis  sebagaimana dimaksud pada ayat (1) ditetapkan  oleh Menteri, menteri, atau kepala lembaga  pemerintah nonkementerian sesuai dengan  ketentuan peraturan perundang  undangan.   (4) Pemberlakuan SNI atau persyaratan teknis  sebagaimana dimaksud pada ayat (3) dilakukan  dengan mempertimbangkan aspe k:  a. keamanan, keselamatan, kesehatan, dan  lingkungan hidup;   b. daya saing Produsen nasional dan persaingan  usaha yang sehat;   c. kemampuan dan kesiapan dunia usaha  nasional; dan/atau   d. kesiapan infrastruktur lembaga penilaian  kesesuaian.   (5) Barang yang telah diberlakukan SNI atau  persyaratan teknis secara wajib sebagaimana  dimaksud pada     ayat (1) wajib dibubuhi tanda  SNI atau tanda kesesuaian atau dilengkapi  sertifikat kesesuaian yang diakui oleh Pemerintah  Pusat sesuai dengan ketentuan peraturan  perundang  undangan.   2021, No.39  63   (6) Barang yang diperdagangkan dan belum  diberlakukan SNI secara wajib dapat dibubuhi  tanda SNI atau tanda kesesuaian sepanjang telah  dibuktikan dengan sertifikat produk penggunaan  tanda SNI atau sertifikat kesesuaian.   (7) Pelaku Usaha yang  memperdagangkan Barang  yang telah diberlakukan SNI atau persyaratan  teknis secara wajib, tetapi tidak membubuhi tanda  SNI atau tanda kesesuaian atau tidak melengkapi  sertifikat kesesuaian sebagaimana dimaksud pada  ayat (5) dikenai sanksi administratif."
PP No 29 Tahun 2021,3002921,BAB VII: STANDARDISASI,300292107,PASAL 108,300292108008,"(1) Produsen sebelum memperdagangkan atau  Importir sebelum melaksanakan Impor Barang  yang telah diberlakukan SNI secara wajib atau  persyaratan teknis yang telah diberlakukan secara  wajib sebagaimana dimaksud dalam Pasal 107 ayat  (1) wajib:   a. mendaftarkan Barang yang diperdagangkan  kepada Menteri; dan   b. mencantumkan nomor pendaftaran pada  Barang dan/atau kemasannya.   (2) Pendaftaran dilakukan sebelum diperdagangkan  untuk Barang produksi dalam negeri atau sebelum  diimpor untuk Barang luar negeri.   (3) Pendaftaran Barang sebagaimana dimaksud pada    ayat (1) dikecualikan terhadap pangan olahan,  obat, kosmetik, dan alat kesehatan.   (4) Pendaftaran Barang sebagaimana dimaksud pada     ayat (3) dilakukan oleh kementerian/lembaga  pemerintah nonkementerian se suai dengan  ketentuan peraturan perundang  undangan.   (5) Barang yang wajib dilakukan pendaftaran  sebagaimana dimaksud pada ayat (1) huruf a  diatur lebih lanjut dengan Peraturan Menteri.     2021, No.39  64   (6) Daftar Barang yang diatur berdasarkan Peraturan  Menteri sebagaimana  dimaksud pada ayat (5)  dapat diubah berdasarkan keputusan rapat  koordinasi yang dipimpin oleh menteri yang  menyelenggarakan koordinasi, sinkronisasi, dan  pengendalian urusan kementerian dalam  penyelenggaraan pemerintahan di bidang  perekonomian, yang dihad iri menteri/kepala  lembaga pemerintah nonkementerian atau pejabat  yang ditunjuk untuk mewakili yang diberikan  kewenangan untuk dan atas nama menteri/kepala  lembaga pemerintah nonkementerian.   (7) Ketentuan, persyaratan, dan tata cara pendaftaran  sebagaimana  dimaksud pada ayat (1) dilakukan  sesuai dengan ketentuan peraturan perundang   undangan mengenai penyelenggaraan perizinan  berusaha berbasis risiko."
PP No 29 Tahun 2021,3002921,BAB VII: STANDARDISASI,300292107,PASAL 109,300292108009,"(1) Produsen atau Importir wajib mendaftarkan  Barang terkait dengan keamanan, keselamatan,  keseh atan, dan lingkungan hidup yang diproduksi  dalam negeri atau diimpor, sebelum beredar di  pasar.   (2) Penetapan jenis Barang yang terkait dengan  keamanan, keselamatan, kesehatan, dan  lingkungan hidup sebagaimana dimaksud pada  ayat (1) berdasarkan kriteria SN I atau Standar lain  yang diakui yang belum diberlakukan secara wajib.   (3) Penetapan jenis Barang sebagaimana dimaksud  pada ayat (1) meliputi:   a. Barang listrik dan elektronika; dan   b. Barang yang mengandung bahan kimia  berbahaya.   (4) Penetapan jenis Barang  listrik dan elektronika  sebagaimana dimaksud pada ayat (3) huruf a  dilakukan berdasarkan bahaya kejut listrik bagi  2021, No.39  65   Konsumen.   (5) Penetapan jenis Barang yang mengandung bahan  kimia berbahaya sebagaimana dimaksud pada ayat  (3) huruf b dilakukan berdasarkan kandungan  bahan kimia yang berbahaya bagi Konsumen.   (6) Ketentuan lebih lanjut mengenai Barang yang  wajib dilakukan pendaftaran sebagaimana  dimaksud pada ayat (1) diatur dengan Peraturan  Menteri.   (7) Daftar Barang yang diatur berdasarkan Peraturan  Menteri sebagaimana dimaksud pada ayat (6)  dapat diubah berdasarkan keputusan rapat  koordinasi yang dipimpin oleh menteri yang  menyelenggarakan koordinasi, sinkronisasi, dan  pengendalian urusan kementerian dalam  penyelenggaraan pemerintahan di bidang  perekonomian,  yang dihadiri menteri/kepala  lembaga pemerintah nonkementerian atau pejabat  yang ditunjuk untuk mewakili yang diberikan  kewenangan untuk dan atas nama menteri/kepala  lembaga pemerintah nonkementerian.   (8) Kewajiban pendaftaran Barang sebagaimana  dimaksud pada ayat (1) dikecualikan terhadap  Barang yang telah diberlakukan SNI secara wajib  dan/atau Barang yang telah diatur pendaftarannya  berdasarkan ketentuan peraturan perundang   undangan.   (9) Kewenangan pendaftaran Barang sebagaimana  dimaksud pada ayat (1) di lakukan oleh Menteri.   (10) Produsen atau Importir yang tidak memenuhi  ketentuan kewajiban pendaftaran Barang  sebagaimana dimaksud pada ayat (1) dikenai  sanksi administratif.   (11) Ketentuan, persyaratan, dan tata cara pendaftaran  sebagaimana dimaksud pada a yat (1) dilakukan  sesuai dengan ketentuan peraturan perundang   undangan mengenai penyelenggaraan perizinan  2021, No.39  66   berusaha berbasis risiko."
PP No 29 Tahun 2021,3002921,BAB VII: STANDARDISASI,300292107,PASAL 110,300292108010,"(1) Penyedia Jasa dilarang memperdagangkan Jasa di  dalam negeri yang tidak memenuhi SNI,  persyaratan teknis, ata u kualifikasi yang telah  diberlakukan secara wajib.   (2) Pemberlakuan SNI, persyaratan teknis, atau  kualifikasi secara wajib sebagaimana dimaksud  pada ayat (1) ditetapkan oleh Menteri, menteri,  atau kepala lembaga pemerintah nonkementerian  sesuai dengan ket entuan peraturan perundang   undangan.   (3) Pemberlakuan SNI, persyaratan teknis, atau  kualifikasi secara wajib sebagaimana dimaksud  pada ayat (2) dilakukan dengan  mempertimbangkan aspek:   a. keamanan, keselamatan, kesehatan, dan  lingkungan hidup;   b. daya sain g Produsen nasional dan persaingan  usaha yang sehat;   c. kemampuan dan kesiapan dunia usaha  nasional;   d. kesiapan infrastruktur lembaga penilaian  kesesuaian; dan/atau   e. budaya, adat istiadat, atau tradisi  berdasarkan kearifan lokal.   (4) Jasa yang telah dib erlakukan SNI, persyaratan  teknis, atau kualifikasi secara wajib sebagaimana  dimaksud pada ayat (2) wajib dilengkapi dengan  sertifikat kesesuaian yang diakui oleh Pemerintah  Pusat sesuai dengan ketentuan peraturan  perundang  undangan.   (5) Jasa yang diperdag angkan dan memenuhi SNI,  persyaratan teknis, atau kualifikasi yang belum  diberlakukan secara wajib dapat menggunakan  sertifikat kesesuaian sesuai dengan ketentuan  2021, No.39  67   peraturan perundang  undangan.   (6) Penyedia Jasa yang memperdagangkan Jasa yang  telah diberlak ukan SNI, persyaratan teknis, atau  kualifikasi secara wajib, tetapi tidak dilengkapi  sertifikat kesesuaian sebagaimana dimaksud pada  ayat (4) dikenai sanksi administratif."
PP No 29 Tahun 2021,3002921,BAB VII: STANDARDISASI,300292107,PASAL 111,300292108011,"(1) Pemberlakuan SNI atau persyaratan teknis secara  wajib sebagaimana di maksud dalam Pasal 107 ayat  (1) dapat dilakukan terhadap Barang dalam  rangka:   a. menjaga mutu Barang tujuan Ekspor;   b. meningkatkan daya saing dan citra produk  Indonesia; dan/atau   c. mengembangkan pasar Ekspor produk  Indonesia.   (2) Pelaku Usaha yang akan m elaksanakan Ekspor  Barang yang wajib memenuhi SNI atau  persyaratan teknis secara wajib sebagaimana  dimaksud pada ayat (1), wajib memenuhi Perizinan  Berusaha.   (3) Ketentuan persyaratan dan tata cara Perizinan  Berusaha sebagaimana dimaksud pada ayat (1)  sesuai dengan ketentuan peraturan perundang   undangan mengenai penyelenggaraan perizinan  berusaha berbasis risiko."
PP No 29 Tahun 2021,3002921,BAB VII: STANDARDISASI,300292107,PASAL 112,300292108012,"(1) Tanda SNI atau tanda kesesuaian atau sertifikat  kesesuaian sebagaimana dimaksud dalam Pasal  107 ayat (5) dan Pasal 110 ayat (4) di terbitkan oleh  lembaga penilaian kesesuaian yang terakreditasi  sesuai dengan ketentuan peraturan perundang   undangan.   (2) Dalam hal lembaga penilaian kesesuaian  sebagaimana dimaksud pada ayat (1) belum ada  2021, No.39  68   yang terakreditasi, Menteri, menteri, atau kepala  lembaga pemerintah nonkementerian sesuai  dengan ketentuan peraturan perundang  undangan  dapat menunjuk lembaga penilaian kesesuaian  yang sudah terakreditasi untuk ruang lingkup  sejenis.   (3) Penunjukan sebagaimana dimaksud pada ayat (2)  dilakukan paling lama untuk jangka waktu 2 (dua)  tahun.   (4) Lembaga penilaian kesesuaian sebagaimana  dimaksud pada ayat (1) dan ayat (2) harus  terdaftar di direktorat jenderal yang membidangi  perlindungan konsumen dan tertib niaga.     BAB VIII : PENGEMBANGAN EKSPOR   Bagian Kesatu   Pembinaan Pelaku Ekspor"
PP No 29 Tahun 2021,3002921,BAB VIII: PENGEMBANGAN EKSPOR,300292108,PASAL 113,300292109013,"(1) Pemerintah Pusat dapat menetapkan komoditas dan  pasar tujuan Ekspor prioritas serta kebijakan  Ekspor lainnya.   (2) Penetapan sebagaimana dimaksud pada ayat (1)  dilakukan oleh Menteri dengan terlebih dahulu  melalui rapat k oordinasi yang dipimpin oleh  menteri yang menyelenggarakan koordinasi,  sinkronisasi, dan pengendalian urusan  kementerian dalam penyelenggaraan pemerintahan  di bidang perekonomian.   (3) Komoditas dan pasar tujuan Ekspor prioritas serta  kebijakan Ekspor lainn ya sebagaimana dimaksud  pada ayat (1) menjadi rujukan  kementerian/lembaga dalam pelaksanaan kegiatan  pengembangan Ekspor.     2021, No.39  69 "
PP No 29 Tahun 2021,3002921,BAB VIII: PENGEMBANGAN EKSPOR,300292108,PASAL 114,300292109014,"(1) Pemerintah Pusat melakukan pembinaan terhadap  Pelaku Usaha dalam rangka pengembangan  Ekspor untuk perluasan akses pasa r bagi Barang  dan Jasa produksi dalam negeri.   (2) Pembinaan sebagaimana dimaksud pada ayat (1)  dilakukan melalui pemberian:   a. insentif berupa fiskal dan/atau nonfiskal;   b. fasilitas;   c. informasi peluang pasar;   d. bimbingan teknis;   e. bantuan promosi dan pemasaran; dan   f. pembiayaan, penjaminan, dan asuransi  Ekspor.   (3)  Dalam melakukan pembinaan sebagaimana  dimaksud pada ayat (2), Pemerintah Pusat dapat  bekerja sama dengan Pemerintah Daerah,  perguruan tinggi, dunia usaha, asosiasi, dan  pemangku kepentinga n lain.   (4) Kegiatan pembinaan sebagaimana dimaksud pada   ayat (3) dilakukan secara terstandardisasi dan  tersinkronisasi.   (5) Menteri menetapkan standar pelaksanaan kegiatan  pembinaan sebagaimana dimaksud pada ayat (3).    (6) Menteri melakukan sinkronisasi kegiatan  pembinaan yang dilaksanakan oleh  kementerian/lembaga terkait."
PP No 29 Tahun 2021,3002921,BAB VIII: PENGEMBANGAN EKSPOR,300292108,PASAL 115,300292109015,"(1) Insentif fiskal sebagaimana dimaksud dalam Pasal  114 ayat (2) huruf a dapat berupa insentif di  bidang perpajakan dan/atau kepabeanan sesuai  dengan ketentuan peraturan p erundang   undangan.   (2) Insentif nonfiskal sebagaimana dimaksud dalam  Pasal 114 ayat (2) huruf a terdiri atas:     2021, No.39  70   a. penyederhanaan persyaratan dan prosedur  penerbitan perizinan dan/atau nonperizinan  di bidang Perdagangan; dan/atau   b. pendampingan dalam pengur usan  pendaftaran kekayaan intelektual, sertifikasi  halal, sertifikasi mutu Barang, sertifikasi  Jasa, sertifikasi profesi, dan/atau sertifikasi  lain.  (3) Pemberian fasilitas sebagaimana dimaksud dalam  Pasal 114 ayat (2) huruf b dapat berupa:   a. penyediaan r uang pamer produk Ekspor  secara fisik dan/atau virtual;   b. pemberian kesempatan untuk mengikuti  kegiatan di pusat pengembangan desain;   c. pemberian akses pemanfaatan pelayanan  Pelaku Usaha berupa konsultasi dan  pendampingan penyelesaian permasalahan  Ekspor ; dan/atau   d. pemberian fasilitas lain.   (4) Pemberian informasi peluang pasar sebagaimana  dimaksud dalam Pasal 114 ayat (2) huruf c dapat  berupa informasi mengenai:   a. analisa peluang pasar tujuan Ekspor;   b. produk Ekspor;   c. data Ekspor, Impor, Eksportir,  dan pembeli  dari luar negeri;   d. promosi dagang di dalam dan luar negeri;  dan/atau   e. kontak dagang dari perwakilan Perdagangan  di luar negeri atau perwakilan Republik  Indonesia di luar negeri.   (5) Pemberian bimbingan teknis sebagaimana  dimaksud dalam Pa sal 114 ayat (2) huruf d  dilakukan terhadap Pelaku Usaha untuk  meningkatkan kemampuan sumber daya manusia  dan pengembangan produk Ekspor.     2021, No.39  71   (6) Pemberian bimbingan teknis sebagaimana  dimaksud pada ayat (5) dilakukan melalui:   a. sosialisasi/seminar/adaptasi p roduk;   b. lokakarya;   c. temu wicara;   d. pendidikan dan pelatihan Ekspor;   e. program pendampingan; dan/atau   f. kegiatan lain yang terkait dengan  pengembangan Ekspor.   (7) Pemberian bantuan promosi dan pemasaran  sebagaimana dimaksud dalam Pasal 114 ayat (2)     huruf e dapat berupa:   a. mengikutsertakan Pelaku Usaha yang  berorientasi Ekspor pada pameran dagang di  dalam dan di luar negeri;   b. mengikutsertakan Pelaku Usaha yang  berorientasi Ekspor pada misi dagang;   c. pelaksanaan misi pembelian;   d. pertemuan bisn is; dan/atau   e. mengikutsertakan Pelaku Usaha yang  berorientasi Ekspor pada kegiatan  penghargaan di tingkat nasional dan  internasional.   (8) Pembiayaan, penjaminan, dan asuransi Ekspor  sebagaimana dimaksud dalam Pasal 114 ayat (2)  huruf f dapat dilaksanakan  oleh lembaga keuangan  yang ditunjuk oleh Pemerintah Pusat.    (9) Ketentuan lebih lanjut mengenai pelaksanaan  pembinaan Ekspor sebagaimana dimaksud dalam  Pasal 114 ayat (2) diatur dengan Peraturan  Menteri.               2021, No.39  72   Bagian Kedua   Promosi Dagang"
PP No 29 Tahun 2021,3002921,BAB VIII: PENGEMBANGAN EKSPOR,300292108,PASAL 116,300292109016,"(1) Untuk memperluas akses pasar bagi Barang  dan/atau Jasa produksi dalam negeri, Pemerintah  Pusat dan/atau Pemerintah Daerah berkewajiban  memperkenalkan Barang dan/atau Jasa dengan  cara:   a. menyelenggarakan promosi dagang di dalam  negeri dan/atau di luar neg eri; dan/atau   b. berpartisipasi dalam promosi dagang di dalam  negeri dan/atau di luar negeri.   (2) Promosi dagang sebagaimana dimaksud pada ayat  (1) dapat berupa:   a. pameran dagang; dan   b. misi dagang.   (3) Pelaksanaan kegiatan promosi dagang  sebagaimana dim aksud pada ayat (1) di luar negeri  oleh Pemerintah Pusat, Pemerintah Daerah,  lembaga selain Pemerintah Pusat dan Pemerintah  Daerah, dan/atau Pelaku Usaha dilakukan  berkoordinasi dengan perwakilan Republik  Indonesia di luar negeri di negara terkait.   (4) Penyelenggaraan dan partisipasi dalam pameran  dagang sebagaimana dimaksud pada ayat (2) huruf  a dapat dilakukan secara luar jaringan dan dalam  jaringan."
PP No 29 Tahun 2021,3002921,BAB VIII: PENGEMBANGAN EKSPOR,300292108,PASAL 117,300292109017,"(1) Promosi dagang yang berupa pameran dagang  sebagaimana dimaksud dalam Pasal 116 ayat (2)  huruf a meliputi:   a. pameran dagang internasional;   b. pameran dagang nasional; atau   c. pameran dagang lokal.     2021, No.39  73    (2) Pameran dagang sebagaimana dimaksud pada ayat  (1) dapat diselenggarakan oleh Pemerintah Pusat,  Pemerintah Daerah, lembaga selain Pemerintah  Pusat dan Pemerintah Daerah, dan/atau Pelaku  Usaha.   (3) Dalam hal pameran dagang internasional  sebagaimana dimaksud pada ayat (1) huruf a  diselenggarakan di dalam negeri, selain dapat  diselenggarakan oleh Pemerintah Pusat,  Pemerintah Daerah, lembaga selain Pem erintah  Pusat dan Pemerintah Daerah, dan/atau Pelaku  Usaha sebagaimana dimaksud pada ayat (2),  penyelenggaraan pameran dagang internasional  yang diselenggarakan oleh pemerintah luar negeri,  perwakilan pemerintah luar negeri, Pelaku Usaha  dari luar negeri d an/atau lembaga dari luar negeri  harus bekerja sama dengan Pelaku Usaha  penyelenggara pameran dagang di dalam negeri.   (4)  Pemerintah Pusat dalam melakukan pameran  dagang di luar negeri mengikutsertakan koperasi  serta       UMK  M.  (5) Menteri mengoordinasi kan pelaksanaan dan  keikutsertaan pameran dagang internasional  sebagaimana dimaksud pada ayat (1) huruf a yang  dilaksanakan di luar negeri oleh Pemerintah Pusat,  Pemerintah Daerah, dan/atau lembaga selain  Pemerintah Pusat dan Pemerintah Daerah."
PP No 29 Tahun 2021,3002921,BAB VIII: PENGEMBANGAN EKSPOR,300292108,PASAL 118,300292109018,"(1) Pameran dagang internasional sebagaimana  dimaksud dalam Pasal 117 ayat (1) huruf a yang  diselenggarakan di dalam negeri dengan kriteria  meliputi:   a. diikuti oleh peserta yang berasal dari luar  negeri;   b. memamerkan produk berupa Barang  dan/atau Jasa y ang berasal dari luar negeri;  2021, No.39  74   dan/atau   c. diikuti oleh Eksportir Indonesia dan bertujuan  utama untuk mendatangkan pembeli  mancanegara sebagai bentuk promosi Ekspor  produk Indonesia.   (2) Pameran dagang nasional sebagaimana dimaksud  dalam Pasal 117 ayat (1) huruf b dengan kriteria  meliputi:   a. diikuti oleh peserta dari dalam negeri; dan   b. memamerkan produk berupa Barang  dan/atau Jasa yang berasal dari beberapa  provinsi.   (3) Pameran dagang lokal sebagaimana dimaksud  dalam Pasal 117 ayat (1) huruf c dengan kri teria  meliputi:   a. diikuti oleh peserta dari dalam negeri; dan   b. memamerkan produk berupa Barang  dan/atau Jasa yang berasal dari satu atau  beberapa kabupaten/kota.   (4)  Peserta yang berasal dari luar negeri sebagaimana  dimaksud pada ayat (1) huruf a deng an kriteria:   a. warga negara asing;   b. perwakilan negara asing baik yang berdomisili  di dalam negeri atau luar negeri; atau   c. perusahaan Perdagangan asing atau  perwakilan perusahaan Perdagangan asing  baik yang berdomisili di dalam negeri atau  luar negeri.   (5) Produk berupa Barang dan/atau Jasa yang berasal  dari luar negeri sebagaimana dimaksud pada ayat  (1) huruf b dengan kriteria meliputi Barang  dan/atau Jasa yang berasal dari:   a. luar negeri;   b. kawasan berikat;   c. kawasan perdagangan bebas dan pelabuhan   bebas; atau   d. kawasan ekonomi khusus.   2021, No.39  75 "
PP No 29 Tahun 2021,3002921,BAB VIII: PENGEMBANGAN EKSPOR,300292108,PASAL 119,300292109019,(1) Setiap Pelaku Usaha yang menyelenggarakan  pameran dagang dan peserta pameran dagang  wajib memenuhi Perizinan Berusaha dari  Pemerintah Pusat.    (2) Setiap Pelaku Usaha yang menyelenggarakan  pameran daga ng dengan mengikutsertakan peserta  dan/atau produk yang dipromosikan berasal dari    luar negeri diselenggarakan sesuai dengan    ketentuan peraturan perundang  undangan  mengenai penyelenggaraan perizinan berusaha  berbasis risiko.   (3) Setiap Pelaku Usaha yang  menyelenggarakan  pameran dagang dan peserta pameran dagang  yang tidak memenuhi Perizinan Berusaha  sebagaimana dimaksud pada ayat (1) dikenai  sanksi administratif.
PP No 29 Tahun 2021,3002921,BAB VIII: PENGEMBANGAN EKSPOR,300292108,PASAL 120,300292109020,"(1) Setiap penyelenggara yang menyelenggarakan  pameran dagang nasional sebagaima na dimaksud  dalam Pasal 117 ayat (1) huruf b wajib  menyampaikan laporan rencana penyelenggaraan  dan laporan pelaksanaan pameran dagang  nasional kepada gubernur melalui perangkat  daerah provinsi yang membidangi Perdagangan.   (2) Setiap penyelenggara yang men yelenggarakan  pameran dagang lokal sebagaimana dimaksud  dalam Pasal 117 ayat (1) huruf c wajib  menyampaikan laporan rencana penyelenggaraan  dan laporan pelaksanaan pameran dagang lokal  kepada bupati/wali kota melalui perangkat daerah  kabupaten/kota yang me mbidangi Perdagangan.   (3) Ketentuan lebih lanjut mengenai mekanisme  penyampaian laporan rencana penyelenggaraan  dan laporan pelaksanaan pameran dagang  sebagaimana dimaksud pada ayat (1) dan ayat (2)  2021, No.39  76   diatur dengan Peraturan Menteri."
PP No 29 Tahun 2021,3002921,BAB VIII: PENGEMBANGAN EKSPOR,300292108,PASAL 121,300292109021,"(1) Promosi dagang yang berupa misi dagang  sebagaimana dimaksud dalam Pasal 116 ayat (2)  huruf b dilakukan dalam bentuk pertemuan bisnis  internasional untuk memperluas peluang  peningkatan Ekspor.   (2) Misi dagang sebagaimana dimaksud pada ayat (1)  dilakukan melalui kun jungan Pemerintah Pusat,  Pemerintah Daerah, Pelaku Usaha, dan/atau  lembaga lainnya dari Indonesia ke luar negeri  dalam rangka melakukan kegiatan bisnis atau  meningkatkan hubungan Perdagangan kedua  negara.   (3) Penyelenggaraan misi dagang dalam rangka  kunjun gan Pemerintah Pusat sebagaimana  dimaksud pada ayat (2) diselenggarakan oleh  Menteri.   (4) Dalam menyelenggarakan misi dagang  sebagaimana dimaksud pada ayat (2), Pemerintah  Daerah melaporkan rencana dan hasil  penyelenggaraan misi dagang kepada Menteri.   (5) Menteri dapat memberikan mandat  penyelenggaraan misi dagang sebagaimana  dimaksud pada ayat (3) kepada direktur jenderal  yang membidangi pengembangan ekspor nasional.     Bagian Ketiga   Penyelenggaraan, Kemudahan, dan Keikutsertaan dalam  Promosi Dagang dalam R angka Kegiatan Pencitraan  Indonesia"
PP No 29 Tahun 2021,3002921,BAB VIII: PENGEMBANGAN EKSPOR,300292108,PASAL 122,300292109022,"(1) Promosi dagang sebagaimana dimaksud dalam  Pasal 116 ayat (2) dilakukan dalam rangka  kegiatan pencitraan Indonesia sebagai upaya  2021, No.39  77   membangun gambaran atau citra positif Indonesia  terhadap Barang dan/atau J asa di dalam dan di  luar negeri.   (2) Promosi dagang sebagaimana dimaksud pada ayat  (1) dapat dilakukan di dalam dan/atau di luar  negeri."
PP No 29 Tahun 2021,3002921,BAB VIII: PENGEMBANGAN EKSPOR,300292108,PASAL 123,300292109023,"(1) Tata cara penyelenggaraan promosi dagang dalam  rangka kegiatan pencitraan Indonesia sebagaimana  dimaksu d dalam Pasal 122 memenuhi kriteria  sebagai berikut:   a. menampilkan simbol/logo citra Indonesia  sesuai dengan ketentuan peraturan  perundang  undangan;   b. menampilkan tema (tagline)  citra Indonesia  yang memiliki ciri khas, mengandung filosofi  negara, dan mud ah diingat; dan/atau   c. penayangan dan/atau penyebarluasan profil  citra Indonesia.   (2) Dalam hal diperlukan, Pemerintah Daerah dapat  menampilkan sub tema (sub tagline ) masing   masing daerah.   (3) Tata cara penyelenggaraan promosi dagang dalam  rangka kegiatan  pencitraan Indonesia sebagaimana  dimaksud pada ayat (1) dilakukan sesuai dengan  ketentuan peraturan perundang  undangan."
PP No 29 Tahun 2021,3002921,BAB VIII: PENGEMBANGAN EKSPOR,300292108,PASAL 124,300292109024,"(1) Penyelenggaraan promosi dagang dalam rangka  kegiatan pencitraan Indonesia sebagaimana  dimaksud dalam Pasal 122 dilakuka n di luar  negeri, harus berkoordinasi dengan perwakilan  Republik Indonesia di negara terkait.   (2) Dalam hal pendanaan penyelenggaraan promosi  dagang dalam rangka kegiatan pencitraan  Indonesia sebagaimana dimaksud dalam Pasal 122  2021, No.39  78   berasal dari anggaran penda patan dan belanja  negara dan/atau anggaran pendapatan dan  belanja daerah, penyelenggaraan promosi dagang  dilakukan secara terkoordinasi atau secara  bersama  sama."
PP No 29 Tahun 2021,3002921,BAB VIII: PENGEMBANGAN EKSPOR,300292108,PASAL 125,300292109025,"(1) Dalam pelaksanaan promosi dagang dalam rangka  kegiatan pencitraan Indonesia se bagaimana  dimaksud dalam Pasal 122, Pemerintah Pusat  dan/atau Pemerintah Daerah dapat memberikan  kemudahan kepada Pelaku Usaha dan/atau  lembaga selain Pemerintah Pusat dan Pemerintah  Daerah.   (2) Kemudahan sebagaimana dimaksud pada ayat (1)  dapat berupa:   a. penerbitan surat dukungan penyelenggaraan  kegiatan promosi dagang dalam rangka  kegiatan kampanye pencitraan Indonesia;  dan/atau   b. bantuan sarana dan prasarana serta  informasi."
PP No 29 Tahun 2021,3002921,BAB VIII: PENGEMBANGAN EKSPOR,300292108,PASAL 126,300292109026,"Keikutsertaan kementerian/lembaga pemerintah  nonkementerian, Pemer intah Daerah provinsi, dan  Pemerintah Daerah kabupaten/kota pada promosi  dagang dalam rangka kegiatan pencitraan Indonesia  yang pendanaannya berasal dari anggaran pendapatan  dan belanja negara, anggaran pendapatan dan belanja  daerah diprioritaskan diberika n kepada Pelaku Usaha  skala usaha kecil dan usaha menengah yang  berorientasi pada Ekspor."
PP No 29 Tahun 2021,3002921,BAB VIII: PENGEMBANGAN EKSPOR,300292108,PASAL 127,300292109027,"Ketentuan lebih lanjut mengenai tata cara  penyelenggaraan, kemudahan, dan keikutsertaan pada  2021, No.39  79   promosi dagang dalam rangka kegiatan pencitraan  Indonesia seb agaimana dimaksud dalam Pasal 122  sampai dengan Pasal 126 diatur dengan Peraturan  Menteri.     BAB IX : METROLOGI LEGAL   Bagian Kesatu   Persetujuan Tipe Alat Ukur, Alat Takar, Alat Timbang, dan  Alat Perlengkapan"
PP No 29 Tahun 2021,3002921,BAB IX: METROLOGI LEGAL,300292109,PASAL 128,300292110028,"(1) Setiap Alat Ukur, Alat Takar, Ala t Timbang, dan  Alat Perlengkapan yang diproduksi di dalam negeri  sebelum beredar di pasar atau yang berasal dari  Impor sebelum memasuki wilayah Republik  Indonesia wajib memiliki Persetujuan Tipe.   (2) Ketentuan lebih lanjut mengenai daftar Alat Ukur,  Alat T akar, Alat Timbang, dan Alat Perlengkapan  yang wajib memiliki Persetujuan Tipe sebagaimana  dimaksud pada ayat (1) diatur dengan Peraturan  Menteri.   (3) Daftar Alat Ukur, Alat Takar, Alat Timbang, dan  Alat Perlengkapan yang diatur berdasarkan  Peraturan Mente ri sebagaimana dimaksud pada  ayat (2) dapat diubah berdasarkan keputusan  rapat koordinasi yang dipimpin oleh menteri yang  menyelenggarakan koordinasi, sinkronisasi, dan  pengendalian urusan kementerian dalam  penyelenggaraan pemerintahan di bidang  perekonomi an, yang dihadiri menteri/kepala  lembaga pemerintah nonkementerian atau pejabat  yang ditunjuk untuk mewakili yang diberikan  kewenangan untuk dan atas nama menteri/kepala  lembaga pemerintah nonkementerian.     2021, No.39  80   (4) Ketentuan persyaratan dan tata cara penerbitan  Persetujuan Tipe sebagaimana dimaksud pada ayat  (1) sesuai dengan ketentuan peraturan perundang   undangan mengenai penyelenggaraan perizinan  berusaha berbasis risiko."
PP No 29 Tahun 2021,3002921,BAB IX: METROLOGI LEGAL,300292109,PASAL 129,300292110029,"Setiap Pelaku Usaha yang memproduksi di dalam negeri  atau mengimpor Alat Ukur,  Alat Takar, Alat Timbang,  dan Alat Perlengkapan yang:   a. tidak memiliki Persetujuan Tipe; atau   b. tidak sesuai dengan Persetujuan Tipe yang  dimiliki,   dikenai sanksi administratif."
PP No 29 Tahun 2021,3002921,BAB IX: METROLOGI LEGAL,300292109,PASAL 130,300292110030,"(1) Persetujuan Tipe sebagaimana dimaksud dalam  Pasal 128 ayat (1) diperoleh berdasarkan evaluasi  tipe yang meliputi:   a. pemeriksaan tipe;   b. pengujian tipe; dan   c. penerbitan sertifikat evaluasi tipe.   (2) Petunjuk teknis mengenai Persetujuan Tipe dan  evaluasi tipe ditetapkan oleh Menteri.     Bagian Kedua   Reparasi Alat  Ukur, Alat Takar, Alat Timbang, dan Alat  Perlengkapan"
PP No 29 Tahun 2021,3002921,BAB IX: METROLOGI LEGAL,300292109,PASAL 131,300292110031,"(1) Pelaku Usaha yang melakukan kegiatan usaha  Reparasi Alat Ukur, Alat Takar, Alat Timbang, dan  Alat Perlengkapan wajib memiliki Perizinan  Berusaha berupa tanda daftar usaha Reparasi Ala t  Ukur, Alat Takar, Alat Timbang, dan Alat  Perlengkapan.     2021, No.39  81   (2) Pelaku Usaha yang melaksanakan kegiatan usaha  Reparasi Alat Ukur, Alat Takar, Alat Timbang, dan  Alat Perlengkapan sebagaimana dimaksud pada  ayat (1) wajib telah didukung oleh Reparatir Alat  Ukur,  Alat Takar, Alat Timbang, dan Alat  Perlengkapan.   (3) Ketentuan persyaratan dan tata cara pendaftaran  sebagaimana dimaksud pada ayat (1) sesuai  dengan ketentuan peraturan perundang  undangan  mengenai penyelenggaraan perizinan berusaha  berbasis risiko."
PP No 29 Tahun 2021,3002921,BAB IX: METROLOGI LEGAL,300292109,PASAL 132,300292110032,"(1) Menteri memiliki kewenangan melakukan  pembinaan, monitoring, dan evaluasi terhadap  Pelaku Usaha yang melakukan kegiatan usaha  Reparasi Alat Ukur, Alat Takar, Alat Timbang, dan  Alat Perlengkapan.   (2) Menteri menyusun norma, standar, prosedur, dan   kriteria pembinaan, monitoring, dan evaluasi  kegiatan usaha Reparasi Alat Ukur, Alat Takar,  Alat Timbang, dan Alat Perlengkapan.   (3) Gubernur DKI Jakarta untuk Provinsi DKI Jakarta  atau bupati/wali kota melakukan pembinaan,  monitoring, dan evaluasi terhad ap Pelaku Usaha  yang melakukan kegiatan usaha Reparasi Alat  Ukur, Alat Takar, Alat Timbang, dan Alat  Perlengkapan di wilayah kerjanya berpedoman  kepada norma, standar, prosedur, dan kriteria  sebagaimana dimaksud pada ayat (2).     Bagian Ketiga   Kuantitas BDK T"
PP No 29 Tahun 2021,3002921,BAB IX: METROLOGI LEGAL,300292109,PASAL 133,300292110033,"(1) Pengaturan tentang BDKT dilakukan untuk  memastikan pencantuman pelabelan kuantitas dan  2021, No.39  82   kesesuaian kuantitas.   (2) Pengaturan tentang BDKT sebagaimana dimaksud  pada ayat (1) berlaku untuk BDKT yang kuantitas  nominalnya dinyatakan dalam be rat, volume,  panjang, luas, atau jumlah hitungan, yang  merupakan:   a. produksi di dalam negeri;   b. Impor; dan   c. Barang atau komoditas produksi dalam negeri  atau asal Impor yang dikemas di wilayah  Republik Indonesia.   (3) Pengaturan tentang BDKT sebagaimana dimaksud  pada ayat (1) dikecualikan terhadap Barang yang  dijual dalam keadaan terbungkus atau dikemas  yang isinya makanan atau minuman yang menurut  kenyataannya mudah basi atau tidak tahan lebih  dari 7 (tujuh) hari."
PP No 29 Tahun 2021,3002921,BAB IX: METROLOGI LEGAL,300292109,PASAL 134,300292110034,"Pelaku Usaha yang mengemas a tau membungkus  Barang, memproduksi, atau mengimpor BDKT untuk  diperdagangkan wajib mencantumkan kuantitas pada  kemasan dan/atau label."
PP No 29 Tahun 2021,3002921,BAB IX: METROLOGI LEGAL,300292109,PASAL 135,300292110035,"(1) Pencantuman kuantitas pada kemasan dan/atau  label BDKT sebagaimana dimaksud dalam Pasal  134 paling sediki t meliputi isi bersih, berat bersih  atau neto, jumlah hitungan, berat tuntas, panjang,  dan/atau luas.   (2) Pencantuman kuantitas pada kemasan dan/atau  label BDKT sebagaimana dimaksud pada ayat (1)  disertai dengan pencantuman satuan ukuran,  lambang satuan, a tau hitungan sesuai dengan  ketentuan peraturan perundang  undangan.   (3) Selain pencantuman kuantitas, pada kemasan  dan/atau label BDKT wajib dicantumkan informasi  2021, No.39  83   mengenai:   a. nama Barang; dan   b. nama serta alamat perusahaan."
PP No 29 Tahun 2021,3002921,BAB IX: METROLOGI LEGAL,300292109,PASAL 136,300292110036,"(1) Informasi yang dicantumkan pada kemasan  dan/atau label BDKT sebagaimana dimaksud  dalam Pasal 135 harus menggunakan tulisan yang  mudah dibaca, jelas, benar, dan menggunakan  bahasa Indonesia sesuai dengan ketentuan  sebagaimana dimaksud dalam Pasal 21.   (2) Pencantuman infor masi pada kemasan dan/atau  label BDKT dilakukan sedemikian rupa sehingga  tidak mudah lepas, tidak mudah luntur atau  rusak, serta mudah untuk dilihat dan dibaca.   (3) Pencantuman informasi pada kemasan dan/atau  label BDKT harus bersifat tetap."
PP No 29 Tahun 2021,3002921,BAB IX: METROLOGI LEGAL,300292109,PASAL 137,300292110037,"(1) Pelaku Usaha yang mengemas atau membungkus  Barang, memproduksi, atau mengimpor BDKT  untuk diperdagangkan wajib menjamin kebenaran  kuantitas yang tercantum dalam kemasan  dan/atau label.   (2) Kebenaran terhadap kuantitas BDKT sebagaimana  dimaksud pada ayat (1) diberikan toleransi sesuai  batasan yang sesuai dengan ketentuan peraturan  perundang  undangan.                     2021, No.39  84   BAB X : PELAKSANAAN PENGAWASAN KEGIATAN PERDAGANGAN   Bagian Kesatu   Ruang Lingkup Pengawasan Kegiatan Perdagangan"
PP No 29 Tahun 2021,3002921,BAB X: PELAKSANAAN PENGAWASAN KEGIATAN PERDAGANGAN,300292110,PASAL 138,300292111038,"Kewenangan pengawasan terhadap ke giatan  Perdagangan dilakukan terhadap:   a. Perizinan Berusaha di bidang Perdagangan;   b. Perdagangan Barang yang diawasi, dilarang,  dan/atau diatur;   c. Distribusi Barang;   d. Perdagangan Jasa;   e. penggunaan atau kelengkapan label berbahasa  Indonesia;   f. penda ftaran Barang produk dalam negeri dan asal  Impor yang terkait dengan keamanan,  keselamatan, kesehatan, dan lingkungan hidup;   g. Barang yang diberlakukan SNI dan persyaratan  teknis secara wajib yang diperdagangkan;   h. Jasa yang diberlakukan SNI, persyaratan  teknis,  dan kualifikasi secara wajib;   i. Perizinan Berusaha terkait Gudang;   j. penyimpanan Barang Kebutuhan Pokok dan/atau  Barang Penting;   k. Perdagangan Melalui Sistem Elektronik; dan   l. lembaga penilaian kesesuaian yang melakukan  sertifikasi Barang dan/ atau Jasa yang  diperdagangkan sesuai SNI, persyaratan teknis,  dan kualifikasi sesuai dengan ketentuan peraturan  perundang  undangan.             2021, No.39  85   Bagian Kedua   Kewenangan Pengawasan"
PP No 29 Tahun 2021,3002921,BAB X: PELAKSANAAN PENGAWASAN KEGIATAN PERDAGANGAN,300292110,PASAL 139,300292111039,"(1) Pemerintah Pusat dan Pemerintah Daerah  mempunyai wewenang melakukan p engawasan di  bidang Perdagangan sesuai dengan ketentuan  peraturan perundang  undangan.   (2) Kewenangan pengawasan oleh Pemerintah Pusat  sebagaimana dimaksud pada ayat (1) dilakukan  oleh Menteri.   (3) Menteri mempunyai wewenang melakukan  pengawasan di bidang P erdagangan di tingkat  nasional.   (4) Kewenangan pengawasan oleh Pemerintah Daerah  sebagaimana dimaksud pada ayat (1) dilakukan  oleh gubernur.   (5) Gubernur mempunyai wewenang melakukan  pengawasan di bidang Perdagangan di wilayah  kerjanya.   (6) Selain gubernur  sebagaimana dimaksud pada ayat  (5), bupati/wali kota mempunyai wewenang  melakukan pengawasan di bidang Perdagangan  berupa:   a. bahan berbahaya;   b. pupuk serta pestisida dalam rangka  pelaksanaan pengadaan, penyaluran, dan  penggunaan pupuk bersubsidi;   c. Gudang;  d. minuman beralkohol; dan   e. Barang Kebutuhan Pokok dan Barang Penting    di wilayah kerjanya.   (7) Pengawasan di bidang Perdagangan yang menjadi  kewenangan gubernur sebagaimana dimaksud  pada ayat (5) tidak termasuk kewenangan  pengawasan tata niaga Impo r setelah melalui  kawasan pabean.   2021, No.39  86 "
PP No 29 Tahun 2021,3002921,BAB X: PELAKSANAAN PENGAWASAN KEGIATAN PERDAGANGAN,300292110,PASAL 140,300292111040,(1) Menteri mendelegasikan kewenangan pelaksanaan  pengawasan sebagaimana dimaksud dalam Pasal  139 ayat (3) kepada direktur jenderal yang  membidangi perlindungan konsumen dan tertib  niaga.   (2) Gubernur mendelega sikan kewenangan  pelaksanaan pengawasan sebagaimana dimaksud  dalam Pasal 139 ayat (5) kepada kepala dinas  provinsi yang tugas dan tanggung jawabnya di  bidang Perdagangan.   (3) Bupati/wali kota mendelegasikan kewenangan  pelaksanaan pengawasan sebagaimana dim aksud  dalam Pasal 139 ayat (6) kepada kepala dinas  kabupaten/kota yang tugas dan tanggung  jawabnya di bidang Perdagangan.
PP No 29 Tahun 2021,3002921,BAB X: PELAKSANAAN PENGAWASAN KEGIATAN PERDAGANGAN,300292110,PASAL 141,300292111041,"Menteri, gubernur, bupati/wali kota dalam melakukan  pengawasan dapat berkoordinasi dengan instansi teknis  terkait."
PP No 29 Tahun 2021,3002921,BAB X: PELAKSANAAN PENGAWASAN KEGIATAN PERDAGANGAN,300292110,PASAL 142,300292111042,(1) Menteri menetapkan petunjuk teknis pelaksanaan  pengawasan kegiatan Perdagangan.   (2) Gubernur dan/atau bupati/wali kota melakukan  pengawasan kegiatan Perdagangan berpedoman  pada petunjuk teknis yang ditetapkan oleh  Menteri.     Bagian Ketiga   Pelaksan a Pengawasan
PP No 29 Tahun 2021,3002921,BAB X: PELAKSANAAN PENGAWASAN KEGIATAN PERDAGANGAN,300292110,PASAL 143,300292111043,"Pengawasan kegiatan Perdagangan sebagaimana  dimaksud dalam Pasal 138 dilaksanakan oleh petugas  pengawas yang terdiri dari:   2021, No.39  87   a. Petugas Pengawas Perdagangan; dan/atau   b. PPNS  DAG."
PP No 29 Tahun 2021,3002921,BAB X: PELAKSANAAN PENGAWASAN KEGIATAN PERDAGANGAN,300292110,PASAL 144,300292111044,"Menteri mempunyai wewenang menunjuk Pet ugas  Pengawas Perdagangan sebagaimana dimaksud dalam  Pasal 143 huruf a di lingkungan kementerian yang  menyelenggarakan urusan pemerintahan di bidang  Perdagangan, dinas provinsi, dan dinas kabupaten/kota  yang membidangi Perdagangan."
PP No 29 Tahun 2021,3002921,BAB X: PELAKSANAAN PENGAWASAN KEGIATAN PERDAGANGAN,300292110,PASAL 145,300292111045,"(1) Dalam ha l Pemerintah Daerah belum memiliki  Petugas Pengawas Perdagangan dan/atau PPNS   DAG sebagaimana dimaksud dalam Pasal 143,  gubernur atau bupati/wali kota dapat  mengusulkan pegawai untuk melaksanakan  pengawasan terhadap kegiatan Perdagangan  kepada Menteri.   (2) Berdasarkan usulan sebagaimana dimaksud pada   ayat (1) Menteri melalui direktur jenderal yang  membidangi perlindungan konsumen dan tertib  niaga sesuai delegasi kewenangan sebagaimana  dimaksud dalam Pasal 140 ayat (1) menetapkan  pegawai di daerah yang mela ksanakan pengawasan  terhadap kegiatan Perdagangan.     Bagian Keempat   Pelaksanaan Pengawasan Kegiatan Perdagangan"
PP No 29 Tahun 2021,3002921,BAB X: PELAKSANAAN PENGAWASAN KEGIATAN PERDAGANGAN,300292110,PASAL 146,300292111046,"Pelaksanaan pengawasan kegiatan Perdagangan  meliputi:   a. pengawasan berkala atau rutin; dan   b. pengawasan khusus atau insidental.       2021, No.39  88 "
PP No 29 Tahun 2021,3002921,BAB X: PELAKSANAAN PENGAWASAN KEGIATAN PERDAGANGAN,300292110,PASAL 147,300292111047,(1) Pelaksanaan pengawasan kegiatan Perdagangan  secara berkala atau rutin sebagaimana dimaksud  dalam Pasal 146 huruf a dilakukan berdasarkan  objek pengawasan secara terencana dan terjadwal.   (2) Pelaksanaan pengawasan kegiatan Perdagangan  secar a khusus atau insidental sebagaimana  dimaksud dalam Pasal 146 huruf b dilakukan  sewaktu  waktu.
PP No 29 Tahun 2021,3002921,BAB X: PELAKSANAAN PENGAWASAN KEGIATAN PERDAGANGAN,300292110,PASAL 148,300292111048,"(1) Pelaksanaan pengawasan kegiatan Perdagangan  secara berkala atau rutin sebagaimana dimaksud  dalam Pasal 146 huruf a dilakukan berdasarkan  klasifik asi risiko yang telah ditetapkan.   (2) Pelaksanaan pengawasan kegiatan Perdagangan  secara khusus atau insidental sebagaimana  dimaksud dalam Pasal 146 huruf b dilakukan  berdasarkan:   a. pengaduan masyarakat;   b. informasi melalui media cetak, media  elektronik,  media lainnya; atau   c. informasi lainnya mengenai isu kegiatan  Perdagangan."
PP No 29 Tahun 2021,3002921,BAB X: PELAKSANAAN PENGAWASAN KEGIATAN PERDAGANGAN,300292110,PASAL 149,300292111049,"Dalam rangka pelaksanaan pengawasan kegiatan  Perdagangan Luar Negeri, direktorat jenderal yang  membidangi kepabeanan memberikan data Ekspor dan  Impor kepada direktora t jenderal yang membidangi  perlindungan konsumen dan tertib niaga, secara waktu  nyata melalui sistem teknologi informasi yang  terintegrasi.           2021, No.39  89   Bagian Kelima   Pengawasan Kegiatan Perdagangan Bidang Impor Setelah  Melalui Kawasan Pabean"
PP No 29 Tahun 2021,3002921,BAB X: PELAKSANAAN PENGAWASAN KEGIATAN PERDAGANGAN,300292110,PASAL 150,300292111050,"(1) Pelaks anaan pengawasan kegiatan Perdagangan  setelah melalui kawasan pabean sebagaimana  dimaksud dalam Pasal 14, kewajiban pendaftaran  Barang sebelum diimpor sebagaimana dimaksud  dalam Pasal 108 ayat (2), dan kewajiban memiliki  Persetujuan Tipe untuk Alat Ukur, A lat Takar, Alat  Timbang, dan Alat Perlengkapan yang berasal dari  Impor sebagaimana dimaksud dalam Pasal 128  ayat (1) dilaksanakan dengan mekanisme sebagai  berikut:   a. pemeriksaan kesesuaian data pemberitahuan  pabean Impor;   b. pemeriksaan khusus terhadap do kumen  Impor; dan/atau   c. pengawasan kewajiban tata niaga Impor  setelah Barang melalui kawasan pabean.   (2) Pengawasan kegiatan Perdagangan sebagaimana  dimaksud pada ayat (1) dilaksanakan oleh petugas  pengawas sebagaimana dimaksud dalam Pasal  143.  (3) Menter i menetapkan petunjuk teknis pelaksanaan  pengawasan kegiatan Perdagangan sebagaimana  dimaksud pada ayat (1)."
PP No 29 Tahun 2021,3002921,BAB X: PELAKSANAAN PENGAWASAN KEGIATAN PERDAGANGAN,300292110,PASAL 151,300292111051,"(1) Pemeriksaan kesesuaian sebagaimana dimaksud  dalam Pasal 150 ayat (1) huruf a, dilakukan  terhadap data pemberitahuan pabean Impor ya ng  diterima melalui sistem informasi yang terintegrasi  terhadap data Perizinan Berusaha di bidang Impor  dalam sistem informasi yang dikelola oleh  kementerian yang menyelenggarakan urusan  2021, No.39  90   pemerintahan di bidang Perdagangan.   (2) Data pemberitahuan pabean Imp or yang diterima  sebagaimana dimaksud pada ayat (1) diakses  melalui sistem informasi yang dikelola kementerian  yang menyelenggarakan urusan pemerintahan di  bidang Perdagangan.   (3) Data pemberitahuan pabean Impor sebagaimana  dimaksud pada ayat (2) terdiri a tas:  a. nomor dan tanggal Perizinan Berusaha di  bidang Impor;   b. jumlah atau volume Impor Barang; dan/atau   c. nomor dan tanggal dokumen verifikasi atau  penelusuran teknis."
PP No 29 Tahun 2021,3002921,BAB X: PELAKSANAAN PENGAWASAN KEGIATAN PERDAGANGAN,300292110,PASAL 152,300292111052,"(1) Pemeriksaan khusus sebagaimana dimaksud  dalam Pasal 150 ayat (1) hu ruf b dapat dilakukan  berdasarkan:   a. hasil pemeriksaan kesesuaian sebagaimana  dimaksud dalam Pasal 151; atau   b. informasi dari instansi pemerintah terkait  dan/atau masyarakat.   (2) Pemeriksaan khusus berdasarkan hasil  pemeriksaan kesesuaian sebagaimana dim aksud  pada ayat (1) huruf a, dilakukan dalam hal  Importir diduga:   a. tidak memiliki Perizinan Berusaha di bidang  Impor;   b. Barang yang diimpor melebihi jumlah atau  volume yang tercantum dalam Perizinan  Berusaha di bidang Impor; dan/atau   c. tidak memiliki dokumen verifikasi atau  penelusuran teknis."
PP No 29 Tahun 2021,3002921,BAB X: PELAKSANAAN PENGAWASAN KEGIATAN PERDAGANGAN,300292110,PASAL 153,300292111053,"(1) Selain terhadap Importir sebagaimana dimaksud  dalam Pasal 152 ayat (2), pemeriksaan khusus  2021, No.39  91   dilakukan terhadap Importir yang telah ditetapkan  sebagai Importir dengan klasifikasi risiko tertentu.   (2) Ketentuan lebih lanjut mengenai penetapan  Importir dengan klasifikasi risiko tertentu  sebagaimana dimaksud pada ayat (1) diatur  dengan Peraturan Menteri."
PP No 29 Tahun 2021,3002921,BAB X: PELAKSANAAN PENGAWASAN KEGIATAN PERDAGANGAN,300292110,PASAL 154,300292111054,"(1) Pemeriksaan khusus sebagaimana dimaksud  dalam Pasal 152 dan Pasal 153, dilaksanakan  melalui pemeriksaan kelengkapan dan kebenaran  dokumen asli persyaratan Impor sesuai dengan  ketentuan peraturan perundang  undangan.   (2) Dalam hal diperlukan, pemeriksaan khusus  sebagaimana dimaksud pada ayat (1) dapat  meminta klarifikasi kepada Importir dan   memeriksa kesesuaian antara realisasi jumlah  atau volume Impor dengan pencatatan masuk  Barang asal Impor di domisili Importir dan/atau  lokasi lain di mana Barang asal Impor tersimpan.   (3) Apabila berdasarkan pemeriksaan khusus  sebagaimana dimaksud pada ay at (1), Importir  terbukti:   a. tidak memenuhi kewajiban kepemilikan  Perizinan Berusaha di bidang Impor;   b. tidak memenuhi kewajiban kepemilikan  dokumen verifikasi atau penelurusan teknis;  dan/atau   c. realisasi jumlah atau volume Barang yang  diimpor melebihi  jumlah atau volume yang  tercantum dalam Perizinan Berusaha,   dilanjutkan dengan pengawasan kegiatan  Perdagangan berdasarkan ruang lingkup  sebagaimana dimaksud dalam Pasal 138.         2021, No.39  92   Bagian Keenam   Tindak Lanjut Pengawasan"
PP No 29 Tahun 2021,3002921,BAB X: PELAKSANAAN PENGAWASAN KEGIATAN PERDAGANGAN,300292110,PASAL 155,300292111055,(1) Petugas Pengawas Per dagangan membuat laporan  hasil pengawasan kepada direktur jenderal yang  membidangi perlindungan konsumen dan tertib  niaga dan/atau kepala dinas yang membidangi  urusan Perdagangan di provinsi dan/atau  kabupaten/kota sesuai wilayah kerja Petugas  Pengawas Per dagangan.   (2) Petugas Pengawas Perdagangan sebagaimana  dimaksud pada ayat (1) dalam hal menemukan  dugaan pelanggaran kegiatan di bidang  Perdagangan dapat merekomendasikan pengenaan  sanksi administratif dan/atau tindak lanjut  penegakan hukum pidana.
PP No 29 Tahun 2021,3002921,BAB X: PELAKSANAAN PENGAWASAN KEGIATAN PERDAGANGAN,300292110,PASAL 156,300292111056,"(1) Dalam hal diduga terdapat pelanggaran kegiatan di  bidang Perdagangan, PPNS  DAG dapat melakukan  pengamanan terhadap Barang hasil pengawasan  dan/atau lokasi objek pengawasan atau tempat  Barang hasil pengawasan ditemukan.   (2) Pengamanan sebagaimana d imaksud pada ayat (1)  dilakukan melalui pemasangan tanda pengaman.   (3) Pemutusan tanda pengaman dilakukan oleh PPNS   DAG.   (4) Pelaku Usaha atau pihak lain yang menguasai  Barang sebagaimana dimaksud pada ayat (1)  dilarang untuk memindahtangankan,  memanfaatka n, atau melakukan tindakan lain  yang mengakibatkan perubahan pada jumlah,  bentuk, jenis, dan/atau tipe Barang selama  dilakukan pengamanan.   (5) Pelaku Usaha atau pihak lain yang menguasai  Barang sebagaimana dimaksud pada ayat (1)  2021, No.39  93   dilarang untuk membuka, mel epas, atau merusak  tanda pengaman.   (6) Pelaku Usaha atau pihak lain yang menguasai  Barang yang melanggar ketentuan sebagaimana  dimaksud pada ayat (4) dan ayat (5) dikenai sanksi  administratif."
PP No 29 Tahun 2021,3002921,BAB X: PELAKSANAAN PENGAWASAN KEGIATAN PERDAGANGAN,300292110,PASAL 157,300292111057,"(1) Dalam hal ditemukan bukti awal dugaan terjadi  tindak pidana di bidang Perdagangan, Petugas  Pengawas Perdagangan dan/atau pegawai yang  telah ditetapkan melaporkannya kepada PPNS   DAG atau pejabat penyidik Kepolisian Negara  Republik Indonesia.   (2) Dalam hal ditemukan adanya dugaan tindak  pidana atau menda pat laporan sebagaimana  dimaksud pada ayat (1), PPNS  DAG melakukan  penyidikan sesuai dengan ketentuan peraturan  perundang  undangan."
PP No 29 Tahun 2021,3002921,BAB X: PELAKSANAAN PENGAWASAN KEGIATAN PERDAGANGAN,300292110,PASAL 158,300292111058,"(1) Pelaku Usaha wajib memberikan data dan  informasi yang dibutuhkan oleh Petugas Pengawas  Perdagangan, PPNS  DAG dan/atau pegawai yang  telah ditetapkan.   (2) Pelaku Usaha yang tidak melaksanakan kewajiban  sebagaimana dimaksud pada ayat (1) dikenai  sanksi administratif."
PP No 29 Tahun 2021,3002921,BAB X: PELAKSANAAN PENGAWASAN KEGIATAN PERDAGANGAN,300292110,PASAL 159,300292111059,"(1) Petugas Pengawas Perdagangan dan/atau PPNS   DAG dapat melakukan pemanggilan kepada P elaku  Usaha.   (2) Apabila Pelaku Usaha setelah pemanggilan kedua  tetap tidak hadir, Pelaku Usaha dikenai sanksi  administratif.     2021, No.39  94   Bagian Ketujuh   Tindak Lanjut Pelanggaran Pengawasan Perizinan  Berusaha Setelah Melalui Kawasan Pabean"
PP No 29 Tahun 2021,3002921,BAB X: PELAKSANAAN PENGAWASAN KEGIATAN PERDAGANGAN,300292110,PASAL 160,300292111060,"Berdasarkan hasil pengawasan sebagaimana dimaksud  dalam Pasal 155, Importir yang telah memiliki Perizinan  Berusaha dan/atau persyaratan Impor namun  melakukan tindakan berupa:   a. tidak atau salah mencantumkan data Perizinan  Berusaha dan/atau dokumen verifikasi atau  penelusuran teknis dalam dokumen  pemberitahuan pabean Impor; dan/atau   b. mencantumkan satuan jumlah atau volume Impor  Barang dalam pemberitahuan pabean Impor yang  tidak sesuai dengan satuan jumlah atau volume  Impor Barang yang dinyatakan dalam Perizinan  Berus aha,  dikenai sanksi administratif."
PP No 29 Tahun 2021,3002921,BAB X: PELAKSANAAN PENGAWASAN KEGIATAN PERDAGANGAN,300292110,PASAL 161,300292111061,"(1) Dalam hal berdasarkan hasil pengawasan  sebagaimana dimaksud dalam Pasal 155,  ditemukan Importir yang tidak mencantumkan  atau mencantumkan data Perizinan Berusaha  dan/atau dokumen verifikasi atau penelusura n  teknis dalam dokumen pemberitahuan pabean  Impor secara tidak benar karena tidak memiliki  kelengkapan dokumen Perizinan Berusaha  dan/atau persyaratan Impor, dikenai sanksi  administratif.   (2) Terhadap Barang Impor yang tidak dilengkapi  dengan Perizinan Ber usaha dan/atau verifikasi  atau penelusuran teknis Impor, Menteri dapat  menerbitkan perintah kepada Pelaku Usaha  berupa:     2021, No.39  95   a. pelarangan mengedarkan untuk sementara  waktu;   b. penarikan Barang dari Distribusi; dan/atau   c. pemusnahan Barang.   (3) Menteri memberi kan mandat kewenangan perintah  pelarangan mengedarkan untuk sementara waktu,  penarikan Barang dari Distribusi, dan/atau  pemusnahan Barang sebagaimana dimaksud pada  ayat (2) kepada direktur jenderal yang membidangi  perlindungan konsumen dan tertib niaga."
PP No 29 Tahun 2021,3002921,BAB X: PELAKSANAAN PENGAWASAN KEGIATAN PERDAGANGAN,300292110,PASAL 162,300292111062,"(1) Dalam hal berdasarkan hasil pengawasan  ditemukan Importir melakukan importasi Barang  yang jumlahnya melebihi volume atau jumlah yang  tercantum dalam Perizinan Berusaha, dikenai  sanksi administratif.   (2) Terhadap Barang Impor yang jumlahnya me lebihi  volume atau jumlah yang tercantum dalam  Perizinan Berusaha, Menteri dapat menerbitkan  perintah kepada Pelaku Usaha berupa:   a. pelarangan mengedarkan untuk sementara  waktu;   b. penarikan Barang dari Distribusi; dan/atau   c. pemusnahan Barang.   (3) Mente ri memberikan mandat kewenangan perintah  pelarangan mengedarkan untuk sementara waktu,  penarikan Barang dari Distribusi, dan/atau  pemusnahan Barang sebagaimana dimaksud pada  ayat (2) kepada direktur jenderal yang membidangi  perlindungan konsumen dan tertib  niaga."
PP No 29 Tahun 2021,3002921,BAB X: PELAKSANAAN PENGAWASAN KEGIATAN PERDAGANGAN,300292110,PASAL 163,300292111063,"Dalam hal Importir dikenai sanksi administratif,  direktur jenderal yang membidangi perlindungan  konsumen dan tertib niaga menyampaikan surat  permintaan larangan kegiatan importasi yang dilakukan  2021, No.39  96   oleh Importir kepada direktur jenderal ya ng  membidangi kepabeanan, dan ditembuskan kepada  direktur jenderal yang membidangi perdagangan luar  negeri.     Bagian Kedelapan   Pembinaan Sumber Daya Manusia Pengawasan"
PP No 29 Tahun 2021,3002921,BAB X: PELAKSANAAN PENGAWASAN KEGIATAN PERDAGANGAN,300292110,PASAL 164,300292111064,"Menteri melakukan pembinaan terhadap sumber daya  manusia pengawasan kegiatan Perdagangan di pusat,  provinsi, dan kabupaten/kota."
PP No 29 Tahun 2021,3002921,BAB X: PELAKSANAAN PENGAWASAN KEGIATAN PERDAGANGAN,300292110,PASAL 165,300292111065,"Ketentuan mengenai petunjuk teknis persyaratan,  pelatihan Petugas Pengawas Perdagangan, penunjukan  pegawai untuk dapat melaksanakan pengawasan, dan  pelaksanaan pengawasan terhadap kegiatan  Perdagangan diatur dengan Peraturan Menteri.     BAB XI : SANKSI ADMINISTRATIF"
PP No 29 Tahun 2021,3002921,BAB XI: SANKSI ADMINISTRATIF,300292111,PASAL 166,300292112066,"(1) Pelaku Usaha yang melanggar ketentuan  sebagaimana dimaksud dalam Pasal 5 ayat (1),  Pasal 5 ayat (3), Pasal 6 ayat (1), Pasal 6 ayat (3),  Pasal 9 ayat (1), Pasal 10 ayat (1), Pasal 10 ayat (2),  Pasal 11 ayat (1), Pasal 12 ayat (1), Pasal 15 ayat  (1), Pasal 16 ayat (1), Pasal 20 ayat (1), Pasal 24  ayat (1), Pasal 25 ayat (1), Pasal 26 ayat (1), Pasal  29 ayat (1), Pasal 29 ayat (2), Pasal 36, Pasal 38,  Pasal 39, Pasal 40, Pa sal 41, Pasal 47,      Pasal 48,  Pasal 51, Pasal 55, Pasal 61 ayat (1),          Pasal  64, Pasal 68, Pasal 91 ayat (1), Pasal 92 ayat (1),  Pasal 93, Pasal 94 ayat (4), Pasal 97, Pasal 98 ayat  (2), Pasal 98 ayat (3), Pasal 98 ayat (4), Pasal 99  2021, No.39  97   ayat (1), Pa sal 99 ayat (2), Pasal 102 ayat (2), Pasal  103, Pasal 104 ayat (1), Pasal 105 ayat (1), Pasal  107 ayat (2), Pasal 107 ayat (7), Pasal 108 ayat (1),           Pasal 109 ayat (1), Pasal 110 ayat (1), Pasal 110           ayat (4), Pasal 111 ayat (2), Pasal 119 ayat (1),            Pasal 120 ayat (1), Pasal 120 ayat (2), Pasal 128          ayat (1), Pasal 129, Pasal 134, Pasal 137 ayat (1),      Pasal 156 ayat (4), Pasal 156 ayat (5), Pasal 158          ayat (1), Pasal 159 ayat (2), Pasal 160, Pasal 16 1        ayat (1), dan/atau Pasal 162 ayat (1), dikenai  sanksi administratif.    (2) Sanksi administratif sebagaimana dimaksud pada   ayat (1) dapat berupa:   a. teguran tertulis;   b. penarikan Barang dari Distribusi;   c. penghentian sementara kegiatan usaha;   d. penutupan Gudang;   e. denda; dan/atau   f. pencabutan Perizinan Berusaha.   (3)  Tata cara pengenaan sanksi administratif terhadap  pelanggaran sebagaimana dimaksud dalam Pasal  61 ayat (1) dilakukan sesuai dengan ketentuan  peraturan perundang  undangan mengenai  pengenaan sanksi administratif kepada pemilik  Gudang yang tidak melakukan pendaftaran  Gudang.   (4) Tata cara pengenaan sanksi administratif terhadap  pelanggaran selain sebagaimana dimaksud pada      ayat (3) dilakukan dengan 2 (dua) mekanisme:   a. secara bertah ap; dan/atau   b. secara tidak bertahap.   (5) Pengenaan sanksi administratif berupa penarikan  Barang dari Distribusi sebagaimana dimaksud  pada ayat (2) huruf b, penutupan Gudang  sebagaimana dimaksud pada ayat (2) huruf d,  dan/atau pencabutan Perizinan Berusah a  sebagaimana dimaksud pada  ayat (2) huruf f dapat  2021, No.39  98   dilakukan secara tidak bertahap."
PP No 29 Tahun 2021,3002921,BAB XI: SANKSI ADMINISTRATIF,300292111,PASAL 167,300292112067,(1) Pengenaan sanksi administratif sebagaimana  dimaksud dalam Pasal 166 tidak menghilangkan  pertanggungjawaban pidana untuk Pelaku Usaha  dan/atau kegiatan us aha berisiko tinggi.    (2) Pengenaan pertanggungjawaban pidana kepada  Pelaku Usaha dan/atau kegiatan usaha berisiko  tinggi dilaksanakan sesuai dengan ketentuan  peraturan perundang  undangan.
PP No 29 Tahun 2021,3002921,BAB XI: SANKSI ADMINISTRATIF,300292111,PASAL 168,300292112068,(1) Sanksi administratif berupa teguran tertulis  sebagaimana dimaksud dalam Pasal 166 ayat (2)     huruf a dikenakan paling banyak 2 (dua) kali  masing  masing untuk jangka waktu paling lama 14  (empat belas) hari kerja.   (2)  Sanksi teguran tertulis sebagaimana dimaksud  pada ayat (1) dilakukan oleh Menteri mela lui  direktur jenderal yang membidangi perlindungan  konsumen dan tertib niaga.
PP No 29 Tahun 2021,3002921,BAB XI: SANKSI ADMINISTRATIF,300292111,PASAL 169,300292112069,Sanksi administratif berupa penarikan Barang dari  Distribusi dan penghentian sementara kegiatan usaha  sebagaimana dimaksud dalam Pasal 166 ayat (2) huruf  b dan huruf c dikenakan sejak berakhirnya jangka  waktu peringatan tertulis kedua sampai Pelaku Usaha  melakukan perbaikan terhadap pelanggaran yang  dilakukan.
PP No 29 Tahun 2021,3002921,BAB XI: SANKSI ADMINISTRATIF,300292111,PASAL 170,300292112070,"(1) Sanksi administratif berupa penutupan Gudang  sebagaimana dimaksud dalam Pasal 166 ayat (2)  huruf  d dikenakan kepada Pelaku Usaha yang  merupakan pemilik, pengelola, atau penyewa  2021, No.39  99   Gudang yang melanggar ketentuan kewajiban  penyelenggaraan pencatatan administrasi Gudang.   (2) Pengenaan sanksi penutupan Gudang  sebagaimana dimaksud pada ayat (1) dikenakan  sejak berakhirnya jangka waktu peringatan tertulis  kedua sampai pemilik, pengelola, atau penyewa  Gudang melakukan perbaikan terhadap  pelanggaran yang dilakukan."
PP No 29 Tahun 2021,3002921,BAB XI: SANKSI ADMINISTRATIF,300292111,PASAL 171,300292112071,"(1) Sanksi administratif berupa denda sebagaimana  dimaksud dalam Pasal 166 ayat (2) h uruf e  dikenakan setelah jangka waktu 30 (tiga puluh)  hari sejak penetapan pengenaan sanksi penarikan  Barang dari Distribusi, penghentian sementara  kegiatan usaha atau penutupan Gudang, Pelaku  Usaha tidak melakukan perbaikan terhadap  pelanggaran yang dilak ukan.   (2) Sanksi denda sebagaimana dimaksud pada ayat (1)  sebesar Rp5.000.000,00 (lima juta rupiah) untuk  tiap hari keterlambatan Pelaku Usaha  melaksanakan perbaikan untuk paling lama 30  (tiga puluh) hari sejak pengenaan sanksi denda  pertama.   (3) Dimulainy a pengenaan sanksi denda sebagaimana  dimaksud pada ayat (2) dihitung sejak hari  pertama setelah habisnya jangka waktu  sebagaimana dimaksud pada ayat (1).   (4) Tata cara penyetoran sanksi denda sebagaimana  dimaksud pada ayat (2) dilakukan sesuai dengan  keten tuan peraturan perundang  undangan di  bidang penerimaan negara bukan pajak."
PP No 29 Tahun 2021,3002921,BAB XI: SANKSI ADMINISTRATIF,300292111,PASAL 172,300292112072,"(1) Sanksi administratif berupa pencabutan Perizinan  Berusaha sebagaimana dimaksud dalam Pasal 166  ayat (2) huruf f dikenakan kepada Pelaku Usaha  2021, No.39  100   yang telah memiliki Pe rizinan Berusaha yang tidak  melakukan perbaikan terhadap pelanggaran yang  dilakukan setelah selesainya jangka waktu  penetapan sanksi denda sebagaimana dimaksud  dalam Pasal 171.   (2) Pelaku usaha yang dikenai sanksi pencabutan  Perizinan Berusaha sebagaimana dimaksud pada  ayat (1) dapat mengajukan Perizinan Berusaha  kembali setelah jangka waktu 5 (lima) tahun sejak  penetapan pencabutan Perizinan Berusaha."
PP No 29 Tahun 2021,3002921,BAB XI: SANKSI ADMINISTRATIF,300292111,PASAL 173,300292112073,Sanksi administratif yang telah dikenakan kepada  Pelaku Usaha dapat disampaikan kepada  kement erian/lembaga pemerintah nonkementerian  terkait sebagai pertimbangan pengenaan sanksi  administratif lain sesuai dengan ketentuan peraturan  perundang  undangan.     BAB XII : KETENTUAN LAIN  LAIN
PP No 29 Tahun 2021,3002921,BAB XII: KETENTUAN LAIN  LAIN,300292112,PASAL 174,300292113074,"(1) Pemerintah Pusat melakukan evaluasi atas  pelaksanaa n Peraturan Pemerintah ini dengan  memperhatikan perkembangan dan peningkatan  ekosistem investasi dan kegiatan berusaha dalam  rangka percepatan cipta kerja.   (2) Evaluasi sebagaimana dimaksud pada ayat (1)  dilakukan oleh Menteri yang dikoordinasikan oleh  menteri yang menyelenggarakan koordinasi,  sinkronisasi, dan pengendalian urusan  kementerian dalam penyelenggaraan pemerintahan  di bidang perekonomian.         2021, No.39  101 "
PP No 29 Tahun 2021,3002921,BAB XII: KETENTUAN LAIN  LAIN,300292112,PASAL 175,300292113075,"Dalam hal Peraturan Pemerintah ini memberikan  pilihan tidak mengatur, tidak lengkap, atau tidak jelas,  dan/atau adanya stagnasi pemerintahan, Menteri dapat  melakukan diskresi untuk mengatasi persoalan konkret  dalam penyelenggaraan urusan pemerintahan di bidang  Perdagangan.     BAB XIII : KETENTUAN PERALIHAN"
PP No 29 Tahun 2021,3002921,BAB XIII: KETENTUAN PERALIHAN,300292113,PASAL 176,300292114076,"Seluruh perizinan yang telah dikelua rkan berdasarkan  peraturan pelaksanaan dari:   a. Undang  Undang Nomor 2 Tahun 1981 tentang  Metrologi Legal (Lembaran Negara Republik  Indonesia Tahun 1981 Nomor 11, Tambahan  Lembaran Negara Republik Indonesia Nomor  3193); dan   b. Undang  Undang Nomor 7 Tahun 20 14 tentang  Perdagangan (Lembaran Negara Republik  Indonesia Tahun 2014 Nomor 45, Tambahan  Lembaran Negara Republik Indonesia Nomor  5512),   sebelum berlakunya Peraturan Pemerintah ini tetap  berlaku  sampai dengan habis berlakunya perizinan.     BAB XIV : KETENTU AN PENUTUP"
PP No 29 Tahun 2021,3002921,BAB XIV: KETENTU AN PENUTUP,300292114,PASAL 177,300292115077,"Pada saat Peraturan Pemerintah ini mulai berlaku,  semua peraturan perundang  undangan yang  merupakan peraturan pelaksanaan dari:   a. Undang  Undang Nomor 2 Tahun 1981 tentang  Metrologi Legal (Lembaran Negara Republik  Indonesia Tahun 198 1 Nomor 11, Tambahan  2021, No.39  102   Lembaran Negara Republik Indonesia Nomor  3193); dan   b. Undang  Undang Nomor 7 Tahun 2014 tentang  Perdagangan (Lembaran Negara Republik  Indonesia Tahun 2014 Nomor 45, Tambahan  Lembaran Negara Republik Indonesia Nomor  5512),   yang telah di tetapkan sebelum Undang  Undang Nomor  11 Tahun 2020 tentang Cipta Kerja (Lembaran Negara  Republik Indonesia Tahun 2020 Nomor 245, Tambahan  Lembaran Negara Republik Indonesia Nomor 6573)  dinyatakan masih tetap berlaku sepanjang tidak  bertentangan dengan kete ntuan dalam Peraturan  Pemerintah ini."
PP No 29 Tahun 2021,3002921,BAB XIV: KETENTU AN PENUTUP,300292114,PASAL 178,300292115078,"Pada saat Peraturan Pemerintah ini mulai berlaku:   a. Pasal 2 Peraturan Pemerintah Nomor 33 Tahun  2019 tentang Pengenaan Sanksi Administratif  Kepada Pemilik Gudang Yang Tidak Melakukan  Pendaftaran Gudang (Lemb aran Negara Republik  Indonesia Tahun 2019 Nomor 90, Tambahan  Lembaran Negara Republik Indonesia Nomor  6346);   b.  Peraturan Presiden Nomor 63 Tahun 2018 tentang  Penetapan Dan Pendaftaran Barang Terkait  Dengan Keamanan, Keselamatan, Kesehatan, Dan  Lingkungan  Hidup (Lembaran Negara Republik  Indonesia Tahun 2018 Nomor 131); dan   c. Peraturan Presiden Nomor 112 Tahun 2007  tentang Penataan Dan Pembinaan Pasar  Tradisional, Pusat Perbelanjaan Dan Toko Modern,    dicabut dan dinyatakan tidak berlaku."
PP No 29 Tahun 2021,3002921,BAB XIV: KETENTU AN PENUTUP,300292114,PASAL 179,300292115079,"Peratu ran Pemerintah ini mulai berlaku pada tanggal  diundangkan.  2021, No.39  103 "
PP No 33 Tahun 2005,3003305,BAB I: KETENTUAN UMUM,300330501,PASAL 1,300330501001,"Dalam Peraturan Pemerintah ini, yang dimaksud dengan:   1. Perusahaan Perseroan, yang se lanjutnya disebut Persero, adalah  Badan Usaha Milik Negara yang be rbentuk perseroan terbatas yang  modalnya terbagi dalam saham ya ng seluruh atau paling sedikit  51% (lima puluh satu persen) sa hamnya dimiliki oleh Negara  Republik Indonesia yang tujuan utamanya mengejar keuntungan.  2.  Privatisasi adalah penjualan saha m Persero, baik sebagian maupun  seluruhnya kepada pihak lain da lam rangka meningkatkan kinerja  dan nilai perusahaan, memperbe sar manfaat bagi negara dan  masyarakat, serta memperluas pe milikan saham oleh masyarakat.  3.  Investor adalah mitra strategis da n/atau investor finansial, baik  sendiri maupun konsorsium yang be rasal dari dalam dan/atau luar  negeri yang ikut serta dalam Pr ivatisasi Persero dengan memenuhi  syarat yang ditetapkan.  4.  Komite Privatisasi adalah wa dah koordinasi yang dibentuk oleh  Pemerintah untuk membahas dan me mutuskan kebijakan Privatisasi  sehubungan dengan kebijakan lintas sektoral.  5.  Menteri adalah menteri yang dit unjuk dan/atau diberi kuasa untuk  mewakili Pemerintah selaku rapa t umum pemegang saham dalam  hal seluruh modal Persero dimili ki Negara dan sebagai pemegang  saham pada Persero dalam hal se bagian modal Persero dimiliki  oleh negara, dengan memper hatikan peraturan perundang  undangan.  6.  Menteri Teknis adalah menteri yang mempunyai kewenangan  mengatur kebijakan sektor tempat  Persero melakukan kegiatan  usaha."
PP No 33 Tahun 2005,3003305,BAB I: KETENTUAN UMUM,300330501,PASAL 2,300330501002,"(1) Privatisasi dilakukan sesuai de ngan ketentuan dalam Peraturan  Pemerintah ini dengan memperhatikan ketentuan peraturan  perundang undangan.    (2) Dalam hal Privatisasi terhadap Persero di mana negara tidak  memiliki seluruh saham, disamping memperhatikan ketentuan sebagaimana dimaksud pada ayat (1), harus pula memperhatikan perjanjian dan/atau kesepakata n dengan pemegang saham lain."
PP No 33 Tahun 2005,3003305,BAB I: KETENTUAN UMUM,300330501,PASAL 3,300330501003,"(1) Pemerintah dapat melakukan Privatisasi setelah DPR RI  memberikan persetujuan atas RA PBN yang didalamnya terdapat  target penerimaan negara dari hasil Privatisasi .  (2) Rencana privatisasi sebagaim ana dimaksud pada ayat (1)  dituangkan dalam program tahunan privatisasi yang  pelaksanaannya dikonsultasikan kepada DPR RI.   (3) Privatisasi dilakukan berdasar kan prinsip prinsip transparansi,  kemandirian, akuntabilitas, pertanggungjawaban, ke wajaran, dan  prinsip harga terbaik dengan memperhatikan kondisi pasar."
PP No 33 Tahun 2005,3003305,BAB I: KETENTUAN UMUM,300330501,PASAL 4,300330501004,Privatisasi dilakukan terhadap saham milik negara pada Persero dan/atau  saham dalam simpanan.       BAB  II  . . .    BAB II : CARA PRIVATISASI
PP No 33 Tahun 2005,3003305,BAB II: CARA PRIVATISASI,300330502,PASAL 5,300330502005,(1) Privatisasi dilakukan dengan cara:   a. penjualan saham berdasar kan ketentuan pasar modal;  b. penjualan saham secara langsung kepada investor;  c. penjualan saham kepada manaje men dan/atau karyawan Persero  yang bersangkutan.  (2) Ketentuan lebih lanjut menge nai cara Privatisasi sebagaimana  dimaksud pada ayat (1) diatur  dengan Peraturan Menteri.
PP No 33 Tahun 2005,3003305,BAB II: CARA PRIVATISASI,300330502,PASAL 6,300330502006,Penetapan cara Privatisasi sebagaimana dimaksud dalam Pasal 5 ayat (1)  dilakukan berdasarkan pengkajian ya ng dilakukan oleh Menteri.         BAB III : KRITERIA PERSERO YANG DAPAT DIPRIVATISASI
PP No 33 Tahun 2005,3003305,BAB III: KRITERIA PERSERO YANG DAPAT DIPRIVATISASI,300330503,PASAL 7,300330503007,Persero yang dapat dipr ivatisasi harus sekurang kurangnya memenuhi  kriteria:  a. industri/sektor usah anya kompetitif; atau  b. industri/sektor usahanya terkait de ngan teknologi yang  cepat berubah.
PP No 33 Tahun 2005,3003305,BAB III: KRITERIA PERSERO YANG DAPAT DIPRIVATISASI,300330503,PASAL 8,300330503008,"(1)  Sebagian aset atau kegiatan dari Persero yang melaksanakan  kewajiban pelayanan umum dan/at au yang berdasarkan undang  undang kegiatan usahanya harus dilakukan oleh Badan Usaha Milik  Negara, dapat dipisahkan untuk dijadikan penyertaan dalam  pendirian perusahaan untuk sela njutnya apabila diperlukan dapat  diprivatisasi.     (2)  Aset atau kegiatan Persero se bagaimana dimaksud pada ayat (1)  adalah aset atau kegiatan ya ng bersifat komersial dengan  memperhatikan ketentuan Pasal 7 ."
PP No 33 Tahun 2005,3003305,BAB III: KRITERIA PERSERO YANG DAPAT DIPRIVATISASI,300330503,PASAL 9,300330503009,Persero yang tidak dapat diprivatisasi adalah:  a. Persero yang bidang us ahanya berdasarkan ketentuan peraturan  perundang undangan hanya boleh dikelola oleh Badan Usaha Milik  Negara;  b. Persero yang bergerak di sektor  usaha yang berkaitan dengan  pertahanan dan keamanan negara;  c. Persero yang bergerak di sektor tertentu yang oleh Pemerintah  diberikan tugas khusus untuk melaksanakan kegiatan tertentu yang  berkaitan dengan kepentingan masyarakat.  d. Persero yang bergerak di bidang us aha sumber daya alam yang secara  tegas berdasarkan ketentuan peratu ran peundang undangan dilarang  untuk diprivatisasi.      BAB  IV  . . .    BAB IV : PROSEDUR PRIVATISASI PERSERO   Bagian Kesatu  Komite Privatisasi
PP No 33 Tahun 2005,3003305,BAB IV: PROSEDUR PRIVATISASI PERSERO,300330504,PASAL 10,300330504010,"(1) Untuk membahas dan memutuskan kebijakan tentang Privatisasi  sehubungan dengan kebijakan lintas sektoral, pemerintah  membentuk sebuah Komite Privatis asi sebagai wadah koordinasi.  (2) Komite Privatisasi dipimpin oleh Menteri Koordinator yang  membidangi perekonomian dengan anggota anggotanya yaitu  Menteri, Menteri Keuangan, dan Menteri Teknis tempat Persero melakukan kegiatan usaha.  (3) Keanggotaan Komite Privatisasi se bagaimana dimaksud pada ayat  (2) ditetapkan dengan keputusan Presiden."
PP No 33 Tahun 2005,3003305,BAB IV: PROSEDUR PRIVATISASI PERSERO,300330504,PASAL 11,300330504011,Komite Privatisasi bertugas untuk:  a. merumuskan dan menetapkan keb ijakan umum dan persyaratan  pelaksanaan Privatisasi;  b. menetapkan langkah langkah yang diperlukan untuk memperlancar  proses Privatisasi Persero;  c. membahas dan memberikan jalan kelu ar atas permasalahan strategis  yang timbul dalam proses Priv atisasi Persero termasuk yang  berhubungan dengan kebijaka n sektoral Pemerintah.     Bagian Kedua  . . .    Bagian Kedua  Program Tahunan Privatisasi
PP No 33 Tahun 2005,3003305,BAB IV: PROSEDUR PRIVATISASI PERSERO,300330504,PASAL 12,300330504012,"(1) Menteri melakukan seleksi dan menetapkan rencana Persero yang  akan diprivatisasi, metode Priva tisasi yang akan digunakan, serta  jenis dan rentangan jumlah saham yang akan dijual.  (2) Menteri menuangkan hasil seleks i dan rencana Persero yang akan  diprivatisasi, metode Privatisasi yang akan digunakan, jenis serta  rentangan jumlah saham yang akan dijual sebagaimana dimaksud  pada ayat (1) dalam program tahunan Privatisasi.  (3) Menteri menyampaikan program tahunan Privatisasi sebagaimana  dimaksud pada ayat (2) kepa da Komite Privatisasi untuk  memperoleh arahan dan kepa da Menteri Keuangan untuk  memperoleh rekomendasi, selamb at lambatnya pada akhir tahun  anggaran sebelumnya.  (4) Arahan Komite Privatisasi da n rekomendasi Menteri Keuangan  sebagaimana dimaksud pada ay at (3) harus sudah diberikan  selambat lambatnya pada akhi r bulan pertama tahun anggaran  berjalan.   (5) Menteri wajib melaksanakan pr ogram tahunan Privatisasi dengan  berpedoman pada arahan dan re komendasi sebagaimana dimaksud  pada ayat (3).  (6) Menteri mensosialisasikan  program tahunan Privatisasi.    (7) Menteri mengkonsultasikan program tahunan Privatisasi kepada  DPR RI.   (8) Menteri mengambil langkah lang kah yang diperlukan dalam rangka  melaksanakan program tahunan Privatisasi.   (9) Dalam . . .    (9) Dalam kondisi tertentu Menteri dapat mengusulkan privatisasi yang  belum dimasukkan dalam program tahunan privatisasi setelah  terlebih dahulu diputuskan ol eh Komite Privatisasi dan  dikonsultasikan dengan DPR RI.   (10) Ketentuan lebih lanjut me ngenai penyusunan program tahunan  Privatisasi diatur dengan Peraturan Menteri.     Bagian Ketiga  Lembaga dan/atau Profesi Penunjang   serta Profesi Lainnya"
PP No 33 Tahun 2005,3003305,BAB IV: PROSEDUR PRIVATISASI PERSERO,300330504,PASAL 13,300330504013,Pelaksanaan Privatisasi melibatkan 1e mbaga dan/atau profesi penunjang  serta profesi lainnya sesuai de ngan kebutuhan dan ketentuan yang  berlaku.
PP No 33 Tahun 2005,3003305,BAB IV: PROSEDUR PRIVATISASI PERSERO,300330504,PASAL 14,300330504014,"(1) Menteri melakukan seleksi terh adap lembaga dan/atau profesi  penunjang serta profesi lainnya se bagaimana dimaksud dalam Pasal  13.   (2) Seleksi dilakukan terhadap paling sedikit 3 (tiga) bakal calon untuk  masing masing lembaga dan/atau profesi penunjang serta profesi lainnya.  (3) Apabila setelah 2 (dua) kali penawaran, bakal calon lembaga  dan/atau profesi penunjang sert a profesi lainnya yang berminat  kurang dari 3 (tiga), maka Menteri dapat melakukan penunjukan langsung apabila penawar hany a 1 (satu) bakal calon dan  melakukan seleksi apabila penawa r hanya 2 (dua) bakal calon.   (4) Untuk sektor usaha tertentu ya ng memerlukan jasa spesialis industri  dikecualikan dari ketentuan ju mlah sebagaimana dimaksud pada  ayat (2 ).  (5) Ketentuan . . .    (5) Ketentuan lebih lanjut mengenai prosedur penunjukan lembaga  dan/atau profesi penunjang serta profesi lainnya diatur dengan  Peraturan Menteri."
PP No 33 Tahun 2005,3003305,BAB IV: PROSEDUR PRIVATISASI PERSERO,300330504,PASAL 15,300330504015,(1) Penasihat keuangan dilarang merangkap atau memiliki hubungan  afiliasi dengan:  a.  penjamin pelaksana emisi da n perantara pedagang efek dalam  hal Privatisasi dilakukan de ngan cara penawaran umum;   b.  Investor atau perantaranya  dalam hal Privatisasi dilakukan  dengan cara penjualan saham seca ra langsung kepada Investor.     (2)  Spesialis industri yang dapat ter libat dalam proses Privatisasi harus  mempunyai keahlian teknis dalam bidang usaha Persero yang  bersangkutan yang dibuktikan denga n sertifikat atau pengalaman  yang telah mendapatkan pengakuan da ri lembaga atau asosiasi atau  sejenisnya yang berkompeten.
PP No 33 Tahun 2005,3003305,BAB IV: PROSEDUR PRIVATISASI PERSERO,300330504,PASAL 16,300330504016,Perjanjian dengan lembaga dan/at au profesi penunjang sekurang  kurangnya memuat klausul yang mewajibkan lembaga dan/atau profesi penunjang:   a. melakukan tugasnya hanya unt uk kepentingan pemegang saham  Persero dan Persero yang bersangkutan;   b.  menjamin dan  menjaga kerahasiaan segala informasi yang diperoleh  sehubungan dengan pelaksanaan tu gasnya yang dituangkan dalam  pernyataan tertulis:   c. menggunakan informasi tersebut hanya untuk pelaksanaan tugasnya  dalam proses Privatisasi ya ng bersangkutan dan tidak  menggunakannya untuk kepentingan lain.
PP No 33 Tahun 2005,3003305,BAB IV: PROSEDUR PRIVATISASI PERSERO,300330504,PASAL 17,300330504017,"(1) Lembaga dan/atau profesi penunj ang dengan bantua n Persero yang  bersangkutan melakukan pene laahan dan pengkajian ( due diligence )  terhadap perusahaan sesuai dengan bidang profesinya masing  masing.     (2) Perjanjian dengan lembaga dan/ atau profesi penunjang sekurang  kurangnya memuat klausul yang mewajibkan lembaga dan/atau  profesi penunjang:   a.  menyusun proyeksi keuangan, penilaian perusahaan dan usulan  struktur penjualan serta jumlah  saham yang ak an dijual;   b.  menyusun persyaratan dan identifikasi calon Investor;  c.  menyiapkan memorandum informasi dan/atau prospektus;   d.  menyusun seluruh dokumen ya ng diperlukan sesuai dengan  ketentuan yang berlaku;   e.  membantu dalam melakukan ne gosiasi dengan calon Investor.     Bagian Keempat  Pembiayaan Pelaksanaan Privatisasi"
PP No 33 Tahun 2005,3003305,BAB IV: PROSEDUR PRIVATISASI PERSERO,300330504,PASAL 18,300330504018,"(1)  Biaya pelaksanaan Priv atisasi dibebankan pa da hasil Privatisasi .    (2) Biaya pelaksanaan Privatis asi dipergunakan untuk:     a. biaya lembaga dan/atau profesi penunjang serta profesi lainnya;   b. biaya operasional Privatisasi.    (3) Apabila Privatisasi tidak da pat dilaksanakan atau ditunda  pelaksanaannya, maka pembebanan atas biaya yang telah dikeluarkan ditetapkan oleh RUPS."
PP No 33 Tahun 2005,3003305,BAB IV: PROSEDUR PRIVATISASI PERSERO,300330504,PASAL 19,300330504019,"(1) Besarnya biaya privatisasi ditetapkan oleh Menteri.  (2) Penetapan biaya pelaksanaan Privatisasi sebagaimana dimaksud  pada ayat (1) wajib memperhatikan prinsip kewajaran, transparansi  dan akuntabilitas.    Bagian Kelima  Hasil Privatisasi"
PP No 33 Tahun 2005,3003305,BAB IV: PROSEDUR PRIVATISASI PERSERO,300330504,PASAL 20,300330504020,(1) Hasil Privatisasi saham milik negara pada Persero disetorkan  langsung ke Kas Negara.  (2) Hasil Privatisasi saham dalam si mpanan disetorkan langsung ke kas  Persero yang bersangkutan.  (3) Hasil Privatisasi anak perusaha an Persero sebagaimana dimaksud  dalam Pasal 8  dapat ditetapkan sebagai dividen interim Persero  yang bersangkutan.
PP No 33 Tahun 2005,3003305,BAB IV: PROSEDUR PRIVATISASI PERSERO,300330504,PASAL 21,300330504021,Hasil Privatisasi sebagaimana dimaks ud dalam Pasal 20 merupakan hasil  bersih setelah dikurangi dengan bi aya biaya pelaksanaan Privatisasi.
PP No 33 Tahun 2005,3003305,BAB IV: PROSEDUR PRIVATISASI PERSERO,300330504,PASAL 22,300330504022,"(1)  Pengadministrasian dan pelaks anaan penyetoran hasil Privatisasi  sebagaimana dimaksud dalam Pa sal 20 diatur sebagai berikut:  a. Penjamin pelaksana emisi atau  penasihat keuangan membuka  rekening penampungan ( escrow account ) untuk menampung  hasil Privatisasi;   b. Setelah . . .     b. Setelah dikurangi biaya biaya pela ksanaan Privatisasi, penjamin  pelaksana emisi atau penasi hat keuangan wajib segera  menyetorkan hasil bersih Privatis asi ke Kas Negara dan/atau kas  Persero yang bersangkutan;   c. Penjamin pelaksana emisi atau pe nasihat keuangan wajib segera  melaporkan penyetoran hasil Priv atisasi sebagaimana dimaksud  dalam huruf b kepada Menteri, Menteri Keuangan dan Direksi  Persero yang bersangkutan.   (2) Penghasilan lain yang diperoleh dari rekening penampungan hasil  Privatisasi diperhitungkan se bagai hasil Privatisasi.  (3) Verifikasi atas biaya dan hasil Privatisasi dilakukan oleh akuntan  publik yang ditunjuk oleh Menteri.       BAB V : LAIN LAIN"
PP No 33 Tahun 2005,3003305,BAB V: LAIN LAIN,300330505,PASAL 23,300330505023,"(1) Penjualan saham milik Negara Repu blik Indonesia pada perseroan  terbatas yang sahamnya kurang da ri 51% (lima puluh satu persen)  dimiliki oleh Negara Republik In donesia dilakukan sesuai dengan  ketentuan dalam anggaran dasar dan perjanjian pemegang saham  serta memperhatikan prinsip prinsip yang diatur dalam Pasal 3 ayat  (2), Pasal 18, Pasal 19 ayat (2), Pasal 20 dan Pasal 21.   (2) Penjualan saham milik Badan Usaha Milik Nega ra pada perseroan  terbatas yang sahamnya paling sedikit 51% (lima puluh satu persen) dimiliki oleh Badan Usaha Milik Nega ra dilakukan sesuai  dengan ketentuan dalam anggaran dasar dan perjanjian pemegang  saham serta memperhatikan prinsip prinsip yang diatur dalam ketentuan Pasal 3 ayat (2) , Pasal 18, Pasal 19 ayat (2), Pasal 20 dan Pasal 21 (3) Penjualan saham milik Negara Republik Indonesia pada Persero  terbuka dilakukan dengan berpedom an pada prinsip prinsip dan  ketentuan di bidang pasar modal."
PP No 33 Tahun 2005,3003305,BAB V: LAIN LAIN,300330505,PASAL 24,300330505024,"(1) Menteri dapat membatalkan atau  menunda penjuala n saham Persero  apabila situasi dan kondisi ekonom i, politik, keamanan, dan/atau  pasar modal tidak menguntungkan.   (2) Menteri melaporkan kepada Kom ite Privatisasi atas pembatalan  atau penundaan sebagaimana dimaksud pada ayat (1).        BAB VI : KETENTUAN PERALIHAN"
PP No 33 Tahun 2005,3003305,BAB VI: KETENTUAN PERALIHAN,300330506,PASAL 25,300330506025,"Dengan berlakunya Peratura n Pemerintah ini, maka:  1.  Rencana privatisasi yang belum disetujui oleh DPR RI sebelum  berlakunya Peraturan Pemerintah ini, pelaksanaannya dilakukan  setelah memperoleh persetujuan DPR RI dalam forum konsultasi  sebagaimana dimaksud dalam Pasal 12 ayat (7).  2.  Segala peraturan mengenai Priva tisasi masih tetap berlaku selama  tidak bertentangan atau belum diganti dengan yang baru  berdasarkan Peraturan Pemerintah ini.    BAB VII : KETENTUAN PENUTUP"
PP No 33 Tahun 2005,3003305,BAB VII: KETENTUAN PENUTUP,300330507,PASAL 26,300330507026,Peraturan Pemerintah ini mulai be rlaku pada tanggal diundangkan.
PP No 4 Tahun 2003,3000403,BAB I: PENAMBAHAN PENYERTAAN MODAL,300040301,PASAL 1,300040301001,Negara Republik Indonesia melakukan penambahan penyertaan modal ke dalam  modal saham Perusahaan Perseroan (PERSERO)  PT Jaminan Sosial Tenaga  Kerja yang didirikan berdasarkan Peraturan Pemerintah Nomor 19 Tahun 1990.
PP No 4 Tahun 2003,3000403,BAB I: PENAMBAHAN PENYERTAAN MODAL,300040301,PASAL 2,300040301002,"(1) Penambahan penyertaan modal Negara sebagaimana dimaksud dalam  Pasal 1 berasal dari kapitalisasi sebagian cadangan umum Perusahaan  sampai dengan tahun 2001.   (2) Nilai    penambahan   penyertaan   modal   Negara   sebagaimana    dimaksud   dalam   ayat   (1)    sebesar Rp 75.000.000.000,00 (tujuh puluh  lima miliar rupiah)."
PP No 4 Tahun 2003,3000403,BAB I: PENAMBAHAN PENYERTAAN MODAL,300040301,PASAL 3,300040301003,"Dengan adanya penambahan penyertaan modal Negara sebagaimana dimaksud  dalam Pasal 2 ayat (1), maka seluruh penyertaan modal Negara ke dalam modal  saham Perusahaan Perseroan (PERSER O) PT Jaminan Sosial Tenaga Kerja  meningkat menjadi Rp125.000.000.000,00 (seratus dua puluh lima miliar  rupiah).     BAB   II : PELAKSANAAN PENAMBAHAN PENYERTAAN MODAL"
PP No 4 Tahun 2003,3000403,BAB II: PELAKSANAAN PENAMBAHAN PENYERTAAN MODAL,300040302,PASAL 4,300040302004,"Pelaksanaan penambahan penyertaan modal Negara Republik Indonesia ke  dalam modal sa ham Perusahaan Perseroan (PERSERO) PT Jaminan Sosial  Tenaga Kerja sebagaimana dimaksud dalam Pasal 1, dilakukan menurut  ketentuan Undang  undang Nomor 1 Tahun 1995 tentang Perseroan Terbatas  dengan memperhatikan ketentuan  ketentuan yang tercantum dalam Pera turan  Pemerintah Nomor 12 Tahun 1998 sebagaimana telah diubah dengan Peraturan  Pemerintah Nomor 45 Tahun 2001 dan Peraturan Pemerintah Nomor 64 Tahun  2001 serta peraturan perundang  undangan lainnya yang berlaku.    BAB   III : KETENTUAN PENUTUP"
PP No 4 Tahun 2003,3000403,BAB III: KETENTUAN PENUTUP,300040303,PASAL 5,300040303005,"Ketentuan lebih lanjut yang diperlukan bagi pelaksanaan Peraturan Pemerintah  ini diatur oleh Menteri Keuangan dan Menteri Negara Badan Usaha Milik  Negara, baik bersama  sama maupun sendiri  sendiri sesuai dengan lingkup  bidang tugas dan kewenangan masing  masing."
PP No 4 Tahun 2003,3000403,BAB III: KETENTUAN PENUTUP,300040303,PASAL 6,300040303006,Peraturan Pemerintah ini mulai berlaku pada tanggal diundangkan.
PP No 34 Tahun 2021,3003421,BAB I: KETENTUAN UMUM,300342101,PASAL 1,300342101001,"Dalam Peraturan Pemerintah ini yang dimaksud dengan:   1. Tenaga Kerja Asing yang selanjutnya disingkat TKA  adalah warga negara asing pemegang visa dengan  maksud bekerja di wilayah Indonesia.   2. Pemberi Kerja TKA adalah badan hukum yang  didirikan berdasarkan hukum Indonesia atau badan  lainnya yang mempekerjakan TKA dengan membayar  upah atau imbalan dalam bentuk lain .  3. Tenaga Kerja Pendamping TKA adalah tenaga kerja  Indonesia yang ditunjuk oleh Pemberi Kerja TKA dan  dipersiapkan sebagai pendamping TKA yang  dipekerjakan dalam rangka alih teknologi dan alih  keahlian.   4. Rencana Penggunaan Tenaga Kerja Asing yang  selanjutny a disingkat RPTKA adalah rencana  penggunaan TKA pada jabatan tertentu dan jangka  waktu tertentu.   5. Pengesahan Rencana Penggunaan Tenaga Kerja Asing  yang selanjutnya disebut Pengesahan RPTKA adalah  persetujuan penggunaan TKA yang disahkan oleh  menteri yang me nyelenggarakan urusan pemerintahan  di bidang ketenagakerjaan atau pejabat yang ditunjuk.   6. Kawasan Ekonomi Khusus yang selanjutnya disingkat  KEK adalah kawasan dengan batas tertentu dalam  wilayah hukum Negara Kesatuan Republik Indonesia  yang ditetapkan untuk  menyelenggarakan fungsi  perekonomian dan memperoleh fasilitas tertentu.   7. Dana Kompensasi Penggunaan TKA yang selanjutnya  disingkat DKPTKA adalah kompensasi yang harus  dibayar oleh Pemberi Kerja TKA atas setiap TKA yang  dipekerjakan sebagai penerimaan nega ra bukan pajak  atau pendapatan daerah.   2021, No.44  3   8. Pengawas Ketenagakerjaan adalah pegawai negeri sipil  yang diberi tugas, tanggung jawab, wewenang, dan hak  secara penuh oleh pejabat yang berwenang untuk  melaksanakan kegiatan pembinaan, pemeriksaan,  pengujian, penyidi kan, dan pengembangan sistem  pengawasan ketenagakerjaan sesuai dengan ketentuan  peraturan perundang  undangan.   9. Menteri adalah menteri yang menyelenggarakan  urusan pemerintahan di bidang ketenagakerjaan.     BAB II : KEWAJIBAN DAN LARANGAN BAGI PEMBERI KERJA TEN AGA KERJA ASING     Bagian Kesatu   Umum"
PP No 34 Tahun 2021,3003421,BAB II: KEWAJIBAN DAN LARANGAN BAGI,300342102,PASAL 2,300342102002,"(1) Setiap Pemberi Kerja TKA wajib mengutamakan   penggunaan tenaga kerja Indonesia pada semua jenis  jabatan yang tersedia.   (2) Dalam hal jabatan sebagaimana dimaksud pada ayat  (1) belum dapat diduduki oleh tenaga kerja I ndonesia,  jabatan tersebut dapat diduduki oleh TKA.   (3) Penggunaan TKA sebagaimana dimaksud pada  ayat (2)  dilakukan dengan memperhatikan kondisi pasar kerja  dalam negeri."
PP No 34 Tahun 2021,3003421,BAB II: KEWAJIBAN DAN LARANGAN BAGI,300342102,PASAL 3,300342102003,"(1) Pemberi  Kerja TKA meliputi:   a. instansi Pemerintah, perwakilan negara asing ,  dan badan internasional;   b. kantor perwakilan dagang asing, kantor  perwakilan perusahaan asing, dan kantor berita  asing yang melakukan kegiatan di Indonesia;   c. perusahaan swasta asing yang berusaha  di  Indonesia;    2021, No.44  4   d. badan hukum dalam bentuk pers eroan terbatas  atau yayasan yang didirikan berdasarkan hukum  Indonesia atau badan usaha asing yang terdaftar  di instansi yang berwenang;   e. lembaga sosial, keagamaan, pendidikan, dan  kebudayaan;   f. usaha jasa impresariat; dan   g. badan usaha sepanjang diperbolehkan  oleh  undang  undang untuk menggunakan TKA.   (2) Perseroan terbatas sebagaimana dimaksud pada ayat  (1) huruf d dikecualikan untuk perseroan terbatas  yang berbentuk badan hukum perorangan."
PP No 34 Tahun 2021,3003421,BAB II: KEWAJIBAN DAN LARANGAN BAGI,300342102,PASAL 4,300342102004,"(1) TKA hanya  dapat dipekerjakan oleh Pemberi Kerja TKA  dalam hubunga n kerja untuk jabatan tertentu dan  waktu tertentu, serta memiliki kompetensi sesuai  dengan jabatan yang akan diduduki.   (2) Jabatan tertentu  yang dapat diduduki oleh TKA  sebagaimana dimaksud pada ayat (1) ditetapkan oleh  Menteri setelah mendapat masukan dari  kementerian/lembaga terkait."
PP No 34 Tahun 2021,3003421,BAB II: KEWAJIBAN DAN LARANGAN BAGI,300342102,PASAL 5,300342102005,"(1) Pemberi Kerja TKA dapat mempekerjakan TKA yang  sedang dipekerjakan oleh Pemberi Kerja TKA lain  untuk jabatan yang sama sebagai:   a. direksi atau komisaris; atau   b. TKA pada sektor pendidikan vokasi dan pelatihan  vokasi, sekto r ekonomi digital, dan sektor migas  bagi kontraktor kontrak kerja sama.   (2) Dalam hal Pemberi Kerja TKA akan mempekerjakan   TKA sebagaimana dimaksud pada ayat (1),  TKA  tersebut harus mendapatkan persetujuan dari Pemberi  Kerja TKA pertama.   (3) TKA se bagaimana dimaksud pada ayat (1)  dipekerjakan  paling lama sampai dengan berakhirnya  2021, No.44  5   jangka waktu sebagaimana tercantum dalam  Pengesahan RPTKA Pemberi Kerja TKA pertama.   (4) Jabatan tertentu pada sektor pendidikan vokasi dan  pelatihan  vokasi, sektor ekonomi di gital, dan sektor  migas bagi kontraktor kontrak kerja sama yang dapat  dirangkap sebagaimana dimaksud pada  ayat (1) huruf  b ditetapkan oleh Menteri setelah mendapat  masukan  dari kementerian/lembaga terkait.     Bagian Kedua   Kewajiban"
PP No 34 Tahun 2021,3003421,BAB II: KEWAJIBAN DAN LARANGAN BAGI,300342102,PASAL 6,300342102006,"(1) Setiap P emberi Kerja TKA yang mempekerjakan TKA  wajib memiliki RPTKA yang disahkan oleh Menteri  atau pejabat yang ditunjuk.   (2) Dalam  hal Pemberi Kerja TKA akan mempekerjakan  TKA yang sedang dipekerjakan oleh Pemberi Kerja TKA  lain, masing  masing Pemberi Kerja TKA waj ib memiliki  Pengesahan RPTKA.    (3) Pemberi  Kerja TKA sebagaimana dimaksud pada ayat  (1) dan ayat (2) wajib mempekerjakan TKA sesuai  dengan Pengesahan RPTKA."
PP No 34 Tahun 2021,3003421,BAB II: KEWAJIBAN DAN LARANGAN BAGI,300342102,PASAL 7,300342102007,"(1) Pemberi Kerja TKA wajib:   a. menunjuk tenaga kerja warga negara Indonesia  sebagai Tenaga Kerja Pen damping TKA yang  dipekerjakan  untuk alih teknologi dan alih  keahlian dari TKA;   b. melaksanakan pendidikan dan pelatihan kerja  bagi Tenaga Kerja Pendamping TKA sebagaimana  dimaksud pada huruf a sesuai dengan kualifikasi  jabatan yang diduduki oleh TKA; dan   c. mem ulangkan TKA ke negara asalnya setelah  perjanjian kerjanya berakhir.   2021, No.44  6   (2) Selain kewajiban Pemberi Kerja TKA sebagaimana  dimaksud  pada ayat (1), Pemberi Kerja TKA wajib  memfasilitasi pendidikan dan pelatihan bahasa  Indonesia kepada TKA.   (3) Ketentuan  sebagaimana di maksud pada ayat (1) huruf  a, huruf b, dan ayat (2) tidak berlaku bagi:   a. direksi dan komisaris;   b. kepala kantor perwakilan;   c. pembina, pengurus, dan pengawas yayasan; dan   d. TKA yang dipekerjakan untuk pekerjaan bersifat  sementara."
PP No 34 Tahun 2021,3003421,BAB II: KEWAJIBAN DAN LARANGAN BAGI,300342102,PASAL 8,300342102008,(1) Pemberi Kerja TKA waj ib mendaftarkan TKA dalam  program jaminan sosial nasional bagi TKA yang  bekerja lebih dari 6 (enam) bulan atau program  asuransi  pada perusahaan asuransi bagi TKA yang  bekerja kurang dari 6 (enam) bulan.   (2) Program asuransi  bagi TKA  yang bekerja kurang dari 6  (enam) bulan  sebagaimana  dimaksud pada ayat (1)  paling sedikit menjamin pelindungan untuk jenis  risiko kecelakaan kerja.     Bagian Ketiga   Larangan
PP No 34 Tahun 2021,3003421,BAB II: KEWAJIBAN DAN LARANGAN BAGI,300342102,PASAL 9,300342102009,Pemberi kerja orang  perseorangan dilarang mempekerjakan  TKA.
PP No 34 Tahun 2021,3003421,BAB II: KEWAJIBAN DAN LARANGAN BAGI,300342102,PASAL 10,300342102010,Pemberi Kerja TKA dilarang memp ekerjakan TKA rangkap  jabatan dalam perusahaan yang sama.
PP No 34 Tahun 2021,3003421,BAB II: KEWAJIBAN DAN LARANGAN BAGI,300342102,PASAL 11,300342102011,"(1) Pemberi Kerja TKA dilarang mempekerjakan TKA pada  jabatan  yang mengurusi personalia.   2021, No.44  7   (2) Jabatan yang mengurusi personalia sebagaimana  dimaksud pada ayat (1) ditetapkan oleh Menteri  setelah m endapat masukan dari kementerian/lembaga  terkait.     BAB III : PENGESAHAN RENCANA PENGGUNAAN TENAGA KERJA ASING     Bagian Kesatu   Tata Cara Permohonan   Pengesahan Rencana Penggunaan Tenaga Kerja Asing"
PP No 34 Tahun 2021,3003421,BAB III: PENGESAHAN RENCANA PENGGUNAAN,300342103,PASAL 12,300342103012,"(1) Untuk mendapatkan Pengesahan RPTKA, Pemberi  Kerja TK A harus mengajukan permohonan secara  daring  kepada Menteri atau pejabat yang ditunjuk.   (2) Permohonan Pengesahan RPTKA sebagaimana  dimaksud pada ayat ( 1) disampaikan oleh Pemberi  Kerja TKA yang memuat  paling sedikit:   a. identitas Pemberi Kerja TKA;   b. alasan penggu naan TKA;   c. jabatan atau kedudukan TKA dalam struktur  organisasi perusahaan;   d. jumlah TKA;   e. jangka waktu penggunaan TKA;   f. lokasi kerja TKA;   g. identitas Tenaga Kerja Pendamping TKA; dan   h. rencana penyerapan tenaga kerja Indonesia setiap  tahun.   (3) Permohonan Pengesahan RPTKA sebagaimana  dimaksud pada ayat (2) disampaikan oleh Pemberi  Kerja TKA dengan melampirkan dokumen paling  sedikit:   a. surat permohonan;   b. nomor induk berusaha dan/atau izin usaha  Pemberi Kerja TKA;   2021, No.44  8   c. akta dan keputusan pengesahan pendirian  dan/atau perubah an dari instansi yang  berwenang;   d. bukti wajib lapor ketenagakerjaan di perusahaan;   e. rancangan perjanjian kerja atau perjanjian lain;   f. bagan struktur organisasi perusahaan;   g. surat pernyataan untuk penunjukan Tenaga Kerja  Pendamping TKA;   h. surat pernyataan untu k melaksanakan  pendidikan dan pelatihan kerja bagi tenaga kerja  Indonesia sesuai dengan kualifikasi jabatan yang  diduduki oleh TKA; dan   i. surat pernyataan untuk memfasilitasi pendidikan  dan pelatihan bahasa Indonesia kepada TKA.    (4) Dalam hal Pemberi Kerja TKA telah siap  menyampaikan data calon TKA yang akan  dipekerjakan maka penyampaian data calon TKA dapat  dilakukan sekaligus pada saat permohonan  Pengesahan RPTKA."
PP No 34 Tahun 2021,3003421,BAB III: PENGESAHAN RENCANA PENGGUNAAN,300342103,PASAL 13,300342103013,(1) Menteri atau pejabat yang ditunjuk melakukan  penilaian kelayakan permohonan Pengesahan RPTKA  yang diajukan oleh Pemberi Kerja TKA sejak  dinyatakan lengkap dan benar .  (2) Menteri atau pejabat yang ditunjuk sebagaimana  dimaksud pada ayat (1) menerbitkan hasil penilaian  kelayakan Pengesahan RPTKA paling lama 2 (dua) hari  kerja setelah Pemberi Kerja  TKA dinilai layak  berdasarkan penilaian kelayakan.
PP No 34 Tahun 2021,3003421,BAB III: PENGESAHAN RENCANA PENGGUNAAN,300342103,PASAL 14,300342103014,"(1) Berdasarkan hasil penilaian kelayakan Pengesahan   RPTKA sebagaimana dimaksud dalam Pasal 13 ayat  (2), Pemberi Kerja TKA menyampaikan data calon TKA  secara daring kepada Menteri atau pejaba t yang  ditunjuk.   2021, No.44  9   (2) Data calon  TKA sebagaimana dimaksud pada  ayat (1)  memuat paling sedikit :  a. identitas TKA;   b. jabatan TKA dan jangka waktu bekerja TKA;   c. lokasi kerja TKA; dan   d. penetapan  kode dan lokasi domisili TKA.   (3) Pemberi  Kerja TKA dalam menyampaik an data calon  TKA sebagaimana dimaksud pada ayat ( 2) dengan  melampirkan dokumen paling sedikit:   a. ijazah pendidikan;    b. sertifikat kompetensi atau pengalaman kerja;   c. perjanjian kerja atau perjanjian lain;   d. surat keterangan penunjukan Tenaga Kerja  Pendamping TKA ;  e. surat pernyataan sebagai penjamin TKA; dan   f. rekening koran/tabungan TKA atau Pemberi Kerja  TKA.  (4) Data calon TKA dan  dokumen  dilakukan verifikasi oleh  Menteri atau pejabat yang ditunjuk paling lama 2 (dua)  hari kerja.   (5) Dalam hal data calon TKA dan dokumen sebagaimana  dimaksud pada ayat (4) dinyatakan lengkap dan benar  serta Pemberi Kerja TKA telah melakukan pembayaran  DKPTKA, Menteri atau pejabat yang ditunjuk  menerbitkan Pengesahan RPTKA.   (6) Pengesahan  RPTKA digunakan sebagai rekomendasi  untuk mendapatkan  visa dan izin tinggal dalam  rangka bekerja bagi TKA.   (7) Menteri atau pejabat yang ditunjuk sebagaimana  dimaksud pada ayat (5) menyampaikan data calon TKA  yang akan dipekerjakan secara daring kepada menteri  yang menyelenggarakan urusan pemerintahan di  bidang hukum  dan hak asasi manusia atau pejabat  yang ditunjuk sebagai rekomendasi untuk  mendapatkan visa dan izin tinggal dalam rangka  bekerja.     2021, No.44  10 "
PP No 34 Tahun 2021,3003421,BAB III: PENGESAHAN RENCANA PENGGUNAAN,300342103,PASAL 15,300342103015,"(1) Permohonan Pengesahan RPTKA yang diajukan oleh  instansi  Pemerintah, perwakilan negara asing , dan  badan internasion al dikecualikan dari penilaian  kelayakan Pengesahan RPTKA  sebagaimana dimaksud  dalam Pasal 13 .   (2) Permohonan Pengesahan RPTKA sebagaimana  dimaksud pada ayat (1) disampaikan kepada Menteri  atau pejabat yang ditunjuk dengan memuat data calon  TKA paling sedikit :  a. identitas TKA;   b. jabatan TKA dan jangka waktu bekerja TKA;   c. lokasi kerja TKA; dan   d. penetapan  kode dan lokasi  domisili TKA .  (3) Permohonan Pengesahan RPTKA sebagaimana  dimaksud pada ayat ( 2) disampaikan oleh Pemberi  Kerja TKA dengan melampirkan dokumen paling  sedikit:  a. surat permohonan dan alasan penggunaan TKA;   b. rancangan perjanjian kerja atau perjanjian lain;  dan/atau   c. surat persetujuan dari instansi yang berwenang .  (4) Data calon TKA dan dokumen dilakukan verifikasi oleh  Menteri atau pejabat yang ditunjuk paling lama 2 (dua)  hari kerja.   (5) Dalam hal data calon TKA dan dokumen sebagaimana  dimaksud pada ayat (4) dinyatakan lengkap dan benar,  Menteri atau pejabat yang ditunjuk menerbitkan  Pengesahan RPTKA.   (6) Pengesahan RPTKA digunakan  sebagai rekomendasi   untuk mendapatkan visa  dan izin tinggal dalam  rangka bekerja bagi TKA .   (7) Menteri atau pejabat yang ditunjuk sebagaimana  dimaksud pada ayat (5) menyampaikan data calon TKA  yang akan dipekerjakan secara daring  kepada menteri  yang menyelenggarakan  urusan pemerintahan di  bidang huku m dan hak asasi manusia atau pejabat  2021, No.44  11   yang ditunjuk sebagai rekomendasi  untuk  mendapatkan visa dan izin tinggal dalam rangka  bekerja."
PP No 34 Tahun 2021,3003421,BAB III: PENGESAHAN RENCANA PENGGUNAAN,300342103,PASAL 16,300342103016,Pengesahan RPTKA terdiri atas:   a. RPTKA untuk pekerjaan bersifat sementara;   b. RPTKA untuk pekerjaan lebih dari 6 (enam ) bulan;   c. RPTKA non  DKPTKA; dan   d. RPTKA KEK.
PP No 34 Tahun 2021,3003421,BAB III: PENGESAHAN RENCANA PENGGUNAAN,300342103,PASAL 17,300342103017,"(1) Pengesahan RPTKA untuk pekerjaan bersifat  sementara diberikan untuk jangka waktu paling lama  6 (enam) bulan dan tidak dapat diperpanjang.   (2) Pengesahan RPTKA untuk pekerjaan lebih dari  6  (enam) b ulan dan Pengesahan RPTKA  non DKPTKA  diberikan untuk jangka waktu paling lama 2 (dua)  tahun dan dapat diperpanjang.   (3) Pengesahan RPTKA KEK diberikan untuk jangka  waktu paling lama 5 (lima) tahun dan dapat  diperpanjang.   (4) Pengesahan RPTKA KEK untuk jabatan direksi atau  komisaris, diberikan sekali dan berlaku selama TKA  yang bersangkutan menjadi direksi atau komisaris."
PP No 34 Tahun 2021,3003421,BAB III: PENGESAHAN RENCANA PENGGUNAAN,300342103,PASAL 18,300342103018,"Pengesahan RPTKA non  DKPTKA  diberikan kepada Pemberi  Kerja TKA untuk instansi Pemerintah, perwakilan negara  asing , badan internasional, lembaga sosial, lembaga  keagamaan, dan jabatan tertentu  di lembaga pendidikan.               2021, No.44  12 "
PP No 34 Tahun 2021,3003421,BAB III: PENGESAHAN RENCANA PENGGUNAAN,300342103,PASAL 19,300342103019,"(1) Pengesahan  RPTKA sebagaimana dimaksud dalam  Pasal 16 tidak berlaku bagi:   a. direksi atau komisaris dengan kepemilikan saham  tertentu,  atau pemegang saham sesuai dengan  ketentuan peraturan perundang  undangan;     b. pegawai diplomatik dan konsuler pada kantor  perwakilan negara asing; atau   c. TKA yang dibutuhkan oleh Pemberi Kerja TKA pada  jenis kegiatan produksi yang terhenti karena  keadaan darur at, vokasi, perusahaan rintisan ( start   up) berbasis teknologi, kunjungan bisnis, dan  penelitian untuk jangka waktu tertentu.   (2) Untuk mempekerjakan TKA pada jenis kegiatan   perusahaan  rintisan ( start  up) berbasis teknologi dan  vokasi untuk jangka waktu tertent u sebagaimana  dimaksud pada ayat (1) huruf c , Pemberi Kerja TKA   harus  menyampaikan data calon TKA secara daring  kepada Menteri atau pejabat yang ditunjuk.   (3) Jabatan pada kegiatan perusahaan rintisan ( start  up)  berbasis teknologi dan vokasi sebagaimana dimaks ud  pada ayat (2) ditetapkan oleh Menteri setelah  mendapatkan masukan dari kementerian/lembaga  terkait.   (4) Menteri atau pejabat yang ditunjuk sebagaimana  dimaksud pada ayat (2) menyampaikan data calon TKA  secara daring kepada menteri yang menyelenggarakan  urusan pemerintahan di bidang hukum dan hak asasi  manusia atau pejabat yang ditunjuk sebagai  rekomendasi untuk mendapatkan visa dan izin tinggal  dalam rangka bekerja .   (5) Jangka waktu bagi TKA yang bekerja  pada jenis  kegiatan  perusahaan rintisan ( start  up) berbas is  teknologi dan vokasi  sebagaimana dimaksud pada ayat  (3) diberikan paling lama 3 (tiga) bulan.   2021, No.44  13   (6) Pemberi Kerja TKA yang akan mempekerjakan TKA  pada jenis kegiatan perusahaan rintisan ( start  up)  berbasis teknologi dan vokasi melebihi jangka waktu  sebagaiman a dimaksud pada ayat (5) wajib memiliki  Pengesahan RPTKA.   (7) Dalam hal jangka waktu sebagaimana dimaksud pada  ayat (5) telah berakhir dan Pemberi Kerja  TKA tetap  akan mempekerjakan TKA tersebut, Pemberi Kerja TKA  harus mengajukan permohonan Pengesahan RPTKA.   (8) Permohonan Pengesahan RPTKA sebagaimana  dimaksud pada ayat (7) diajukan paling lambat  2 (dua)  minggu sebelum berakhirnya jangka waktu jabatan  TKA sebagaimana dimaksud pada ayat (5)."
PP No 34 Tahun 2021,3003421,BAB III: PENGESAHAN RENCANA PENGGUNAAN,300342103,PASAL 20,300342103020,"TKA yang dibutuhkan oleh Pemberi Kerja TKA pa da jenis  kegiatan produksi yang terhenti  karena keadaan darurat,  kunjungan bisnis, dan penelitian sebagaimana dimaksud  dalam Pasal 19 ayat (1)  huruf c  dapat masuk dan tinggal di  wilayah Indonesia dengan menggunakan visa dan  izin  tinggal sesuai dengan keten tuan peraturan perundang   undangan di bidang keimigrasian.     Bagian Kedua   Perpanjangan dan Perubahan Pengesahan Rencana  Penggunaan Tenaga Kerja Asing"
PP No 34 Tahun 2021,3003421,BAB III: PENGESAHAN RENCANA PENGGUNAAN,300342103,PASAL 21,300342103021,"(1) Permohonan perpanjangan Pengesahan RPTKA  diajukan oleh Pemberi Kerja TKA secara daring kepada  Menteri atau pejabat yang ditunjuk.   (2) Permohonan perpanjangan Pengesahan RPTKA  sebagaimana dimaksud pada ayat (1) diajukan paling  lambat 30 (tiga puluh) hari kerja sebelum jangka  waktu berakhir.   2021, No.44  14   (3) Permohonan perpanjangan Pengesahan RPTKA  sebagaimana dimaksud pada  ayat (1) disampaikan   oleh Pemberi Kerja TKA dengan memuat  paling sedikit:   a. identitas Pemberi Kerja TKA;   b. alasan perpanjangan Pengesahan RPTKA;   c. jabatan atau kedudukan TKA dalam struktur  organisasi perusahaan;   d. jumlah TKA;   e. jangka waktu penggunaan TKA;   f. lokas i kerja TKA;   g. identitas Tenaga Kerja Pendamping TKA; dan   h. realisasi penyerapan tenaga kerja Indonesia.   (4) Permohonan  perpanjangan Pengesahan RPTKA   sebagaimana dimaksud pada ayat ( 3) disampaikan  oleh Pemberi Kerja TKA dengan melampirkan dokumen  paling sedikit:   a. surat permohonan perpanjangan RPTKA;   b. Pengesahan RPTKA yang masih berlaku;   c. perjanjian kerja atau perjanjian lain;   d. paspor TKA yang masih berlaku;   e. kepesertaan program jaminan sosial;   f. nomor pokok wajib pajak TKA dan Pemberi Kerja  TKA; dan   g. laporan realisasi pel aksanaan pendidikan dan  pelatihan kerja bagi tenaga kerja Indonesia sesuai   dengan kualifikasi jabatan yang diduduki oleh  TKA.   (5) Dalam  hal permohonan perpanjangan Pengesahan  RPTKA  dinyatakan lengkap dan benar, Menteri atau  pejabat yang ditunjuk menerbitkan P engesahan RPTKA  perpanjangan  palin g lama  2 (dua) hari kerja.   (6) Jangka waktu  setiap Pengesahan RPTKA perpanjangan   sebagaimana dimaksud pada ayat (5) diberikan paling  lama 2 (dua) tahun dan Pengesahan RPTKA  perpanjangan di KEK diberikan paling lama 5 (lima)  tahun.  2021, No.44  15   (7) Pengesahan RPTKA perpanjangan digunakan  sebagai  rekomendasi  untuk mendapatkan izin tinggal dalam  rangka bekerja bagi TKA.   (8) Menteri atau pejabat yang ditunjuk sebagaimana  dimaksud pada ayat (5) menyampaikan data TKA yang  akan dipekerjakan  secara daring kepada menteri yang  menyelenggarakan urusan pemerintahan di bidang  hukum dan hak asasi manusia atau pejabat yang  ditunjuk sebagai rekomendasi untuk  mendapatkan  izin tinggal dalam rangka bekerja."
PP No 34 Tahun 2021,3003421,BAB III: PENGESAHAN RENCANA PENGGUNAAN,300342103,PASAL 22,300342103022,(1) Pemberi Kerja TKA dapat mengajukan permohonan  perub ahan Pengesahan RPTKA secara daring  kepada  Menteri atau pejabat yang ditunjuk mengenai:   a. alamat Pemberi Kerja TKA;   b. identitas TKA;    c. lokasi kerja TKA; dan/atau   d. nama Tenaga Kerja Pendamping TKA yang  dipekerjakan.   (2) Perubahan Pengesahan RPTKA sebagaimana dimak sud  pada ayat (1) diterbitkan oleh Menteri atau pejabat  yang ditunjuk paling lama 2 (dua) hari kerja sejak  permohonan dinyatakan lengkap dan benar.     Bagian Ketiga   Dana Kompensasi Penggunaan Tenaga Kerja Asing
PP No 34 Tahun 2021,3003421,BAB III: PENGESAHAN RENCANA PENGGUNAAN,300342103,PASAL 23,300342103023,"(1) Pemberi Kerja TKA wajib membayar DKPT KA atas  setiap TKA yang dipekerjakan .  (2) Pembayaran DKPTKA  dilakukan sesuai dengan jangka  waktu  TKA bekerja di wilayah Indonesia.   (3) Pembayaran DKPTKA sebagaimana dimaksud pada  ayat (1) dibayarkan oleh Pemberi Kerja TKA setelah  menerima kode billing  pembayaran D KPTKA dari  Menteri atau pejabat yang ditunjuk.   2021, No.44  16   (4) Kode billing  pembayaran DKPTKA sebagaimana  dimaksud pada ayat (3) disampaikan kepada Pemberi  Kerja TKA setelah data calon TKA dan dokumen  dinyatakan  lengkap oleh Menteri atau pejabat yang  ditunjuk.   (5) Pembayaran DKPTKA merupakan persyaratan  Pengesahan RPTKA .  (6) Ketentuan mengenai besaran dan penggunaan  DKPTKA sebagaimana dimaksud pada ayat (1)  dilaksanakan sesuai dengan ketentuan peraturan  perundang  undangan."
PP No 34 Tahun 2021,3003421,BAB III: PENGESAHAN RENCANA PENGGUNAAN,300342103,PASAL 24,300342103024,"(1) Pembayaran DKPTKA oleh Pemberi Kerja TKA  merupak an penerimaan negara bukan pajak atau  pendapatan daerah berupa retribusi daerah.   (2) DKPTKA  sebagaimana dimaksud pada ayat (1)  menjadi:   a. penerimaan negara bukan pajak untuk  Pengesahan RPTKA baru, Pengesahan RPTKA  perpanjangan bagi TKA yang bekerja di lokasi  lebih dari 1 (satu) provinsi, dan Pengesahan  RPTKA KEK;   b. pendapatan daerah provinsi untuk Pengesahan  RPTKA perpanjangan bagi TKA yang bekerja di  lokasi lebih dari 1 (satu) kabupaten/kota dalam 1  (satu) provinsi; dan   c. pendapatan daerah kabupaten/kota untuk  Pengesahan RPTKA perpanjangan bagi TKA yang  bekerja di lokasi dalam 1 (satu) kabupaten/kota.   (3) Pembayaran  DKPTKA sebagaimana dimaksud pada  ayat (1) untuk penerimaan negara bukan pajak  dibayarkan melalui bank persepsi yang ditunjuk oleh  Menteri dan untuk pendapa tan daerah dibayarkan  melalui bank yang ditunjuk oleh Pemerintah Daerah.       2021, No.44  17 "
PP No 34 Tahun 2021,3003421,BAB III: PENGESAHAN RENCANA PENGGUNAAN,300342103,PASAL 25,300342103025,(1) Kewajiban membayar DKPTKA  tidak berlaku bagi:   a. instansi Pemerintah;   b. perwakilan negara asing;   c. badan internasional;   d. lembaga sosial;   e. lembaga keagamaan; dan   f. jabatan tertentu di  lembaga pendidikan.   (2) Jabatan tertentu di lembaga pendidikan  yang  dibebaskan  pembayaran DKPTKA sebagaimana  dimaksud pada ayat (1) huruf f ditetapkan  oleh  Menteri setelah mendapatkan masukan dari  kementerian yang menyelenggarakan urusan  pemerintahan di bidang pendidikan.
PP No 34 Tahun 2021,3003421,BAB III: PENGESAHAN RENCANA PENGGUNAAN,300342103,PASAL 26,300342103026,"Ketentuan lebih lanjut mengenai tata cara permohonan,  perpanjangan, perubahan Pengesahan RPTKA, dan  pembayaran DKPTKA sebagaimana dimaksud dalam Pasal  12 sampai dengan Pasal 25 diatur dengan Peraturan  Menteri.     BAB IV : IZIN TINGGAL TENAGA KERJA ASING"
PP No 34 Tahun 2021,3003421,BAB IV: IZIN TINGGAL TENAGA KERJA ASING,300342104,PASAL 27,300342104027,"(1) Setiap TKA yang dipekerjakan oleh Pemberi Kerja TKA  di Indonesia  wajib memiliki izin tinggal.   (2) Jenis dan tata cara pemberian izin tinggal  sebagaimana  dimaksud pada ayat (1) sesuai dengan  ketentuan peraturan per undang  undangan di bidang  keimigrasian.             2021, No.44  18   BAB V : PENDIDIKAN DAN PELATIHAN  KERJA  BAGI TENAGA KERJA PENDAMPING DAN TENAGA KERJA ASING"
PP No 34 Tahun 2021,3003421,BAB V: PENDIDIKAN DAN PELATIHAN  KERJA  BAGI TENAGA,300342105,PASAL 28,300342105028,(1) Penunjukan tenaga kerja Indonesia sebagai Tenaga  Kerja Pendamping  TKA dilaksanakan untuk alih  teknologi dan alih kea hlian.   (2) Alih teknologi dan alih keahlian sebagaimana  dimaksud pada ayat (1) dilaksanakan melalui  pendidikan dan/atau pelatihan kerja kepada Tenaga  Kerja Pendamping TKA  sehingga memiliki kemampuan  untuk mengimplementasikan teknologi yang  dipergunakan oleh TK A dalam melaksanakan  pekerjaan.
PP No 34 Tahun 2021,3003421,BAB V: PENDIDIKAN DAN PELATIHAN  KERJA  BAGI TENAGA,300342105,PASAL 29,300342105029,(1) Pendidikan dan pelatihan  kerja  bagi Tenaga Kerja  Pendamping TKA dapat dilaksanakan di dalam  dan/atau di luar negeri.   (2) Tenaga Kerja Pendamping TKA  yang mengikuti  pendidikan dan pelatihan kerja sebagaimana  dimaksud p ada ayat (1) mendapat sertifikat  pendidikan dan pelatihan kerja dan/atau sertifikat  kompetensi sesuai dengan ketentuan peraturan  perundang  undangan.   (3) Pelaksanaan pendidikan dan pelatihan  kerja  bagi  Tenaga Kerja Pendamping TKA  di dalam negeri  sebagaimana dim aksud pada ayat (1) dilaksanakan  sesuai dengan ketentuan peraturan perundang   undangan.
PP No 34 Tahun 2021,3003421,BAB V: PENDIDIKAN DAN PELATIHAN  KERJA  BAGI TENAGA,300342105,PASAL 30,300342105030,"Pendidikan dan pelatihan bahasa Indonesia kepada TKA  dapat dilaksanakan oleh Pemberi Kerja TKA atau bekerja  sama dengan lembaga pendidikan atau lembaga pelatiha n  bahasa Indonesia.   2021, No.44  19 "
PP No 34 Tahun 2021,3003421,BAB V: PENDIDIKAN DAN PELATIHAN  KERJA  BAGI TENAGA,300342105,PASAL 31,300342105031,"Ketentuan lebih lanjut mengenai pelaksanaan pendidikan  dan pelatihan  kerja  bagi Tenaga Kerja Pendamping TKA dan  TKA sebagaimana dimaksud dalam Pasal 28 sampai  dengan Pasal 30 diatur dengan Peraturan Menteri.     BAB VI : PELAPORAN , PEMBINAAN, DAN PENGAWASAN   Bagian Kesatu   Pelaporan"
PP No 34 Tahun 2021,3003421,"BAB VI: PELAPORAN , PEMBINAAN, DAN PENGAWASAN",300342106,PASAL 32,300342106032,(1) Pemberi Kerja TKA wajib melaporkan setiap  1 (satu)  tahun kepada Menteri atau pejabat yang ditunjuk  untuk pelaksanaan:   a. penggunaan TKA;   b. pendidikan dan pelatihan kerja bagi Tenaga Kerja  Pendamping TKA; dan   c. alih teknologi dan alih keahlian dari TKA kepada   Tenaga Kerja Pendamping TKA.   (2) Pemberi Kerja TKA untuk pekerjaan yang bersifat  sementara  wajib melaporkan pelaksanaan penggunaan  TKA sebagaimana dimaksud pada  ayat (1) huruf a  setelah berakhirnya perjanjian kerja kepada Menteri  atau pejabat yang ditunjuk.   (3) Pemberi Kerja TKA wajib melaporkan kepada Menteri  atau pejabat yang ditunjuk untuk perjanjian kerja  TKA  yang telah berakhir atau diakhiri sebelum jangka  waktu perjanjian kerj a berakhir.
PP No 34 Tahun 2021,3003421,"BAB VI: PELAPORAN , PEMBINAAN, DAN PENGAWASAN",300342106,PASAL 33,300342106033,"Menteri atau pejabat yang ditunjuk menyediakan data TKA  yang dipekerjakan oleh Pemberi Kerja TKA secara daring   dan dapat diakses oleh dinas yang menyelenggarakan  urusan pemerintahan di bidang ketenagakerjaan provinsi  2021, No.44  20   dan kabupaten/kot a sesuai dengan lokasi kerja TKA   melalui sistem informasi ketenagakerjaan .    Bagian Kedua   Pembinaan"
PP No 34 Tahun 2021,3003421,"BAB VI: PELAPORAN , PEMBINAAN, DAN PENGAWASAN",300342106,PASAL 34,300342106034,Pembinaan penggunaan TKA dilakukan oleh kementerian  yang menyelenggarakan urusan pemerintahan di bidang  ketenagakerjaan dan dinas yang menyelenggar akan urusan  pemerintahan di bidang ketenagakerjaan provinsi dan  kabupaten/kota sesuai dengan kewenangannya.     Bagian Ketiga   Pengawasan
PP No 34 Tahun 2021,3003421,"BAB VI: PELAPORAN , PEMBINAAN, DAN PENGAWASAN",300342106,PASAL 35,300342106035,"(1) Pengawasan penggunaan TKA dilaksanakan oleh:   a. Pengawas Ketenagakerjaan pada kementerian   yang menyelenggarakan  urusan pemerintahan di  bidang ketenagakerjaan dan/atau dinas yang  menyelenggarakan urusan pemerintahan  di  bidang ketenagakerjaan provinsi; dan/atau   b. Pejabat imigrasi yang bertugas di bidang  pengawasan  dan penindakan keimigrasian,   secara t erkoordinasi sesuai dengan lingkup tugas dan  kewenangan masing  masing.   (2) Pengawas Ketenagakerjaan sebagaimana dimaksud  pada ayat (1) huruf a melakukan pengawasan pada  norma penggunaan TKA sesuai dengan ketentuan  peraturan perundang  undangan di bidang  ketenag akerjaan.             2021, No.44  21   BAB VII : SANKSI ADMINISTRATIF"
PP No 34 Tahun 2021,3003421,BAB VII: SANKSI ADMINISTRATIF,300342107,PASAL 36,300342107036,"(1) Pemberi Kerja TKA yang melanggar ketentuan  Pasal 6  ayat (1), Pasal 6 ayat (2), Pasal 6 ayat (3), Pasal 7 ayat  (2), Pasal 8 ayat (1), Pasal 10, Pasal 11 ayat (1), Pasal  19 ayat (6), Pasal 23 aya t (1), Pasal 32 ayat (1), Pasal  32 ayat (2), dan/atau  Pasal 32 ayat (3), dikenai sanksi  administratif berupa:   a. denda;   b. penghentian sementara proses permohonan  Pengesahan RPTKA; dan /atau   c. pencabutan  Pengesahan RPTKA.   (2) Sanksi administratif se bagaimana dimaksud pada ayat  (1) diberikan oleh Menteri atau pejabat yang ditunjuk.   (3) Menteri atau pejabat yang ditunjuk sebagaimana  dimaksud pada ayat (2) dalam mengenakan sanksi  administratif berdasarkan surat pemberitahuan  pengenaan sanksi administratif d ari Pengawas  Ketenagakerjaan."
PP No 34 Tahun 2021,3003421,BAB VII: SANKSI ADMINISTRATIF,300342107,PASAL 37,300342107037,"(1) Sanksi denda sebagaimana dimaksud dalam  Pasal 36  ayat (1) huruf a dikenakan kepada Pemberi Kerja TKA  yang melanggar ketentuan tidak memiliki Pengesahan  RPTKA sebagaimana dimaksud dalam Pasal 6 ayat (1) ,  Pasal 6  ayat (2) , dan Pasal 19  ayat (6).   (2) Besaran sanksi denda sebagaimana dimaksud pada  ayat (1) dikenakan per jabatan per orang per bulan  dengan ketentuan sebagai berikut:   a. 1 (satu) bulan dikenai sanksi denda sebesar  Rp6.000.000,00 (enam juta rupia h);  b. 2 (dua) bulan dikenai sanksi denda sebesar  Rp12.000.000,00 (dua belas juta rupiah);   c. 3 (tiga) bulan dikenai sanksi denda sebesar  Rp18.000.000,00 (delapan belas juta rupiah);   2021, No.44  22   d. 4 (empat) bulan dikenai sanksi denda sebesar  Rp24.000.000,00 (dua puluh empat j uta rupiah);   e. 5 (lima) bulan dikenai sanksi denda sebesar  Rp30.000.000,00 (tiga puluh juta rupiah); atau   f. 6 (enam) bulan dikenai sanksi denda sebesar  Rp36.000.000,00 (tiga puluh enam juta rupiah) .  (3) Penghitungan besaran sanksi denda sebagaimana  dimaksud pada a yat (2) dikenakan kepada Pemberi  Kerja TKA dimulai sejak TKA memasuki wilayah  Indonesia sampai dengan 6 (enam) bulan.   (4) Sanksi denda sebagaimana dimaksud pada ayat (2)  dibayarkan  ke kas negara.   (5) Pembayaran sanksi denda sebagaimana dimaksud  pada ayat (2) dilak ukan oleh Pemberi Kerja TKA paling  lama 2 (dua) minggu sejak diterima atau diumumkan  pengenaan sanksi denda."
PP No 34 Tahun 2021,3003421,BAB VII: SANKSI ADMINISTRATIF,300342107,PASAL 38,300342107038,"(1) Pemberi Kerja TKA yang tidak membayar sanksi denda  dalam jangka waktu paling lama 2 (dua) minggu  sebagaimana  dimaksud dalam Pasal 37  ayat (5)  dikenakan sanksi penghentian sementara  proses  permohonan Pengesahan RPTKA .  (2) Pemberi Kerja TKA sebagaimana dimaksud pada ayat  (1) tetap berkewajiban untuk membayar sanksi denda  dan denda keterlambatan sebesar 2% (dua persen) per   bulan dari jumlah s anksi denda yang harus  dibayarkan.   (3) Denda keterlambatan sebagaimana dimaksud pada  ayat (2) dikenakan paling lama 6 (enam) bulan.   (4) Apabila dalam jangka waktu 6 (enam) bulan sejak  batas waktu pembayaran Pemberi Kerja TKA tidak  membayar sanksi denda dan denda keterlambatan ,  Menteri atau pejabat yang ditunjuk menyerahkan  penagihan kepada instansi yang berwenang mengurusi  piutang negara untuk di proses lebih lanjut.     2021, No.44  23 "
PP No 34 Tahun 2021,3003421,BAB VII: SANKSI ADMINISTRATIF,300342107,PASAL 39,300342107039,"(1) Sanksi penghentian sementara proses permohonan  Pengesahan RPTKA  sebagaimana dimaksud dala m  Pasal 36 ayat (1) huruf b dikenakan kepada Pemberi  Kerja TKA yang melanggar ketentuan:   a. tidak memfasilitasi pendidikan dan pelatihan  bahasa Indonesia kepada TKA sebagaimana  dimaksud dalam Pasal 7 ayat (2);   b. tidak mendaftarkan TKA dalam program jaminan  sosial nasional bagi TKA yang bekerja lebih dari 6  (enam) bulan atau program asuransi  pada  perusahaan asuransi bagi TKA yang bekerja  kurang dari 6 (enam) bulan  sebagaimana  dimaksud dalam Pasal 8 ayat (1);   c. tidak melaporkan setiap 1 (satu) tahun kepada  Menteri a tau pejabat yang ditunjuk untuk  pelaksanaan penggunaan TKA, pelaksanaan  pendidikan dan pelatihan kerja bagi Tenaga Kerja  Pendamping TKA, dan pelaksanaan alih teknologi  dan alih keahlian dari TKA kepada Tenaga Kerja  Pendamping TKA sebagaimana dimaksud dalam   Pasal 32 ayat (1);   d. tidak melaporkan pelaksanaan penggunaan TKA  untuk pekerjaan yang bersifat sementara setelah  berakhirnya perjanjian kerja kepada Menteri atau  pejabat yang ditunjuk sebagaimana dimaksud  dalam Pasal 32 ayat (2); dan/atau   e. tidak melaporkan k epada Menteri atau pejabat  yang ditunjuk untuk perjanjian kerja TKA yang  telah berakhir atau diakhiri sebelum jangka  waktu perjanjian kerja berakhir sebagaimana  dimaksud dalam Pasal 32 ayat (3).   (2) Sanksi penghentian sementara proses permohonan  Pengesahan RPT KA sebagaimana dimaksud pada ayat  (1) diberikan untuk jangka waktu paling lama 3 (tiga)  bulan.   2021, No.44  24   (3) Sanksi penghentian sementara proses permohonan  Pengesahan RPTKA  sebagaimana dimaksud pada ayat  (2) memuat kewajiban yang harus dilaksanakan  oleh  Pemberi Kerja TK A terhadap pelanggaran yang telah  dilakukan.   (4) Dalam hal Pemberi Kerja TKA tidak melaksanakan  kewajiban sebagaimana dimaksud pada ayat (3) akan  dikenakan sanksi pencabutan Pengesahan RPTKA."
PP No 34 Tahun 2021,3003421,BAB VII: SANKSI ADMINISTRATIF,300342107,PASAL 40,300342107040,(1) Sanksi pencabutan Pengesahan RPTKA sebagaimana  dimaksud da lam Pasal 36 ayat (1) huruf c dikenakan   kepada Pemberi Kerja TKA yang melanggar ketentuan:   a. mempekerjakan TKA tidak sesuai dengan  Pengesahan RPTKA sebagaimana dimaksud dalam  Pasal 6 ayat (3);   b. mempekerjakan TKA rangkap jabatan dalam  perusahaan yang sama seb agaimana dimaksud  dalam Pasal 10;   c. mempekerjakan TKA pada jabatan yang  mengurusi personalia sebagaimana dimaksud  dalam Pasal 11 ayat (1); dan/atau   d. tidak membayar DKPTKA atas setiap TKA yang  dipekerjakan sebagaimana dimaksud dalam Pasal  23 ayat (1).
PP No 34 Tahun 2021,3003421,BAB VII: SANKSI ADMINISTRATIF,300342107,PASAL 41,300342107041,"Menteri atau pejabat yang ditunjuk menyampaikan  pencabutan Pengesahan RPTKA kepada menteri yang  menyelenggarakan urusan pemerintahan di bidang hukum  dan hak asasi manusia atau pejabat yang ditunjuk untuk  dilakukan tindakan keimigrasian sesuai dengan kete ntuan  peraturan perundang  undangan di bidan g keimigrasian.           2021, No.44  25 "
PP No 34 Tahun 2021,3003421,BAB VII: SANKSI ADMINISTRATIF,300342107,PASAL 42,300342107042,Ketentuan lebih lanjut mengenai tata cara pengenaan  sanksi administratif sebagaimana dimaksud dalam Pasal  36 sampai dengan Pasal 41 diatur dengan Peraturan  Menteri.     BAB VIII : PENDANAAN
PP No 34 Tahun 2021,3003421,BAB VIII: PENDANAAN,300342108,PASAL 43,300342108043,"Segala pendanaan yang diperlukan untuk pelaksanaan  Peraturan Pemerintah ini dibebankan pada Anggaran  Pendapatan dan Belanja Negara, Anggaran Pendapatan dan  Belanja Daerah provinsi, serta sumber pendanaan lainnya  yang sah sesuai dengan ketentuan per aturan perundang   undangan.     BAB IX : KETENTUAN LAIN  LAIN"
PP No 34 Tahun 2021,3003421,BAB IX: KETENTUAN LAIN  LAIN,300342109,PASAL 44,300342109044,Proses penggunaan TKA sebagaimana diatur dalam  Peraturan Pemerintah ini dilakukan melalui penggunaan  data secara bersama dan terintegrasi secara daring .     BAB X : KETENTUAN PERALIHAN
PP No 34 Tahun 2021,3003421,BAB X: KETENTUAN PERALIHAN,300342110,PASAL 45,300342110045,"Pada saat Peraturan Pemerintah ini mulai berlaku:   a. perizinan penggunaan TKA yang sudah terbit masih  tetap berlaku sampai dengan habis masa berlakunya;  dan  b. perizinan penggunaan TKA yang sedang dalam proses  permohonan disesuaikan dengan ketentuan dalam  Peratu ran Pemerintah ini.     2021, No.44  26   BAB XI : KETENTUAN PENUTUP"
PP No 34 Tahun 2021,3003421,BAB XI: KETENTUAN PENUTUP,300342111,PASAL 46,300342111046,"Pada saat Peraturan Pemerintah ini mulai berlaku,  Peraturan Presiden Nomor 20 Tahun 2018 tentang  Penggunaan Tenaga Kerja Asing (Lembaran Negara  Republik Indonesia Tahun 2018 Nomor 39), dicabut dan  dinyatakan tidak berlaku."
PP No 34 Tahun 2021,3003421,BAB XI: KETENTUAN PENUTUP,300342111,PASAL 47,300342111047,"Pada saat Peraturan Pemerintah ini mulai berlaku,  Peraturan Daerah dan Peraturan Kepala Daerah yang  mengatur mengenai retribusi yang berasal dari  perpanjangan izin mempekerjakan TKA wajib  menyesuaikan dengan ketentuan dalam  Peraturan  Pemerintah ini paling lambat 3 (tiga) bulan terhitung sejak  Peraturan Pemerintah ini berlaku."
PP No 34 Tahun 2021,3003421,BAB XI: KETENTUAN PENUTUP,300342111,PASAL 48,300342111048,"Peraturan Pemerintah ini mulai berlaku pada tanggal  1  April 2021.                               2021, No.44  27 "
PP No 35 Tahun 2021,3003521,BAB VI: PENGAWASAN KETENAGAKERJAAN,300352106,PASAL 60,300352106060,"Pengawasan ketenagakerjaan terhadap penerapan  ketentuan dalam Peraturan Pemerintah ini  dilaksanakan oleh Pengawas Ketenagakerjaan pada  kementerian yang menyelenggarakan urusan  pemerintahan di bidang ketenagakerj aan dan/atau  dinas yang menyelenggarakan urusan pemerintahan di  bidang ketenagakerjaan provinsi.           2021, No.45  39   BAB VII : SANKSI ADMINISTRATIF"
PP No 35 Tahun 2021,3003521,BAB VII: SANKSI ADMINISTRATIF,300352107,PASAL 61,300352107061,"(1) Pengusaha yang melanggar ketentuan Pasal 15              ayat (1), Pasal 17, Pasal 21 ayat (1), Pasal 22, Pasal  29 ayat (1) huruf b dan huruf c, Pasal 53,  dan/atau Pasal 59 dikenai sanksi administratif  berupa:   a. teguran tertulis;   b. pembatasan kegiatan usaha;   c. penghentian sementara sebagian atau seluruh  alat produksi; dan   d. pembekuan kegiatan usaha.   (2) Pengenaan sanksi administratif sebagaimana  dimaksud pada ayat (1) dilakukan secara bertahap.   (3) Teguran tertulis sebagaimana dimaksud pada ayat  (1) huruf a merupakan peringatan tertulis atas  pelanggaran yang dilakukan oleh Pengusaha.   (4) Pembatasan k egiatan usaha sebagaimana  dimaksud pada ayat (1) huruf b meliputi:   a. pembatasan kapasitas produksi barang  dan/atau jasa dalam waktu tertentu;  dan/atau   b. penundaan pemberian izin usaha di salah  satu atau beberapa lokasi bagi Perusahaan  yang memiliki proye k di beberapa lokasi.   (5) Penghentian sementara sebagian atau seluruh alat  produksi sebagaimana dimaksud pada ayat (1)  huruf c berupa tindakan tidak menjalankan  sebagian atau seluruh alat produksi barang  dan/atau jasa dalam waktu tertentu.   (6) Pembekuan ke giatan usaha sebagaimana  dimaksud pada ayat (1) huruf d berupa tindakan  menghentikan seluruh proses produksi barang  dan/atau jasa  di Perusahaan dalam waktu  tertentu.   2021, No.45  40 "
PP No 35 Tahun 2021,3003521,BAB VII: SANKSI ADMINISTRATIF,300352107,PASAL 62,300352107062,"(1) Menteri, menteri terkait, gubernur,  bupati/walikota, atau pej abat yang ditunjuk sesuai  dengan kewenangannya mengenakan sanksi  administratif sebagaimana dimaksud dalam Pasal  61 ayat (1) kepada Pengusaha.   (2) Pengenaan sanksi administratif diberikan  berdasarkan hasil pemeriksaan yang dilakukan  oleh Pengawas Ketenagake rjaan yang berasal dari:   a. pengaduan; dan/atau   b. tindak lanjut hasil pengawasan  ketenagakerjaan.   (3) Tindak lanjut hasil pemeriksaan yang dilakukan  oleh Pengawas Ketenagakerjaan dituangkan dalam  nota pemeriksaan.    (4) Dalam hal nota pemeriksaan tidak dil aksanakan  oleh Pengusaha, Pengawas Ketenagakerjaan  menyampaikan laporan ketidakpatuhan terhadap  peraturan perundang  undangan beserta nota  pemeriksaan kepada:   a. direktur jenderal yang membidangi  pengawasan ketenagakerjaan pada  kementerian yang menyelenggar akan urusan  pemerintahan di bidang ketenagakerjaan,  untuk Pengawas Ketenagakerjaan di  kementerian yang menyelenggarakan urusan  pemerintahan di bidang ketenagakerjaan; atau   b. kepala dinas yang menyelenggarakan urusan  pemerintahan di bidang ketenagakerjaan  provinsi, untuk Pengawas Ketenagakerjaan  pada dinas yang menyelenggarakan urusan  pemerintahan di bidang ketenagakerjaan  provinsi.   (5) Direktur jenderal atau kepala dinas menyampaikan  rekomendasi kepada pejabat yang berwenang  mengenakan sanksi administratif .    2021, No.45  41   (6) Menteri terkait, gubernur, bupati/walikota, atau  pejabat yang ditunjuk memberitahukan  pelaksanaan pengenaan sanksi administratif  kepada Menteri.     BAB VIII : KETENTUAN PERALIHAN"
PP No 35 Tahun 2021,3003521,BAB VIII: KETENTUAN PERALIHAN,300352108,PASAL 63,300352108063,"Pada saat Peraturan Pemerintah ini mulai berlaku,  PKWT yang te lah ada dan jangka waktunya belum  berakhir masih tetap berlaku sampai dengan  berakhirnya PKWT.     BAB IX : KETENTUAN PENUTUP"
PP No 35 Tahun 2021,3003521,BAB IX: KETENTUAN PENUTUP,300352109,PASAL 64,300352109064,Pada saat Peraturan Pemerintah ini mulai berlaku:   a. uang kompensasi untuk PKWT yang jangka  waktunya belum berakhir dibe rikan sesuai dengan  ketentuan dalam Peraturan Pemerintah ini; dan   b. besaran uang kompensasi sebagaimana dimaksud  pada huruf a dihitung berdasarkan masa kerja  Pekerja/Buruh yang perhitungannya dimulai sejak  tanggal diundangkan Undang  Undang Nomor 11  Tahun 2020 tentang Cipta Kerja.
PP No 35 Tahun 2021,3003521,BAB IX: KETENTUAN PENUTUP,300352109,PASAL 65,300352109065,"Pada saat Peraturan Pemerintah ini mulai berlaku,  semua peraturan perundang  undangan yang  merupakan peraturan pelaksanaan dari Undang   Undang Nomor 13 Tahun 2003 tentang  Ketenagakerjaan (Lembaran Negara Republik Indonesi a  Tahun 2003 Nomor 39, Tambahan Lembaran Negara  Republik Indonesia Nomor 4279) yang mengatur  mengenai waktu kerja pada sektor usaha atau  2021, No.45  42   pekerjaan tertentu, dinyatakan masih tetap berlaku  sepanjang tidak bertentangan dengan ketentuan  Peraturan Pemerintah i ni."
PP No 35 Tahun 2021,3003521,BAB IX: KETENTUAN PENUTUP,300352109,PASAL 66,300352109066,Peraturan Pemerintah ini mulai berlaku pada tanggal  diundangkan.
PP No 36 Tahun 2021,3003621,BAB I: KETENTUAN UMUM,300362101,PASAL 1,300362101002,"Dalam Peraturan Pemerintah ini yang dimaksud dengan:   1. Upah adalah hak Pekerja/Buruh yang diterima dan  dinyatakan dalam bentuk uang sebagai imbalan dari  Pengusaha atau pemberi kerja kepada Pekerja/Buruh  yang ditetapka n dan dibayarkan menurut suatu  Perjanjian Kerja, kesepakatan, atau peraturan  perundang  undangan, termasuk tunjangan bagi  Pekerja/Buruh dan keluarganya atas suatu pekerjaan  dan/atau jasa yang telah atau akan dilakukan.   2. Pekerja/Buruh adalah setiap orang yan g bekerja  dengan menerima Upah atau imbalan dalam bentuk  lain.   3. Pengusaha adalah:   a. orang perseorangan, persekutuan, atau badan  hukum yang menjalankan suatu Perusahaan  milik sendiri;   b. orang perseorangan, persekutuan, atau badan  hukum yang secara berdiri sen diri menjalankan  Perusahaan bukan miliknya;   c. orang perseorangan, persekutuan, atau badan  hukum yang berada di Indonesia mewakili  Perusahaan sebagaimana dimaksud dalam huruf  a dan b yang berkedudukan di luar wilayah  Indonesia.   4. Perusahaan adalah:   a. setiap be ntuk usaha yang berbadan hukum atau  tidak, milik orang perseorangan, milik  persekutuan, atau milik badan hukum, baik milik  swasta maupun milik negara yang  mempekerjakan Pekerja/Buruh dengan  membayar Upah atau imbalan dalam bentuk lain;   b. usaha  usaha sosial dan usaha  usaha lain yang   mempunyai pengurus dan memperkerjakan orang  2021, No.46  3   lain dengan membayar Upah atau imbalan dalam  bentuk lain.   5. Perjanjian Kerja adalah perjanjian antara  Pekerja/Buruh dengan Pengusaha atau pemberi kerja  yang memuat syarat  syarat kerja, ha k, dan kewajiban  para pihak.   6. Peraturan Perusahaan adalah peraturan yang dibuat  secara tertulis oleh Pengusaha yang memuat syarat   syarat kerja dan tata tertib Perusahaan.   7. Perjanjian Kerja Bersama adalah perjanjian yang  merupakan hasil perundingan antara S erikat  Pekerja/Serikat Buruh atau beberapa Serikat  Pekerja/Serikat Buruh yang tercatat pada instansi  yang bertanggung jawab di bidang ketenagakerjaan  dengan Pengusaha, atau beberapa Pengusaha atau  perkumpulan Pengusaha yang memuat syarat  syarat  kerja, hak,  dan kewajiban kedua belah pihak.   8. Hubungan Kerja adalah hubungan antara Pengusaha  dengan Pekerja/Buruh berdasarkan Perjanjian Kerja,  yang mempunyai unsur pekerjaan, Upah, dan  perintah.   9. Pemutusan Hubungan Kerja adalah pengakhiran  Hubungan Kerja karena sua tu hal tertentu yang  mengakibatkan berakhirnya hak dan kewajiban antara  Pekerja/Buruh dan Pengusaha.   10. Serikat Pekerja/Serikat Buruh adalah organisasi yang  dibentuk dari, oleh, dan untuk Pekerja/Buruh baik di  Perusahaan maupun di luar Perusahaan, yang bersi fat  bebas, terbuka, mandiri, demokratis, dan bertanggung  jawab guna memperjuangkan, membela serta  melindungi hak dan kepentingan Pekerja/Buruh serta  meningkatkan kesejahteraan Pekerja/Buruh dan  keluarganya.   11. Pemerintah Pusat adalah Presiden Republik Indone sia  yang memegang kekuasaan pemerintahan negara  Republik Indonesia yang dibantu oleh Wakil Presiden  dan menteri sebagaimana dimaksud dalam Undang   2021, No.46  4   Undang Dasar Negara Republik Indonesia Tahun  1945.   12. Pengawas Ketenagakerjaan adalah pegawai negeri sipil  yang d iberi tugas, tanggung jawab , wewenang, dan  hak secara penuh oleh pejabat yang berwenang untuk  melaksanakan kegiatan pembinaan, pemeriksaan,  pengujian, penyidikan, dan pengembangan sistem  pengawasan ketenagakerjaan sesuai dengan ketentuan  peraturan perundan g undangan.   13. Menteri adalah menteri yang menyelenggarakan  urusan pemerintahan di bidang ketenagakerjaan."
PP No 36 Tahun 2021,3003621,BAB I: KETENTUAN UMUM,300362101,PASAL 2,300362101002,(1) Setiap Pekerja/Buruh berhak atas penghidupan yang  layak bagi kemanusiaan.   (2) Setiap Pekerja/Buruh berhak memperoleh perlakuan  yang sama dalam penerapan sistem pengupahan  tanpa diskriminasi.   (3) Setiap Pekerja/Buruh berhak memperoleh Upah yang  sama untuk pekerjaan yang sama nilainya.
PP No 36 Tahun 2021,3003621,BAB I: KETENTUAN UMUM,300362101,PASAL 3,300362101003,Hak Pekerja/Buruh atas Upah timbul pada saat terjadi  Hubungan Kerja antara Pekerja/Buruh dengan Pengusaha   dan berakhir pada saat putusnya Hubungan Kerja.     BAB II : KEBIJAKAN PENGUPAHAN
PP No 36 Tahun 2021,3003621,BAB II: KEBIJAKAN PENGUPAHAN,300362102,PASAL 4,300362102004,"(1) Pemerintah Pusat menetapkan kebijakan pengupahan  sebagai salah satu upaya mewujudkan hak  Pekerja/Buruh atas penghidupan yang layak bagi  kemanusiaan.   (2) Kebijakan pengupa han sebagaimana dimaksud pada  ayat (1) merupakan program strategis nasional.     2021, No.46  5   (3) Pemerintah Daerah dalam melaksanakan kebijakan  pengupahan wajib berpedoman pada kebijakan  Pemerintah Pusat."
PP No 36 Tahun 2021,3003621,BAB II: KEBIJAKAN PENGUPAHAN,300362102,PASAL 5,300362102005,(1) Kebijakan pengupahan ditetapkan sebagai salah satu  upaya mewu judkan hak Pekerja/Buruh atas  penghidupan yang layak bagi kemanusiaan.   (2) Kebijakan pengupahan sebagaimana dimaksud pada  ayat (1) meliputi:   a. Upah minimum;   b. struktur dan skala Upah;    c. Upah kerja lembur;   d. Upah tidak masuk kerja dan/atau tidak  melakukan pekerjaa n karena alasan tertentu;   e. bentuk dan cara pembayaran Upah;   f. hal hal yang dapat diperhitungkan dengan Upah;  dan   g. Upah sebagai dasar perhitungan atau  pembayaran hak dan kewajiban lainnya.
PP No 36 Tahun 2021,3003621,BAB II: KEBIJAKAN PENGUPAHAN,300362102,PASAL 6,300362102006,(1) Kebijakan pengupahan ditujukan untuk pencapaian  penghasila n yang memenuhi penghidupan yang layak  bagi kemanusiaan.   (2) Penghasilan sebagaimana dimaksud pada ayat (1)  diperoleh dalam bentuk:   a. Upah; dan   b. pendapatan non  Upah.
PP No 36 Tahun 2021,3003621,BAB II: KEBIJAKAN PENGUPAHAN,300362102,PASAL 7,300362102007,"(1) Upah terdiri atas komponen:   a. Upah tanpa tunjangan;   b. Upah pokok dan tunjangan tetap ;   c. Upah pokok, tunjangan tetap, dan tunjangan  tidak tetap; atau     2021, No.46  6   d. Upah pokok dan tunjangan tidak tetap.   (2) Dalam hal komponen Upah terdiri atas Upah pokok  dan tunjangan tetap sebagaimana dimaksud pada ayat  (1) huruf b, besarnya Upah pokok paling sedikit 75%  (tujuh puluh lima persen) dari jumlah Upah pokok dan  tunjangan tetap.   (3) Dalam hal komponen Upah terdiri atas Upah pokok,  tunjangan tetap, dan tunjangan tidak tetap  sebagaimana dimaksud pada ayat (1) huruf c,  besarnya Upah pokok paling sedikit 75% (tujuh pul uh  lima persen) dari jumlah Upah pokok dan tunjangan  tetap.   (4) Komponen Upah sebagaimana dimaksud pada ayat (1)  yang akan digunakan ditetapkan  dalam Perjanjian  Kerja, Peraturan Perusahaan, atau Perjanjian Kerja  Bersama.   (5) Persentase besaran Upah pokok dalam k omponen  Upah sebagaimana dimaksud pada ayat (2) dan ayat  (3) untuk jabatan atau pekerjaan tertentu, dapat  diatur dalam Perjanjian Kerja, Peraturan Perusahaan,  atau Perjanjian Kerja Bersama."
PP No 36 Tahun 2021,3003621,BAB II: KEBIJAKAN PENGUPAHAN,300362102,PASAL 8,300362102008,"(1) Pendapatan non  Upah berupa tunjangan hari raya  keagamaa n.   (2) Selain tunjangan hari raya keagamaan sebagaimana  dimaksud pada ayat (1), Pengusaha dapat memberikan  pendapatan non  Upah berupa:   a. insentif;   b. bonus;   c. uang pengganti fasilitas kerja; dan/atau   d. uang servis pada usaha tertentu."
PP No 36 Tahun 2021,3003621,BAB II: KEBIJAKAN PENGUPAHAN,300362102,PASAL 9,300362102009,"(1) Tunjangan hari raya  keagamaan wajib diberikan oleh  Pengusaha kepada Pekerja/Buruh.     2021, No.46  7   (2) Tunjangan hari raya keagamaan wajib dibayarkan  paling lama 7 (tujuh) hari sebelum hari raya  keagamaan.    (3) Ketentuan lebih lanjut mengenai tunjangan hari raya  keagamaan  dan tata cara pembayaran nya diatur  dengan Peraturan Menteri."
PP No 36 Tahun 2021,3003621,BAB II: KEBIJAKAN PENGUPAHAN,300362102,PASAL 10,300362102010,(1) Insentif dapat diberikan oleh Pengusaha kepada  Pekerja/Buruh dalam jabatan atau pekerjaan tertentu.   (2) Insentif ditetapkan sesuai kebijakan Perusahaan.
PP No 36 Tahun 2021,3003621,BAB II: KEBIJAKAN PENGUPAHAN,300362102,PASAL 11,300362102011,"(1) Bonus dapat diberikan oleh Pengusaha kepada  Pekerja/Buruh atas keuntungan Perusahaan.   (2) Bonus untuk Pekerja/Buruh diatur dalam Perjanjian  Kerja, Peraturan Perusahaan, atau Perjanjian Kerja  Bersama."
PP No 36 Tahun 2021,3003621,BAB II: KEBIJAKAN PENGUPAHAN,300362102,PASAL 12,300362102012,"(1) Perusahaan dapat menyediakan fasilitas kerja bagi:   a. Pekerja/Buruh dalam jabatan atau pekerjaan  tertentu; atau   b. seluruh Pekerja/Buruh.   (2) Dalam hal fasilitas kerja bagi Pekerja/Buruh tidak  tersedia atau tidak mencukupi, Perusahaan dapat  memberikan uang pengganti fasilitas kerja  sebagaimana dimaksud dalam Pasal 8 ayat (2) huruf c.   (3) Penyediaan fasilitas k erja sebagaimana dimaksud pada  ayat (1) dan pemberian uang pengganti fasilitas kerja  sebagaimana dimaksud pada  ayat (2) diatur dalam  Perjanjian Kerja, Peraturan Perusahaan, atau  Perjanjian Kerja Bersama."
PP No 36 Tahun 2021,3003621,BAB II: KEBIJAKAN PENGUPAHAN,300362102,PASAL 13,300362102013,"(1) Uang servis pada usaha tertentu dikumpulk an dan  dikelola oleh Perusahaan.   2021, No.46  8   (2) Uang servis pada usaha tertentu wajib dibagikan  kepada Pekerja/Buruh setelah dikurangi biaya  cadangan terhadap risiko kehilangan atau kerusakan  dan pendayagunaan peningkatan kualitas sumber  daya manusia.   (3) Ketentuan mengena i uang servis pada usaha tertentu  diatur dengan Peraturan Menteri.      BAB III : UPAH BERDASARKAN SATUAN WAKTU DAN/ATAU SATUAN HASIL"
PP No 36 Tahun 2021,3003621,BAB III: UPAH BERDASARKAN SATUAN WAKTU,300362103,PASAL 14,300362103014,Upah ditetapkan berdasarkan:   a. satuan waktu; dan/atau    b. satuan hasil.
PP No 36 Tahun 2021,3003621,BAB III: UPAH BERDASARKAN SATUAN WAKTU,300362103,PASAL 15,300362103015,Upah berdasarkan satuan waktu seb agaimana dimaksud  dalam Pasal 14 huruf a ditetapkan secara:   a. per jam;    b. harian; atau    c. bulanan.
PP No 36 Tahun 2021,3003621,BAB III: UPAH BERDASARKAN SATUAN WAKTU,300362103,PASAL 16,300362103016,"(1) Penetapan Upah per jam hanya dapat diperuntukkan  bagi Pekerja/Buruh yang bekerja secara paruh waktu.    (2) Upah per jam dibayarkan berdasarkan kesepakatan  antara Pengusaha dan Pekerja/Buruh.   (3) Kesepakatan sebagaimana dimaksud pada  ayat (2)  tidak boleh lebih rendah dari hasil perhitungan  formula Upah per jam.   (4) Formula perhitungan Upah per jam sebagai berikut:      Upah per jam =        Upah sebulan   126  2021, No.46  9   (5) Angka penyebut dalam formu la perhitungan Upah per  jam dapat dilakukan peninjauan apabila terjadi  perubahan median jam kerja Pekerja/Buruh paruh  waktu secara signifikan.    (6) Peninjauan sebagaimana dimaksud pada ayat (5)  dilakukan dan ditetapkan  hasilnya oleh Menteri  dengan mempertimban gkan hasil kajian yang  dilaksanakan oleh dewan pengupahan nasional."
PP No 36 Tahun 2021,3003621,BAB III: UPAH BERDASARKAN SATUAN WAKTU,300362103,PASAL 17,300362103017,"Dalam hal Upah ditetapkan secara harian, perhitungan  Upah sehari sebagai berikut:   a. bagi Perusahaan dengan sistem waktu kerja  6 (enam)  hari dalam seminggu, Upah sebulan dibagi 2 5 (dua  puluh lima); atau   b. bagi Perusahaan dengan sistem waktu kerja  5 (lima)  hari dalam seminggu, Upah sebulan dibagi 21 (dua  puluh satu)."
PP No 36 Tahun 2021,3003621,BAB III: UPAH BERDASARKAN SATUAN WAKTU,300362103,PASAL 18,300362103018,(1) Upah berdasarkan satuan hasil sebagaimana  dimaksud dalam Pasal 14 huruf b ditetapkan sesuai  dengan hasil pekerjaan yang telah disepakati.   (2) Penetapan besarnya Upah sebagaimana  dimaksud  pada ayat (1) dilakukan oleh Pengusaha berdasarkan  hasil kesepakatan antara Pekerja/Buruh dengan  Pengusaha.
PP No 36 Tahun 2021,3003621,BAB III: UPAH BERDASARKAN SATUAN WAKTU,300362103,PASAL 19,300362103019,"Penetapan Upah sebulan berdasarkan satuan hasil  sebagaima na dimaksud dalam Pasal 14 huruf b untuk  pemenuhan pelaksanaan ketentuan peraturan perundang   undangan, ditetapkan berdasarkan Upah rata  rata 12 (dua  belas) bulan terakhir yang diterima oleh Pekerja/Buruh.          2021, No.46  10   BAB IV : STRUKTUR DAN SKALA UPAH"
PP No 36 Tahun 2021,3003621,BAB IV: STRUKTUR DAN SKALA UPAH,300362104,PASAL 20,300362104020,"(1) Penetapan besarnya Upah berdasarkan satuan waktu  sebagaimana dimaksud dalam Pasal 14 huruf a  dilakukan dengan berpedoman pada struktur dan  skala Upah.   (2) Dalam hal Upah di perusahaan menggunakan  komponen Upah tanpa tunjangan,  struktur dan skala  Upah menjadi pe doman dalam penetapan besaran  Upah tanpa tunjangan.   (3) Dalam hal Upah di perusahaan terdiri atas  komponen   Upah pokok dan tunjangan , struktur dan skala Upah  menjadi pedoman dalam penetapan besaran Upah  pokok."
PP No 36 Tahun 2021,3003621,BAB IV: STRUKTUR DAN SKALA UPAH,300362104,PASAL 21,300362104021,(1) Pengusaha wajib menyusun dan menerapkan struktur  dan skala Upah di Perusahaan dengan memperhatikan  kemampuan Perusahaan dan produktivitas.   (2) Struktur dan skala Upah sebagaimana dimaksud pada  ayat (1) wajib diberitahukan kepada seluruh  Pekerja/Buruh secara perorangan.   (3) Struktur dan skala Upah yang  diberitahukan  sekurang  kurangnya struktur dan skala Upah pada  golongan jabatan sesuai dengan jabatan  Pekerja/Buruh yang bersangkutan.
PP No 36 Tahun 2021,3003621,BAB IV: STRUKTUR DAN SKALA UPAH,300362104,PASAL 22,300362104022,"(1) Struktur dan skala  Upah sebagaimana dimaksud  dalam Pasal 21 ayat (1) harus dilampirkan oleh  Perusahaan  pada sa at mengajukan permohonan:   a. pengesahan dan pembaruan  Peraturan   Perusahaan; atau   b. pendaftaran, perpanjangan, dan pembaruan  Perjanjian Kerja Bersama.   2021, No.46  11   (2) Struktur dan skala Upah yang dilampirkan  sebagaimana dimaksud pada ayat (1) diperlihatkan  kepada pejabat yan g berwenang pada kementerian  yang menyelenggarakan urusan  pemerintaha n di  bidang ketenagakerjaan  dan/atau dinas yang  menyelenggarakan urusan pemerintahan di bidang  ketenagakerjaan.   (3) Setelah dokumen struktur dan skala Upah  diperlihatkan, pejabat yang berwen ang sebagaimana  dimaksud pada ayat (2) harus  mengembalikan  dokumen struktur dan skala Upah kepada pihak  Perusahaan pada saat itu juga.   (4) Selain melampirkan struktur dan skala Upah  sebagaimana dimaksud pada ayat (1), pimpinan  Perusahaan melampirkan surat per nyataan telah  ditetapkannya struktur dan skala Upah di  Perusahaan.    (5) Surat pernyataan sebagaimana dimaksud pada ayat  (4) didokumentasikan oleh pejabat yang berwenang  pada kementerian yang menyelenggarakan urusan  pemerintahan  di bidang ketenagakerjaan dan/at au  dinas yang menyelenggarakan urusan pemerintahan di  bidang ketenagakerjaan, sebagai bukti telah dilakukan  penyusunan struktur dan skala Upah.   (6) Ketentuan lebih lanjut mengenai struktur dan skala  Upah diatur dengan Peraturan Menteri.                          2021, No.46  12   BAB V : UPAH MINIMUM    Bagian Kesatu   Umum"
PP No 36 Tahun 2021,3003621,BAB V: UPAH MINIMUM,300362105,PASAL 23,300362105023,"(1) Upah minimum merupakan Upah bulanan terendah  yaitu:   a. Upah tanpa tunjangan; atau   b. Upah pokok dan tunjangan tetap.   (2) Dalam hal komponen Upah di Perusahaan terdiri atas  Upah pokok dan tunjangan tidak tetap, Upah po kok  paling sedikit sebesar Upah minimum.   (3) Pengusaha dilarang membayar Upah lebih rendah dari  Upah minimum."
PP No 36 Tahun 2021,3003621,BAB V: UPAH MINIMUM,300362105,PASAL 24,300362105024,(1) Upah minimum sebagaimana dimaksud dalam Pasal  23 ayat (1) berlaku bagi Pekerja/Buruh dengan masa  kerja kurang dari 1 (satu) tahun pada Per usahaan  yang bersangkutan.   (2) Upah bagi Pekerja/Buruh dengan masa kerja  1 (satu)  tahun atau lebih berpedoman pada struktur dan skala  Upah.
PP No 36 Tahun 2021,3003621,BAB V: UPAH MINIMUM,300362105,PASAL 25,300362105025,"(1) Upah minimum terdiri atas:   a. Upah minimum provinsi;   b. Upah minimum kabupaten/kota dengan syarat  tertentu.   (2) Upah minimum sebagaimana dimaksud pada  ayat (1)  ditetapkan berdasarkan kondisi ekonomi dan  ketenagakerjaan.   (3) Syarat tertentu sebagaimana dimaksud pada  ayat (1)  huruf b meliputi pertumbuhan  ekonomi daerah atau  inflasi pada kabupaten/kota yang bersangkutan.    2021, No.46  13     (4) Kondisi ekonomi  dan ketenagakerjaan  sebagaimana  dimaksud pada ayat (2) meliputi variabel:    a. paritas daya beli;   b. tingkat penyerapan tenaga kerja; dan    c. median Upah.    (5) Data pertumbuhan ekonomi, inflasi, paritas daya beli,  tingkat penyerapan  tenaga kerja, dan med ian Upah  bersumber dari lembaga yang berwenang  di bidang  statistik."
PP No 36 Tahun 2021,3003621,BAB V: UPAH MINIMUM,300362105,PASAL 26,300362105026,"(1) Penyesuaian  nilai Upah minimum dilakukan setiap  tahun .  (2) Penyesuaian nilai Upah minimum ditetapkan pada  rentang nilai tertentu di  antara batas atas dan  batas  bawah Upah minimum p ada wilayah yang  bersangkutan.   (3) Batas atas Upah minimum sebagaimana dimaksud  pada ayat (2) merupakan acuan nilai Upah minimum  tertinggi yang dapat ditetapkan dan dihitung  menggunakan formula sebagai berikut:    Rata – rata konsumsi per kapita (t) × Rata – rata  banyaknya ART (t)  Batas atas UM (t) =   Rata – rata banyaknya ART bekerja pada setiap rumah  tangga (t)  (4) Batas bawah Upah minimum sebagaimana dimaksud  pada ayat (2) merupakan acuan nilai Upah minimum  terendah yang dapat ditetapkan dan dihitung  menggunakan fo rmula sebagai berikut:    Batas bawah UM (t) = Batas atas UM (t) × 50%    (5) Nilai Upah minimum tertentu sebagaimana dimaksud  pada ayat (2) dihitung berdasarkan formula  penyesuaian nilai Upah minimum sebagai berikut:       UM (t+1) = UM (t) + Max(PE (t),Inflasi (t)) × × UM (t)   Batas  atas (t) – UM (t)  Batas atas (t) – Batas bawah (t)    2021, No.46  14   (6) Rata rata konsumsi per kapita, rata  rata banyaknya  anggota rumah tangga, dan rata  rata banyaknya  anggota rumah tangga bekerja pada setiap rumah  tangga sebagaimana dimaksud pada ayat (3)  menggunakan data di wilayah yang bersangkutan.   (7) Nilai pe rtumbuhan ekonomi atau inflasi yang  digunakan dalam formula penyesuaian nilai Upah  minimum sebagaimana dimaksud pada ayat (5)  merupakan nilai pertumbuhan ekonomi atau inflasi  tingkat provinsi.   (8) Data sebagaimana dimaksud pada ayat (6) dan ayat (7)  bersumber  dari lembaga yang berwenang di bidang  statistik.     Bagian Kedua   Upah Minimum Provinsi"
PP No 36 Tahun 2021,3003621,BAB V: UPAH MINIMUM,300362105,PASAL 27,300362105027,(1) Gubernur wajib menetapkan Upah minimum provinsi  setiap tahun.   (2) Penyesuaian nilai Upah minimum provinsi dilakukan  sesuai dengan tahapan perhitungan sebagaim ana  dimaksud dalam Pasal 26.   (3) Nilai penyesuaian Upah minimum provinsi yang  ditetapkan harus berdasarkan hasil perhitungan  penyesuaian nilai Upah minimum sebagaimana  dimaksud pada ayat (2).   (4) Dalam hal Upah minimum provinsi tahun berjalan  lebih tinggi dari b atas atas Upah minimum provinsi  maka gubernur wajib menetapkan Upah minimum  provinsi tahun berikutnya sama dengan nilai Upah  minimum provinsi tahun berjalan.
PP No 36 Tahun 2021,3003621,BAB V: UPAH MINIMUM,300362105,PASAL 28,300362105028,"(1) Perhitungan penyesuaian nilai Upah minimum  provinsi sebagaimana dimaksud dalam Pasal 2 6 ayat  (2) dilakukan oleh dewan pengupahan provinsi.   2021, No.46  15   (2) Hasil perhitungan penyesuaian nilai  Upah minimum  provinsi sebagaimana dimaksud pada ayat (1)  direkomendasikan kepada gubernur melalui dinas  yang menyelenggarakan urusan pemerintahan di  bidang ketenagake rjaan  provinsi ."
PP No 36 Tahun 2021,3003621,BAB V: UPAH MINIMUM,300362105,PASAL 29,300362105029,"(1) Upah minimum provinsi ditetapkan dengan Keputusan  Gubernur dan diumumkan paling lambat tanggal 21  November tahun berjalan.   (2) Dalam hal tanggal 21 November jatuh pada hari  Minggu , hari libur nasional, atau hari libur resmi ,  Upah minimum provinsi ditetapkan dan diumumkan  oleh gubernur 1 (satu) hari sebelum hari Minggu , hari  libur nasional, atau hari libur resmi.   (3) Upah minimum provinsi sebagaimana dimaksud pada  ayat (1) dan ayat (2) berlaku terhitung mulai tanggal 1  Januari tahun be rikutnya.   (4) Pelaksanaan ketentuan sebagaimana dimaksud pada  ayat (1) dan ayat (2) tidak boleh bertentangan dengan  kebijakan pengupahan sebagaimana dimaksud dalam"
PP No 36 Tahun 2021,3003621,BAB V: UPAH MINIMUM,300362105,PASAL 30,300362105030,"(1) Gubernur dapat menetapkan  Upah minimum  kabupaten/kota dengan syarat tertentu.   (2) Syarat tertentu sebagaimana dimaksud pada  ayat (1)  yaitu:   a. rata rata pertumbuhan ekonomi kabupaten/kota  yang bersangkutan selama  3 (tiga) tahun terakhir  dari data yang tersedia pada periode yang sama,  lebih  tinggi dibandingkan rata  rata pertumbuhan  ekonomi provinsi; atau     2021, No.46  16   b. nilai pertumbuhan ekonomi dikurangi inflasi  kabupaten/kota yang bersangkutan selama  3  (tiga) tahun terakhir dari data yang tersedia pada  periode yang sama, selalu positif, dan lebih tinggi   dari nilai provinsi."
PP No 36 Tahun 2021,3003621,BAB V: UPAH MINIMUM,300362105,PASAL 31,300362105031,(1) Upah minimum kabupaten/kota ditetapkan setelah  penetapan Upah minimum provinsi.    (2) Upah minimum kabupaten/kota sebagaimana  dimaksud pada ayat (1) harus lebih tinggi dari Upah  minimum provinsi.
PP No 36 Tahun 2021,3003621,BAB V: UPAH MINIMUM,300362105,PASAL 32,300362105032,"(1)  Penetapan Upah minimum bagi kabupaten/kota  yang  belum memiliki Upah minimum  kabupaten/kota,  menggunakan formula perhitungan Upah minimum   dengan tahapan perhitungan sebagai berikut:   a. menghitung nilai  relatif Upah minimum  kabupaten/kota terhadap Upah minimum  provinsi ber dasarkan rasio paritas daya beli  (purchasing power parity ), dengan formula sebagai  berikut:     UMK (F1) = × UMP (t)     b. menghitung nilai  relatif  Upah  minimum  kabupaten/kota terhadap Upah minimum  provinsi berdasarkan rasio tingkat penyerapan  tenaga kerja, den gan formula sebagai berikut:      UMK (F2) =  × UMP (t)     c. menghitung nilai relatif Upah minimum  kabupaten/kota terhadap Upah minimum  provinsi berdasarkan rasio median Upah, dengan  formula sebagai berikut:  PPP Kab/Kota   PPP Provinsi   (1 – TPT Kab/Kota)   (1 – TPT Provinsi)   2021, No.46  17      UMK (F3) =  ×UMP (t)       d. menghitung rata  rata nilai relatif UMK  sebagaimana dimaksud pada huruf a, huruf b,  dan huruf  c, dengan formula sebagai berikut:      UMK (t+1) =      (2) Variabel paritas daya beli, tingkat penyerapan tena ga  kerja, dan median Upah sebagaimana dimaksud pada  ayat (1) masing  masing dihitung berdasarkan nilai  rata rata 3 (tiga) tahun terakhir dari data yang  tersedia pada periode yang sama.   (3) Dalam hal syarat tertentu sebagaimana dimaksud  dalam Pasal 30 ayat (2) tidak terpenuhi maka  gubernur tidak dapat menetapkan Upah minimum  bagi kabupaten/kota yang belum memiliki Upah  minimum kabupaten/kota."
PP No 36 Tahun 2021,3003621,BAB V: UPAH MINIMUM,300362105,PASAL 33,300362105033,"(1) Perhitungan nilai Upah minimum kabupaten/kota   dilakukan oleh dewan pengupahan kabupaten/kota.   (2) Hasil perhitun gan Upah minimum kabupaten/kota  sebagaimana dimaksud pada ayat (1) disampaikan  kepada bupati/wali kota untuk direkomendasikan  kepada gubernur melalui dinas yang  menyelenggarakan urusan pemerintahan di bidang  ketenagakerjaan provinsi.   (3) Dalam hal hasil perhi tungan Upah minimum  kabupaten/kota lebih rendah dari nilai Upah  minimum provinsi maka bupati/wali kota tidak  dapat  merekomendasikan nilai Upah minimum  kabupaten/kota kepada gubernur.       Median Upah Provinsi  Median Upah  Kab/Kota   3 (UMK (F1) + UMK (F2) + UMK (F3))  2021, No.46  18 "
PP No 36 Tahun 2021,3003621,BAB V: UPAH MINIMUM,300362105,PASAL 34,300362105034,(1) Penetapan Upah minimum bagi kabupaten/kota yang  telah memilik i Upah minimum kabupaten/kota  dilakukan dengan penyesuaian nilai Upah minimum.   (2) Penyesuaian nilai Upah minimum kabupaten/kota  dilakukan sesuai tahapan perhitungan sebagaimana  dimaksud dalam  Pasal 26.   (3) Pertumbuhan ekonomi atau inflasi yang digunakan  dalam f ormula penyesuaian nilai Upah minimum  sebagaimana dimaksud dalam Pasal 26 ayat (5)  merupakan nilai pertumbuhan ekonomi atau inflasi  tingkat provinsi.    (4) Perhitungan penyesuaian nilai Upah minimum  kabupaten/kota sebagaimana dimaksud pada ayat (2)  dilakukan ol eh dewan pengupahan kabupaten/kota.   (5) Hasil perhitungan penyesuaian nilai Upah minimum  kabupaten/kota sebagaimana dimaksud pada ayat (4)  disampaikan kepada bupati/wali kota untuk  direkomendasikan kepada gubernur melalui dinas  yang menyelenggarakan urusan pe merintahan di  bidang ketenagakerjaan provinsi.   (6) Dalam hal Upah minimum kabupaten/kota tahun  berjalan lebih tinggi dari batas atas Upah minimum  kabupaten/kota maka bupati/wali kota   harus merekomendasikan kepada gubernur nilai Upah  minimum kabupaten/kota ta hun berikutnya sama  dengan nilai Upah minimum kabupaten/kota tahun  berjalan.
PP No 36 Tahun 2021,3003621,BAB V: UPAH MINIMUM,300362105,PASAL 35,300362105035,"(1) Gubernur meminta saran dan pertimbangan dewan  pengupahan provinsi dalam menetapkan Upah  minimum kabupaten/kota yang direkomendasikan  oleh bupati/wali kota.   (2) Upah minim um kabupaten/kota ditetapkan dengan  Keputusan Gubernur dan diumumkan paling lambat   pada tanggal 30 November tahun berjalan.   2021, No.46  19   (3) Dalam hal tanggal 30 November jatuh pada hari  Minggu , hari libur nasional, atau hari libur resmi ,  Upah minimum kabupaten/kota ditet apkan dan  diumumkan oleh gubernur 1 (satu) hari sebelum hari  Minggu , hari libur nasional, atau hari libur resmi.   (4) Upah minimum kabupaten/kota sebagaimana  dimaksud pada ayat (2) dan ayat (3) berlaku terhitung  mulai tanggal 1 Januari tahun berikutnya.   (5) Pelaksa naan ketentuan sebagaimana dimaksud pada  ayat (1), ayat (2), dan ayat (3) tidak boleh bertentangan  dengan kebijakan pengupahan sebagaimana dimaksud  dalam Pasal 4.     BAB VI : UPAH TERENDAH PADA USAHA MIKRO DAN USAHA KECIL"
PP No 36 Tahun 2021,3003621,BAB VI: UPAH TERENDAH PADA USAHA MIKRO DAN USAHA,300362106,PASAL 36,300362106036,"(1) Ketentuan Upah minimum  sebagaimana dimaksud  dalam Pasal 23 sampai dengan Pasal 35 dikecualikan  bagi usaha mikro dan usaha kecil.    (2) Upah pada usaha mikro dan usaha kecil ditetapkan  berdasarkan kesepakatan antara Pengusaha dengan  Pekerja/Buruh di Perusahaan dengan ketentuan:    a. paling  sedikit sebesar 50% (lima puluh persen)  dari rata  rata konsumsi masyarakat di tingkat  provinsi; dan    b. nilai Upah yang disepakati paling sedikit 25%  (dua puluh lima persen) di atas garis kemiskinan  di tingkat provinsi.   (3) Rata rata konsumsi masyarakat dan gar is kemiskinan  sebagaimana dimaksud pada ayat (2) huruf a dan  huruf b menggunakan data yang bersumber dari  lembaga yang berwenang  di bidang statistik.          2021, No.46  20 "
PP No 36 Tahun 2021,3003621,BAB VI: UPAH TERENDAH PADA USAHA MIKRO DAN USAHA,300362106,PASAL 37,300362106037,Usaha mikro dan usaha kecil sebagaimana dimaksud  dalam Pasal 36 ayat (1) harus memenuhi kri teria tertentu  yang ditetapkan sesuai  dengan  ketentuan peraturan  perundang  undangan .
PP No 36 Tahun 2021,3003621,BAB VI: UPAH TERENDAH PADA USAHA MIKRO DAN USAHA,300362106,PASAL 38,300362106038,Usaha mikro dan usaha kecil yang  dikecualikan dari  ketentuan Upah minimum wajib mempertimbangkan faktor  sebagai berikut:   a. mengandalkan sumber  daya tradisional; d an/atau   b. tidak bergerak pada  usaha berteknologi tinggi  dan  tidak padat modal.      BAB VII : PELINDUNGAN UPAH    Bagian Kesatu   Upah Kerja Lembur
PP No 36 Tahun 2021,3003621,BAB VII: PELINDUNGAN UPAH,300362107,PASAL 39,300362107039,"Upah kerja lembur wajib dibayar oleh Pengusaha yang  mempekerjakan Pekerja/Buruh melebihi waktu kerja , pada  istirahat mingguan , atau pada hari libur resmi sebagai  kompensasi kepada Pekerja/Buruh yang bersangkutan  sesuai dengan ketentuan peraturan perundang  undangan.      Bagian Kedua   Upah Pekerja/Buruh Tidak Masuk Bekerja dan/atau Tidak  Melakukan Pekerjaan Ka rena Alasan Tertentu"
PP No 36 Tahun 2021,3003621,BAB VII: PELINDUNGAN UPAH,300362107,PASAL 40,300362107040,"(1) Upah tidak dibayar apabila Pekerja/Buruh tidak  masuk bekerja dan/atau tidak melakukan pekerjaan.   (2) Ketentuan sebagaimana dimaksud pada ayat (1) tidak  berlaku dan Pengusaha wajib membayar Upah jika  Pekerja/Buruh:   2021, No.46  21   a. berhalangan;    b. melakukan kegiatan lain di luar pekerjaannya;   c. menjalankan hak waktu istirahat atau cutinya;  atau   d. bersedia melakukan pekerjaan yang telah  dijanjikan tetapi Pengusaha tidak  mempekerjakannya karena kesalahan Pengusaha  sendiri atau kendala yang seharusnya dapat  dihindari Pengusaha.   (3) Alasan Pekerja/Buruh tidak masuk bekerja dan/atau  tidak melakukan pekerjaan karena berhalangan  sebagaimana dimaksud pada ayat (2) huruf a meliputi:   a. Pekerja/Buruh sakit sehingga tidak dapat  melakukan pekerjaan;   b. Pekerja/Buruh pe rempuan yang sakit pada hari  pertama dan kedua masa haidnya sehingga tidak  dapat melakukan pekerjaan; atau   c. Pekerja/Buruh tidak masuk bekerja karena:   1. menikah;   2. menikahkan anaknya;   3. mengkhitankan anaknya;   4. membaptiskan anaknya;   5. istri melahirkan atau kegugu ran kandungan;   6. suami, istri, orang tua, mertua, anak,  dan/atau menantu meninggal dunia; atau   7. anggota keluarga selain sebagaimana  dimaksud pada angka 6 yang tinggal dalam 1  (satu) rumah meninggal dunia.   (4) Alasan Pekerja/Buruh tidak masuk bekerja dan/atau  tidak melakukan pekerjaan karena melakukan  kegiatan lain di luar pekerjaannya sebagaimana  dimaksud pada ayat (2) huruf b meliputi:   a. menjalankan kewajiban terhadap negara;   b. menjalankan kewajiban ibadah yang  diperintahkan agamanya;   c. melaksanakan tugas Serikat  Pekerja/Serikat  Buruh atas persetujuan Pengusaha dan dapat  2021, No.46  22   dibuktikan dengan adanya pemberitahuan  tertulis; atau   d. melaksanakan tugas pendidikan dan/atau  pelatihan dari Perusahaan.   (5) Alasan Pekerja/Buruh tidak masuk bekerja dan/atau  tidak melakukan pekerjaa n karena menjalankan hak  waktu istirahat atau cutinya sebagaimana dimaksud  pada ayat (2) huruf c apabila Pekerja/Buruh  melaksanakan:   a. hak istirahat mingguan;   b. cuti tahunan;   c. istirahat panjang;   d. istirahat sebelum dan sesudah melahirkan; atau   e. istirahat karena mengalami keguguran  kandungan."
PP No 36 Tahun 2021,3003621,BAB VII: PELINDUNGAN UPAH,300362107,PASAL 41,300362107041,"(1) Upah yang dibayarkan kepada Pekerja/Buruh yang  tidak masuk bekerja dan/atau tidak melakukan  pekerjaan karena sakit sebagaimana  dimaksud dalam  Pasal 40 ayat (3) huruf a sebagai berikut:   a. untuk 4 (empat) bulan p ertama, dibayar  100%   (seratus persen) dari Upah;   b. untuk 4 (empat) bulan kedua, dibayar 75% (tujuh  puluh lima persen) dari Upah;   c. untuk 4 (empat) bulan ketiga, dibayar 50% (lima  puluh persen) dari Upah; dan   d. untuk bulan selanjutnya dibayar 25% (dua puluh  lima persen) dari Upah sebelum Pemutusan  Hubungan Kerja dilakukan oleh Pengusaha.   (2) Upah yang dibayarkan kepada Pekerja/Buruh  perempuan yang tidak masuk bekerja dan/atau tidak  melakukan pekerjaan karena sakit pada hari pertama  dan kedua masa haidnya sebagaima na dimaksud  dalam Pasal 40 ayat (3) huruf b disesuaikan dengan  jumlah hari menjalani masa sakit haidnya, paling  lama  2 (dua) hari.   2021, No.46  23   (3) Upah yang dibayarkan kepada Pekerja/Buruh yang  tidak masuk bekerja dan/atau tidak melakukan  pekerjaan sebagaimana dimaksud d alam Pasal 40 ayat  (3) huruf c sebagai berikut:   a. Pekerja/Buruh menikah, dibayar untuk selama 3  (tiga) hari;   b. menikahkan anaknya, dibayar untuk selama 2  (dua) hari;   c. mengkhitankan anaknya, dibayar untuk selama 2  (dua) hari;   d. membaptiskan anaknya, dibayar un tuk selama 2  (dua) hari;   e. istri melahirkan atau keguguran kandungan,  dibayar untuk selama 2 (dua) hari;   f. suami, istri, orang tua, mertua, anak, dan/atau  menantu meninggal dunia,  dibayar  untuk selama  2 (dua) hari; atau   g. anggota keluarga selain sebagaimana d imaksud  dalam huruf f yang tinggal dalam  1 (satu) rumah  meninggal dunia, dibayar untuk selama 1 (satu)  hari."
PP No 36 Tahun 2021,3003621,BAB VII: PELINDUNGAN UPAH,300362107,PASAL 42,300362107042,"(1) Pekerja/Buruh yang menjalankan kewajiban terhadap  negara sebagaimana dimaksud dalam Pasal 40 ayat (4)  huruf a tidak melebihi 1 (satu) t ahun dan penghasilan  yang diberikan oleh negara kurang dari besarnya Upah  yang biasa  diterima  Pekerja/Buruh, Pengusaha wajib  membayar kekurangannya.   (2) Pekerja/Buruh yang menjalankan kewajiban terhadap  negara sebagaimana dimaksud dalam Pasal 40 ayat (4)  huru f a tidak melebihi 1 (satu) tahun dan penghasilan  yang diberikan oleh negara sama atau lebih besar dari  Upah yang biasa diterima Pekerja/Buruh, Pengusaha  tidak wajib membayar.   (3) Pekerja/Buruh yang menjalankan kewajiban terhadap  negara sebagaimana dimaksud p ada ayat (1) dan ayat  2021, No.46  24   (2) wajib memberitahukan secara tertulis kepada  Pengusaha."
PP No 36 Tahun 2021,3003621,BAB VII: PELINDUNGAN UPAH,300362107,PASAL 43,300362107043,"Pengusaha wajib membayar Upah kepada Pekerja/Buruh  yang tidak masuk bekerja atau tidak melakukan  pekerjaannya karena menjalankan kewajiban ibadah yang  diperintahk an agamanya sebagaimana dimaksud dalam  Pasal 40 ayat (4)  huruf b, sebesar Upah yang diterima oleh  Pekerja/Buruh dengan ketentuan hanya sekali selama  Pekerja/Buruh bekerja di Perusahaan yang bersangkutan."
PP No 36 Tahun 2021,3003621,BAB VII: PELINDUNGAN UPAH,300362107,PASAL 44,300362107044,"Pengusaha wajib membayar Upah kepada Pe kerja/Buruh  yang tidak masuk bekerja dan/atau tidak melakukan  pekerjaan karena melaksanakan  tugas Serikat  Pekerja/Serikat Buruh sebagaimana dimaksud dalam  Pasal 40 ayat (4) huruf c, sebesar Upah yang biasa  diterima oleh Pekerja/Buruh."
PP No 36 Tahun 2021,3003621,BAB VII: PELINDUNGAN UPAH,300362107,PASAL 45,300362107045,"Pengusah a wajib membayar Upah kepada Pekerja/Buruh  yang tidak masuk bekerja dan/atau tidak melakukan  pekerjaan karena melaksanakan tugas pendidikan  dan/atau pelatihan dari Perusahaan sebagaimana  dimaksud dalam Pasal 40 ayat (4) huruf d, sebesar Upah  yang biasa dit erima oleh Pekerja/Buruh."
PP No 36 Tahun 2021,3003621,BAB VII: PELINDUNGAN UPAH,300362107,PASAL 46,300362107046,"Pengusaha wajib membayar Upah kepada Pekerja/Buruh  yang tidak masuk bekerja dan/atau tidak melakukan  pekerjaan karena menjalankan hak waktu istirahat atau  cutinya sebagaimana dimaksud dalam Pasal 40 ayat (5),  sebesar Up ah yang biasa diterima oleh Pekerja/Buruh.          2021, No.46  25 "
PP No 36 Tahun 2021,3003621,BAB VII: PELINDUNGAN UPAH,300362107,PASAL 47,300362107047,"Pelaksanaan ketentuan sebagaimana dimaksud dalam  Pasal 40 sampai dengan Pasal 46 diatur dalam Perjanjian  Kerja, Peraturan Perusahaan, atau Perjanjian Kerja  Bersama.     Bagian Ketiga   Peninjauan Upah"
PP No 36 Tahun 2021,3003621,BAB VII: PELINDUNGAN UPAH,300362107,PASAL 48,300362107048,"(1) Pengusaha melakukan peninjauan Upah secara  berkala dengan memperhatikan kemampuan  Perusahaan dan produktivitas.    (2) Peninjauan Upah sebagaimana dimaksud pada ayat (1)  diatur dalam Perjanjian Kerja, Peraturan Perusahaan,  atau Perjanjian Kerja Bers ama.      Bagian Keempat    Pembayaran Upah dalam Keadaan Kepailitan"
PP No 36 Tahun 2021,3003621,BAB VII: PELINDUNGAN UPAH,300362107,PASAL 49,300362107049,"(1) Perusahaan yang dinyatakan pailit atau dilikuidasi  berdasarkan ketentuan peraturan perundang   undangan, Upah dan hak lainnya yang belum diterima  oleh Pekerja/Buruh merupakan utang  yang  didahulukan pembayarannya.   (2) Upah Pekerja/Buruh sebagaimana dimaksud pada  ayat (1) didahulukan pembayarannya sebelum  pembayaran kepada semua kreditur.    (3) Hak lainnya dari Pekerja/Buruh sebagaimana  dimaksud pada ayat (1) didahulukan pembayarannya  atas se mua kreditur kecuali kepada para kreditur  pemegang hak jaminan kebendaan."
PP No 36 Tahun 2021,3003621,BAB VII: PELINDUNGAN UPAH,300362107,PASAL 50,300362107050,"Apabila Pekerja/Buruh jatuh pailit, Upah dan segala  pembayaran yang timbul dari Hubungan Kerja tidak  2021, No.46  26   termasuk dalam kepailitan kecuali ditetapkan lain oleh  hakim dengan k etentuan tidak melebihi 25% (dua puluh  lima persen) dari Upah dan segala pembayaran yang timbul  dari Hubungan Kerja yang harus dibayarkan.     Bagian Kelima   Penyitaan Upah Berdasarkan Perintah Pengadilan"
PP No 36 Tahun 2021,3003621,BAB VII: PELINDUNGAN UPAH,300362107,PASAL 51,300362107051,Apabila uang yang disediakan oleh Pengus aha untuk  membayar Upah disita oleh juru sita berdasarkan perintah  pengadilan maka penyitaan tersebut tidak boleh melebihi  20% (dua puluh persen) dari jumlah Upah yang harus  dibayarkan.     Bagian Keenam   Hak Pekerja/Buruh atas Keterangan Upah
PP No 36 Tahun 2021,3003621,BAB VII: PELINDUNGAN UPAH,300362107,PASAL 52,300362107052,(1) Pekerja/Buruh atau kuasa yang ditunjuk secara sah  berhak meminta keterangan mengenai Upah untuk  dirinya dalam hal keterangan terkait Upah tersebut  hanya dapat diperoleh melalui dokumen Perusahaan.   (2) Apabila permintaan keterangan sebagaimana  dimaksud pada aya t (1) tidak berhasil maka  Pekerja/Buruh atau kuasa yang ditunjuk berhak  meminta bantuan kepada Pengawas Ketenagakerjaan.   (3) Keterangan sebagaimana dimaksud pada ayat (1) dan  ayat (2) wajib dirahasiakan sesuai dengan ketentuan  peraturan perundang  undangan.     BAB VIII : BENTUK DAN CARA PEMBAYARAN UPAH
PP No 36 Tahun 2021,3003621,BAB VIII: BENTUK DAN CARA PEMBAYARAN UPAH,300362108,PASAL 53,300362108053,"(1) Upah wajib dibayarkan oleh Pengusaha kepada  Pekerja/Buruh yang bersangkutan.   2021, No.46  27   (2) Pengusaha wajib memberikan bukti pembayaran Upah  yang memuat rincian Upah yang diterima oleh  Pekerja/Buruh pada saat Upah d ibayarkan.   (3) Pembayaran Upah oleh Pengusaha dilakukan  berdasarkan Perjanjian Kerja, Peraturan Perusahaan,  atau Perjanjian Kerja Bersama.   (4) Upah sebagaimana dimaksud pada ayat (1) dapat  dibayarkan kepada pihak ketiga berdasarkan surat  kuasa dari Pekerja/Buruh  yang bersangkutan."
PP No 36 Tahun 2021,3003621,BAB VIII: BENTUK DAN CARA PEMBAYARAN UPAH,300362108,PASAL 54,300362108054,(1) Pembayaran Upah harus dilakukan dengan mata uang  rupiah Negara Kesatuan Republik Indonesia.   (2) Upah sebagaimana dimaksud pada ayat (1) harus  dibayarkan seluruhnya pada setiap periode dan per  tanggal pembayaran Upah.
PP No 36 Tahun 2021,3003621,BAB VIII: BENTUK DAN CARA PEMBAYARAN UPAH,300362108,PASAL 55,300362108055,"(1) Pengusaha wajib membayar Upah pada waktu yang  telah diperjanjikan antara Pengusaha dengan  Pekerja/Buruh.    (2) Dalam hal  hari atau tanggal  yang telah disepakati  jatuh pada hari libur , hari yang diliburkan, atau hari  istirahat mingguan, pelaksanaan pembayara n Upah  diatur dalam Perjanjian Kerja, Peraturan Perusahaan,  atau Perjanjian Kerja Bersama.   (3) Upah dapat dibayarkan dengan cara harian,  mingguan, atau bulanan.   (4) Jangka waktu pembayaran Upah oleh Pengusaha tidak  boleh lebih dari 1 (satu) bulan."
PP No 36 Tahun 2021,3003621,BAB VIII: BENTUK DAN CARA PEMBAYARAN UPAH,300362108,PASAL 56,300362108056,"(1) Pembayaran Upah dilakukan pada tempat yang diatur  dalam Perjanjian Kerja, Peraturan Perusahaan, atau  Perjanjian Kerja Bersama.   (2) Dalam hal tempat pembayaran Upah tidak diatur  dalam Perjanjian Kerja, Peraturan Perusahaan , atau  2021, No.46  28   Perjanjian Kerja Bersama  maka pemb ayaran Upah  dilakukan di tempat Pekerja/Buruh bekerja."
PP No 36 Tahun 2021,3003621,BAB VIII: BENTUK DAN CARA PEMBAYARAN UPAH,300362108,PASAL 57,300362108057,(1) Upah dapat dibayarkan secara langsung kepada  Pekerja/Buruh atau melalui bank.   (2) Dalam hal Upah dibayarkan melalui bank maka Upah  harus sudah dapat diuangkan oleh Pekerja/Buruh  pada tanggal pe mbayaran Upah yang disepakati kedua  belah pihak.      BAB IX : HAL HAL YANG DAPAT DIPERHITUNGKAN DENGAN UPAH   Bagian Kesatu   Umum
PP No 36 Tahun 2021,3003621,BAB IX: HAL HAL YANG DAPAT DIPERHITUNGKAN DENGAN UPAH,300362109,PASAL 58,300362109058,"(1)  Hal hal yang dapat diperhitungkan dengan Upah  terdiri atas:   a. denda;   b. ganti rugi;    c. pemotongan Upah;   d. uang muka Up ah;   e. sewa rumah dan/atau sewa barang  milik  Perusahaan yang disewakan oleh Pengusaha  kepada Pekerja/Buruh;   f. utang atau cicilan utang Pekerja/Buruh;  dan/atau   g. kelebihan pembayaran Upah.   (2)  Hal hal yang dapat diperhitungkan dengan Upah  sebagaimana dimaksud  pada ayat (1) dilaksanakan  sesuai dengan Perjanjian Kerja, Peraturan  Perusahaan, atau Perjanjian Kerja Bersama.         2021, No.46  29   Bagian Ke dua  Denda"
PP No 36 Tahun 2021,3003621,BAB IX: HAL HAL YANG DAPAT DIPERHITUNGKAN DENGAN UPAH,300362109,PASAL 59,300362109059,"(1)  Pengusaha atau Pekerja/Buruh yang melanggar  ketentuan dalam Perjanjian Kerja, Peraturan  Perusahaan, atau Perjanjian Kerja Bersama karena  kesengajaan atau kelalaiannya dikenakan denda  apabila diatur secara tegas dalam Perjanjian Kerja,  Peraturan Perusahaan, atau Perjanjian Kerja Bersama.    (2)  Dalam hal denda tidak diatur dalam  Perjanjian Kerja,  Peraturan Peru sahaan, atau Perjanjian Kerja Bersama  maka pengenaan denda mengacu pada ketentuan yang  berlaku dalam Peraturan Pemerintah ini."
PP No 36 Tahun 2021,3003621,BAB IX: HAL HAL YANG DAPAT DIPERHITUNGKAN DENGAN UPAH,300362109,PASAL 60,300362109060,"(1)  Denda kepada Pengusaha atau Pekerja/Buruh  sebagaimana dimaksud dalam Pasal 59 dipergunakan  hanya untuk kepentinga n Pekerja/Buruh.   (2) Jenis  pelanggaran yang dapat dikenakan denda,  besaran denda , dan penggunaan uang denda diatur  dalam Perjanjian Kerja, Peraturan Perusahaan, atau  Perjanjian Kerja Bersama."
PP No 36 Tahun 2021,3003621,BAB IX: HAL HAL YANG DAPAT DIPERHITUNGKAN DENGAN UPAH,300362109,PASAL 61,300362109061,"(1)  Pengusaha yang terlambat membayar dan/atau tidak   membayar Upah sebagaimana dimaksud dalam Pasal  55 ayat (1) dikenai denda, dengan ketentuan:    a. mulai dari hari keempat sampai hari kedelapan  terhitung tanggal seharusnya Upah dibayar,  dikenakan denda sebesar 5% (lima persen) untuk  setiap hari keterlambatan dari Upah yang  seharusnya dibayarkan;   b. sesudah hari kedelapan, apabila Upah masih  belum dibayar, dikenakan denda keterlambatan  sebagaimana dimaksud pada huruf a ditambah  1% (satu persen) untuk setiap hari keterlambatan  2021, No.46  30   dengan ketentuan 1 (satu) bulan tidak  boleh  melebihi 50% (lima puluh persen) dari Upah yang  seharusnya dibayarkan; dan   c. sesudah sebulan, apabila Upah masih belum  dibayar,  dikenakan denda keterlambatan  sebagaimana dimaksud pada huruf a dan huruf b  ditambah bunga sebesar suku bunga tertinggi  yang berlaku pada bank pemerintah.   (2)  Pengenaan denda sebagaimana dimaksud pada ayat  (1) tidak menghilangkan kewajiban Pengusaha  untuk  tetap membayar Upah kepada Pekerja/Buruh."
PP No 36 Tahun 2021,3003621,BAB IX: HAL HAL YANG DAPAT DIPERHITUNGKAN DENGAN UPAH,300362109,PASAL 62,300362109062,(1) Pengusaha yang terlambat membayar tunjangan hari  raya keagamaan ke pada Pekerja/Buruh dikenai denda  sebesar 5% (lima persen) dari total tunjangan hari raya  keagamaan yang harus dibayar sejak berakhirnya  batas waktu kewajiban Pengusaha untuk membayar.   (2) Pengenaan denda sebagaimana dimaksud pada ayat  (1) tidak menghilangkan kewajiban Pengusaha untuk  tetap membayar tunjangan hari raya keagamaan  kepada Pekerja/Buruh.      Bagian Ke tiga  Pemotongan Upah
PP No 36 Tahun 2021,3003621,BAB IX: HAL HAL YANG DAPAT DIPERHITUNGKAN DENGAN UPAH,300362109,PASAL 63,300362109063,"(1) Pemotongan Upah oleh Pengusaha dapat dilakukan  untuk pembayaran:   a. denda;    b. ganti rugi;    c. uang muka Upah;   d. sewa rumah da n/atau sewa barang milik  Perusahaan yang  disewakan  oleh Pengusaha  kepada Pekerja/Buruh;    e. utang atau cicilan utang Pekerja/Buruh;  dan/atau   2021, No.46  31   f. kelebihan pembayaran Upah.   (2) Pemotongan Upah sebagaimana dimaksud pada ayat  (1) huruf a, huruf b, dan huruf c dilakuka n sesuai  dengan Perjanjian Kerja, Peraturan Perusahaan, atau  Perjanjian Kerja Bersama.   (3) Pemotongan upah sebagaimana dimaksud pada ayat  (1) huruf d dan huruf e harus dilakukan berdasarkan  kesepakatan tertulis atau perjanjian tertulis.   (4) Pemotongan Upah sebag aimana dimaksud pada ayat  (1) huruf f dilakukan tanpa persetujuan  Pekerja/Buruh."
PP No 36 Tahun 2021,3003621,BAB IX: HAL HAL YANG DAPAT DIPERHITUNGKAN DENGAN UPAH,300362109,PASAL 64,300362109064,(1) Pemotongan Upah oleh Pengusaha untuk pihak ketiga  hanya dapat dilakukan berdasarkan surat kuasa dari  Pekerja/Buruh.   (2) Surat kuasa setiap saat dapat ditarik kembali .   (3) Surat kuasa dari Pekerja/Buruh dikecualikan untuk  semua kewajiban pembayaran oleh Pekerja/Buruh  terhadap negara atau iuran sebagai peserta pada  badan  yang menyelenggarakan jaminan sosial yang  ditetapkan sesuai dengan ketentuan peraturan  perundang  undang an.
PP No 36 Tahun 2021,3003621,BAB IX: HAL HAL YANG DAPAT DIPERHITUNGKAN DENGAN UPAH,300362109,PASAL 65,300362109065,"Jumlah keseluruhan pemotongan Upah sebagaimana  dimaksud dalam Pasal 63 paling banyak 50%  (lima puluh  persen) dari setiap pembayaran Upah yang diterima  Pekerja/Buruh.                   2021, No.46  32   BAB X : UPAH SEBAGAI DASAR PERHITUNGAN ATAU PEMBAYARAN HAK DAN KEWAJ IBAN LAINNYA      Bagian Kesatu   Upah Sebagai Dasar Perhitungan Uang Pesangon dan Uang  Penghargaan Masa Kerja"
PP No 36 Tahun 2021,3003621,BAB X: UPAH SEBAGAI DASAR PERHITUNGAN ATAU,300362110,PASAL 66,300362110066,"(1) Komponen Upah yang digunakan sebagai dasar  perhitungan uang pesangon dan uang penghargaan  masa kerja terdiri atas:    a. Upah pokok; dan   b. tunjangan  tetap  yang diberikan  kepada   Pekerja/Buruh dan keluarganya .  (2) Dalam hal Pengusaha membayarkan Upah tanpa  tunjangan maka dasar perhitungan uang pesangon  dan uang penghargaan masa kerja, yaitu Upah tanpa  tunjangan.    (3) Dalam hal komponen Upah yang digunakan yaitu  Upah pokok dan tunjangan tidak tetap maka dasar  perhitungan uang pesangon dan uang penghargaan  masa kerja, yaitu Upah pokok."
PP No 36 Tahun 2021,3003621,BAB X: UPAH SEBAGAI DASAR PERHITUNGAN ATAU,300362110,PASAL 67,300362110067,"(1) Upah untuk pembayaran uang pesangon dan uang  penghargaan masa kerja sebagaimana dimaksud  dalam Pasal 66 diberikan dengan ketentuan:   a. dalam hal penghasilan Pekerja/Buruh dibayarkan  atas dasar perhitungan harian,  Upah sebulan  sama dengan 30 (tiga puluh) dikalikan Upah  sehari; atau   b. dalam hal Upah Pekerja/Buruh dibayarkan atas  dasar perhitungan satuan hasil, Upah sebulan   sama dengan penghasilan rata  rata dalam 12  (dua belas) bulan terakhir.     2021, No.46  33   (2) Dalam hal Upah sebulan sebagaimana dimaksud pada  ayat (1) huruf b lebih rendah dari Upah minimum,  Upah yang menjadi dasar perhitungan uang pesangon  dan uang penghargaan masa kerja yaitu U pah  minimum yang berlaku di wilayah tempat  Pekerja/Buruh bekerja.       Bagian Kedua   Upah Sebagai Dasar Perhitungan Pajak Penghasilan"
PP No 36 Tahun 2021,3003621,BAB X: UPAH SEBAGAI DASAR PERHITUNGAN ATAU,300362110,PASAL 68,300362110068,"(1) Upah untuk perhitungan pajak penghasilan yang  dibayarkan untuk pajak penghasilan dihitung dari  seluruh pen ghasilan yang diterima oleh  Pekerja/Buruh.   (2) Pajak penghasilan sebagaimana dimaksud pada ayat  (1) dapat dibebankan kepada Pengusaha atau  Pekerja/Buruh yang diatur dalam Perjanjian Kerja,  Peraturan Perusahaan, atau Perjanjian Kerja Bersama.   (3) Upah untuk perhi tungan pajak penghasilan  dilaksanakan sesuai dengan ketentuan peraturan  perundang  undangan.     BAB XI : DEWAN PENGUPAHAN"
PP No 36 Tahun 2021,3003621,BAB XI: DEWAN PENGUPAHAN,300362111,PASAL 69,300362111069,"(1) Dewan pengupahan terdiri atas:    a. dewan pengupahan nasional; dan   b. dewan pengupahan provinsi.   (2) Dalam hal diperlukan, dapat  dibentuk d ewan  pengupahan kabupaten/kota."
PP No 36 Tahun 2021,3003621,BAB XI: DEWAN PENGUPAHAN,300362111,PASAL 70,300362111070,"(1) Dewan pengupahan nasional  dibentuk oleh Presiden.    (2) Dewan pengupahan provinsi  dibentuk oleh gubernur.     2021, No.46  34   (3) Dewan pengupahan kabupaten/kota  dibentuk oleh  bupati/wali kota."
PP No 36 Tahun 2021,3003621,BAB XI: DEWAN PENGUPAHAN,300362111,PASAL 71,300362111071,(1) Dewan pengupahan nasional  bertugas memberikan  saran dan pertimbangan kepada Pemerintah Pusat  dalam rangka:   a. perumusan kebijakan pengupahan; dan   b. penyusunan  dan pengembangan  sistem   pengupahan.   (2) Dewan pe ngupahan provinsi  bertugas memberikan  saran dan pertimbangan kepada gubernur dalam  rangka:    a. penetapan Upah minimum provinsi;    b. penetapan Upah minimum kabupaten/kota bagi  kabupaten/kota yang mengusulkan; dan    c. penyiapan bahan perumusan pengembangan  sistem pengupahan.   (3) Dewan pengupahan  kabupaten/kota  bertugas  memberikan saran dan pertimbangan kepad a  bupati/wali kota dalam rangka:    a. pengusulan Upah minimum kabupaten/kota; dan   b. penyiapan bahan perumusan pengembangan  sistem pengupahan.
PP No 36 Tahun 2021,3003621,BAB XI: DEWAN PENGUPAHAN,300362111,PASAL 72,300362111072,"(1) Keanggotaan dewan pengupahan terdiri atas unsur  pemerintah, organisasi Pengusaha, Serikat  Pekerja/Serikat B uruh, akademisi, dan pakar.   (2) Keanggotaan dewan pengupahan dari unsur  pemerintah bersifat melekat pada jabatan  (ex officio ).   (3) Keanggotaan dewan pengupahan dari unsur  pemerintah, organisasi Pengusaha, dan Serikat  Pekerja/Serikat Buruh dengan komposisi  perban dingan 2:1:1  (dua banding satu banding satu) .   (4) Keanggotaan dewan pengupahan dari unsur akademisi  dan pakar jumlahnya disesuaikan dengan kebutuhan.   2021, No.46  35   (5) Susunan keanggotaan dewan pengupahan terdiri atas:    a. ketua, merangkap sebagai anggota dari unsur  pemerintah d i bidang ketenagakerjaan;    b. wakil ketua:   1. sebanyak 2 (dua) orang merangkap sebagai  anggota masing  masing  dari unsur Serikat   Pekerja/Serikat Buruh  dan organisasi  Pengusaha, untuk dewan pengupahan  nasional.   2. sebanyak 1 (satu) orang merangkap sebagai  anggota da ri unsur akademisi, untuk dewan  pengupahan provinsi  dan dewan  pengupahan kabupaten/kota.    c. sekretaris, merangkap sebagai anggota dari unsur  pemerintah yang mewakili kementerian  yang  menyelenggarakan urusan  pemerintah an di  bidang ketenagakerjaan atau dinas y ang  menyelenggarakan urusan pemerintahan di  bidang ketenagakerjaan .   (6) Keseluruhan anggota dewan pengupahan sebagaimana  dimaksud pada ayat (1) berjumlah gasal."
PP No 36 Tahun 2021,3003621,BAB XI: DEWAN PENGUPAHAN,300362111,PASAL 73,300362111073,"(1) Untuk mendukung kelancaran pelaksanaan tugas  rutin  dewan pengupahan nasional , dewan p engupahan  provinsi,  dan dewan pengupahan kabupaten/kota   dibantu oleh sekretariat.   (2) Sekretariat dewan pengupahan nasional  dibentuk oleh  Menteri.   (3) Sekretariat dewan pengupahan provinsi  dibentuk oleh  gubernur.   (4) Sekretariat  dewan pengupahan kabupaten/kota  dibentuk oleh  bupati/wali kota."
PP No 36 Tahun 2021,3003621,BAB XI: DEWAN PENGUPAHAN,300362111,PASAL 74,300362111074,"(1) Anggota dewan pengupahan nasional  diangkat dan  diberhentikan oleh Presiden atas usul Menteri.   2021, No.46  36   (2) Anggota dewan pengupahan provinsi  diangkat dan  diberhentikan oleh gubernur atas usul kepala  dinas  yang menyelenggarakan u rusan  pemerintahan di  bidang ketenagakerjaan provinsi.   (3) Anggota dewan pengupahan kabupaten/kota  diangkat  dan diberhentikan oleh bupati/wali kota atas usul  kepala  dinas yang menyelenggarakan urusan  pemerintahan di bidang ketenagakerjaan  kabupaten/kota.   (4) Ketentuan lebih lanjut mengenai tata cara  pengangkatan dan pemberhentian dewan pengupahan  diatur dengan Peraturan Menteri."
PP No 36 Tahun 2021,3003621,BAB XI: DEWAN PENGUPAHAN,300362111,PASAL 75,300362111075,"(1) Untuk dapat diangkat menjadi anggota dewan  pengupahan, calon anggota harus memenuhi  persyaratan:   a. warga negara Indonesia;   b. berpendidikan paling rendah lulusan strata  1 (S  1) untuk  dewan pengupahan nasional  dan dewan  pengupahan provinsi ;   c. berpendidikan paling rendah lulusan diploma  III  (D III) untuk dewan pengupahan kabupaten/kota ;  dan   d. memiliki pengalaman atau pengetahuan bidan g  pengupahan dan pengembangan sumber daya  manusia.   (2) Anggota dewan pengupahan dari unsur organisasi  Pengusaha  dan Serikat Pekerja/Serikat Buruh  diangkat untuk 1 (satu) kali masa jabatan selama 3  (tiga) tahun dan dapat diangkat kembali hanya untuk  paling lam a 1 (satu) kali masa jabatan berikutnya.   (3) Anggota dewan pengupahan dari unsur akademisi dan  pakar diangkat untuk 1 (satu) kali masa jabatan  selama 3 (tiga) tahun dan dapat diangkat kembali  hanya untuk  paling lama  2 (dua) kali masa jabatan  berikutnya.   2021, No.46  37   (4) Selain berakhirnya masa jabatan, anggota dewan  pengupahan diberhentikan jika:   a. mengundurkan diri;    b. selama 3 (tiga) bulan berturut  turut tidak dapat  menjalankan tugasnya;    c. dihukum karena melakukan tindak pidana  dengan putusan pengadilan yang telah  mempunyai kek uatan hukum tetap;    d. melanggar ketentuan yang diatur dalam tata kerja  dewan pengupahan; atau   e. diusulkan oleh organisasi atau instansi yang  bersangkutan untuk diganti karena terjadi  perubahan organisasi.   (5) Penggantian anggota dewan pengupahan yang  diberhentik an dengan alasan sebagaimana dimaksud  pada ayat (4), diusulkan oleh:   a. Menteri kepada Presiden setelah menerima  usulan dari kementerian terkait atau organisasi  yang bersangkutan, bagi anggota dewan  pengupahan  nasional;   b. kepala  dinas yang menyelenggarakan ur usan  pemerintahan di bidang ketenagakerjaan  provinsi  kepada gubernur setelah menerima usulan dari  dinas yang menyelenggarakan urusan  pemerintahan bidang terkait  di provinsi atau  organisasi yang bersangkutan, bagi anggota  dewan pengupahan provinsi ;   c. kepala  dinas yang menyelenggarakan urusan  pemerintahan di bidang ketenagakerjaan  kabupaten/kota kepada bupati/wali kota setelah  menerima usulan dari dinas yang  menyelenggarakan urusan pemerintahan bidang  terkait  di kabupaten/kota  atau organisasi yang  bersangkutan , bagi anggota dewan pengupahan  kabupaten/kota .   (6) Dalam hal anggota dewan pengupahan mengundurkan  diri atas permintaan sendiri sebagaimana dimaksud  2021, No.46  38   pada ayat (4) huruf a, permintaan disampaikan oleh  anggota yang bersangkutan kepada:   a. Menteri dengan tembusan  kepada organisasi atau  instansi yang mengusulkan untuk diajukan  kepada Presiden, bagi anggota dewan  pengupahan nasional ;   b. kepala  dinas  yang menyelenggarakan urusan  pemerintahan di bidang ketenagakerjaan provinsi  dengan tembusan kepada organisasi atau dina s  yang mengusulkan untuk diajukan kepada  gubernur, bagi anggota dewan pengupahan  provinsi ;  c. kepala  dinas yang menyelenggarakan urusan  pemerintahan di bidang ketenagakerjaan  kabupaten/kota dengan tembusan kepada  organisasi atau dinas yang mengusulkan untuk  diajukan kepada bupati/wali kota, bagi anggota  dewan pengupahan kabupaten/kota .   (7) Ketentuan lebih lanjut  mengenai t ata cara penggantian  anggota dewan pengupahan diatur dengan  Peraturan  Menteri."
PP No 36 Tahun 2021,3003621,BAB XI: DEWAN PENGUPAHAN,300362111,PASAL 76,300362111076,(1) Saran  dan  pertimbangan  dewan  pengupahan  disampaikan  dalam bentuk surat rekomendasi.   (2) Perumusan saran dan  pertimbangan  dilakukan  berdasarkan musyawarah untuk mufakat.   (3) Dalam hal musyawarah tidak mencapai mufakat maka  dapat dilakukan pemungutan suara terbanyak.   (4) Ketentuan mengenai tata kerja dewan pengupahan   diatur dengan Peraturan Menteri.
PP No 36 Tahun 2021,3003621,BAB XI: DEWAN PENGUPAHAN,300362111,PASAL 77,300362111077,"(1) Pendanaan  yang diperlukan bagi pelaksanaan tugas  dewan pengupahan nasional dibebankan pada  Anggaran Pendapatan dan Belanja Negara bagian  anggaran kementerian yang menyelenggarakan urusan  2021, No.46  39   pemerintahan di bidang k etenagakerjaan.   (2) Pendanaan yang diperlukan bagi pelaksanaan tugas  dewan pengupahan provinsi dibebankan pada  Anggaran Pendapatan dan Belanja Daerah provinsi.   (3) Pendanaan yang diperlukan bagi pelaksanaan tugas  dewan pengupahan kabupaten/kota dibebankan pada  Anggaran Pendapatan dan Belanja Daerah  kabupaten/kota.   (4) Selain sumber pendanaan sebagaimana dimaksud  pada ayat (1), ayat (2), dan ayat (3), sumber  pendanaan yang diperlukan bagi pelaksanaan tugas  dewan pengupahan dapat berasal dari sumber lain  yang sah dan tidak mengikat.     BAB XII : PENGAWASAN"
PP No 36 Tahun 2021,3003621,BAB XII: PENGAWASAN,300362112,PASAL 78,300362112078,Pengawasan ketenagakerjaan terhadap penerapan  ketentuan dalam Peraturan Pemerintah ini dilaksanakan  oleh Pengawas Ketenagakerjaan pada kementerian yang  menyelenggarakan urusan pemerintahan di  bidang  ketenagake rjaan dan/atau dinas yang menyelenggarakan  urusan pemerintahan di  bidang ketenagakerjaan provinsi.     BAB XIII : SANKSI ADMINISTRATIF
PP No 36 Tahun 2021,3003621,BAB XIII: SANKSI ADMINISTRATIF,300362113,PASAL 79,300362113079,"(1) Pengusaha yang melanggar ketentuan  Pasal 9  ayat (1) ,  Pasal 9  ayat (2), Pasal 13 ayat (2),  Pasal 21 ayat (1) ,  Pasal 21 ayat (2), dan/atau  Pasal 53 ayat (2 ) dikenai  sanksi administratif berupa:   a. teguran tertulis;   b. pembatasan kegiatan usaha;   c. penghentian sementara sebagian atau seluruh  alat produksi; dan   2021, No.46  40   d. pembekuan kegiatan usaha.   (2) Pengenaan  sanksi administratif sebagaiman a  dimaksud pada ayat (1) dilakukan secara bertahap.   (3) Teguran tertulis sebagaimana dimaksud pada  ayat (1)  huruf a merupakan peringatan tertulis atas  pelanggaran yang dilakukan oleh Pengusaha.   (4) Pembatasan  kegiatan usaha sebagaimana dimaksud  pada ayat (1) huruf  b meliputi:   a. pembatasan kapasitas produksi barang dan/atau  jasa dalam waktu tertentu; dan/atau   b. penundaan pemberian izin usaha di salah satu  atau beberapa lokasi bagi Perusahaan yang  memiliki proyek di beberapa lokasi.   (5) Penghentian sementara sebagian atau se luruh alat  produksi sebagaimana dimaksud pada ayat (1) huruf c  berupa tindakan tidak menjalankan sebagian atau  seluruh alat produksi barang dan/atau jasa dalam  waktu tertentu.   (6) Pembekuan kegiatan  usaha sebagaimana dimaksud  pada ayat (1) huruf d berupa tinda kan menghentikan  seluruh proses produksi barang dan/atau jasa di  Perusahaan dalam waktu tertentu."
PP No 36 Tahun 2021,3003621,BAB XIII: SANKSI ADMINISTRATIF,300362113,PASAL 80,300362113080,"(1) Menteri, menteri terkait, gubernur, bupati/wali kota,  atau pejabat yang ditunjuk sesuai dengan  kewenangannya mengenakan sanksi administratif  sebagai mana dimaksud dalam Pasal 79 kepada  Pengusaha.   (2) Pengenaan sanksi administratif diberikan berdasarkan  hasil pemeriksaan yang dilakukan oleh Pengawas  Ketenagakerjaan yang berasal dari:   a. pengaduan; dan/atau   b. tindak lanjut hasil pengawasan ketenagakerjaan.   (3) Tindak lanjut hasil pemeriksaan yang dilakukan oleh  Pengawas Ketenagakerjaan dituangkan dalam nota  pemeriksaan.   2021, No.46  41   (4) Dalam hal nota pemeriksaan tidak dilaksanakan oleh  Pengusaha, Pengawas Ketenagakerjaan  menyampaikan laporan ketidakpatuhan terhadap   ketentuan perat uran perundang  undangan beserta  nota pemeriks aan kepada:   a. direktur jenderal yang membidangi pengawasan  ketenagakerjaan pada kementerian yang  menyelenggarakan urusan pemerintahan di  bidang ketenagakerjaan, untuk Pengawas  Ketenagakerjaan  di kementerian yang  menyelenggarakan urusan pemerintahan di  bidang ketenagakerjaan; atau   b. kepala dinas yang menyelenggarakan urusan  pemerintahan di bidang ketenagakerjaan provinsi,  untuk Pengawas Ketenagakerjaan pada dinas  yang menyelenggarakan urusan pemerintahan di  bidang ket enagakerjaan provinsi.   (5) Direktur jenderal atau kepala dinas sebagaimana  dimaksud pada ayat (4) menyampaikan rekomendasi  kepada pejabat yang berwenang mengenakan sanksi  administratif.   (6) Menteri terkait, gubernur, bupati/wali kota, atau  pejabat yang ditunjuk me mberitahukan pelaksanaan  pengenaan sanksi administratif kepada Menteri."
PP No 36 Tahun 2021,3003621,BAB XIII: SANKSI ADMINISTRATIF,300362113,PASAL 81,300362113081,"Pemerintah Daerah provinsi dan kabupaten/kota yang  masih memberlakukan keputusan tentang Upah minimum  yang bertentangan dengan Peraturan Pemerintah ini  dikenai sanksi adminis tratif sesuai dengan ketentuan  peraturan perundang  undangan yang mengatur mengenai  pemerintahan daerah.             2021, No.46  42   BAB XIV : KETENTUAN PERALIHAN"
PP No 36 Tahun 2021,3003621,BAB XIV: KETENTUAN PERALIHAN,300362114,PASAL 82,300362114082,Pada saat Peraturan Pemerintah ini mulai berlaku:   a. Upah minimum provinsi dan/atau Upah minimum  kabupaten/ko ta Tahun 2021 yang telah ditetapkan  oleh gubernur pada Tahun 2020  dinyatakan  tetap   berlaku  sampai dengan Desember 2021;   b. Upah  minimum sektoral yang telah ditetapkan  sebelum  tanggal 2 November 2020 tetap berlaku  sampai dengan :  1. surat keputusan mengenai peneta pan Upah  minimum sektoral berakhir; atau   2. Upah minimum provinsi dan/atau Upah  minimum kabupaten/kota di daerah tersebut  ditetapkan lebih tinggi dari Upah minimum  sektoral;   c. Upah minimum sektoral provinsi dan/atau Upah  minimum  sektoral k abupaten/ kota yang  ditetapkan  setelah tanggal 2 November 2020 wajib dicabut oleh  gubernur selambat  lambatnya  1 (satu) tahun sejak  ditetapkan ; dan   d. gubernur tidak boleh  lagi menetapkan Upah  minimum sektoral.
PP No 36 Tahun 2021,3003621,BAB XIV: KETENTUAN PERALIHAN,300362114,PASAL 83,300362114083,"(1) Perusahaan yang telah memberikan Upah lebih tinggi  dari Upah minimum yang telah ditetapkan , Pengusaha  dilarang mengurangi atau menurunkan Upah .  (2) Pengusaha yang melanggar ketentuan sebagaimana  dimaksud pada ayat (1) dikenai sanksi administratif  sebagaimana dimaksud dalam Pasal 79.           2021, No.46  43   BAB XV : KETENTUAN PENUTUP"
PP No 36 Tahun 2021,3003621,BAB XV: KETENTUAN PENUTUP,300362115,PASAL 84,300362115084,"Pada saat Peraturan Pemerintah ini mulai berlaku, semua  peraturan  perundang  undangan yang merupakan  peraturan  pelaksanaan dari  Undang  Undang Nomor 13  Tahun 2003 tentang Ketenagakerjaan yang mengatur  mengenai pengupahan dinyatakan masih tetap berlaku  sepanjang tidak bertentangan dengan Peraturan  Pemerintah ini."
PP No 36 Tahun 2021,3003621,BAB XV: KETENTUAN PENUTUP,300362115,PASAL 85,300362115085,"Pada saat Peraturan Pemerintah ini mulai berlaku,  Peraturan Pemerintah Nomor 78 Tahun 2015 tentang  Pengupahan (Lembaran  Negara  Republik Indonesia Tahun  2015 Nomor 237, Tambahan Lembar an Negara Republik  Indonesia Nomor 5747), dicabut dan dinyatakan tidak  berlaku."
PP No 36 Tahun 2021,3003621,BAB XV: KETENTUAN PENUTUP,300362115,PASAL 86,300362115086,"Peraturan Pemerintah ini mulai berlaku pada tanggal  diundangkan.                                2021, No.46  44 "
PP No 37 Tahun 2021,3003721,BAB I: KETENTUAN UMUM,300372101,PASAL 1,300372101001,"Dalam Peraturan Pemerintah ini yang dimaksud dengan:   1. Jaminan Kehilangan Pekerjaan yang selanjutnya  disingkat JKP adalah jamina n sosial  yang diberikan  kepada Pekerja/Buruh yang mengalami Pemutusan  Hubungan  Kerja berupa manfaat uang tunai , akses  informasi pasar kerja, dan Pelatihan Kerja.   2. Pekerja/Buruh adalah setiap orang yang bekerja  dengan menerima Upah atau imbalan dalam bentuk  lain.  3. Pengusaha adalah:   a. orang perseorangan, persekutuan, atau badan  hukum yan g menjalankan suatu perusahaan  milik sendiri;   b. orang perseorangan, persekutuan, atau badan  hukum yang secara berdiri sendiri menjalankan  perusahaan bukan miliknya;    c. orang perseorangan, persekutuan, atau badan  hukum yang berada di Indonesia mewakili  perusaha an sebagaimana dimaksud dalam huruf  a dan huruf b yang berkedudukan di luar wilayah  2021, No.47  3   Indonesia.   4. Upah adalah hak Pekerja/Buruh yang diterima dan  dinyatakan dalam bentuk uang sebagai imbalan dari  Pengusaha atau pemberi kerja kepada Pekerja/Buruh  yang ditetapk an dan dibayarkan menurut suatu  perjanjian kerja, kesepakatan, atau peraturan  perundang  undangan, termasuk tunjangan bagi  Pekerja/Buruh dan keluarganya atas suatu pekerjaan  dan/atau jasa yang telah atau akan dilakukan.   5. Pemutusan Hubungan Kerja adalah penga khiran  hubungan kerja karena suatu hal tertentu yang  mengakibatkan berakhirnya hak dan kewajiban antara  Pekerja/Buruh dan Pengusaha .  6. Peserta JKP yang selanjutnya disebut Peserta adalah   Pekerja/Buruh yang mempunyai hubungan kerja  dengan Pengusaha  dan telah terdaftar  serta  membayar  iuran.   7. Jaminan Kesehatan yang selanjutnya disebut  JKN  adalah jaminan berupa perlindungan kesehatan agar  Peserta memperoleh manfaat pemeliharaan kesehatan  dan perlindungan dalam memenuhi kebutuhan dasar  kesehatan yang diberikan kepa da setiap orang yang  telah membayar iuran jaminan kesehatan atau iuran  jaminan kesehatannya dibayar oleh Pemerintah Pusat  atau Pemerintah Daerah.   8. Jaminan Kecelakaan Kerja yang selanjutnya disingkat  JKK adalah manfaat berupa uang tunai dan/atau  pelayanan ke sehatan yang diberikan pada saat Peserta  mengalami kecelakaan kerja atau penyakit yang  disebabkan oleh lingkungan kerja.   9. Jaminan Hari Tua yang selanjutnya disingkat JHT  adalah manfaat uang tunai yang dibayarkan sekaligus  pada saat Peserta memasuki usia pe nsiun, meninggal  dunia, atau mengalami cacat total tetap.   10. Jaminan Pensiun yang selanjutnya disingkat JP  adalah jaminan sosial yang bertujuan untuk  mempertahankan derajat kehidupan yang layak bagi  2021, No.47  4   Peserta dan/atau ahli warisnya dengan memberikan  penghasilan  setelah Peserta memasuki usia pensiun,  mengalami cacat total tetap, atau meninggal dunia.   11. Jaminan Kematian yang selanjutnya disebut  JKM  adalah manfaat uang tunai yang diberikan kepada ahli  waris ketika Peserta meninggal dunia bukan akibat  kecelakaan kerja .  12. Badan Penyelenggara Jaminan Sosial  Ketenagakerjaan  yang selanjutnya disebut BPJS Ketenagakerjaan  adalah badan hukum publik yang dibentuk  berdasarkan Undang  Undang Nomor 24 Tahun 2011  tentang Badan Penyelenggara Jaminan Sosial.   13. Badan Penyelenggara Jaminan  Sosial Kesehatan yang  selanjutnya disebut BPJS Kesehatan  adalah  badan  hukum yang dibentuk untuk menyelenggarakan  program Jaminan Kesehatan.   14. Sistem Informasi Ketenagakerjaan adalah suatu  ekosistem digital yang menjadi platform bagi segala  jenis layanan pub lik dan aktivitas bidang  ketenagakerjaan baik di pusat maupun daerah.   15. Pelatihan  Kerja adalah keseluruhan kegiatan untuk  memberi, memperoleh, meningkatkan, serta  mengembangkan kompetensi kerja, produktivitas,  disiplin, sikap, dan etos kerja pada tingkat  keterampilan dan keahlian tertentu sesuai dengan  jenjang dan kualifikasi jabatan atau pekerjaan.    16. Lembaga Pelatihan Kerja adalah instansi pemerintah  dan badan hukum yang memenuhi persyaratan untuk  menyelenggarakan Pelatihan Kerja.   17. Pemerintah Pusat adalah Pres iden Republik Indonesia  yang memegang kekuasaan pemerintahan negara  Republik Indonesia yang dibantu oleh Wakil Presiden  dan menteri sebagaimana dimaksud dalam Undang   Undang Dasar Negara Republik Indonesia Tahun  1945 .  18. Pengawas Ketenagakerjaan adalah pegawai  negeri sipil  yang diberi tugas, tanggung jawab , wewenang, dan  2021, No.47  5   hak secara penuh oleh pejabat yang berwenang untuk  melaksanakan kegiatan pembinaan, pemeriksaan,  pengujian, penyidikan, dan pengembangan sistem  pengawasan ketenagakerjaan sesuai dengan ketentua n  peraturan perundang  undangan.   19. Menteri adalah menteri yang menyelenggarakan  urusan pem erintahan di bidang ketenagakerjaan."
PP No 37 Tahun 2021,3003721,BAB I: KETENTUAN UMUM,300372101,PASAL 2,300372101002,(1) Pengusaha wajib mengikutsertakan Pekerja/Buruh  sebagai Peserta  dalam program JKP .  (2) Program  JKP sebagaimana dimaksud pada aya t (1)  diselenggarakan untuk mempertahankan derajat  kehidupan yang layak pada saat Pekerja/Buruh  kehilangan pekerjaan.
PP No 37 Tahun 2021,3003721,BAB I: KETENTUAN UMUM,300372101,PASAL 3,300372101003,JKP sebagaimana dimaksud dalam Pasal 2 diselenggarakan  oleh BPJS  Ketenagakerjaan dan Pemerintah  Pusat .     BAB II : KEPESERTAAN DAN T ATA CARA PENDAFTARAN   Bagian Kesatu   Kepesertaan
PP No 37 Tahun 2021,3003721,BAB II: KEPESERTAAN DAN T ATA CARA PENDAFTARAN,300372102,PASAL 4,300372102004,"(1) Peserta  terdiri atas:   a. Pekerja/Buruh yang telah diikutsertakan oleh  Pengusaha dalam program jaminan sosial; dan   b. Pekerja/Buruh yang baru didaftarkan oleh  Pengusaha dalam program jaminan sosial.   (2) Peserta  sebagaimana dimaksud pada ayat (1) harus  memenuhi persyaratan:    a. warga  negara Indonesia;   b. belum mencapai usia 5 4 (lima puluh empat )  tahun pada saat mendaftar; dan   2021, No.47  6   c. mempunyai hubungan kerja dengan Pengusaha.   (3) Selain persyaratan sebagaimana dimaksud pada ayat  (2) juga harus memenuhi ketentuan:   a. Pekerja/Buruh  yang bekerja pada usaha besar  dan usaha menengah, diikutsertakan pada  program JKN, JKK, JHT, JP , dan JKM;  dan  b. Pekerja/Buruh yang bekerja pada usaha mikro  dan usaha  kecil, diikutsertakan sekurang   kurangnya pada program JKN, JKK, JHT , dan   JKM.  (4) Peserta program JKN sebagaimana dimaksud pada  ayat (3) merupakan pekerja penerima Upah pada  badan usaha.     Bagian Kedua   Tata Cara Pendaftaran"
PP No 37 Tahun 2021,3003721,BAB II: KEPESERTAAN DAN T ATA CARA PENDAFTARAN,300372102,PASAL 5,300372102005,"(1) Pekerja/Buruh yang telah diikutsertakan oleh  Pengusaha dalam program ja minan sosial  sebagaimana dimaksud dalam Pasal 4 terhitung sejak  tanggal Peraturan Pemerintah ini diundangkan,  serta  merta menjadi Peserta .  (2) Pengusaha sebagaimana dimaksud pada ayat (1)  diberikan sertifikat kepesertaan program JKP oleh  BPJS Ketenagakerjaan.   (3) Pekerja/Buruh sebagaimana dimaksud pada ayat (1)  diberikan bukti kepesertaan program JKP oleh BPJS  Ketenagakerjaan."
PP No 37 Tahun 2021,3003721,BAB II: KEPESERTAAN DAN T ATA CARA PENDAFTARAN,300372102,PASAL 6,300372102006,"(1) Pengusaha yang mendaftarkan Pekerja/Buruh dalam  program JKP wajib menyerahkan formulir pendaftaran  yang telah diisi secara lengkap dan benar kepada  BPJS Ketenagakerjaan paling lama 30 (tiga puluh) hari  sejak tanggal Pekerja/Buruh tersebut mulai bekerja.     2021, No.47  7   (2) Formulir pendaftaran sebagaimana dimaksud pada  ayat (1) paling sedikit memuat:   a. nomor induk kependudukan;   b. tanggal lahir Pekerja/Buruh;  dan  c. nomor dan/atau tanggal mulai dan berakhirnya  perjanjian kerja.   (3) BPJS Ketenagakerjaan wajib memberikan nomor  kepesertaan paling lama 1 (satu) hari kerja sejak  formulir pendaftaran diterima secara lengkap dan  benar serta iuran pertama dibayar lunas kepad a BPJS  Ketenagakerjaan.   (4) Pengusaha sebagaimana dimaksud pada ayat (1)  diberikan sertifikat kepesertaan program JKP oleh  BPJS Ketenagakerjaan.   (5) Pekerja/Buruh sebagaimana dimaksud pada ayat (1)  diberikan bukti kepesertaan program JKP oleh BPJS  Ketenagakerjaan."
PP No 37 Tahun 2021,3003721,BAB II: KEPESERTAAN DAN T ATA CARA PENDAFTARAN,300372102,PASAL 7,300372102007,Bukti kepesertaan program JKP bagi Pekerja/Buruh  sebagaimana dimaksud dalam Pasal 5 ayat (3) dan Pasal 6  ayat (5) terintegrasi dalam 1 (satu) kartu kepesertaan  program jaminan sosial pada BPJS Ketenagakerjaan.
PP No 37 Tahun 2021,3003721,BAB II: KEPESERTAAN DAN T ATA CARA PENDAFTARAN,300372102,PASAL 8,300372102008,"(1) Pekerja/Buruh yang mempunyai hubungan kerja  dengan lebih dari 1 (satu) Pengusaha , wajib  diikutsertakan dalam program JKP oleh masing   masing Pengusaha.    (2) Pekerja/Buruh sebagaimana dimaksud pada ayat (1)  setelah terdaftar sebagai Peserta, memilih salah satu  perusahaan sebagai tempat pe kerjaan yang  didaftarkan dalam program JKP kepada BPJS  Ketenagakerjaan.         2021, No.47  8 "
PP No 37 Tahun 2021,3003721,BAB II: KEPESERTAAN DAN T ATA CARA PENDAFTARAN,300372102,PASAL 9,300372102009,"Dalam hal terjadi perubahan nama perusahaan, alamat  kantor, skala usaha, data Upah, data Pekerja/Buruh, dan  perubahan data lainnya terkait  kepesertaan program JKP,  Pengusaha wajib menyampaikan perubahan tersebut  kepada  BPJS Ketenagakerjaan paling lama 7 (tujuh) hari  kerja sejak terjadi perubahan."
PP No 37 Tahun 2021,3003721,BAB II: KEPESERTAAN DAN T ATA CARA PENDAFTARAN,300372102,PASAL 10,300372102010,"(1) Pendaftaran sebagaimana dimaksud dalam Pasal 5  dan Pasal 6, serta perubahan data sebagaimana  dimaksud dalam Pasal 9 dilakuk an secara daring atau  luring.   (2) Ketentuan lebih lanjut mengenai tata cara pendaftaran  diatur dengan Peraturan Menteri.     BAB III : IURAN DAN TATA CARA PEMBAYARAN  IURAN   Bagian Kesatu   Iuran"
PP No 37 Tahun 2021,3003721,BAB III: IURAN DAN TATA CARA PEMBAYARAN  IURAN,300372103,PASAL 11,300372103011,"(1) Iuran program JKP wajib dibayarkan setiap bulan.   (2) Iuran sebaga imana dimaksud pada ayat (1) sebesar  0,46% (nol koma empat puluh enam persen) dari Upah  sebulan.   (3) Iuran sebesar 0,46% (nol koma empat puluh enam   persen) sebagaimana dimaksud pada ayat (2)  bersumber dari iuran yang dibayar kan oleh  Pemerintah Pusat  dan sumbe r pendanaan JKP.   (4) Iuran yang dibayarkan oleh Pemerintah Pusat  sebagaimana dimaksud pada ayat (3) sebesar 0,22%  (nol koma dua puluh dua persen)  dari Upah  sebulan.   (5) Sumber pendanaan JKP sebagaimana dimaksud pada  ayat (3) merupakan rekomposisi dari iuran progr am  JKK dan JKM, d engan ketentuan :  2021, No.47  9   a. iuran JKK direkomposisi sebesar 0,14% (nol koma  empat belas persen) dari Upah sebulan, sehingga  iuran JKK untuk setiap kelompok tingkat risiko  menjadi:   1. tingkat risiko sangat rendah  sebesar  0,10%  (nol koma sepuluh persen) d ari Upah  sebulan;   2. tingkat risiko rendah sebesar 0,40% (nol  koma empat puluh persen) dari Upah  sebulan;   3. tingkat risiko sedang sebesar 0,75% (nol  koma tujuh puluh lima persen) dari Upah  sebulan;   4. tingkat risiko tinggi sebesar 1,13% (satu  koma tiga belas perse n) dari Upah sebulan;  dan  5. tingkat risiko sangat tinggi sebesar 1,60%  (satu koma enam puluh persen) dari Upah  sebulan;   b. iuran JKM direkomposisi sebesar 0,10% (nol  koma sepuluh persen) dari Upah sebulan,  sehingga iuran JKM menjadi sebesar 0,20% (nol  koma dua puluh persen) dari Upah sebulan.   (6) Upah yang digunakan sebagai dasar perhitungan  iuran sebagaimana dimaksud pada ayat ( 2)  merupakan  Upah  terakhir Pekerja/Buruh  yang  dilaporkan  oleh Pengusaha kepada  BPJS  Ketenagakerjaan dan tidak melebihi batas atas Upah .  (7) Batas atas Upah sebagaimana dimaksud pada ayat ( 6)  untuk pertama kali ditetapkan sebesar  Rp5.000.000 ,00 (lima juta  rupiah).   (8) Dalam hal Upah melebihi batas atas Upah  sebagaimana dimaksud pada ayat ( 7) maka Upah yang  digunakan sebagai dasar perhitungan iuran sebesar  batas atas Upah.       2021, No.47  10 "
PP No 37 Tahun 2021,3003721,BAB III: IURAN DAN TATA CARA PEMBAYARAN  IURAN,300372103,PASAL 12,300372103012,(1) Besaran iuran dan batas atas Upah sebagaimana  dimaksud dalam Pasal 11 ayat (2) dan ayat (7)  dilakukan evaluasi secara berkala setiap  2 (dua) tahun  dengan mempertimbangkan kondisi  ekonomi nasional   dan perhitungan kecukupan ke wajiban aktuaria.   (2) Evaluasi sebagaimana dimaksud pada ayat ( 1)  dilakukan oleh kementerian yang menyelenggarakan  urusan pemerintahan di bidang ketenagakerjaan  berkoordinasi dengan kementerian yang  menyelenggarakan urusan pemerintahan di bidang  keuangan dan dewan jaminan sosial nasional.   (3) Besaran  iuran dan batas atas Upah hasil e valuasi  sebagaimana dimaksud pada ayat ( 1) ditetapkan  dengan Peraturan  Pemerintah.
PP No 37 Tahun 2021,3003721,BAB III: IURAN DAN TATA CARA PEMBAYARAN  IURAN,300372103,PASAL 13,300372103013,"(1) Upah sebulan sebagaimana dimaksud dalam Pasal 11  yang digunakan sebagai dasar perhitungan  pembayaran iuran , terdiri atas Upah pokok dan  tunjangan tetap.   (2) Dalam hal Upah  di perusahaan tidak menggunakan  komponen Upah  pokok dan tunjangan tetap maka  dasar perhitungan pembayaran iuran yaitu  Upah   tanpa tunjangan.    (3) Dalam hal Upah di perusahaan terdiri at as Upah  pokok dan tunjangan tidak tetap maka dasar  perhitungan iuran yaitu Upah pokok.     Bagian Kedua   Tata Cara Pembayaran Iuran"
PP No 37 Tahun 2021,3003721,BAB III: IURAN DAN TATA CARA PEMBAYARAN  IURAN,300372103,PASAL 14,300372103014,"Iuran sebagaimana dimaksud dalam Pasal 11 dibayarkan  kepada BPJS Ketenagakerjaan berdasarkan data  kepesertaan dari BPJ S Ketenagakerjaan .    2021, No.47  11 "
PP No 37 Tahun 2021,3003721,BAB III: IURAN DAN TATA CARA PEMBAYARAN  IURAN,300372103,PASAL 15,300372103015,"(1) Data kepesertaan sebagaimana dimaksud dalam Pasal  14 terintegrasi dengan data kepesertaan BPJS  Kesehatan.   (2) Untuk integrasi data sebagaimana dimaksud pada  ayat (1) , BPJS Kesehatan harus menya mpaikan data  kepesertaan sebagaimana d imaksud dalam Pasal 4  ayat (4) kepada BPJS Ketenagakerjaan.   (3) Data kepesertaan sebagaimana dimaksud pada ayat  (1) dilakukan verifikasi dan validasi oleh BPJS  Ketenagakerjaan .  (4) Data yang telah diverifikasi dan divalidasi  sebagaimana dimaksud pada ayat ( 3) disa mpaikan  kepada Menteri ."
PP No 37 Tahun 2021,3003721,BAB III: IURAN DAN TATA CARA PEMBAYARAN  IURAN,300372103,PASAL 16,300372103016,"(1) Dalam hal pelaksanaan rekomposisi iuran  sebagaimana dimaksud dalam Pasal 11 ayat (5)  mengalami keterlambatan maka Pemerintah Pusat  tidak membayarkan iuran.   (2) Dalam hal pelaksanaan rekomposisi iuran  sebagaimana dimaksud da lam Pasal 11 ayat (5) telah  dibayar tunggakannya,  Pemerintah Pusat  membayarkan iuran yang belum dibayarkan sesuai  bulan pelunasan iuran yang tertunggak."
PP No 37 Tahun 2021,3003721,BAB III: IURAN DAN TATA CARA PEMBAYARAN  IURAN,300372103,PASAL 17,300372103017,"(1) Ketentuan lebih lanjut mengenai tata cara  pembayaran iuran yang dibayarkan oleh Pemerintah  Pusat diatur dengan Peraturan Menteri yang  menyelenggarakan urusan pemerintahan di bidang  keuangan.   (2) Ketentuan lebih lanjut mengenai tata cara  pelaksanaan rekomposisi iuran diatur dengan  Peraturan Menteri.       2021, No.47  12   BAB IV : MANFAAT  JKP   Bagian Kesatu   Umum"
PP No 37 Tahun 2021,3003721,BAB IV: MANFAAT  JKP,300372104,PASAL 18,300372104018,Manfaat J KP berupa:   a. uang tunai;   b. akses informasi pasar kerja; dan   c. Pelatihan Kerja.
PP No 37 Tahun 2021,3003721,BAB IV: MANFAAT  JKP,300372104,PASAL 19,300372104019,"(1) Manfaat JKP diberikan kepada Peserta yang  mengalami Pemutusan Hubungan Kerja baik untuk  hubungan kerja berdasarkan perjanjian kerja waktu  tidak tertentu  maupun  perja njian kerja waktu  tertentu .  (2) Selain memenuhi ketentuan sebagaimana dimaksud  pada ayat (1), penerima manfaat JKP harus bersedia  untuk bekerja kembali.    (3) Manfaat  JKP dapat diajukan setelah Peserta  memiliki  masa iur paling sedikit 12 (dua belas) bulan dalam 24  (dua puluh empat) bulan dan telah membayar iuran  paling singkat 6 (enam) bulan berturut  turut pada  BPJS Ketenagakerjaan  sebelum terjadi Pemutusan  Hubungan Kerja atau pengakhiran hubungan kerja."
PP No 37 Tahun 2021,3003721,BAB IV: MANFAAT  JKP,300372104,PASAL 20,300372104020,"(1) Manfaat JKP bagi Peserta yang mengalami Pemutusan  Hubungan Kerja dikecualikan untuk alasan  Pemutusan Hubungan Kerja karena:   a. mengundurkan diri;   b. cacat total tetap;   c. pensiun; atau   d. meninggal  dunia.     2021, No.47  13   (2) Manfaat JKP bagi Peserta yang hubungan kerjanya  berdasarkan perjanjian kerja waktu tertentu  diberikan  apabila Pemut usan Hubungan Kerja oleh Pengusaha  dilakukan sebelum berakhirnya jangka waktu  perjanjian kerja waktu tertentu .  (3) Pemutusan Hubungan Kerja sebagaimana dimaksud  pada ayat (1) dibuktikan dengan:   a. bukti diterimanya Pemutusan Hubungan Kerja  oleh Pekerja/Buruh  dan tanda terima laporan  Pemutusan Hubungan Kerja dari dinas yang  menyelenggarakan urusan pemerintahan di  bidang ketenagakerjaan kabupaten/kota;   b. perjanjian bersama yang telah didaftarkan pada  pengadilan hubungan industrial dan akta bukti  pendaftaran perjanjian  bersama; atau   c. petikan atau putusan pengadilan hubungan  industrial yang telah mempunyai kekuatan  hukum tetap.     Bagian Kedua   Manfaat Uang Tunai"
PP No 37 Tahun 2021,3003721,BAB IV: MANFAAT  JKP,300372104,PASAL 21,300372104021,"(1) Manfaat uang tunai diberikan setiap bulan paling  banyak 6 (enam) bulan Upah  dengan ketentuan  sebagai ber ikut:  a. sebesar 45 % (empat puluh lima persen) dari  Upah  untuk 3 (tiga) bulan pertama; dan   b. sebesar 25 % (dua puluh lima persen) dari Upah   untuk 3 (tiga) bulan berikutnya.   (2) Upah yang digunakan sebagai dasar pembayaran  manfaat uang tunai merupakan  Upah  terakhir   Pekerja/Buruh  yang dilaporkan  Pengusaha  kepada   BPJS Ketenagakerjaan dan tidak melebihi batas atas  Upah yang ditetapkan.   (3) Batas atas Upah  untuk pertama kali ditetapkan  sebesar Rp 5.000.000 ,00 (lima juta  rupiah).   2021, No.47  14   (4) Dalam hal Upah melebihi batas atas Upah maka U pah  yang digunakan sebagai dasar pembayaran manfaat  uang tunai sebesar batas atas Upah."
PP No 37 Tahun 2021,3003721,BAB IV: MANFAAT  JKP,300372104,PASAL 22,300372104022,(1) Besaran batas atas Upah sebagaimana dimaksud  dalam Pasal 2 1 ayat (3) dilakukan evaluasi setiap 2  (dua) tahun .   (2) Evaluasi  besaran batas atas Upah  dilakukan  oleh  kementerian yang menyelenggarakan urusan  pemerintahan di bidang ketenagakerjaan  berkoordinasi dengan kementerian  yang  menyelenggarakan urusan pemerintahan di bidang  keuangan  dan dewan jaminan sosial nasional .  (3) Besaran  batas atas Upah hasil e valuasi sebagai mana  dimaksud pada ayat ( 2) ditetapkan dengan Peraturan   Pemerintah.
PP No 37 Tahun 2021,3003721,BAB IV: MANFAAT  JKP,300372104,PASAL 23,300372104023,"Dalam hal terjadi Pemutusan Hubungan Kerja dan Upah  Pekerja/Buruh yang dilaporkan sebagaimana dimaksud  dalam Pasal 21 ayat (2) tidak sesuai dengan Upah yang  sebenarnya  sehingga te rdapat kekurangan pembayaran  manfaat uang tunai , Pengusaha wajib membayar  kekurangan  manfaat  uang tunai kepada Pekerja/Buruh  secara sekaligus."
PP No 37 Tahun 2021,3003721,BAB IV: MANFAAT  JKP,300372104,PASAL 24,300372104024,Pemberian manfaat uang tunai diselenggarakan oleh BPJS  Ketenagakerjaan.     Bagian Ketiga   Manfaat Akses In formasi  Pasar Kerja
PP No 37 Tahun 2021,3003721,BAB IV: MANFAAT  JKP,300372104,PASAL 25,300372104025,"(1) Manfaat akses informasi pasar kerja sebagaimana  dimaksud dalam Pasal 18 huruf b di berikan dalam  2021, No.47  15   bentuk layanan:   a. informasi pasar kerja;  dan/atau   b. bimbingan jabatan.   (2) Layanan sebagaimana dimaksud pada ayat (1)  dilakukan  oleh pengantar kerja dan/atau petugas  antarkerja melalui Sistem Informasi Ketenagakerjaan."
PP No 37 Tahun 2021,3003721,BAB IV: MANFAAT  JKP,300372104,PASAL 26,300372104026,(1) Layanan informasi pasar kerja sebagaimana dimaksud  dalam Pasal 25 ayat (1) huruf a diberikan dalam  bentuk penyediaan data lowongan pekerjaan.   (2) Penyediaan data lowong an pekerjaan sebagaimana  dimaksud pada ayat ( 1) dilaksanakan sesuai dengan   ketentuan p eraturan perundang  undangan .
PP No 37 Tahun 2021,3003721,BAB IV: MANFAAT  JKP,300372104,PASAL 27,300372104027,Layanan bimbingan jabatan sebagaimana dimaksud dalam  Pasal 25 ayat (1) huruf b diberikan dalam bentuk:   a. asesmen diri  atau penilaian diri; dan/atau    b. konseling karir.
PP No 37 Tahun 2021,3003721,BAB IV: MANFAAT  JKP,300372104,PASAL 28,300372104028,"Peserta yang telah mendapatkan manfaat akses informasi  pasar kerja dan pekerjaan yang sesuai dengan minat,  bakat, dan kompetensi harus  melaporkan penempatannya  melalui Sistem Informasi Ketenagakerjaan paling lama  7  (tujuh) hari kerja sejak diterima bekerja."
PP No 37 Tahun 2021,3003721,BAB IV: MANFAAT  JKP,300372104,PASAL 29,300372104029,"Manfaat akses informasi pasar kerja diselenggarakan oleh  kementerian yang menyelenggarakan urusan pemerintahan  di bidang ketenagakerjaan .            2021, No.47  16   Bagian Keempat   Manfaat Pelatihan  Kerja"
PP No 37 Tahun 2021,3003721,BAB IV: MANFAAT  JKP,300372104,PASAL 30,300372104030,(1) Manfaat Pelatihan Kerja sebagaimana dimaksud dalam  Pasal 18 huruf c diberikan berupa  pelatihan berbasis  kompetensi.   (2) Manfaat  Pelatihan Kerja sebagaimana dimaksud pada  ayat (1)  dapat dilakukan melalui integrasi akses  informasi pasar kerja  dan sistem informasi BPJS  Keten agakerjaan dalam  Sistem Informasi  Ketenagakerjaan .   (3) Manfaat Pelatihan Kerja dapat diselenggarakan secara  daring dan/atau luring.
PP No 37 Tahun 2021,3003721,BAB IV: MANFAAT  JKP,300372104,PASAL 31,300372104031,"(1) Pelatihan Kerja dilakukan melalui Lembaga Pelatihan  Kerja milik pemerintah, swasta, atau perusahaan.   (2) Lembaga  Pelatiha n Kerja sebagaimana dimaksud pada  ayat (1) harus memenuhi persyaratan paling sedikit:   a. memiliki pelatihan berbasis kompetensi kerja  yang sesuai dengan kebutuhan pasar kerja  dengan mempertimbangkan standar kompetensi  kerja nasional, internasional, atau khusu s;   b. terdaftar dan terverifikasi di Sistem Informasi  Ketenagakerjaan ;   c. terakreditasi  dari lembaga akreditasi Lembaga  Pelatihan Kerja yang dibuktikan dengan sertifikat  akreditasi; dan   d. mendapat persetujuan  Menteri.   (3) Ketentuan lebih lanjut mengenai tata cara  pendaftaran, pemilihan jenis pelatihan, lembaga  pelatihan, dan pemanfaatan pelatihan diatur d engan  Peraturan Menteri.         2021, No.47  17 "
PP No 37 Tahun 2021,3003721,BAB IV: MANFAAT  JKP,300372104,PASAL 32,300372104032,(1) Lembaga Pelatihan Kerja dapat bekerja sama dengan  lembaga sertifikasi profesi untuk menyelenggarakan  sertifikasi kompetensi melalu i uji kompetensi.   (2) Lembaga sertifikasi profesi sebagaimana  dimaksud  pada ayat (1) merupakan lembaga sertifikasi profesi  yang telah memperoleh lisensi dari badan nasional  sertifikasi profesi.
PP No 37 Tahun 2021,3003721,BAB IV: MANFAAT  JKP,300372104,PASAL 33,300372104033,(1) Peserta yang telah  menerima manfaat Pelatihan  Kerja  harus melaporkan pelatihan yang telah diselesaikan  melalui Sistem Informasi Ketenagakerjaan paling lama   7 (tujuh) hari kerja sejak selesainya pelatihan.   (2) Peserta sebagaimana dimaksud pada ayat (1) dapat  memanfaatkan kembali layanan akses informasi pasar  kerja m elalui Sistem Informasi Ketenagakerjaan untuk  bekerja.
PP No 37 Tahun 2021,3003721,BAB IV: MANFAAT  JKP,300372104,PASAL 34,300372104034,(1) Manfaat Pelatihan Kerja diselenggarakan oleh  kementerian yang menyelenggarakan urusan  pemerintahan di bidang ketenagakerjaan.   (2) Ketentuan lebih lanjut mengenai pembiayaan manfaat  Pelatihan Kerj a diatur dengan Peraturan Menteri yang  menyelenggarakan urusan pemerintaha n di bidang  keuangan.     Bagian Kelima   Pelaksanaan Pemberian Manfaat  JKP
PP No 37 Tahun 2021,3003721,BAB IV: MANFAAT  JKP,300372104,PASAL 35,300372104035,"Hak atas manfaat JKP diajukan paling banyak 3 (tiga) kali  selama masa usia kerja dengan ketentuan:   a. manfaat JKP pertama, diajukan oleh Peserta paling  cepat setelah terpenuhinya masa iur dan kepesertaan  sebagaimana dimaksud dalam Pasal 19 ayat ( 3);  2021, No.47  18   b. manfaat JKP kedua,  diajukan oleh Peserta paling  sedikit  setelah terpenuhinya masa iur selama 5 (lima)  tahun sejak memperoleh manfaat JKP pertama;  dan  c. manfaat  JKP ketiga , diajukan oleh Peserta paling  sedikit  setelah terpenuhinya masa iur selama 5 (lima)  tahun sejak memperoleh manfaat JKP kedua."
PP No 37 Tahun 2021,3003721,BAB IV: MANFAAT  JKP,300372104,PASAL 36,300372104036,Manfaat  JKP bagi Peserta yang mempunyai hubungan kerja  denga n lebih dari 1 (satu) Pengusaha diberikan  jika Peserta  mengalami Pemutusan Hubungan Kerja.
PP No 37 Tahun 2021,3003721,BAB IV: MANFAAT  JKP,300372104,PASAL 37,300372104037,"(1) Dalam hal Pengusaha tidak mengikutsertakan  Pekerja/Buruh dalam program  JKP dan terjadi  Pemutusan Hubungan Kerja, Pengusaha wajib  memenuhi hak Pekerja/Buruh  berupa:   a. manfaat uang tunai dengan perhitungan manfaat  sebagaimana dimaksud dalam Pasal 21 ayat (1)   yang diberikan secara sekaligus ; dan   b. manfaat Pelatihan Kerja sebagaimana dimaksud  dalam Pasal 3 0.  (2) Kewajiban  pemenuhan hak Pekerja/Buruh  sebagaimana dimaksud  pada ayat (1) dikecualikan  bagi Pengusaha pada usaha mikro."
PP No 37 Tahun 2021,3003721,BAB IV: MANFAAT  JKP,300372104,PASAL 38,300372104038,"Hak atas manfaat JKP tidak dapat dipindahtangankan,  digadaikan , atau disita sebagai pelaksana an putusan  pengadilan."
PP No 37 Tahun 2021,3003721,BAB IV: MANFAAT  JKP,300372104,PASAL 39,300372104039,"(1) Pengusaha  yang menunggak iuran  JKK dan JKM  sebagai sumber p endanaan program JKP sampai  dengan 3 (tiga) bulan berturut  turut dan terjadi  Pemutusan Hubungan Kerja , BPJS Ketenagakerjaan  wajib membayar manfaat uang tunai sebagaimana  2021, No.47  19   dimaksud dalam Pasal 21 ayat (1) kepada Peserta.   (2) Dalam hal BPJS Ketenagakerjaan telah membayar  manfaat uang tunai sebagaimana dimaksud pada ayat  (1) maka Pengusaha wajib melunasi tunggakan iuran.   (3) Pengusaha yang menunggak iuran  JKK dan JKM  sebagai sumber pendanaan program JKP lebih dari 3  (tiga) bulan berturut  turut dan terjadi Pemutusan  Hubungan Kerja, Pengusaha wajib membayar terlebih  dahulu manfaat uang tunai kepada Peserta   sebagaimana dimaksud dalam Pasal 21 ayat (1).  (4) Dalam hal Pengusaha telah melunasi seluruh  tunggakan iuran  dan denda yang menjadi  kewajibannya, Pengusaha dapat meminta pe nggantian  manfaat uang tunai yang telah dibayarkan  sebagaimana dimaksud pada ayat (3), kepada BPJS  Ketenagakerjaan.   (5) Pengusaha mengajukan permintaan penggantian  manfaat uang tunai kepada BPJS Ketenagakerjaan  paling lama  3 (tiga) bulan sejak Pengusaha membay ar  hak Peserta .  (6) BPJS Ketenagakerjaan wajib membayar penggantian  manfaat uang tunai  sebagaimana dimaksud pada ayat  (4) paling lama  7 (tujuh) hari kerja sejak surat   permintaan dan dokumen pendukung diterima secara   lengkap dan benar oleh BPJS Ketenagakerjaan ."
PP No 37 Tahun 2021,3003721,BAB IV: MANFAAT  JKP,300372104,PASAL 40,300372104040,"Hak atas manfaat JK P sebagaimana dimaksud dalam Pasal  18 hilang jika Pekerja/Buruh :  a. tidak mengajukan permohonan klaim manfaat JKP  selama 3 (tiga) bulan sejak terjadi Pemutusan  Hubungan Kerja;   b. telah mendapatkan pekerjaan;  atau  c. meninggal dunia.         2021, No.47  20 "
PP No 37 Tahun 2021,3003721,BAB IV: MANFAAT  JKP,300372104,PASAL 41,300372104041,Ketentuan lebih lanjut mengenai t ata cara pemberian  manfaat JKP diatur d engan Peraturan Menteri.     BAB V : SUMBER PENDANAAN
PP No 37 Tahun 2021,3003721,BAB V: SUMBER PENDANAAN,300372105,PASAL 42,300372105042,(1) Sumber pendanaan JKP berasal dari:   a. modal awal pemerintah;   b. rekomposisi iuran program jaminan sosial;  dan/atau   c. dana operasional BPJS Ketenagakerjaan.   (2) Modal awal sebagaimana dimaksud pada ayat (1)  huruf a merupakan dana awal yang bersumber dari  Anggaran Pendapatan dan Belanja Negara untuk  pendanaan program JKP .  (3) Dana awal sebagaimana dimaksud pada ayat (2)  bukan merupakan  kekayaan negara yang dipisahkan .  (4) Dana awal dapat digunakan dalam hal iuran program  yang diterima belum mencukupi untuk membayar  manfaat program.   (5) Ketentuan lebih lanjut  mengenai dana awal diatur  dengan Peraturan Menteri yang menyelenggarakan  urusan pemerin tahan di bidang keuangan.
PP No 37 Tahun 2021,3003721,BAB V: SUMBER PENDANAAN,300372105,PASAL 43,300372105043,"Dana operasional sebagaimana dimaksud dalam pasal 42  ayat (1) huruf c dapat digunakan untuk pendanaan  program  JKP dalam hal iuran program yang diterima dan  dana awal belum mencukupi untuk membayar manfaat  program JKP.             2021, No.47  21   BAB VI : PENGAWASAN KETENAGAKERJAAN"
PP No 37 Tahun 2021,3003721,BAB VI: PENGAWASAN KETENAGAKERJAAN,300372106,PASAL 44,300372106044,Pengawasan ketenagakerjaan terhadap penerapan  ketentuan dalam Peraturan Pemerintah ini dilaksanakan  oleh Pengawas Ketenagakerjaan pada kementerian yang  menyelenggarakan urusan pemerintahan di bidang  ketenagakerjaa n dan/atau dinas yang menyelenggarakan  urusan pemerintahan di bidang ketenagakerjaan provinsi.     BAB VII : PENYELESAI AN SENGKETA
PP No 37 Tahun 2021,3003721,BAB VII: PENYELESAI AN SENGKETA,300372107,PASAL 45,300372107045,"(1) Sengketa dalam penyelenggaraan program JK P antara  Peserta dengan BPJS Ketenagakerjaan dan/atau  antara Peserta dengan Pengusaha  dapat diselesaikan  secara musyawarah oleh para pihak yang bersengketa.   (2) Sengketa sebagaimana dimaksud pada ayat (1)  merupakan sengketa di bidang keperdataan dan  sengketa mengenai hak  hak sesuai dengan ketentuan  peraturan perundang  undangan dikuasai s epenuhnya  oleh pihak yang bersengketa dan sengketa yang  menurut ketentuan peraturan perundang  undangan  dapat diadakan perdamaian.   (3) Dalam hal penyelesaian sebagaimana dimaksud pada  ayat (2) tidak terlaksana maka penyelesaian dilakukan  melalui mediasi sesuai dengan ketentuan peraturan  perundang  undangan.   (4) Dalam hal mekanisme mediasi sebagaimana dimaksud  pada ayat (3) tidak dapat terlaksana maka  penyelesaiannya dapat diajukan ke pengadilan negeri  sesuai dengan ketentuan peraturan perundang   undangan.        2021, No.47  22   BAB VIII : SANKSI ADMINISTRATIF"
PP No 37 Tahun 2021,3003721,BAB VIII: SANKSI ADMINISTRATIF,300372108,PASAL 46,300372108046,"(1) Pengusaha yang melanggar ketentuan  Pasal 2 ayat (1),  Pasal 6 ayat (1), Pasal 8 ayat (1), Pasal 9, Pasal 23,  Pasal 37 ayat (1), dan/atau Pasal 39 ayat (3) dikenai  sanksi administratif berupa:   a. teguran tertulis; da n  b. tidak mendapat kan pelayanan publik tertentu.   (2) Pengenaan  sanksi administratif sebagaimana  dimaksud pada ayat (1) dilakukan secara bertahap.   (3) Teguran tertulis sebagaimana dimaksud pada ayat (1)  huruf a merupakan peringatan tertulis atas  pelanggaran yang dilakukan oleh Pengu saha.   (4) Tidak mendapatkan pelayanan publik tertentu  sebagaimana dimaksud pada ayat (1) huruf b  merupakan sanksi  yang diberikan oleh unit pelayanan  publik tertentu kepada Pengusaha yang tidak  melaksanakan kewajiban sesuai dengan ketentuan  peraturan perundang  undangan."
PP No 37 Tahun 2021,3003721,BAB VIII: SANKSI ADMINISTRATIF,300372108,PASAL 47,300372108047,"(1) Menteri, menteri terkait, gubernur, bupati/walikota,  atau pejabat yang ditunjuk sesuai dengan  kewenangannya mengenakan sanksi administratif  sebagaimana dimaksud dalam Pasal 46 ayat (1)   kepada Pengusaha.   (2) Pengenaan sanksi administratif di berikan berdasarkan  hasil pemeriksaan yang dilakukan oleh Pengawas  Ketenagakerjaan yang berasal dari:   a. pengaduan; dan/atau   b. tindak lanjut hasil pengawasan ketenagakerjaan.   (3) Tindak lanjut hasil pemeriksaan yang dilakukan oleh  Pengawas Ketenagakerjaan dituan gkan dalam nota  pemeriksaan.     2021, No.47  23   (4) Dalam hal nota pemeriksaan tidak dilaksanakan oleh  Pengusaha, Pengawas Ketenagakerjaan  menyampaikan laporan ketidakpatuhan terhadap  peraturan perundang  undangan beserta nota  pemeriksaan kepada:   a. direktur jenderal yang membidangi  pengawasan  ketenagakerjaan pada kementerian yang  menyelenggarakan urusan pemerintahan di  bidang ketenagakerjaan, untuk Pengawas  Ketenagakerjaan di kementerian yang  menyelenggarakan urusan pemerintahan di  bidang ketenagakerjaan; atau   b. kepala dinas yang meny elenggarakan urusan  pemerintahan di bidang ketenagakerjaan provinsi,  untuk Pengawas Ketenagakerjaan pada dinas  yang menyelenggarakan urusan pemerintahan di  bidang ketenagakerjaan provinsi.   (5) Direktur jenderal atau kepala dinas sebagaimana  dimaksud pada ayat (4) menyampaikan rekomendasi  kepada pejabat yang berwenang mengenakan sanksi  administratif.   (6) Menteri terkait, gubernur, bupati/walikota, atau  pejabat yang ditunjuk memberitahukan pelaksanaan  pengenaan sanksi administratif kepada Menteri.     BAB IX : KETENTUAN PENUTUP"
PP No 37 Tahun 2021,3003721,BAB IX: KETENTUAN PENUTUP,300372109,PASAL 48,300372109048,"(1) Untuk kepesertaan JKP, BPJS Kesehatan dan BPJS  Ketenagakerjaan  melakukan integrasi data  kepesertaan JKP.   (2) Integrasi data sebagaimana dimaksud pada ayat (1)  dilakukan  paling lama dalam waktu 6 (enam) bulan  sejak Peraturan Pemerintah ini ber laku.   (3) Dalam masa integrasi data sebagaimana dimaksud  pada ayat (2), BPJS Ketenagakerjaan dapat melakukan  2021, No.47  24   pendaftaran  kepesertaan JKP tanpa memperhatikan  kepesertaan JKN.   (4) Dalam hal sesudah masa integrasi dan terdapat  kepesertaan JKP yang tidak memenuhi pers yaratan  kepesertaan  JKN maka iuran yang telah dibayarkan  Pemerintah Pusat diperhitungkan dalam pembayaran  iuran JKP berikutnya."
PP No 37 Tahun 2021,3003721,BAB IX: KETENTUAN PENUTUP,300372109,PASAL 49,300372109049,"Pada saat Peraturan Pemerintah ini mulai berlaku,  ketentuan mengenai pengelolaan aset dana jaminan sosial  kecelakaan k erja dan dana jaminan sosial kematian yang  diatur dalam Peraturan Pemerintah Nomor 99 Tahun 2013  tentang Pengelolaan Aset Jaminan Sosial Ketenagakerjaan  (Lembaran Negara Republik Indonesia Tahun 2013 Nomor  256, Tambahan Lembaran Negara Republik Indonesia  Nomor 5486) sebagaimana telah diubah dengan Peraturan  Pemerintah Nomor 55 Tahun 2015 tentang Perubahan atas  Peraturan Pemerintah Nomor 99 Tahun 2013 tentang  Pengelolaan Aset Jaminan Sosial Ketenagakerjaan   (Lembaran Negara Republik Indonesia Tahun 2015 Nomor   179, Tambahan Lembaran Negara Republik Indonesia  Nomor 5724) , diberlakukan untuk p engelolaan aset dana  jaminan sosial kehilangan pekerjaan sampai dengan  berlakunya peraturan perundang  undangan yang  mengatur mengenai pengelolaan aset dana jaminan sosial  kehilangan pekerjaan ."
PP No 37 Tahun 2021,3003721,BAB IX: KETENTUAN PENUTUP,300372109,PASAL 50,300372109050,"Peraturan Pemerintah ini mulai berlaku pada tanggal  diundangkan .              2021, No.47  25 "
PP No 50 Tahun 2012,3005012,BAB I: KETENTUAN UMUM,300501201,PASAL 1,300501201001,"Dalam Peraturan Pemerintah ini yang dimaksud dengan: 1.Sistem Manajemen K eselamatan dan Kesehatan Kerja yang selanjutnya dis ingkat SMK3 adalah bagian dari sistem manajemen perusahaan secara keseluruhan dalam rangka pengendalian r isiko yang berkaitan dengan kegiatan kerja guna terciptanya tempat kerja yang aman, efisien dan prod uktif. 2.Keselamatan dan Kesehatan Kerja yang selanjutnya disingkat K3 adalah segala kegiatan untuk menjamin dan melindungi keselamatan dan kesehatan tenaga kerja melalui upaya pencegahan kecelakaan kerja dan penyakit akibat kerja. 3.Tenaga kerja adalah setiap orang yang mampu melakukan pekerjaan guna menghasilkan barang dan/atau jasa baik untuk memenuhi kebutuhan sendiri maupun untuk masyarakat. 4.Pekerja/buruh adalah setiap orang yang bekerja dengan menerima upah atau imbalan dalam bentuk lain. 5.Perusahaan adalah: a.setiap bentuk usaha yang berbadan hukum atau tidak, milik orang perseorangan, milik persekutuan, atau milik badan hukum, baik milik swasta maupun milik negara yang mempekerjakan pekerja/buruh dengan membayar upah atau imbalan dalam bentuk lain. b.usaha  usaha sosial dan usaha  usaha lain yang mempunyai pengurus dan mempekerjakan orang lain dengan membayar upah atau imbalan dalam bentuk lain. 6.Pengusaha adalah: a.orang perseorangan, persekutuan, atau badan hukum yang menjalankan suatu perusahaan milik sendiri; b.orang perseorangan, persekutuan, atau badan hukum yang secara berdiri sendiri menjalankan perusahaan bukan miliknya; c.orang perseorangan, persekutuan, atau badan hukum yang berada di Indonesia mewakili perusahaan sebagaimana dimaksud dalam huruf a dan huruf b yang berkedudukan di luar wilayah Indonesia. 7.Audit SMK3 adalah pemeriksaan secara sistematis dan independen terhadap pemenuhan kriteria yang telah ditetapkan untuk mengukur suatu hasil kegiatan yang telah direncanakan dan dilaksanakan dalam penerapan SM K3 di perusahaan. 8.Menteri adalah Menteri yang menyelenggarakan urusan pemerintahan dibidang ketenagakerjaan."
PP No 50 Tahun 2012,3005012,BAB I: KETENTUAN UMUM,300501201,PASAL 2,300501201002,"Penerapan SMK3 bertujuan untuk: a.meningkatkan efektifitas perlindungan keselamatan dan kesehatan kerja yang terencana, terukur, terstruktur , dan terintegrasi; b.mencegah dan mengurangi kecelakaan kerja dan penyakit akibat kerja dengan melibatkan unsur manajemen, pekerja/buruh, dan/atau serikat pekerja/serikat buruh; serta c.menciptakan tempat kerja yang aman, nyaman, dan efisien untuk mendorong produktiv itas."
PP No 50 Tahun 2012,3005012,BAB I: KETENTUAN UMUM,300501201,PASAL 3,300501201003,"(1)Penerapan SMK3 dilakukan berdasarkan kebijakan nasional tentang SMK3. (2)Kebijakan nasional tentang SMK3 sebagaimana dimaksud pada ayat (1) tertuang dalam Lampiran I, II, dan III sebagai bagian yang tidak terpisahkan dari Peraturan Pemer intah ini. BAB II : SISTEM MANAJEMEN KES ELAMATAN DAN KESEHATAN KERJA Bagian Kesatu Umum"
PP No 50 Tahun 2012,3005012,BAB II: SISTEM MANAJEMEN KES ELAMATAN DAN,300501202,PASAL 4,300501202004,"(1)Kebijakan nasional tentang SMK3 sebagaimana dimaksud dalam Pasal 3, sebagai pedoman perusahaan dalam menerapkan SMK3. (2)Instansi pembina sektor usaha dapat mengemb angkan pedoman penerapan SMK3 sebagaimana dimaksud pada ayat (1) sesuai dengan kebutuhan berdasarkan ketentuan peraturan perundang  undangan ."
PP No 50 Tahun 2012,3005012,BAB II: SISTEM MANAJEMEN KES ELAMATAN DAN,300501202,PASAL 5,300501202005,(1)Setiap perusahaan wajib menerapkan SMK3 di perusahaannya. (2)Kewajiban sebagaimana dimaksud pada ayat (1) berlaku bagi perusahaan: a.memperkerjakan pekerja/buruh paling sedikit 100 (seratus) orang; atau b.mempunyai tingkat potensi bahaya tinggi. (3)Ketentuan mengenai tingkat potensi bahaya tinggi sebagaimana dimaksud pada ayat (2) huruf b sesuai dengan ketentuan perat uran perundang  undangan . (4)Pengusaha dalam menerapkan SMK3 wajib berpedoman pada Peraturan Pemerintah ini dan ketentuan peraturan perundang   undangan serta dapat memperhatikan konvensi atau standar internasional.
PP No 50 Tahun 2012,3005012,BAB II: SISTEM MANAJEMEN KES ELAMATAN DAN,300501202,PASAL 6,300501202006,(1)SMK3 sebagaimana dimaksud dalam Pasal 3 ayat (1) meliputi: a.penetapan kebijakan K3; b.perencanaan K3; c.pelaksanaan rencana K3; d.pemantau andan evaluasi kinerja K3; dan e.peninjau andan peningkatan kinerja SMK3. (2)Penerapan SMK3 sebagaimana dimaksud pada ayat (1) tertuang dalam pedoman yang tercantum d alam Lampiran I sebagai bagian yang tidak terpisahkan dari Peraturan Pemerintah ini . Bagian Kedua Penetapan Kebijakan K3
PP No 50 Tahun 2012,3005012,BAB II: SISTEM MANAJEMEN KES ELAMATAN DAN,300501202,PASAL 7,300501202007,"(1)Penetapan k ebijakan K3 sebagaimana dimaksud dalam Pasal 6 ayat (1)huruf a dilaksanakan oleh pengusaha. (2)Dalam menyusun kebijak an sebagaimana dimaksud pada ayat (1), pengusaha paling sedikit harus: a.melakukan tinjauan awal kondisi K3yang meliputi: 1.identifikasi potensi bahaya, penilaian dan pengendalian risiko; 2.perbandingan penerapan K3dengan perusahaan dan sektor lain yang lebi h baik; 3.peninjauan sebab akibat kejadian yang membahayakan; 4.kompensasi dan gangguan serta hasil penilaian sebelumnya yang berkaitan dengan keselamatan; dan 5.penilaian efisiensi dan efektivitas sumber daya yang disediakan. b.memperhatikan peningkatan kinerja manajemen K3 secara terus   menerus; dan c.memperhatikan masukan dari pekerja/buruh dan/atau serikat pekerja/serikat buruh. (3)Kebijakan K3 sebagaimana dimaksud pada ayat (1) paling sedikit memuat: a.visi; b.tujuan perusahaan; c.komitmen dan tekad melaksanakan kebijaka n; dan d.kerangka dan program kerja yang mencakup kegiatan perusahaan secara menyeluruh yang bersifat umum dan/atau operasional."
PP No 50 Tahun 2012,3005012,BAB II: SISTEM MANAJEMEN KES ELAMATAN DAN,300501202,PASAL 8,300501202008,"Pengusaha harus menyebarluaskan kebijakan K3 yang telah ditetapkan kepada seluruh pekerja/buruh ,orang lain selain pekerj a/buruh yang berada di perusahaan ,danpihak lain yang terkait. Bagian Ketiga Perencanaan K3"
PP No 50 Tahun 2012,3005012,BAB II: SISTEM MANAJEMEN KES ELAMATAN DAN,300501202,PASAL 9,300501202009,"(1)Perencanaan sebagaimana dimaksud dalam Pasal 6 ayat (1) huruf b dilakukan untuk menghasilkan rencana K3. (2)Rencana K3 disusun dan ditetapkan oleh pengusaha dengan mengacu pada kebijakan K3 yang telah ditetapkan sebagaimana dimaksud dalam Pasal 7 ayat (1). (3)Dalam menyusun rencana K3 sebagaimana dimaksud pada ayat (2) pengusaha harus mempertimbangkan: a.hasil penelaahan awal; b.identifikasi bahaya, penilaian, dan p engendalian risiko; c.peraturan perundang  undangan dan persyaratan lainnya; dan d.sumber daya yang dimiliki. (4)Pengusaha dalam menyusun rencana K3 sebagaimana dimaksud pada ayat (2) harus melibatkan Ahli K3, Panitia Pembina K3, wakil pekerja/buruh dan pihak lain yang terkait di perusahaan. (5)Rencana K3 paling sedikit memuat : a.tujuan dan sasaran; b.skala prioritas; c.upaya pengendalian bahaya; d.penetapan sumber daya ; e.jangka waktu pelaksanaan; f.indikator pencapaian ;dan g.sistem pertanggungjawaban . Bagian Keempat Pelaksana an Rencana K3"
PP No 50 Tahun 2012,3005012,BAB II: SISTEM MANAJEMEN KES ELAMATAN DAN,300501202,PASAL 10,300501202010,"(1)Pelaksanaan rencana K3 dilakukan oleh pengusaha berdasarkan rencana K3 sebagaimana dimaksud dalam Pasal 6 ayat (1) huruf c dan Pasal 9 (2)Pengusaha dalam melaksanakan rencana K3didukung oleh sumber daya manusia di bidang K3, prasaran a dan sarana. (3)Sumber daya manusia sebagaimana dimaksud pada ayat (2) harus memiliki: a.kompetensi kerja yang dibuktikan dengan sertifikat ; dan b.kewenangan di bidang K3 yang dibuktikan dengan surat izin kerja/operasi dan/atau surat penunjukkan dari instansi yang berwenang. (4)Prasarana dan sarana sebagaimana dimaksud pada ayat (2) paling sedikit terdiri dari: a.organisasi/unit yang bertanggung jawab di bidang K3; b.anggaran yang memadai; c.prosedur operasi/kerja, informasi, dan pelaporan serta pendokumentasian; dan d.instruksi kerja."
PP No 50 Tahun 2012,3005012,BAB II: SISTEM MANAJEMEN KES ELAMATAN DAN,300501202,PASAL 11,300501202011,"(1)Pengusaha dalam melaksanakan rencana K3 harus melakukan kegiatan dalam pemenuhan persyaratan K3. (2)Kegiatan sebagaimana dimaksud pada ayat (1) paling sedikit meliputi: a.tindakan pengendalian ; b.perancangan ( design ) dan rekayasa; c.prose dur dan instruksi kerja; d.penyerahan sebagian pelaksanaan pekerjaan; e.pembelian/pengadaan barang dan jasa; f.produk akhir; g.upaya menghadapi keadaan darurat kecelakaan dan bencana industri; dan h.rencana dan pemulihan keadaan darurat. (3)Kegiatan sebagaimana dimaks ud pada ayat (2) huruf a sampai dengan huruf f, dilaksanakan berdasarkan identifikasi bahaya, penilaian, dan pengendalian r isiko. (4)Kegiatan sebagaimana dimaksud pada ayat ( 2)huruf g danhuruf h dilaksanakan berdasarkan potensi bahaya, investigasi, dan ana lisa kecelakaan."
PP No 50 Tahun 2012,3005012,BAB II: SISTEM MANAJEMEN KES ELAMATAN DAN,300501202,PASAL 12,300501202012,"(1)Pengusaha dalam melaksanakan kegiatan sebagaimana dimaksud dalam Pasal 11 harus: a.menunjuk sumber daya manusia yang mempunyai kompetensi kerja dan kewenangan di bidang K3; b.melibatkan seluruh pekerja/buruh; c.membuat petunjuk K3 yang harus dipatuhi oleh seluruh pekerja/buruh, orang lain selain pekerja/buruh yang berada di perusahaan, dan pihak lain yang terkait ; d.membuat prosedur informasi ; e.membuat prosedur pelaporan; dan f.mendo kumentasikan seluruh kegiatan. (2)Pelaksanaan kegiatan sebagaim ana dimaksud pada ayat (1) harus diintegrasikan dengan kegiatan manajemen perusahaan ."
PP No 50 Tahun 2012,3005012,BAB II: SISTEM MANAJEMEN KES ELAMATAN DAN,300501202,PASAL 13,300501202013,"(1)Prosedur informasi sebagaimana dimaksud dalam Pasal 12 ayat (1) huruf d harus memberikan jaminan bahwa informasi K3 dikomunikasikan kepada semua pihak dalam peru sahaan dan pihak terkait di luar perusahaan. (2)Prosedur pelaporan sebagaimana dimaksud dalam Pasal 12 ayat (1) huruf e terdiri atas pelaporan: a.terjadinya kecelakaan di tempat kerja; b.ketidaksesuaian terhadap peraturan perundang  undangan dan/atau standar ; c.kinerja K3 ; d.identifikasi sumber bahaya ; dan e.yang diwajibkan berdasarkan ketentuan peraturan perundang   undangan. (3)Pendokumentasian sebagaimana dimaksud dalam Pasal 12ayat (1) huruf f paling sedikit dilakukan terhadap: a.peraturan perundang  undangan di bidang K3 dan standar di bidang K3; b.indikator kinerja K3 ; c.izin kerja ; d.hasil identifikasi, penilaian, dan pengendalian r isiko; e.kegiatan pelatihan K3 ; f.kegiatan inspeksi, kalibrasi dan pemeliharaan ; g.catatan pemantauan data ; h.hasil pengkajian kecelakaan di tempat kerja d antindak lanjut ; i.identifikasi produk termasuk komposisinya ; j.informasi mengenai pemasok dan kontraktor ; dan k.audit dan peninjauan ulan gSMK3 . Bagian Kelima Pemantau andan Evaluasi Kinerja K3"
PP No 50 Tahun 2012,3005012,BAB II: SISTEM MANAJEMEN KES ELAMATAN DAN,300501202,PASAL 14,300501202014,"(1)Pengusaha wajib melakukan pemantauan dan evaluasi kinerja K3. (2)Pemantauan dan evaluasi kinerja K3 sebagaimana dimaksud pada ayat (1) melalui pemeriksaan, pengujian, pengukuran dan audit internal SMK3 dilakukan oleh sumber daya manusia yang kompeten. (3)Dalam hal perusahaan tidak memiliki sumber daya untuk melakukan pemantauan dan evaluasi kinerja K3 sebagaimana dimaksud pada ayat (2) dapat menggunakan jasa pihak lain. (4)Hasil pemantauan dan evaluasi kinerja K3 sebagaimana dimaksud pada ayat (2) dilaporkan kepada pengusaha. (5)Hasil pemantauan dan evaluasi kinerja K3 sebag aimana dimaksud pada ayat (2) digunakan untuk melakukan tindakan perbaikan. (6)Pelaksanaan pemantauan dan evaluasi kinerja K3 sebagaimana dimaksud pada ayat (2) dilakukan sesuai dengan ketentuan peraturan perundang  undangan dan/atau standar. Bagian Keenam Peninjau andanPeningkatan Kinerja SMK3"
PP No 50 Tahun 2012,3005012,BAB II: SISTEM MANAJEMEN KES ELAMATAN DAN,300501202,PASAL 15,300501202015,"(1)Untuk menjamin kesesuaian dan efektifitas penerapan SMK3 , pengusaha wajib melakukan peninjauan. (2)Peninjauan sebagaimana dimaksud pada ayat (1) dilakukan terhadap kebijakan, perencanaan, pelaksanaan, pemantauan d an evaluasi. (3)Hasil peninjauan sebagaimana dimaksud pada ayat (2) digunakan untuk melakukan perbaikan dan peningkatan kinerja. (4)Perbaikan dan peningkatan kinerja sebagaimana dimaksud pada ayat (3) dapat dilaksanakan dalam hal: a.terjadi p erubahan peraturan pe rundang  undangan ; b.adanya t untutan dari pihak yang terkait dan pasar ; c.adanya p erubahan produk dan kegiatan perusahaan ; d.terjadi p erubahan struktur organisasi perusahaan ; e.adanya p erkembangan ilmu pengetahuan dan teknologi, termasuk epidem iologi; f.adanya hasil kajian kecelakaan di tempat kerja; g.adanya p elaporan ; dan/atau h.adanya masukan dari pekerja /buruh. BAB III : PENILAIAN SMK3"
PP No 50 Tahun 2012,3005012,BAB III: PENILAIAN SMK3,300501203,PASAL 16,300501203016,(1)Penilaian penerapan SMK3 dilakukan oleh lembaga audit independen yang ditunjuk oleh Menteri atas permohonan perusahaan. (2)Untuk perusahaan yang memiliki potensi bahaya tinggi wajib melakukan penilaian penerapan SMK3 sesuai dengan ketentuan peraturan perundang  undangan. (3)Penilaian sebagaimana dimaksud pada ayat ( 1) dilakukan melalui Audit SMK3 yang meliputi: a.pembangunan dan terjaminn ya pelaksanaan komitmen; b.pembuatan dan pendokumentasian rencana K3 ; c.pengendalian perancangan dan p eninjauan kontrak; d.pengendalian dokumen; e.pembelian dan pengendalian produk ; f.keamanan bekerja berdasarkan SMK3 ; g.standar pemantauan; h.pelaporan dan perbaikan ke kurangan; i.pengelolaan material dan pe rpindahannya ; j.pengumpulan dan penggunaan data; k.pemeriksaan SMK3 ;dan l.pengembangan keterampilan dan kemampuan. (4)Penilaian penerapan SMK3 sebagaimana dimaksud pada ayat ( 3) tertuang dalam pedoman yang tercantum dalam Lampi ran II sebagai bagian yang tidak terpisahkan dari Peraturan Pemerintah ini .
PP No 50 Tahun 2012,3005012,BAB III: PENILAIAN SMK3,300501200,PASAL 17,300501200017,"(1)Hasil audit sebagaimana dimaksud dalam Pasal 1 6dilaporkan kepada Menteri dengan tembusan disampaikan kepada menteri pembina sektor usaha, gubernur, dan bupati/walikota se bagai bahan pertimbangan dalam upaya peningkatan SMK3. (2)Bentuk laporan hasil audit sebagaimana dimaksud pada ayat (1) tertuang dalam pedoman yang tercantum dalam Lampiran III sebagai bagian yang tidak terpisahkan dari Peraturan Pemerintah ini. BAB IV : PENGAWASAN"
PP No 50 Tahun 2012,3005012,BAB IV: PENGAWASAN,300501204,PASAL 18,300501204018,"(1)Pengawasan SMK3 dilakukan oleh pengawas ketenagakerjaan pusat, provinsi dan/atau kabupaten/kota sesuai dengan kewenangannya. (2)Pengawasan sebagaimana dimaksud pada ayat (1) meliputi: a.pembangunan dan terjaminnya pelaksanaan komitmen; b.organi sasi; c.sumber daya manusia ; d.pelaksanaan peraturan perundang  undangan bidang K3 ; e.keamanan bekerja; f.pemeriksaan, pengujian dan pengukuran penerapan SMK3; g.pengendalian keadaan darurat dan bahaya industri ; h.pelaporan dan perbaikan kekurangan; dan i.tindak lanjut a udit."
PP No 50 Tahun 2012,3005012,BAB IV: PENGAWASAN,300501204,PASAL 19,300501204019,(1)Instansi pembina sektor usaha dapat melakukan pengawasan SMK3 terhadap pelaksanaan penerapan SMK3 yang dikembangkan sesuai dengan ketentuan peraturan perundang  undangan. (2)Pelaksanaan pengawasan sebagaimana dimaksud pada ayat (1) dilakukan sec ara terkoordinasi dengan pengawas ketenagakerjaan sesuai dengan ketentuan peraturan perundang  undangan.
PP No 50 Tahun 2012,3005012,BAB IV: PENGAWASAN,300501204,PASAL 20,300501204020,Hasil pengawasan sebagaimana dimaksud dalam Pasal 18 dan Pasal 19 digunakan sebagai dasar dalam melakukan pembinaan. BAB V : KETENTUAN PE RALIHAN
PP No 50 Tahun 2012,3005012,BAB V: KETENTUAN PE RALIHAN,300501205,PASAL 21,300501205021,"Pada saat Peraturan Pemerintah ini mulai berlaku, Perusahaan yang telah menerapkan SMK3, wajib menyesuaikan dengan ketentuan Peraturan Pemerintah ini paling lama 1 (satu) tahun. BAB VI : KETENTUAN PENUTUP"
PP No 50 Tahun 2012,3005012,BAB VI: KETENTUAN PENUTUP,300501206,PASAL 22,300501206022,Peraturan Pemerintah mulai berlaku pada tanggal diundangkan.
