judul,BAB,Pasal,Content
UU_No_13_Tahun_2003_cleaned.txt,BAB I: KETENTUAN UMUM,PASAL 1,"1 of 32 3/5/2010 1:19 AM ditjen Peraturan Perundang-undangan1. Ketenagakerjaan adalah segala hal yang berhubungan dengan tenaga kerja pada waktu sebelum, selama, dan sesudah masa kerja. 2. Tenaga kerja adalah setiap orang yang mampu melakukan pekerjaan guna menghasilkan barang dan/atau jasa baik untuk memenuhi kebutuhan sendiri maupun untuk masyarakat. 3. Pekerja/buruh adalah setiap orang yang bekerja dengan menerima upah atau imbalan dalam bentuk lain. 4. Pemberi kerja adalah orang perseorangan, pengusaha, badan hukum, atau badan-badan lainnya yang mempekerjakan tenaga kerja dengan membayar upah atau imbalan dalam bentuk lain. 5. Pengusaha adalah: a. orang perseorangan, persekutuan, atau badan hukum yang menjalankan suatu perusahaan milik sendiri; b. orang perseorangan, persekutuan, atau badan hukum yang secara berdiri sendiri menjalankan perusahaan bukan miliknya; c. orang perseorangan, persekutuan, atau badan hukum yang berada di Indonesia mewakili perusahaan sebagaimana dimaksud dalam huruf a dan b yang berkedudukan di luar wilayah Indonesia. 6. Perusahaan adalah: a. setiap bentuk usaha yang berbadan hukum atau tidak, milik orang perseorangan, milik persekutuan, atau milik badan hukum, baik milik swasta maupun milik negara yang mempekerjakan pekerja/buruh dengan membayar upah atau imbalan dalam bentuk lain; b. usaha-usaha sosial dan usaha-usaha lain yang mempunyai pengurus dan mempekerjakan orang lain dengan membayar upah atau imbalan dalam bentuk lain. 7. Perencanaan tenaga kerja adalah proses penyusunan rencana ketenagakerjaan secara sistematis yang dijadikan dasar dan acuan dalam penyusunan kebijakan, strategi, dan pelaksanaan program pembangunan ketenagakerjaan yang berkesinambungan. 8. Informasi ketenagakerjaan adalah gabungan, rangkaian, dan analisis data yang berbentuk angka yang telah diolah, naskah dan dokumen yang mempunyai arti, nilai dan makna tertentu mengenai ketenagakerjaan. 9. Pelatihan kerja adalah keseluruhan kegiatan untuk memberi, memperoleh, meningkatkan, serta mengembangkan kompetensi kerja, produktivitas, disiplin, sikap, dan etos kerja pada tingkat keterampilan dan keahlian tertentu sesuai dengan jenjang dan kualifikasi jabatan atau pekerjaan. 10. Kompetensi kerja adalah kemampuan kerja setiap individu yang mencakup aspek pengetahuan, keterampilan, dan sikap kerja yang sesuai dengan standar yang ditetapkan. 11. Pemagangan adalah bagian dari sistem pelatihan kerja yang diselenggarakan secara terpadu antara pelatihan di lembaga pelatihan dengan bekerja secara langsung di bawah bimbingan dan pengawasan instruktur atau pekerja/buruh yang lebih berpengalaman, dalam proses produksi barang dan/atau jasa di perusahaan, dalam rangka menguasai keterampilan atau keahlian tertentu. 12. Pelayanan penempatan tenaga kerja adalah kegiatan untuk mempertemukan tenaga kerja dengan pemberi kerja, sehingga tenaga kerja dapat memperoleh pekerjaan yang sesuai dengan bakat, minat, dan kemampuannya, dan pemberi kerja dapat memperoleh tenaga kerja yang sesuai dengan kebutuhannya. 13. Tenaga kerja asing adalah warga negara asing pemegang visa dengan maksud bekerja di wilayah Indonesia. 14. Perjanjian kerja adalah perjanjian antara pekerja/buruh dengan pengusaha atau pemberi kerja yang memuat syaratsyarat kerja, hak, dan kewajiban para pihak. 15. Hubungan kerja adalah hubungan antara pengusaha dengan pekerja/buruh berdasarkan perjanjian kerja, yang mempunyai unsur pekerjaan, upah, dan perintah. 16. Hubungan industrial adalah suatu sistem hubungan yang terbentuk antara para pelaku dalam proses produksi barang dan/atau jasa yang terdiri dari unsur pengusaha, pekerja/buruh, dan pemerintah yang didasarkan pada nilainilai Pancasila dan Undang-Undang Dasar Negara Republik Indonesia Tahun 1945. 17. Serikat pekerja/serikat buruh adalah organisasi yang dibentuk dari, oleh, dan untuk pekerja/buruh baik di perusahaan maupun di luar perusahaan, yang bersifat bebas, terbuka, mandiri, demokratis, dan bertanggung jawab guna memperjuangkan, membela serta melindungi hak dan kepentingan pekerja/buruh serta meningkatkan kesejahteraan pekerja/buruh dan keluarganya. 18. Lembaga kerja sama bipartit adalah forum komunikasi dan konsultasi mengenai hal-hal yang berkaitan dengan hubungan industrial di satu perusahaan yang anggotanya terdiri dari pengusaha dan serikat pekerja/serikat buruh yang sudah tercatat instansi yang bertanggung jawab di bidang ketenagakerjaan atau unsur pekerja/buruh. 19. Lembaga kerja sama tripartit adalah forum komunikasi, konsultasi dan musyawarah tentang masalah ketenagakerjaan yang anggotanya terdiri dari unsur organisasi pengusaha, serikat pekerja/serikat buruh, dan pemerintah. 20. Peraturan perusahaan adalah peraturan yang dibuat secara tertulis oleh pengusaha yang memuat syaratsyarat kerja dan tata tertib perusahaan. 21 Perjanjian kerja bersama adalah perjanjian yang merupakan hasil perundingan antara serikat pekerja/serikat buruh atau beberapa serikat pekerja/serikat buruh yang tercatat pada instansi yang bertanggung jawab di bidang ketenagakerjaan dengan pengusaha, atau beberapa pengusaha atau perkumpulan pengusaha yang memuat syaratsyarat kerja, hak dan kewajiban kedua belah pihak. 22. Perselisihan hubungan industrial adalah perbedaan pendapat yang mengakibatkan pertentangan antara pengusaha atau gabungan pengusaha dengan pekerja/buruh atau serikat pekerja/serikat buruh karena adanya perselisihan ditjen Peraturan Perundang-undanganpekerja/serikat buruh hanya dalam satu perusahaan. 23. Mogok kerja adalah tindakan pekerja/buruh yang direncanakan dan dilaksanakan secara bersama-sama dan/atau oleh serikat pekerja/serikat buruh untuk menghentikan atau memperlambat pekerjaan. 24. Penutupan perusahaan (lock out) adalah tindakan pengusaha untuk menolak pekerja/buruh seluruhnya atau sebagian untuk menjalankan pekerjaan. 25. Pemutusan hubungan kerja adalah pengakhiran hubungan kerja karena suatu hal tertentu yang mengakibatkan berakhirnya hak dan kewajiban antara pekerja/buruh dan pengusaha. 26. Anak adalah setiap orang yang berumur dibawah 18 (delapan belas) tahun. 27. Siang hari adalah waktu antara pukul 06.00 sampai dengan pukul 18.00. 28. 1 (satu) hari adalah waktu selama 24 (dua puluh empat) jam. 29. Seminggu adalah waktu selama 7 (tujuh) hari. 30. Upah adalah hak pekerja/buruh yang diterima dan dinyatakan dalam bentuk uang sebagai imbalan dari pengusaha atau pemberi kerja kepada pekerja/buruh yang ditetapkan dan dibayarkanmenurut suatu perjanjian kerja, kesepakatan, atau peraturan perundang-undangan, termasuk tunjangan bagi pekerja/buruh dan keluarganya atas suatu pekerjaan dan/atau jasa yang telah atau akan dilakukan. 31. Kesejahteraan pekerja/buruh adalah suatu pemenuhan kebutuhan dan/atau keperluan yang bersifat jasmaniah dan rohaniah, baik di dalam maupun di luar hubungan kerja, yang secara langsung atau tidak langsung dapat mempertinggi produktivitas kerja dalam lingkungan kerja yang aman dan sehat. 32. Pengawasan ketenagakerjaan adalah kegiatan mengawasi dan menegakkan pelaksanaan peraturan perundang- undangan di bidang ketenagakerjaan. 33. Menteri adalah menteri yang bertanggung jawab di bidang ketenagakerjaan. BAB II : LANDASAN, ASAS, DAN TUJUAN"
UU_No_13_Tahun_2003_cleaned.txt,"BAB II: LANDASAN, ASAS, DAN TUJUAN",PASAL 2,Pembangunan ketenagakerjaan berlandaskan Pancasila dan Undang-Undang Dasar Negara Republik Indonesia Tahun 1945.
UU_No_13_Tahun_2003_cleaned.txt,"BAB II: LANDASAN, ASAS, DAN TUJUAN",PASAL 3,Pembangunan ketenagakerjaan diselenggarakan atas asas keterpaduan dengan melalui koordinasi fungsional lintas sektoral pusat dan daerah.
UU_No_13_Tahun_2003_cleaned.txt,"BAB II: LANDASAN, ASAS, DAN TUJUAN",PASAL 4,Pembangunan ketenagakerjaan bertujuan: a. memberdayakan dan mendayagunakan tenaga kerja secara optimal dan manusiawi; b. mewujudkan pemerataan kesempatan kerja dan penyediaan tenaga kerja yang sesuai dengan kebutuhan pembangunan nasional dan daerah; c. memberikan perlindungan kepada tenaga kerja dalam mewujudkan kesejahteraan; dan d. meningkatkan kesejahteraan tenaga kerja dan keluarganya. BAB III : KESEMPATAN DAN PERLAKUAN YANG SAMA
UU_No_13_Tahun_2003_cleaned.txt,BAB III: KESEMPATAN DAN PERLAKUAN YANG SAMA,PASAL 5,Setiap tenaga kerja memiliki kesempatan yang sama tanpa diskriminasi untuk memperoleh pekerjaan.
UU_No_13_Tahun_2003_cleaned.txt,BAB III: KESEMPATAN DAN PERLAKUAN YANG SAMA,PASAL 6,Setiap pekerja/buruh berhak memperoleh perlakuan yang sama tanpa diskriminasi dari pengusaha. BAB IV : PERENCANAAN TENAGA KERJA DAN INFORMASI KETENAGAKERJAAN
UU_No_13_Tahun_2003_cleaned.txt,BAB IV: PERENCANAAN TENAGA KERJA DAN,PASAL 7,"(1) Dalam rangka pembangunan ketenagakerjaan, pemerintah menetapkan kebijakan dan menyusun perencanaan tenaga kerja. (2) Perencanaan tenaga kerja meliputi: a. perencanaan tenaga kerja makro; dan b. perencanaan tenaga kerja mikro. (3) Dalam penyusunan kebijakan, strategi, dan pelaksanaan program pembangunan ketenagakerjaan yang berkesinambungan, pemerintah harus berpedoman pada perencanaan tenaga kerja sebagaimana dimaksud dalam ayat ditjen Peratura"
UU_No_13_Tahun_2003_cleaned.txt,BAB IV: PERENCANAAN TENAGA KERJA DAN,PASAL 8,"n Perundang-undanganPasal 8 (1) Perencanaan tenaga kerja disusun atas dasar informasi ketenagakerjaan yang antara lain meliputi: a. penduduk dan tenaga kerja; b. kesempatan kerja; c. pelatihan kerja termasuk kompetensi kerja; d. produktivitas tenaga kerja; e. hubungan industrial; f. kondisi lingkungan kerja; g. pengupahan dan kesejahteraan tenaga kerja; dan h. jaminan sosial tenaga kerja. (2) Informasi ketenagakerjaan sebagaimana dimaksud dalam ayat (1), diperoleh dari semua pihak yang terkait, baik instansi pemerintah maupun swasta. (3) Ketentuan mengenai tata cara memperoleh informasi ketenagakerjaan dan penyusunan serta pelaksanaan perencanaan tenaga kerja sebagaimana dimaksud dalam ayat (1) diatur dengan Peraturan Pemerintah. BAB V : PELATIHAN KERJA"
UU_No_13_Tahun_2003_cleaned.txt,BAB V: PELATIHAN KERJA,PASAL 9,"Pelatihan kerja diselenggarakan dan diarahkan untuk membekali, meningkatkan, dan mengembangkan kompetensi kerja guna meningkatkan kemampuan, produktivitas, dan kesejahteraan."
UU_No_13_Tahun_2003_cleaned.txt,BAB V: PELATIHAN KERJA,PASAL 10,"(1) Pelatihan kerja dilaksanakan dengan memperhatikan kebutuhan pasar kerja dan dunia usaha, baik di dalam maupun di luar hubungan kerja. (2) Pelatihan kerja diselenggarakan berdasarkan program pelatihan yang mengacu pada standar kompetensi kerja. (3) Pelatihan kerja dapat dilakukan secara berjenjang. (4) Ketentuan mengenai tata cara penetapan standar kompetensi kerja sebagaimana dimaksud dalam ayat (2) diatur dengan Keputusan Menteri."
UU_No_13_Tahun_2003_cleaned.txt,BAB V: PELATIHAN KERJA,PASAL 11,"Setiap tenaga kerja berhak untuk memperoleh dan/atau meningkatkan dan/atau mengembangkan kompetensi kerja sesuai dengan bakat, minat, dan kemampuannya melalui pelatihan kerja."
UU_No_13_Tahun_2003_cleaned.txt,BAB V: PELATIHAN KERJA,PASAL 12,(1) Pengusaha bertanggung jawab atas peningkatan dan/atau pengembangan kompetensi pekerjanya melalui pelatihan kerja. (2) Peningkatan dan/atau pengembangan kompetensi sebagaimana dimaksud dalam ayat (1) diwajibkan bagi pengusaha yang memenuhi persyaratan yang diatur dengan Keputusan Menteri. (3) Setiap pekerja/buruh memiliki kesempatan yang sama untuk mengikuti pelatihan kerja sesuai dengan bidang tugasnya.
UU_No_13_Tahun_2003_cleaned.txt,BAB V: PELATIHAN KERJA,PASAL 13,(1) Pelatihan kerja diselenggarakan oleh lembaga pelatihan kerja pemerintah dan/atau lembaga pelatihan kerja swasta. (2) Pelatihan kerja dapat diselenggarakan di tempat pelatihan atau tempat kerja. (3) Lembaga pelatihan kerja pemerintah sebagaimana dimaksud dalam ayat (1) dalam menyelenggarakan pelatihan kerja dapat bekerja sama dengan swasta.
UU_No_13_Tahun_2003_cleaned.txt,BAB V: PELATIHAN KERJA,PASAL 14,(1) Lembaga pelatihan kerja swasta dapat berbentuk badan hukum Indonesia atau perorangan. (2) Lembaga pelatihan kerja swasta sebagaimana dimaksud dalam ayat (1) wajib memperoleh izin atau mendaftar ke instansi yang bertanggung jawab di bidang ketenagakerjaan di kabupaten/kota. (3) Lembaga pelatihan kerja yang diselenggarakan oleh instansi pemerintah mendaftarkan kegiatannya kepada instansi yang bertanggung jawab di bidang ketenagakerjaan di kabupaten/kota. (4) Ketentuan mengenai tata cara perizinan dan pendaftaran lembaga pelatihan kerja sebagaimana dimaksud dalam ayat (2) dan ayat (3) diatur dengan Keputusan Menteri.
UU_No_13_Tahun_2003_cleaned.txt,BAB V: PELATIHAN KERJA,PASAL 15,Penyelenggara pelatihan kerja wajib memenuhi persyaratan: a. tersedianya tenaga kepelatihan; ditjen Peraturan Perundang-undanganc. tersedianya sarana dan prasarana pelatihan kerja; dan d. tersedianya dana bagi kelangsungan kegiatan penyelenggaraan pelatihan kerja.
UU_No_13_Tahun_2003_cleaned.txt,BAB V: PELATIHAN KERJA,PASAL 16,(1) Lembaga pelatihan kerja swasta yang telah memperoleh izin dan lembaga pelatihan kerja pemerintah yang telah terdaftar dapat memperoleh akreditasi dari lembaga akreditasi. (2) Lembaga akreditasi sebagaimana dimaksud dalam ayat (1) bersifat independen terdiri atas unsur masyarakat dan pemerintah ditetapkan dengan Keputusan Menteri. (3) Organisasi dan tata kerja lembaga akreditasi sebagaimana dimaksud dalam ayat (2) diatur dengan Keputusan Menteri.
UU_No_13_Tahun_2003_cleaned.txt,BAB V: PELATIHAN KERJA,PASAL 17,"(1) Instansi yang bertanggung jawab di bidang ketenagakerjaan di kabupaten/kota dapat menghentikan sementara pelaksanaan penyelenggaraan pelatihan kerja, apabila dalam pelaksanaannya ternyata: a. tidak sesuai dengan arah pelatihan kerja sebagaimana dimaksud dalam Pasal 9; dan/atau b. tidak memenuhi persyaratan sebagaimana dimaksud dalam Pasal 15. (2) Penghentian sementara pelaksanaan penyelenggaraan pelatihan kerja sebagaimana dimaksud dalam ayat (1), disertai alasan dan saran perbaikan dan berlaku paling lama 6 (enam) bulan. (3) Penghentian sementara pelaksanaan penyelenggaraan pelatihan kerja hanya dikenakan terhadap program pelatihan yang tidak memenuhi syarat sebagaimana dimaksud dalam Pasal 9 dan Pasal 15. (4) Bagi penyelenggara pelatihan kerja dalam waktu 6 (enam) bulan tidak memenuhi dan melengkapi saran perbaikan sebagaimana dimaksud dalam ayat (2) dikenakan sanksi penghentian program pelatihan. (5) Penyelenggara pelatihan kerja yang tidak menaati dan tetap melaksanakan program pelatihan kerja yang telah dihentikan sebagaimana dimaksud dalam ayat (4) dikenakan sanksi pencabutan izin dan pembatalan pendaftaran penyelenggara pelatihan. (6) Ketentuan mengenai tata cara penghentian sementara, penghentian, pencabutan izin, dan pembatalan pendaftaran diatur dengan Keputusan Menteri."
UU_No_13_Tahun_2003_cleaned.txt,BAB V: PELATIHAN KERJA,PASAL 18,"(1) Tenaga kerja berhak memperoleh pengakuan kompetensi kerja setelah mengikuti pelatihan kerja yang diselenggarakan lembaga pelatihan kerja pemerintah, lembaga pelatihan kerja swasta, atau pelatihan di tempat kerja. (2) Pengakuan kompetensi kerja sebagaimana dimaksud dalam ayat (1) dilakukan melalui sertifikasi kompetensi kerja. (3) Sertifikasi kompetensi kerja sebagaimana dimaksud dalam ayat (2) dapat pula diikuti oleh tenaga kerja yang telah berpengalaman. (4) Untuk melaksanakan sertifikasi kompetensi kerja dibentuk badan nasional sertifikasi profesi yang independen. (5) Pembentukan badan nasional sertifikasi profesi yang independen sebagaimana dimaksud dalam ayat (4) diatur dengan Peraturan Pemerintah."
UU_No_13_Tahun_2003_cleaned.txt,BAB V: PELATIHAN KERJA,PASAL 19,"Pelatihan kerja bagi tenaga kerja penyandang cacat dilaksanakan dengan memperhatikan jenis, derajat kecacatan, dan kemampuan tenaga kerja penyandang cacat yang bersangkutan."
UU_No_13_Tahun_2003_cleaned.txt,BAB V: PELATIHAN KERJA,PASAL 20,"(1) Untuk mendukung peningkatan pelatihan kerja dalam rangka pembangunan ketenagakerjaan, dikembangkan satu sistem pelatihan kerja nasional yang merupakan acuan pelaksanaan pelatihan kerja di semua bidang dan/atau sektor. (2) Ketentuan mengenai bentuk, mekanisme, dan kelembagaan sistem pelatihan kerja nasional sebagaimana dimaksud dalam ayat (1) diatur dengan Peraturan Pemerintah."
UU_No_13_Tahun_2003_cleaned.txt,BAB V: PELATIHAN KERJA,PASAL 21,Pelatihan kerja dapat diselenggarakan dengan sistem pemagangan.
UU_No_13_Tahun_2003_cleaned.txt,BAB V: PELATIHAN KERJA,PASAL 22,"(1) Pemagangan dilaksanakan atas dasar perjanjian pemagangan antara peserta dengan pengusaha yang dibuat secara tertulis. (2) Perjanjian pemagangan sebagaimana dimaksud dalam ayat (1), sekurang-kurangnya memuat ketentuan hak dan kewajiban peserta dan pengusaha serta jangka waktu pemagangan. (3) Pemagangan yang diselenggarakan tidak melalui perjanjian pemagangan sebagaimana dimaksud dalam ayat (1), dianggap tidak sah dan status peserta berubah menjadi pekerja/buruh perusahaan yang bersangkutan"
UU_No_13_Tahun_2003_cleaned.txt,BAB V: PELATIHAN KERJA,PASAL 23,Tenaga kerja yang telah mengikuti program pemagangan berhak atas pengakuan kualifikasi kompetensi kerja dari ditjen Peratura
UU_No_13_Tahun_2003_cleaned.txt,BAB V: PELATIHAN KERJA,PASAL 24,"n Perundang-undanganPasal 24 Pemagangan dapat dilaksanakan di perusahaan sendiri atau di tempat penyelenggaraan pelatihan kerja, atau perusahaan lain, baik di dalam maupun di luar wilayah Indonesia."
UU_No_13_Tahun_2003_cleaned.txt,BAB V: PELATIHAN KERJA,PASAL 25,"(1) Pemagangan yang dilakukan di luar wilayah Indonesia wajib mendapat izin dari Menteri atau pejabat yang ditunjuk. (2) Untuk memperoleh izin sebagaimana dimaksud dalam ayat (1), penyelenggara pemagangan harus berbentuk badan hukum Indonesia sesuai dengan peraturan perundang-undangan yang berlaku. (3) Ketentuan mengenai tata cara perizinan pemagangan di luar wilayah Indonesia sebagaimana dimaksud dalam ayat (1) dan ayat (2), diatur dengan Keputusan Menteri."
UU_No_13_Tahun_2003_cleaned.txt,BAB V: PELATIHAN KERJA,PASAL 26,"(1) Penyelenggaraan pemagangan di luar wilayah Indonesia harus mem-perhatikan: a. harkat dan martabat bangsa Indonesia; b. penguasaan kompetensi yang lebih tinggi; dan c. perlindungan dan kesejahteraan peserta pemagangan, termasuk melaksanakan ibadahnya. (2) Menteri atau pejabat yang ditunjuk dapat menghentikan pelaksanaan pemagangan di luar wilayah Indonesia apabila di dalam pelaksanaannya ternyata tidak sesuai dengan ketentuan sebagaimana dimaksud dalam ayat (1)."
UU_No_13_Tahun_2003_cleaned.txt,BAB V: PELATIHAN KERJA,PASAL 27,"(1) Menteri dapat mewajibkan kepada perusahaan yang memenuhi persyaratan untuk melaksanakan program pemagangan. (2) Dalam menetapkan persyaratan sebagaimana dimaksud dalam ayat (1), Menteri harus memperhatikan kepentingan perusahaan, masyarakat, dan negara."
UU_No_13_Tahun_2003_cleaned.txt,BAB V: PELATIHAN KERJA,PASAL 28,"(1) Untuk memberikan saran dan pertimbangan dalam penetapan kebijakan serta melakukan koordinasi pelatihan kerja dan pemagangan dibentuk lembaga koordinasi pelatihan kerja nasional. (2) Pembentukan, keanggotaan, dan tata kerja lembaga koordinasi pelatihan kerja sebagaimana dimaksud dalam ayat (1), diatur dengan Keputusan Presiden."
UU_No_13_Tahun_2003_cleaned.txt,BAB V: PELATIHAN KERJA,PASAL 29,"(1) Pemerintah Pusat dan/atau Pemerintah Daerah melakukan pembinaan pelatihan kerja dan pemagangan. (2) Pembinaan pelatihan kerja dan pemagangan ditujukan ke arah peningkatan relevansi, kualitas, dan efisiensi penyelenggaraan pelatihan kerja dan produktivitas. (3) Peningkatan produktivitas sebagaimana dimaksud dalam ayat (2), dilakukan melalui pengembangan budaya produktif, etos kerja, teknologi, dan efisiensi kegiatan ekonomi, menuju terwujudnya produktivitas nasional."
UU_No_13_Tahun_2003_cleaned.txt,BAB V: PELATIHAN KERJA,PASAL 30,"(1) Untuk meningkatkan produktivitas sebagaimana dimaksud dalam Pasal 29 ayat (2) dibentuk lembaga produktivitas yang bersifat nasional. (2) Lembaga produktivitas sebagaimana dimaksud dalam ayat (1) berbentuk jejaring kelembagaan pelayanan peningkatan produktivitas, yang bersifat lintas sektor maupun daerah. (3) Pembentukan, keanggotaan, dan tata kerja lembaga produktivitas nasional sebagaimana dimaksud dalam ayat (1), diatur dengan Keputusan Presiden. BAB VI : PENEMPATAN TENAGA KERJA"
UU_No_13_Tahun_2003_cleaned.txt,BAB VI: PENEMPATAN TENAGA KERJA,PASAL 31,"Setiap tenaga kerja mempunyai hak dan kesempatan yang sama untuk memilih, mendapatkan, atau pindah pekerjaan dan memperoleh penghasilan yang layak di dalam atau di luar negeri."
UU_No_13_Tahun_2003_cleaned.txt,BAB VI: PENEMPATAN TENAGA KERJA,PASAL 32,"(1) Penempatan tenaga kerja dilaksanakan berdasarkan asas terbuka, bebas, obyektif, serta adil, dan setara tanpa diskriminasi. (2) Penempatan tenaga kerja diarahkan untuk menempatkan tenaga kerja pada jabatan yang tepat sesuai dengan keahlian, keterampilan, bakat, minat, dan kemampuan dengan memperhatikan harkat, martabat, hak asasi, dan perlindungan hukum. (3) Penempatan tenaga kerja dilaksanakan dengan memperhatikan pemerataan kesempatan kerja dan penyediaan tenaga kerja sesuai dengan kebutuhan program nasional dan daerah. ditjen Peraturan Perundang-undanganPenempatan tenaga kerja terdiri dari: a. penempatan tenaga kerja di dalam negeri; dan b. penempatan tenaga kerja di luar negeri."
UU_No_13_Tahun_2003_cleaned.txt,BAB VI: PENEMPATAN TENAGA KERJA,PASAL 34,Ketentuan mengenai penempatan tenaga kerja di luar negeri sebagaimana dimaksud dalam Pasal 33 huruf b diatur dengan undang-undang.
UU_No_13_Tahun_2003_cleaned.txt,BAB VI: PENEMPATAN TENAGA KERJA,PASAL 35,"(1) Pemberi kerja yang memerlukan tenaga kerja dapat merekrut sendiri tenaga kerja yang dibutuhkan atau melalui pelaksana penempatan tenaga kerja. (2) Pelaksana penempatan tenaga kerja sebagaimana dimaksud dalam ayat (1) wajib memberikan perlindungan sejak rekrutmen sampai penempatan tenaga kerja (3) Pemberi kerja sebagaimana dimaksud dalam ayat (1) dalam mempekerjakan tenaga kerja wajib memberikan perlindungan yang mencakup kesejahteraan, keselamatan, dan kesehatan baik mental maupun fisik tenaga kerja."
UU_No_13_Tahun_2003_cleaned.txt,BAB VI: PENEMPATAN TENAGA KERJA,PASAL 36,(1) Penempatan tenaga kerja oleh pelaksana sebagaimana dimaksud dalam Pasal 35 ayat (1) dilakukan dengan memberikan pelayanan penempatan tenaga kerja. (2) Pelayanan penempatan tenaga kerja sebagaimana dimaksud dalam ayat (1) bersifat terpadu dalam satu sistem penempatan tenaga kerja yang meliputi unsur-unsur: a. pencari kerja; b. lowongan pekerjaan; c. informasi pasar kerja; d. mekanisme antar kerja; dan e. kelembagaan penempatan tenaga kerja. (3) Unsur-unsur sistem penempatan tenaga kerja sebagaimana dimaksud dalam ayat (2) dapat dilaksanakan secara terpisah yang ditujukan untuk terwujudnya penempatan tenaga kerja.
UU_No_13_Tahun_2003_cleaned.txt,BAB VI: PENEMPATAN TENAGA KERJA,PASAL 37,(1) Pelaksana penempatan tenaga kerja sebagaimana dimaksud dalam Pasal 35 ayat (1) terdiri dari: a. instansi pemerintah yang bertanggung jawab di bidang ketenagakerjaan; dan b. lembaga swasta berbadan hukum. (2) Lembaga penempatan tenaga kerja swasta sebagaimana dimaksud dalam ayat (1) huruf b dalam melaksanakan pelayanan penempatan tenaga kerja wajib memiliki izin tertulis dari Menteri atau pejabat yang ditunjuk.
UU_No_13_Tahun_2003_cleaned.txt,BAB VI: PENEMPATAN TENAGA KERJA,PASAL 38,"(1) Pelaksana penempatan tenaga kerja sebagaimana dimaksud dalam Pasal 37 ayat (1) huruf a, dilarang memungut biaya penempatan, baik langsung maupun tidak langsung, sebagian atau keseluruhan kepada tenaga kerja dan pengguna tenaga kerja. (2) Lembaga penempatan tenaga kerja swasta sebagaimana dimaksud dalam Pasal 37 ayat (1) huruf b, hanya dapat memungut biaya penempatan tenaga kerja dari pengguna tenaga kerja dan dari tenaga kerja golongan dan jabatan tertentu. (3) Golongan dan jabatan sebagaimana dimaksud dalam ayat (2) ditetapkan dengan Keputusan Menteri. BAB VII : PERLUASAN KESEMPATAN KERJA"
UU_No_13_Tahun_2003_cleaned.txt,BAB VII: PERLUASAN KESEMPATAN KERJA,PASAL 39,"(1) Pemerintah bertanggung jawab mengupayakan perluasan kesempatan kerja baik di dalam maupun di luar hubungan kerja. (2) Pemerintah dan masyarakat bersama-sama mengupayakan perluasan kesempatan kerja baik di dalam maupun di luar hubungan kerja. (3) Semua kebijakan pemerintah baik pusat maupun daerah di setiap sektor diarahkan untuk mewujudkan perluasan kesempatan kerja baik di dalam maupun di luar hubungan kerja. (4) Lembaga keuangan baik perbankan maupun non perbankan, dan dunia usaha perlu membantu dan memberikan kemudahan bagi setiap kegiatan masyarakat yang dapat menciptakan atau mengembangkan perluasan kesempatan kerja."
UU_No_13_Tahun_2003_cleaned.txt,BAB VII: PERLUASAN KESEMPATAN KERJA,PASAL 40,"(1) Perluasan kesempatan kerja di luar hubungan kerja dilakukan melalui penciptaan kegiatan yang produktif dan ditjen Peraturan Perundang-undangan(2) Penciptaan perluasan kesempatan kerja sebagaimana dimaksud dalam ayat (1) dilakukan dengan pola pembentukan dan pembinaan tenaga kerja mandiri, penerapan sistem padat karya, penerapan teknologi tepat guna, dan pendayagunaan tenaga kerja sukarela atau pola lain yang dapat mendorong terciptanya perluasan kesempatan kerja."
UU_No_13_Tahun_2003_cleaned.txt,BAB VII: PERLUASAN KESEMPATAN KERJA,PASAL 41,"(1) Pemerintah menetapkan kebijakan ketenagakerjaan dan perluasan kesempatan kerja. (2) Pemerintah dan masyarakat bersama-sama mengawasi pelaksanaan kebijakan sebagaimana dimaksud dalam ayat (1). (3) Dalam melaksanakan tugas sebagaimana dimaksud dalam ayat (2) dapat dibentuk badan koordinasi yang beranggotakan unsur pemerintah dan unsur masyarakat. (4) Ketentuan mengenai perluasan kesempatan kerja, dan pembentukan badan koordinasi sebagaimana dimaksud dalam Pasal 39, Pasal 40, dan ayat (3) dalam pasal ini diatur dengan Peraturan Pemerintah. BAB VIII : PENGGUNAAN TENAGA KERJA ASING"
UU_No_13_Tahun_2003_cleaned.txt,BAB VIII: PENGGUNAAN TENAGA KERJA ASING,PASAL 42,"(1) Setiap pemberi kerja yang mempekerjakan tenaga kerja asing wajib memiliki izin tertulis dari Menteri atau pejabat yang ditunjuk. (2) Pemberi kerja orang perseorangan dilarang mempekerjakan tenaga kerja asing. (3) Kewajiban memiliki izin sebagaimana dimaksud dalam ayat (1), tidak berlaku bagi perwakilan negara asing yang mempergunakan tenaga kerja asing sebagai pegawai diplomatik dan konsuler. (4) Tenaga kerja asing dapat dipekerjakan di Indonesia hanya dalam hubungan kerja untuk jabatan tertentu dan waktu tertentu. (5) Ketentuan mengenai jabatan tertentu dan waktu tertentu sebagaimana dimaksud dalam ayat (4) ditetapkan dengan Keputusan Menteri. (6) Tenaga kerja asing sebagaimana dimaksud dalam ayat (4) yang masa kerjanya habis dan tidak dapat diperpanjang dapat digantikan oleh tenaga kerja asing lainnya."
UU_No_13_Tahun_2003_cleaned.txt,BAB VIII: PENGGUNAAN TENAGA KERJA ASING,PASAL 43,"(1) Pemberi kerja yang menggunakan tenaga kerja asing harus memiliki rencana penggunaan tenaga kerja asing yang disahkan oleh Menteri atau pejabat yang ditunjuk. (2) Rencana penggunaan tenaga kerja asing sebagaimana dimaksud dalam ayat (1) sekurang-kurangnya memuat keterangan: a. alasan penggunaan tenaga kerja asing; b. jabatan dan/atau kedudukan tenaga kerja asing dalam struktur organisasi perusahaan yang bersangkutan; c. jangka waktu penggunaan tenaga kerja asing; dan d. penunjukan tenaga kerja warga negara Indonesia sebagai pendamping tenaga kerja asing yang dipekerjakan. (3) Ketentuan sebagaimana dimaksud dalam ayat (1) tidak berlaku bagi instansi pemerintah, badan-badan internasional dan perwakilan negara asing. (4) Ketentuan mengenai tata cara pengesahan rencana penggunaan tenaga kerja asing diatur dengan Keputusan Menteri."
UU_No_13_Tahun_2003_cleaned.txt,BAB VIII: PENGGUNAAN TENAGA KERJA ASING,PASAL 44,(1) Pemberi kerja tenaga kerja asing wajib menaati ketentuan mengenai jabatan dan standar kompetensi yang berlaku. (2) Ketentuan mengenai jabatan dan standar kompetensi sebagaimana dimaksud dalam ayat (1) diatur dengan Keputusan Menteri.
UU_No_13_Tahun_2003_cleaned.txt,BAB VIII: PENGGUNAAN TENAGA KERJA ASING,PASAL 45,(1) Pemberi kerja tenaga kerja asing wajib: a. menunjuk tenaga kerja warga negara Indonesia sebagai tenaga pendamping tenaga kerja asing yang dipekerjakan untuk alih teknologi dan alih keahlian dari tenaga kerja asing; dan b. melaksanakan pendidikan dan pelatihan kerja bagi tenaga kerja Indonesia sebagaimana dimaksud pada huruf a yang sesuai dengan kualifikasi jabatan yang diduduki oleh tenaga kerja asing. (2) Ketentuan sebagaimana dimaksud dalam ayat (1) tidak berlaku bagi tenaga kerja asing yang menduduki jabatan direksi dan/atau komisaris.
UU_No_13_Tahun_2003_cleaned.txt,BAB VIII: PENGGUNAAN TENAGA KERJA ASING,PASAL 46,(1) Tenaga kerja asing dilarang menduduki jabatan yang mengurusi personalia dan/atau jabatan-jabatan tertentu. (2) Jabatan-jabatan tertentu sebagaimana dimaksud dalam ayat (1) diatur dengan Keputusan Menteri
UU_No_13_Tahun_2003_cleaned.txt,BAB VIII: PENGGUNAAN TENAGA KERJA ASING,PASAL 47,"(1) Pemberi kerja wajib membayar kompensasi atas setiap tenaga kerja asing yang dipekerjakannya. ditjen Peraturan Perundang-undanganperwakilan negara asing, badan-badan internasional, lembaga sosial, lembaga keagamaan, dan jabatan-jabatan tertentu di lembaga pendidikan. (3) Ketentuan mengenai jabatan-jabatan tertentu di lembaga pendidikan sebagaimana dimaksud dalam ayat (2) diatur dengan Keputusan Menteri. (4) Ketentuan mengenai besarnya kompensasi dan penggunaannya diatur dengan Peraturan Pemerintah."
UU_No_13_Tahun_2003_cleaned.txt,BAB VIII: PENGGUNAAN TENAGA KERJA ASING,PASAL 48,Pemberi kerja yang mempekerjakan tenaga kerja asing wajib memulangkan tenaga kerja asing ke negara asalnya setelah hubungan kerjanya berakhir.
UU_No_13_Tahun_2003_cleaned.txt,BAB VIII: PENGGUNAAN TENAGA KERJA ASING,PASAL 49,Ketentuan mengenai penggunaan tenaga kerja asing serta pelaksanaan pendidikan dan pelatihan tenaga kerja pendamping diatur dengan Keputusan Presiden. BAB IX : HUBUNGAN KERJA
UU_No_13_Tahun_2003_cleaned.txt,BAB IX: HUBUNGAN KERJA,PASAL 50,Hubungan kerja terjadi karena adanya perjanjian kerja antara pengusaha dan pekerja/buruh.
UU_No_13_Tahun_2003_cleaned.txt,BAB IX: HUBUNGAN KERJA,PASAL 51,(1) Perjanjian kerja dibuat secara tertulis atau lisan. (2) Perjanjian kerja yang dipersyaratkan secara tertulis dilaksanakan sesuai dengan peraturan perundang-undangan yang berlaku.
UU_No_13_Tahun_2003_cleaned.txt,BAB IX: HUBUNGAN KERJA,PASAL 52,"(1) Perjanjian kerja dibuat atas dasar: a. kesepakatan kedua belah pihak; b. kemampuan atau kecakapan melakukan perbuatan hukum; c. adanya pekerjaan yang diperjanjikan; dan d. pekerjaan yang diperjanjikan tidak bertentangan dengan ketertiban umum, kesusilaan, dan peraturan perundang- undangan yang berlaku. (2) Perjanjian kerja yang dibuat oleh para pihak yang bertentangan dengan ketentuan sebagaimana dimaksud dalam ayat (1) huruf a dan b dapat dibatalkan. (3) Perjanjian kerja yang dibuat oleh para pihak yang bertentangan dengan ketentuan sebagaimana dimaksud dalam ayat (1) huruf c dan d batal demi hukum."
UU_No_13_Tahun_2003_cleaned.txt,BAB IX: HUBUNGAN KERJA,PASAL 53,Segala hal dan/atau biaya yang diperlukan bagi pelaksanaan pembuatan perjanjian kerja dilaksanakan oleh dan menjadi tanggung jawab pengusaha.
UU_No_13_Tahun_2003_cleaned.txt,BAB IX: HUBUNGAN KERJA,PASAL 54,"(1) Perjanjian kerja yang dibuat secara tertulis sekurangkurangnya memuat: a. nama, alamat perusahaan, dan jenis usaha; b. nama, jenis kelamin, umur, dan alamat pekerja/buruh; c. jabatan atau jenis pekerjaan; d. tempat pekerjaan; e. besarnya upah dan cara pembayarannya; f. syaratsyarat kerja yang memuat hak dan kewajiban pengusaha dan pekerja/buruh; g. mulai dan jangka waktu berlakunya perjanjian kerja; h. tempat dan tanggal perjanjian kerja dibuat; dan i. tanda tangan para pihak dalam perjanjian kerja. (2) Ketentuan dalam perjanjian kerja sebagaimana dimaksud dalam ayat (1) huruf e dan f, tidak boleh bertentangan dengan peraturan perusahaan, perjanjian kerja bersama, dan peraturan perundang-undangan yang berlaku. (3) Perjanjian kerja sebagaimana dimaksud dalam ayat (1) dibuat sekurangkurangnya rangkap 2 (dua), yang mempunyai kekuatan hukum yang sama, serta pekerja/buruh dan pengusaha masingmasing mendapat 1 (satu) perjanjian kerja."
UU_No_13_Tahun_2003_cleaned.txt,BAB IX: HUBUNGAN KERJA,PASAL 55,"Perjanjian kerja tidak dapat ditarik kembali dan/atau diubah, kecuali atas persetujuan para pihak."
UU_No_13_Tahun_2003_cleaned.txt,BAB IX: HUBUNGAN KERJA,PASAL 56,ditjen Peraturan Perundang-undangan(2) Perjanjian kerja untuk waktu tertentu sebagaimana dimaksud dalam ayat (1) didasarkan atas: a. jangka waktu; atau b. selesainya suatu pekerjaan tertentu.
UU_No_13_Tahun_2003_cleaned.txt,BAB IX: HUBUNGAN KERJA,PASAL 57,"(1) Perjanjian kerja untuk waktu tertentu dibuat secara tertulis serta harus menggunakan bahasa Indonesia dan huruf latin. (2) Perjanjian kerja untuk waktu tertentu yang dibuat tidak tertulis bertentangan dengan ketentuan sebagaimana dimaksud dalam ayat (1) dinyatakan sebagai perjanjian kerja untuk waktu tidak tertentu. (3) Dalam hal perjanjian kerja dibuat dalam bahasa Indonesia dan bahasa asing, apabila kemudian terdapat perbedaan penafsiran antara keduanya, maka yang berlaku perjanjian kerja yang dibuat dalam bahasa Indonesia."
UU_No_13_Tahun_2003_cleaned.txt,BAB IX: HUBUNGAN KERJA,PASAL 58,"(1) Perjanjian kerja untuk waktu tertentu tidak dapat mensyaratkan adanya masa percobaan kerja. (2) Dalam hal disyaratkan masa percobaan kerja dalam perjanjian kerja sebagaimana dimaksud dalam ayat (1), masa percobaan kerja yang disyaratkan batal demi hukum."
UU_No_13_Tahun_2003_cleaned.txt,BAB IX: HUBUNGAN KERJA,PASAL 59,"(1) Perjanjian kerja untuk waktu tertentu hanya dapat dibuat untuk pekerjaan tertentu yang menurut jenis dan sifat atau kegiatan pekerjaannya akan selesai dalam waktu tertentu, yaitu: a. pekerjaan yang sekali selesai atau yang sementara sifatnya; b. pekerjaan yang diperkirakan penyelesaiannya dalam waktu yang tidak terlalu lama dan paling lama 3 (tiga) tahun; c. pekerjaan yang bersifat musiman; atau d. pekerjaan yang berhubungan dengan produk baru, kegiatan baru, atau produk tambahan yang masih dalam percobaan atau penjajakan. (2) Perjanjian kerja untuk waktu tertentu tidak dapat diadakan untuk pekerjaan yang bersifat tetap. (3) Perjanjian kerja untuk waktu tertentu dapat diperpanjang atau diperbaharui. (4) Perjanjian kerja waktu tertentu yang didasarkan atas jangka waktu tertentu dapat diadakan untuk paling lama 2 (dua) tahun dan hanya boleh diperpanjang 1 (satu) kali untuk jangka waktu paling lama 1 (satu) tahun. (5) Pengusaha yang bermaksud memperpanjang perjanjian kerja waktu tertentu tersebut, paling lama 7 (tujuh) hari sebelum perjanjian kerja waktu tertentu berakhir telah memberitahukan maksudnya secara tertulis kepada pekerja/buruh yang bersangkutan. (6) Pembaruan perjanjian kerja waktu tertentu hanya dapat diadakan setelah melebihi masa tenggang waktu 30 (tiga puluh) hari berakhirnya perjanjian kerja waktu tertentu yang lama, pembaruan perjanjian kerja waktu tertentu ini hanya boleh dilakukan 1 (satu) kali dan paling lama 2 (dua) tahun. (7) Perjanjian kerja untuk waktu tertentu yang tidak memenuhi ketentuan sebagaimana dimaksud dalam ayat (1), ayat (2), ayat (4), ayat (5), dan ayat (6) maka demi hukum menjadi perjanjian kerja waktu tidak tertentu. (8) Hal-hal lain yang belum diatur dalam Pasal ini akan diatur lebih lanjut dengan Keputusan Menteri."
UU_No_13_Tahun_2003_cleaned.txt,BAB IX: HUBUNGAN KERJA,PASAL 60,"(1) Perjanjian kerja untuk waktu tidak tertentu dapat mensyaratkan masa percobaan kerja paling lama 3 (tiga) bulan. (2) Dalam masa percobaan kerja sebagaimana dimaksud dalam ayat (1), pengusaha dilarang membayar upah di bawah upah minimum yang berlaku."
UU_No_13_Tahun_2003_cleaned.txt,BAB IX: HUBUNGAN KERJA,PASAL 61,"(1) Perjanjian kerja berakhir apabila: a. pekerja meninggal dunia; b. berakhirnya jangka waktu perjanjian kerja; c. adanya putusan pengadilan dan/atau putusan atau penetapan lembaga penyelesaian perselisihan hubungan industrial yang telah mempunyai kekuatan hukum tetap; atau d. adanya keadaan atau kejadian tertentu yang dicantumkan dalam perjanjian kerja, peraturan perusahaan, atau perjanjian kerja bersama yang dapat menyebabkan berakhirnya hubungan kerja. (2) Perjanjian kerja tidak berakhir karena meninggalnya pengusaha atau ber-alihnya hak atas perusahaan yang disebabkan penjualan, pewarisan, atau hibah. (3) Dalam hal terjadi pengalihan perusahaan maka hak-hak pekerja/buruh menjadi tanggung jawab pengusaha baru, kecuali ditentukan lain dalam perjanjian pengalihan yang tidak mengurangi hak-hak pekerja/buruh. (4) Dalam hal pengusaha, orang perseorangan, meninggal dunia, ahli waris pengusaha dapat mengakhiri perjanjian kerja setelah merundingkan dengan pekerja/buruh. (5) Dalam hal pekerja/buruh meninggal dunia, ahli waris pekerja/ buruh berhak mendapatkan hakhaknya sesuai dengan peraturan perundang-undangan yang berlaku atau hakhak yang telah diatur dalam perjanjian kerja, peraturan perusahaan, atau perjanjian kerja bersama. ditjen Peraturan Perundang-undanganApabila salah satu pihak mengakhiri hubungan kerja sebelum berakhirnya jangka waktu yang ditetapkan dalam perjanjian kerja waktu tertentu, atau berakhirnya hubungan kerja bukan karena ketentuan sebagaimana dimaksud dalam Pasal 61 ayat (1), pihak yang mengakhiri hubungan kerja diwajibkan membayar ganti rugi kepada pihak lainnya sebesar upah pekerja/buruh sampai batas waktu berakhirnya jangka waktu perjanjian kerja."
UU_No_13_Tahun_2003_cleaned.txt,BAB IX: HUBUNGAN KERJA,PASAL 63,"(1) Dalam hal perjanjian kerja waktu tidak tertentu dibuat secara lisan, maka pengusaha wajib membuat surat pengangkatan bagi pekerja/buruh yang bersangkutan. (2) Surat pengangkatan sebagaimana dimaksud dalam ayat (1), sekurang kurangnya memuat keterangan: a. nama dan alamat pekerja/buruh; b. tanggal mulai bekerja; c. jenis pekerjaan; dan d. besarnya upah."
UU_No_13_Tahun_2003_cleaned.txt,BAB IX: HUBUNGAN KERJA,PASAL 64,Perusahaan dapat menyerahkan sebagian pelaksanaan pekerjaan kepada perusahaan lainnya melalui perjanjian pemborongan pekerjaan atau penyedia-an jasa pekerja/buruh yang dibuat secara tertulis.
UU_No_13_Tahun_2003_cleaned.txt,BAB IX: HUBUNGAN KERJA,PASAL 65,"(1) Penyerahan sebagian pelaksanaan pekerjaan kepada perusahaan lain dilaksanakan melalui perjanjian pemborongan pekerjaan yang dibuat secara tertulis. (2) Pekerjaan yang dapat diserahkan kepada perusahaan lain sebagaimana dimaksud dalam ayat (1) harus memenuhi syarat-syarat sebagai berikut: a. dilakukan secara terpisah dari kegiatan utama; b. dilakukan dengan perintah langsung atau tidak langsung dari pemberi pekerjaan; c. merupakan kegiatan penunjang perusahaan secara keseluruhan; dan d. tidak menghambat proses produksi secara langsung. (3) Perusahaan lain sebagaimana dimaksud dalam ayat (1) harus berbentuk badan hukum. (4) Perlindungan kerja dan syarat-syarat kerja bagi pekerja/buruh pada perusahaan lain sebagaimana dimaksud dalam ayat (2) sekurang-kurangnya sama dengan perlindungan kerja dan syarat-syarat kerja pada perusahaan pemberi pekerjaan atau sesuai dengan peraturan perundang-undangan yang berlaku. (5) Perubahan dan/atau penambahan syarat-syarat sebagaimana dimaksud dalam ayat (2) diatur lebih lanjut dengan Keputusan Menteri. (6) Hubungan kerja dalam pelaksanaan pekerjaan sebagaimana dimaksud dalam ayat (1) diatur dalam perjanjian kerja secara tertulis antara perusahaan lain dan pekerja/buruh yang dipekerjakannya. (7) Hubungan kerja sebagaimana dimaksud dalam ayat (6) dapat didasarkan atas perjanjian kerja waktu tidak tertentu atau perjanjian kerja waktu tertentu apabila memenuhi persyaratan sebagaimana dimaksud dalam Pasal 59. (8) Dalam hal ketentuan sebagaimana dimaksud dalam ayat (2) dan ayat (3) tidak terpenuhi, maka demi hukum status hubungan kerja pekerja/buruh dengan perusahaan penerima pemborongan beralih menjadi hubungan kerja pekerja/buruh dengan perusahaan pemberi pekerjaan. (9) Dalam hal hubungan kerja beralih ke perusahaan pemberi pekerjaan sebagaimana dimaksud dalam ayat (8), maka hubungan kerja pekerja/buruh dengan pemberi pekerjaan sesuai dengan hubungan kerja sebagaimana dimaksud dalam ayat (7)."
UU_No_13_Tahun_2003_cleaned.txt,BAB IX: HUBUNGAN KERJA,PASAL 66,"(1) Pekerja/buruh dari perusahaan penyedia jasa pekerja/buruh tidak boleh digunakan oleh pemberi kerja untuk melaksanakan kegiatan pokok atau kegiatan yang berhubungan langsung dengan proses produksi, kecuali untuk kegiatan jasa penunjang atau kegiatan yang tidak berhubungan langsung dengan proses produksi. (2) Penyedia jasa pekerja/buruh untuk kegiatan jasa penunjang atau kegiatan yang tidak berhubungan langsung dengan proses produksi harus memenuhi syarat sebagai berikut: a. adanya hubungan kerja antara pekerja/buruh dan perusahaan penyedia jasa pekerja/buruh; b. perjanjian kerja yang berlaku dalam hubungan kerja sebagaimana dimaksud pada huruf a adalah perjanjian kerja untuk waktu tertentu yang memenuhi persyaratan sebagaimana dimaksud dalam Pasal 59 dan/atau perjanjian kerja waktu tidak tertentu yang dibuat secara tertulis dan ditandatangani oleh kedua belah pihak; c. perlindungan upah dan kesejahteraan, syarat-syarat kerja, serta perselisihan yang timbul menjadi tanggung jawab perusahaan penyedia jasa pekerja/buruh; dan d. perjanjian antara perusahaan pengguna jasa pekerja/buruh dan perusahaan lain yang bertindak sebagai perusahaan penyedia jasa pekerja/buruh dibuat secara tertulis dan wajib memuat pasal-pasal sebagaimana dimaksud dalam Undang-undang ini. (3) Penyedia jasa pekerja/buruh merupakan bentuk usaha yang berbadan hukum dan memiliki izin dari instansi yang bertanggung jawab di bidang ketenagakerjaan. ditjen Peraturan Perundang-undanganterpenuhi, maka demi hukum status hubungan kerja antara pekerja/buruh dan perusahaan penyedia jasa pekerja/buruh beralih menjadi hubungan kerja antara pekerja/buruh dan perusahaan pemberi pekerjaan. BAB X : PERLINDUNGAN, PENGUPAHAN, DAN KESEJAHTERAAN Bagian Kesatu Perlindungan Paragraf 1 Penyandang Cacat"
UU_No_13_Tahun_2003_cleaned.txt,"BAB X: PERLINDUNGAN, PENGUPAHAN, DAN",PASAL 67,(1) Pengusaha yang mempekerjakan tenaga kerja penyandang cacat wajib memberikan perlindungan sesuai dengan jenis dan derajat kecacatannya. (2) Pemberian perlindungan sebagaimana dimaksud dalam ayat (1) dilaksanakan sesuai dengan peraturan perundang- undangan yang berlaku. Paragraf 2 Anak
UU_No_13_Tahun_2003_cleaned.txt,"BAB X: PERLINDUNGAN, PENGUPAHAN, DAN",PASAL 68,Pengusaha dilarang mempekerjakan anak.
UU_No_13_Tahun_2003_cleaned.txt,"BAB X: PERLINDUNGAN, PENGUPAHAN, DAN",PASAL 69,"(1) Ketentuan sebagaimana dimaksud dalam Pasal 68 dapat dikecualikan bagi anak yang berumur antara 13 (tiga belas) tahun sampai dengan 15 (lima belas) tahun untuk melakukan pekerjaan ringan sepanjang tidak mengganggu perkembangan dan kesehatan fisik, mental, dan sosial. (2) Pengusaha yang mempekerjakan anak pada pekerjaan ringan sebagaimana dimaksud dalam ayat (1) harus memenuhi persyaratan: a. izin tertulis dari orang tua atau wali; b. perjanjian kerja antara pengusaha dengan orang tua atau wali; c. waktu kerja maksimum 3 (tiga) jam; d. dilakukan pada siang hari dan tidak mengganggu waktu sekolah; e. keselamatan dan kesehatan kerja; f. adanya hubungan kerja yang jelas; dan g. menerima upah sesuai dengan ketentuan yang berlaku. (3) Ketentuan sebagaimana dimaksud dalam ayat (2) huruf a, b, f, dan g dikecualikan bagi anak yang bekerja pada usaha keluarganya."
UU_No_13_Tahun_2003_cleaned.txt,"BAB X: PERLINDUNGAN, PENGUPAHAN, DAN",PASAL 70,(1) Anak dapat melakukan pekerjaan di tempat kerja yang merupakan bagian dari kurikulum pendidikan atau pelatihan yang disahkan oleh pejabat yang berwenang. (2) Anak sebagaimana dimaksud dalam ayat (1) paling sedikit berumur 14 (empat belas) tahun. (3) Pekerjaan sebagaimana dimaksud dalam ayat (1) dapat dilakukan dengan syarat: a. diberi petunjuk yang jelas tentang cara pelaksanaan pekerjaan serta bimbingan dan pengawasan dalam melaksanakan pekerjaan; dan b. diberi perlindungan keselamatan dan kesehatan kerja.
UU_No_13_Tahun_2003_cleaned.txt,"BAB X: PERLINDUNGAN, PENGUPAHAN, DAN",PASAL 71,"(1) Anak dapat melakukan pekerjaan untuk mengembangkan bakat dan minatnya. (2) Pengusaha yang mempekerjakan anak sebagaimana dimaksud dalam ayat (1) wajib memenuhi syarat: a. di bawah pengawasan langsung dari orang tua atau wali; b. waktu kerja paling lama 3 (tiga) jam sehari; dan c. kondisi dan lingkungan kerja tidak mengganggu perkembangan fisik, mental, sosial, dan waktu sekolah. (3) Ketentuan mengenai anak yang bekerja untuk mengembangkan bakat dan minat sebagaimana dimaksud dalam ayat (1) dan ayat (2) diatur dengan Keputusan Menteri."
UU_No_13_Tahun_2003_cleaned.txt,"BAB X: PERLINDUNGAN, PENGUPAHAN, DAN",PASAL 72,"Dalam hal anak dipekerjakan bersama-sama dengan pekerja/buruh dewasa, maka tempat kerja anak harus dipisahkan dari ditjen Peratura"
UU_No_13_Tahun_2003_cleaned.txt,"BAB X: PERLINDUNGAN, PENGUPAHAN, DAN",PASAL 73,"n Perundang-undanganPasal 73 Anak dianggap bekerja bilamana berada di tempat kerja, kecuali dapat dibuktikan sebaliknya."
UU_No_13_Tahun_2003_cleaned.txt,"BAB X: PERLINDUNGAN, PENGUPAHAN, DAN",PASAL 74,"(1) Siapapun dilarang mempekerjakan dan melibatkan anak pada pekerjaan-pekerjaan yang terburuk. (2) Pekerjaan-pekerjaan yang terburuk yang dimaksud dalam ayat (1) meliputi: a. segala pekerjaan dalam bentuk perbudakan atau sejenisnya; b. segala pekerjaan yang memanfaatkan, menyediakan, atau menawarkan anak untuk pelacuran, produksi pornografi, pertunjukan porno, atau perjudian; c. segala pekerjaan yang memanfaatkan, menyediakan, atau melibatkan anak untuk produksi dan perdagangan minuman keras, narkotika, psikotropika, dan zat adiktif lainnya; dan/atau d. semua pekerjaan yang membahayakan kesehatan, keselamatan, atau moral anak. (3) Jenis-jenis pekerjaaan yang membahayakan kesehatan, keselamatan, atau moral anak sebagaimana dimaksud dalam ayat (2) huruf d ditetapkan dengan Keputusan Menteri."
UU_No_13_Tahun_2003_cleaned.txt,"BAB X: PERLINDUNGAN, PENGUPAHAN, DAN",PASAL 75,(1) Pemerintah berkewajiban melakukan upaya penanggulangan anak yang bekerja di luar hubungan kerja. (2) Upaya penanggulangan sebagaimana dimaksud dalam ayat (1) diatur dengan Peraturan Pemerintah. Paragraf 3 Perempuan
UU_No_13_Tahun_2003_cleaned.txt,"BAB X: PERLINDUNGAN, PENGUPAHAN, DAN",PASAL 76,(1) Pekerja/buruh perempuan yang berumur kurang dari 18 (delapan belas) tahun dilarang dipekerjakan antara pukul 23.00 sampai dengan pukul 07.00. (2) Pengusaha dilarang mempekerjakan pekerja/buruh perempuan hamil yang menurut keterangan dokter berbahaya bagi kesehatan dan keselamatan kandungannya maupun dirinya apabila bekerja antara pukul 23.00 sampai dengan pukul 07.00. (3) Pengusaha yang mempekerjakan pekerja/buruh perempuan antara pukul 23.00 sampai dengan pukul 07.00 wajib: a. memberikan makanan dan minuman bergizi; dan b. menjaga kesusilaan dan keamanan selama di tempat kerja. (4) Pengusaha wajib menyediakan angkutan antar jemput bagi pekerja/buruh perempuan yang berangkat dan pulang bekerja antara pukul 23.00 sampai dengan pukul 05.00. (5) Ketentuan sebagaimana dimaksud dalam ayat (3) dan ayat (4) diatur dengan Keputusan Menteri. Paragraf 4 Waktu Kerja
UU_No_13_Tahun_2003_cleaned.txt,"BAB X: PERLINDUNGAN, PENGUPAHAN, DAN",PASAL 77,(1) Setiap pengusaha wajib melaksanakan ketentuan waktu kerja. (2) Waktu kerja sebagaimana dimaksud dalam ayat (1) meliputi: a. 7 (tujuh) jam 1 (satu) hari dan 40 (empat puluh) jam 1 (satu) minggu untuk 6 (enam) hari kerja dalam 1 (satu) minggu; atau b. 8 (delapan) jam 1 (satu) hari dan 40 (empat puluh) jam 1 (satu) minggu untuk 5 (lima) hari kerja dalam 1 (satu) minggu. (3) Ketentuan waktu kerja sebagaimana dimaksud dalam ayat (2) tidak berlaku bagi sektor usaha atau pekerjaan tertentu. (4) Ketentuan mengenai waktu kerja pada sektor usaha atau pekerjaan tertentu sebagaimana dimaksud dalam ayat (3) diatur dengan Keputusan Menteri.
UU_No_13_Tahun_2003_cleaned.txt,"BAB X: PERLINDUNGAN, PENGUPAHAN, DAN",PASAL 78,(1) Pengusaha yang mempekerjakan pekerja/buruh melebihi waktu kerja sebagaimana dimaksud dalam Pasal 77 ayat (2) harus memenuhi syarat: a. ada persetujuan pekerja/buruh yang bersangkutan; dan b. waktu kerja lembur hanya dapat dilakukan paling banyak 3 (tiga) jam dalam 1 (satu) hari dan 14 (empat belas) jam dalam 1 (satu) minggu. (2) Pengusaha yang mempekerjakan pekerja/buruh melebihi waktu kerja sebagaimana dimaksud dalam ayat (1) wajib membayar upah kerja lembur. (3) Ketentuan waktu kerja lembur sebagaimana dimaksud dalam ayat (1) huruf b tidak berlaku bagi sektor usaha atau pekerjaan tertentu. (4) Ketentuan mengenai waktu kerja lembur dan upah kerja lembur sebagaimana dimaksud dalam ayat (2) dan ayat (3) ditjen Peratura
UU_No_13_Tahun_2003_cleaned.txt,"BAB X: PERLINDUNGAN, PENGUPAHAN, DAN",PASAL 79,"n Perundang-undanganPasal 79 (1) Pengusaha wajib memberi waktu istirahat dan cuti kepada pekerja/buruh. (2) Waktu istirahat dan cuti sebagaimana dimaksud dalam ayat (1), meliputi: a. istirahat antara jam kerja, sekurangkurangnya setengah jam setelah bekerja selama 4 (empat) jam terus menerus dan waktu istirahat tersebut tidak termasuk jam kerja; b. istirahat mingguan 1 (satu) hari untuk 6 (enam) hari kerja dalam 1 (satu) minggu atau 2 (dua) hari untuk 5 (lima) hari kerja dalam 1 (satu) minggu; c. cuti tahunan, sekurangkurangnya 12 (dua belas) hari kerja setelah pekerja/buruh yang bersangkutan bekerja selama 12 (dua belas) bulan secara terus menerus; dan d. istirahat panjang sekurang-kurangnya 2 (dua) bulan dan dilaksanakan pada tahun ketujuh dan kedelapan masing- masing 1 (satu) bulan bagi pekerja/buruh yang telah bekerja selama 6 (enam) tahun secara terus-menerus pada perusahaan yang sama dengan ketentuan pekerja/buruh tersebut tidak berhak lagi atas istirahat tahunannya dalam 2 (dua) tahun berjalan dan selanjutnya berlaku untuk setiap kelipatan masa kerja 6 (enam) tahun. (3) Pelaksanaan waktu istirahat tahunan sebagaimana dimaksud dalam ayat (2) huruf c diatur dalam perjanjian kerja, peraturan perusahaan, atau perjanjian kerja bersama. (4) Hak istirahat panjang sebagaimana dimaksud dalam ayat (2) huruf d hanya berlaku bagi pekerja/buruh yang bekerja pada perusahaan tertentu. (5) Perusahaan tertentu sebagaimana dimaksud dalam ayat (4) diatur dengan Keputusan Menteri."
UU_No_13_Tahun_2003_cleaned.txt,"BAB X: PERLINDUNGAN, PENGUPAHAN, DAN",PASAL 80,(1) Pengusaha wajib memberikan kesempatan yang secukupnya kepada pekerja/buruh untuk melaksanakan ibadah yang diwajibkan oleh agamanya.
UU_No_13_Tahun_2003_cleaned.txt,"BAB X: PERLINDUNGAN, PENGUPAHAN, DAN",PASAL 81,"(1) Pekerja/buruh perempuan yang dalam masa haid merasakan sakit dan memberitahukan kepada pengusaha, tidak wajib bekerja pada hari pertama dan kedua pada waktu haid. (2) Pelaksanaan ketentuan sebagaimana dimaksud dalam ayat (1) diatur dalam perjanjian kerja, peraturan perusahaan, atau perjanjian kerja bersama."
UU_No_13_Tahun_2003_cleaned.txt,"BAB X: PERLINDUNGAN, PENGUPAHAN, DAN",PASAL 82,"(1) Pekerja/buruh perempuan berhak memperoleh istirahat selama 1,5 (satu setengah) bulan sebelum saatnya melahirkan anak dan 1,5 (satu setengah) bulan sesudah melahirkan menurut perhitungan dokter kandungan atau bidan. (2) Pekerja/buruh perempuan yang mengalami keguguran kandungan berhak memperoleh istirahat 1,5 (satu setengah) bulan atau sesuai dengan surat keterangan dokter kandungan atau bidan."
UU_No_13_Tahun_2003_cleaned.txt,"BAB X: PERLINDUNGAN, PENGUPAHAN, DAN",PASAL 83,Pekerja/buruh perempuan yang anaknya masih menyusu harus diberi kesempatan sepatutnya untuk menyusui anaknya jika hal itu harus dilakukan selama waktu kerja.
UU_No_13_Tahun_2003_cleaned.txt,"BAB X: PERLINDUNGAN, PENGUPAHAN, DAN",PASAL 84,"Setiap pekerja/buruh yang menggunakan hak waktu istirahat sebagaimana dimaksud dalam Pasal 79 ayat (2) huruf b, c, dan d, Pasal 80, dan Pasal 82 berhak mendapat upah penuh."
UU_No_13_Tahun_2003_cleaned.txt,"BAB X: PERLINDUNGAN, PENGUPAHAN, DAN",PASAL 85,(1) Pekerja/buruh tidak wajib bekerja pada hari-hari libur resmi. (2) Pengusaha dapat mempekerjakan pekerja/buruh untuk bekerja pada hari-hari libur resmi apabila jenis dan sifat pekerjaan tersebut harus dilaksanakan atau dijalankan secara terus menerus atau pada keadaan lain berdasarkan kesepakatan antara pekerja/buruh dengan pengusaha. (3) Pengusaha yang mempekerjakan pekerja/buruh yang melakukan pekerjaan pada hari libur resmi sebagaimana dimaksud dalam ayat (2) wajib membayar upah kerja lembur. (4) Ketentuan mengenai jenis dan sifat pekerjaan sebagaimana dimaksud dalam ayat (2) diatur dengan Keputusan Menteri. Paragraf 5 Keselamatan dan Kesehatan Kerja
UU_No_13_Tahun_2003_cleaned.txt,"BAB X: PERLINDUNGAN, PENGUPAHAN, DAN",PASAL 86,(1) Setiap pekerja/buruh mempunyai hak untuk memperoleh perlindungan atas: a. keselamatan dan kesehatan kerja; b. moral dan kesusilaan; dan c. perlakuan yang sesuai dengan harkat dan martabat manusia serta nilainilai agama. ditjen Peraturan Perundang-undangankeselamatan dan kesehatan kerja. (3) Perlindungan sebagaimana dimaksud dalam ayat (1) dan ayat (2) dilaksanakan sesuai dengan peraturan perundang- undangan yang berlaku.
UU_No_13_Tahun_2003_cleaned.txt,"BAB X: PERLINDUNGAN, PENGUPAHAN, DAN",PASAL 87,(1) Setiap perusahaan wajib menerapkan sistem manajemen keselamatan dan kesehatan kerja yang terintegrasi dengan sistem manajemen perusahaan. (2) Ketentuan mengenai penerapan sistem manajemen keselamatan dan kesehatan kerja sebagaimana dimaksud dalam ayat (1) diatur dengan Peraturan Pemerintah. Bagian Kedua Pengupahan
UU_No_13_Tahun_2003_cleaned.txt,"BAB X: PERLINDUNGAN, PENGUPAHAN, DAN",PASAL 88,"(1) Setiap pekerja/buruh berhak memperoleh penghasilan yang memenuhi penghidupan yang layak bagi kemanusiaan. (2) Untuk mewujudkan penghasilan yang memenuhi penghidupan yang layak bagi kemanusiaan sebagaimana dimaksud dalam ayat (1), pemerintah menetapkan kebijakan pengupahan yang melindungi pekerja/buruh. (3) Kebijakan pengupahan yang melindungi pekerja/buruh sebagaimana dimaksud dalam ayat (2) meliputi: a. upah minimum; b. upah kerja lembur; c. upah tidak masuk kerja karena berhalangan; d. upah tidak masuk kerja karena melakukan kegiatan lain di luar pekerjaannya; e. upah karena menjalankan hak waktu istirahat kerjanya; f. bentuk dan cara pembayaran upah; g. denda dan potongan upah; h. hal-hal yang dapat diperhitungkan dengan upah; i. struktur dan skala pengupahan yang proporsional; j. upah untuk pembayaran pesangon; dan k. upah untuk perhitungan pajak penghasilan. (4) Pemerintah menetapkan upah minimum sebagaimana dimaksud dalam ayat (3) huruf a berdasarkan kebutuhan hidup layak dan dengan mem-perhatikan produktivitas dan pertumbuhan ekonomi."
UU_No_13_Tahun_2003_cleaned.txt,"BAB X: PERLINDUNGAN, PENGUPAHAN, DAN",PASAL 89,(1) Upah minimum sebagaimana dimaksud dalam Pasal 88 ayat (3) huruf a dapat terdiri atas: a. upah minimum berdasarkan wilayah provinsi atau kabupaten/kota; b. upah minimum berdasarkan sektor pada wilayah provinsi atau kabupaten/kota. (2) Upah minimum sebagaimana dimaksud dalam ayat (1) diarahkan kepada pencapaian kebutuhan hidup layak. (3) Upah minimum sebagaimana dimaksud dalam ayat (1) ditetapkan oleh Gubernur dengan memperhatikan rekomendasi dari Dewan Pengupahan Provinsi dan/atau Bupati/Walikota. (4) Komponen serta pelaksanaan tahapan pencapaian kebutuhan hidup layak sebagaimana dimaksud dalam ayat (2) diatur dengan Keputusan Menteri.
UU_No_13_Tahun_2003_cleaned.txt,"BAB X: PERLINDUNGAN, PENGUPAHAN, DAN",PASAL 90,(1) Pengusaha dilarang membayar upah lebih rendah dari upah minimum sebagaimana dimaksud dalam Pasal 89. (2) Bagi pengusaha yang tidak mampu membayar upah minimum sebagaimana dimaksud dalam Pasal 89 dapat dilakukan penangguhan. (3) Tata cara penangguhan sebagaimana dimaksud dalam ayat (2) diatur dengan Keputusan Menteri.
UU_No_13_Tahun_2003_cleaned.txt,"BAB X: PERLINDUNGAN, PENGUPAHAN, DAN",PASAL 91,"(1) Pengaturan pengupahan yang ditetapkan atas kesepakatan antara pengusaha dan pekerja/buruh atau serikat pekerja/serikat buruh tidak boleh lebih rendah dari ketentuan pengupahan yang ditetapkan peraturan perundang- undangan yang berlaku. (2) Dalam hal kesepakatan sebagaimana dimaksud dalam ayat (1) lebih rendah atau bertentangan dengan peraturan perundang-undangan, kesepakatan tersebut batal demi hukum, dan pengusaha wajib membayar upah pekerja/buruh menurut peraturan perundang-undangan yang berlaku."
UU_No_13_Tahun_2003_cleaned.txt,"BAB X: PERLINDUNGAN, PENGUPAHAN, DAN",PASAL 92,"(1) Pengusaha menyusun struktur dan skala upah dengan memperhatikan golongan, jabatan, masa kerja, pendidikan, dan kompetensi. (2) Pengusaha melakukan peninjauan upah secara berkala dengan memperhatikan kemampuan perusahaan dan produktivitas. ditjen Peratura"
UU_No_13_Tahun_2003_cleaned.txt,"BAB X: PERLINDUNGAN, PENGUPAHAN, DAN",PASAL 93,"n Perundang-undanganPasal 93 (1) Upah tidak dibayar apabila pekerja/buruh tidak melakukan pekerjaan. (2) Ketentuan sebagaimana dimaksud dalam ayat (1) tidak berlaku, dan pengusaha wajib membayar upah apabila: a. pekerja/buruh sakit sehingga tidak dapat melakukan pekerjaan; b. pekerja/buruh perempuan yang sakit pada hari pertama dan kedua masa haidnya sehingga tidak dapat melakukan pekerjaan; c. pekerja/buruh tidak masuk bekerja karena pekerja/buruh menikah, menikahkan, mengkhitankan, membaptiskan anaknya, isteri melahirkan atau keguguran kandungan, suami atau isteri atau anak atau menantu atau orang tua atau mertua atau anggota keluarga dalam satu rumah meninggal dunia; d. pekerja/buruh tidak dapat melakukan pekerjaannya karena sedang menjalankan kewajiban terhadap negara; e. pekerja/buruh tidak dapat melakukan pekerjaannya karena menjalan-kan ibadah yang diperintahkan agamanya; f. pekerja/buruh bersedia melakukan pekerjaan yang telah dijanjikan tetapi pengusaha tidak mempekerjakannya, baik karena kesalahan sendiri maupun halangan yang seharusnya dapat dihindari pengusaha; g. pekerja/buruh melaksanakan hak istirahat; h. pekerja/buruh melaksanakan tugas serikat pekerja/serikat buruh atas persetujuan pengusaha; dan i. pekerja/buruh melaksanakan tugas pendidikan dari perusahaan. (3) Upah yang dibayarkan kepada pekerja/buruh yang sakit sebagaimana dimaksud dalam ayat (2) huruf a sebagai berikut: a. untuk 4 (empat) bulan pertama, dibayar 100% (seratus perseratus) dari upah; b. untuk 4 (empat) bulan kedua, dibayar 75% (tujuh puluh lima perseratus) dari upah; c. untuk 4 (empat) bulan ketiga, dibayar 50% (lima puluh perseratus) dari upah; dan d. untuk bulan selanjutnya dibayar 25% (dua puluh lima perseratus) dari upah sebelum pemutusan hubungan kerja dilakukan oleh pengusaha. (4) Upah yang dibayarkan kepada pekerja/buruh yang tidak masuk bekerja sebagaimana dimaksud dalam ayat (2) huruf c sebagai berikut: a. pekerja/buruh menikah, dibayar untuk selama 3 (tiga) hari; b. menikahkan anaknya, dibayar untuk selama 2 (dua) hari; c. mengkhitankan anaknya, dibayar untuk selama 2 (dua) hari d. membaptiskan anaknya, dibayar untuk selama 2 (dua) hari; e. isteri melahirkan atau keguguran kandungan, dibayar untuk selama 2 (dua) hari; f. suami/isteri, orang tua/mertua atau anak atau menantu meninggal dunia, dibayar untuk selama 2 (dua) hari; dan g. anggota keluarga dalam satu rumah meninggal dunia, dibayar untuk selama 1 (satu) hari. (5) Pengaturan pelaksanaan ketentuan sebagaimana dimaksud dalam ayat (2) ditetapkan dalam perjanjian kerja, peraturan perusahaan, atau perjanjian kerja bersama."
UU_No_13_Tahun_2003_cleaned.txt,"BAB X: PERLINDUNGAN, PENGUPAHAN, DAN",PASAL 94,Dalam hal komponen upah terdiri dari upah pokok dan tunjangan tetap maka besarnya upah pokok sedikit-dikitnya 75 % (tujuh puluh lima perseratus) dari jumlah upah pokok dan tunjangan tetap.
UU_No_13_Tahun_2003_cleaned.txt,"BAB X: PERLINDUNGAN, PENGUPAHAN, DAN",PASAL 95,"(1) Pelanggaran yang dilakukan oleh pekerja/buruh karena kesengajaan atau kelalaiannya dapat dikenakan denda. (2) Pengusaha yang karena kesengajaan atau kelalaiannya mengakibatkan keterlambatan pembayaran upah, dikenakan denda sesuai dengan persentase tertentu dari upah pekerja/buruh. (3) Pemerintah mengatur pengenaan denda kepada pengusaha dan/atau pekerja/buruh, dalam pembayaran upah. (4) Dalam hal perusahaan dinyatakan pailit atau dilikuidasi berdasarkan peraturan perundang-undangan yang berlaku, maka upah dan hak-hak lainnya dari pekerja/buruh merupakan utang yang didahulukan pem-bayarannya."
UU_No_13_Tahun_2003_cleaned.txt,"BAB X: PERLINDUNGAN, PENGUPAHAN, DAN",PASAL 96,Tuntutan pembayaran upah pekerja/buruh dan segala pembayaran yang timbul dari hubungan kerja menjadi kadaluwarsa setelah melampaui jangka waktu 2 (dua) tahun sejak timbulnya hak.
UU_No_13_Tahun_2003_cleaned.txt,"BAB X: PERLINDUNGAN, PENGUPAHAN, DAN",PASAL 97,"Ketentuan mengenai penghasilan yang layak, kebijakan pengupahan, kebutuhan hidup layak, dan perlindungan pengupahan sebagaimana dimaksud dalam Pasal 88, penetapan upah minimum sebagaimana dimaksud dalam Pasal 89, dan pengenaan denda sebagaimana dimaksud dalam Pasal 95 ayat (1), ayat (2) dan ayat (3) diatur dengan Peraturan Pemerintah."
UU_No_13_Tahun_2003_cleaned.txt,"BAB X: PERLINDUNGAN, PENGUPAHAN, DAN",PASAL 98,"(1) Untuk memberikan saran, pertimbangan, dan merumuskan kebijakan pengupahan yang akan ditetapkan oleh pemerintah, serta untuk pengembangan sistem pengupahan nasional dibentuk Dewan Pengupahan Nasional, Provinsi, dan Kabupaten/Kota. ditjen Peraturan Perundang-undanganpengusaha, serikat pekerja/serikat buruh, perguruan tinggi, dan pakar. (3) Keanggotaan Dewan Pengupahan tingkat Nasional diangkat dan diberhentikan oleh Presiden, sedangkan keanggotaan Dewan Pengupahan Provinsi, Kabupaten/Kota diangkat dan diberhentikan oleh Gubenur/ Bupati/Walikota. (4) Ketentuan mengenai tata cara pembentukan, komposisi keanggotaan, tata cara pengangkatan dan pemberhentian keanggotaan, serta tugas dan tata kerja Dewan Pengupahan sebagaimana dimaksud dalam ayat (1) dan ayat (2), diatur dengan Keputusan Presiden. Bagian Ketiga Kesejahteraan"
UU_No_13_Tahun_2003_cleaned.txt,"BAB X: PERLINDUNGAN, PENGUPAHAN, DAN",PASAL 99,"(1) Setiap pekerja/buruh dan keluarganya berhak untuk memperoleh jaminan sosial tenaga kerja. (2) Jaminan sosial tenaga kerja sebagaimana dimaksud dalam ayat (1), dilaksanakan sesuai dengan peraturan perundang- undangan yang berlaku."
UU_No_13_Tahun_2003_cleaned.txt,"BAB X: PERLINDUNGAN, PENGUPAHAN, DAN",PASAL 100,"(1) Untuk meningkatkan kesejahteraan bagi pekerja/buruh dan keluarganya, pengusaha wajib menyediakan fasilitas kesejahteraan. (2) Penyediaan fasilitas kesejahteraan sebagaimana dimaksud dalam ayat (1), dilaksanakan dengan memperhatikan kebutuhan pekerja/buruh dan ukuran kemampuan perusahaan. (3) Ketentuan mengenai jenis dan kriteria fasilitas kesejahteraan sesuai dengan kebutuhan pekerja/buruh dan ukuran kemampuan perusahaan sebagaimana dimaksud dalam ayat (1) dan ayat (2), diatur dengan Peraturan Pemerintah."
UU_No_13_Tahun_2003_cleaned.txt,"BAB X: PERLINDUNGAN, PENGUPAHAN, DAN",PASAL 101,"(1) Untuk meningkatkan kesejahteraan pekerja/buruh, dibentuk koperasi pekerja/buruh dan usaha-usaha produktif di perusahaan. (2) Pemerintah, pengusaha, dan pekerja/buruh atau serikat pekerja/serikat buruh berupaya menumbuhkembangkan koperasi pekerja/buruh, dan mengembangkan usaha produktif sebagaimana dimaksud dalam ayat (1). (3) Pembentukan koperasi sebagaimana dimaksud dalam ayat (1), dilaksanakan sesuai dengan peraturan perundang- undangan yang berlaku. (4) Upaya-upaya untuk menumbuhkembangkan koperasi pekerja/buruh sebagaimana dimaksud dalam ayat (2), diatur dengan Peraturan Pemerintah. BAB XI : HUBUNGAN INDUSTRIAL Bagian Kesatu Umum"
UU_No_13_Tahun_2003_cleaned.txt,BAB XI: HUBUNGAN INDUSTRIAL,PASAL 102,"(1) Dalam melaksanakan hubungan industrial, pemerintah mempunyai fungsi menetapkan kebijakan, memberikan pelayanan, melaksanakan pengawasan, dan melakukan penindakan terhadap pelanggaran peraturan perundang- undangan ketenagakerjaan. (2) Dalam melaksanakan hubungan industrial, pekerja/buruh dan serikat pekerja/serikat buruhnya mempunyai fungsi menjalankan pekerjaan sesuai dengan kewajibannya, menjaga ketertiban demi kelangsungan produksi, menyalurkan aspirasi secara demokratis, mengembangkan keterampilan, dan keahliannya serta ikut memajukan perusahaan dan memperjuangkan kesejahteraan anggota beserta keluarganya. (3) Dalam melaksanakan hubungan industrial, pengusaha dan organisasi pengusahanya mempunyai fungsi menciptakan kemitraan, mengembangkan usaha, memperluas lapangan kerja, dan memberikan kesejahteraan pekerja/buruh secara terbuka, demokratis, dan berkeadilan."
UU_No_13_Tahun_2003_cleaned.txt,BAB XI: HUBUNGAN INDUSTRIAL,PASAL 103,Hubungan Industrial dilaksanakan melalui sarana: a. serikat pekerja/serikat buruh; b. organisasi pengusaha; c. lembaga kerja sama bipartit; d. lembaga kerja sama tripartit; e. peraturan perusahaan; f. perjanjian kerja bersama; g. peraturan perundang-undangan ketenagakerjaan; dan ditjen Peraturan Perundang-undanganBagian Kedua Serikat Pekerja/Serikat Buruh
UU_No_13_Tahun_2003_cleaned.txt,BAB XI: HUBUNGAN INDUSTRIAL,PASAL 104,"(1) Setiap pekerja/buruh berhak membentuk dan menjadi anggota serikat pekerja/serikat buruh. (2) Dalam melaksanakan fungsi sebagaimana dimaksud dalam Pasal 102, serikat pekerja/serikat buruh berhak menghimpun dan mengelola keuangan serta mempertanggungjawabkan keuangan organisasi termasuk dana mogok. (3) Besarnya dan tata cara pemungutan dana mogok sebagaimana dimaksud dalam ayat (2) diatur dalam anggaran dasar dan/atau anggaran rumah tangga serikat pekerja/serikat buruh yang bersangkutan. Bagian Ketiga Organisasi Pengusaha"
UU_No_13_Tahun_2003_cleaned.txt,BAB XI: HUBUNGAN INDUSTRIAL,PASAL 105,(1) Setiap pengusaha berhak membentuk dan menjadi anggota organisasi pengusaha. (2) Ketentuan mengenai organisasi pengusaha diatur sesuai dengan peraturan perundang-undangan yang berlaku. Bagian Keempat Lembaga Kerja Sama Bipartit
UU_No_13_Tahun_2003_cleaned.txt,BAB XI: HUBUNGAN INDUSTRIAL,PASAL 106,"(1) Setiap perusahaan yang mempekerjakan 50 (lima puluh) orang pekerja/buruh atau lebih wajib membentuk lembaga kerja sama bipartit. (2) Lembaga kerja sama bipartit sebagaimana dimaksud dalam ayat (1) berfungsi sebagai forum komunikasi, dan konsultasi mengenai hal ketenagakerjaan di perusahaan. (3) Susunan keanggotaan lembaga kerja sama bipartit sebagaimana dimaksud dalam ayat (2) terdiri dari unsur pengusaha dan unsur pekerja/buruh yang ditunjuk oleh pekerja/buruh secara demokratis untuk mewakili kepentingan pekerja/buruh di perusahaan yang bersangkutan. (4) Ketentuan mengenai tata cara pembentukan dan susunan keanggotaan lembaga kerja sama bipartit sebagaimana dimaksud dalam ayat (1) dan ayat (3) diatur dengan Keputusan Menteri. Bagian Kelima Lembaga Kerja Sama Tripartit"
UU_No_13_Tahun_2003_cleaned.txt,BAB XI: HUBUNGAN INDUSTRIAL,PASAL 107,"(1) Lembaga kerja sama tripartit memberikan pertimbangan, saran, dan pendapat kepada pemerintah dan pihak terkait dalam penyusunan kebijakan dan pemecahan masalah ketenagakerjaan. (2) Lembaga Kerja sama Tripartit sebagaimana dimaksud dalam ayat (1), terdiri dari: a. Lembaga Kerja sama Tripartit Nasional, Provinsi, dan Kabupaten/ Kota; dan b. Lembaga Kerja sama Tripartit Sektoral Nasional, Provinsi, dan Kabupaten/Kota. (3) Keanggotaan Lembaga Kerja sama Tripartit terdiri dari unsur pemerintah, organisasi pengusaha, dan serikat pekerja/serikat buruh. (4) Tata kerja dan susunan organisasi Lembaga Kerja sama Tripartit sebagaimana dimaksud dalam ayat (1) diatur dengan Peraturan Pemerintah. Bagian Keenam Peraturan Perusahaan"
UU_No_13_Tahun_2003_cleaned.txt,BAB XI: HUBUNGAN INDUSTRIAL,PASAL 108,(1) Pengusaha yang mempekerjakan pekerja/buruh sekurang-kurangnya 10 (sepuluh) orang wajib membuat peraturan perusahaan yang mulai berlaku setelah disahkan oleh Menteri atau pejabat yang ditunjuk. (2) Kewajiban membuat peraturan perusahaan sebagaimana dimaksud dalam ayat (1) tidak berlaku bagi perusahaan yang telah memiliki perjanjian kerja bersama.
UU_No_13_Tahun_2003_cleaned.txt,BAB XI: HUBUNGAN INDUSTRIAL,PASAL 109,Peraturan perusahaan disusun oleh dan menjadi tanggung jawab dari pengusaha yang bersangkutan.
UU_No_13_Tahun_2003_cleaned.txt,BAB XI: HUBUNGAN INDUSTRIAL,PASAL 110,(1) Peraturan perusahaan disusun dengan memperhatikan saran dan pertimbangan dari wakil pekerja/buruh di perusahaan yang bersangkutan. (2) Dalam hal di perusahaan yang bersangkutan telah terbentuk serikat pekerja/serikat buruh maka wakil pekerja/buruh sebagaimana dimaksud dalam ayat (1) adalah pengurus serikat pekerja/serikat buruh. ditjen Peraturan Perundang-undangansebagaimana dimaksud dalam ayat (1) adalah pekerja/buruh yang dipilih secara demokratis untuk mewakili kepentingan para pekerja/ buruh di perusahaan yang bersangkutan.
UU_No_13_Tahun_2003_cleaned.txt,BAB XI: HUBUNGAN INDUSTRIAL,PASAL 111,"(1) Peraturan perusahaan sekurang-kurangnya memuat: a. hak dan kewajiban pengusaha; b. hak dan kewajiban pekerja/buruh; c. syarat kerja; d. tata tertib perusahaan; dan e. jangka waktu berlakunya peraturan perusahaan. (2) Ketentuan dalam peraturan perusahaan tidak boleh bertentangan dengan ketentuan peraturan perundang-undangan yang berlaku. (3) Masa berlaku peraturan perusahaan paling lama 2 (dua) tahun dan wajib diperbaharui setelah habis masa berlakunya. (4) Selama masa berlakunya peraturan perusahaan, apabila serikat pekerja/serikat buruh di perusahaan menghendaki perundingan pembuatan perjanjian kerja bersama, maka pengusaha wajib melayani. (5) Dalam hal perundingan pembuatan perjanjian kerja bersama sebagaimana dimaksud dalam ayat (4) tidak mencapai kesepakatan, maka peraturan perusahaan tetap berlaku sampai habis jangka waktu berlakunya."
UU_No_13_Tahun_2003_cleaned.txt,BAB XI: HUBUNGAN INDUSTRIAL,PASAL 112,"(1) Pengesahan peraturan perusahaan oleh Menteri atau pejabat yang ditunjuk sebagaimana dimaksud dalam Pasal 108 ayat (1) harus sudah diberikan dalam waktu paling lama 30 (tiga puluh) hari kerja sejak naskah peraturan perusahaan diterima. (2) Apabila peraturan perusahaan telah sesuai sebagaimana ketentuan dalam Pasal 111 ayat (1) dan ayat (2), maka dalam waktu 30 (tiga puluh) hari kerja sebagaimana dimaksud pada ayat (1) sudah terlampaui dan peraturan perusahaan belum disahkan oleh Menteri atau pejabat yang ditunjuk, maka peraturan perusahaan dianggap telah mendapatkan pengesahan. (3) Dalam hal peraturan perusahaan belum memenuhi persyaratan sebagaimana dimaksud dalam Pasal 111 ayat (1) dan ayat (2) Menteri atau pejabat yang ditunjuk harus memberitahukan secara tertulis kepada pengusaha mengenai perbaikan peraturan perusahaan. (4) Dalam waktu paling lama 14 (empat belas) hari kerja sejak tanggal pemberitahuan diterima oleh pengusaha sebagaimana dimaksud dalam ayat (3), pengusaha wajib menyampaikan kembali peraturan perusahaan yang telah diperbaiki kepada Menteri atau pejabat yang ditunjuk."
UU_No_13_Tahun_2003_cleaned.txt,BAB XI: HUBUNGAN INDUSTRIAL,PASAL 113,(1) Perubahan peraturan perusahaan sebelum berakhir jangka waktu berlakunya hanya dapat dilakukan atas dasar kesepakatan antara pengusaha dan wakil pekerja/buruh. (2) Peraturan perusahaan hasil perubahan sebagaimana dimaksud dalam ayat (1) harus mendapat pengesahan dari Menteri atau pejabat yang ditunjuk.
UU_No_13_Tahun_2003_cleaned.txt,BAB XI: HUBUNGAN INDUSTRIAL,PASAL 114,Pengusaha wajib memberitahukan dan menjelaskan isi serta memberikan naskah peraturan perusahaan atau perubahannya kepada pekerja/buruh.
UU_No_13_Tahun_2003_cleaned.txt,BAB XI: HUBUNGAN INDUSTRIAL,PASAL 115,Ketentuan mengenai tata cara pembuatan dan pengesahan peraturan perusahaan diatur dengan Keputusan Menteri. Bagian Ketujuh Perjanjian Kerja Bersama
UU_No_13_Tahun_2003_cleaned.txt,BAB XI: HUBUNGAN INDUSTRIAL,PASAL 116,"(1) Perjanjian kerja bersama dibuat oleh serikat pekerja/serikat buruh atau beberapa serikat pekerja/serikat buruh yang telah tercatat pada instansi yang bertanggung jawab di bidang ketenagakerjaan dengan pengusaha atau beberapa pengusaha. (2) Penyusunan perjanjian kerja bersama sebagaimana dimaksud dalam ayat (1) dilaksanakan secara musyawarah. (3) Perjanjian kerja bersama sebagaimana dimaksud dalam ayat (1) harus dibuat secara tertulis dengan huruf latin dan menggunakan bahasa Indonesia. (4) Dalam hal terdapat perjanjian kerja bersama yang dibuat tidak menggunakan bahasa Indonesia, maka perjanjian kerja bersama tersebut harus diterjemahkan dalam bahasa Indonesia oleh penerjemah tersumpah dan terjemahan tersebut dianggap sudah memenuhi ketentuan sebagaimana dimaksud dalam ayat (3)."
UU_No_13_Tahun_2003_cleaned.txt,BAB XI: HUBUNGAN INDUSTRIAL,PASAL 117,ditjen Peraturan Perundang-undanganpenyelesaiannya dilakukan melalui prosedur penyelesaian perselisihan hubungan industrial.
UU_No_13_Tahun_2003_cleaned.txt,BAB XI: HUBUNGAN INDUSTRIAL,PASAL 118,Dalam 1 (satu) perusahaan hanya dapat dibuat 1 (satu) perjanjian kerja bersama yang berlaku bagi seluruh pekerja/buruh di perusahaan.
UU_No_13_Tahun_2003_cleaned.txt,BAB XI: HUBUNGAN INDUSTRIAL,PASAL 119,"(1) Dalam hal di satu perusahaan hanya terdapat satu serikat pekerja/ serikat buruh, maka serikat pekerja/serikat buruh tersebut berhak mewakili pekerja/buruh dalam perundingan pembuatan perjanjian kerja bersama dengan pengusaha apabila memiliki jumlah anggota lebih dari 50% (lima puluh perseratus) dari jumlah seluruh pekerja/buruh di perusahaan yang bersangkutan. (2) Dalam hal di satu perusahaan hanya terdapat satu serikat pekerja/ serikat buruh sebagaimana dimaksud pada ayat (1) tetapi tidak memiliki jumlah anggota lebih dari 50% (lima puluh perseratus) dari jumlah seluruh pekerja/buruh di perusahaan maka serikat pekerja/serikat buruh dapat me wakili pekerja/buruh dalam perundingan dengan pengusaha apabila serikat pekerja/serikat buruh yang bersangkutan telah mendapat dukungan lebih 50% (lima puluh perseratus) dari jumlah seluruh pekerja/buruh di perusahaan melalui pemungutan suara. (3) Dalam hal dukungan sebagaimana dimaksud dalam ayat (2) tidak tercapai maka serikat pekerja/serikat buruh yang bersangkutan dapat mengajukan kembali permintaan untuk merundingkan perjanjian kerja bersama dengan pengusaha setelah melampaui jangka waktu 6 (enam) bulan terhitung sejak dilakukannya pemungutan suara dengan mengikuti prosedur sebagaimana dimaksud dalam ayat (2)."
UU_No_13_Tahun_2003_cleaned.txt,BAB XI: HUBUNGAN INDUSTRIAL,PASAL 120,"(1) Dalam hal di satu perusahaan terdapat lebih dari 1 (satu) serikat pekerja/serikat buruh maka yang berhak mewakili pekerja/buruh melakukan perundingan dengan pengusaha yang jumlah keanggotaannya lebih dari 50% (lima puluh perseratus) dari seluruh jumlah pekerja/buruh di perusahaan tersebut. (2) Dalam hal ketentuan sebagaimana dimaksud dalam ayat (1) tidak terpenuhi, maka serikat pekerja/serikat buruh dapat melakukan koalisi sehingga tercapai jumlah lebih dari 50% (lima puluh perseratus) dari seluruh jumlah pekerja/buruh di perusahaan tersebut untuk mewakili dalam perundingan dengan pengusaha. (3) Dalam hal ketentuan sebagaimana dimaksud dalam ayat (1) atau ayat (2) tidak terpenuhi, maka para serikat pekerja/serikat buruh membentuk tim perunding yang keanggotaannya ditentukan secara proporsional berdasarkan jumlah anggota masing-masing serikat pekerja/serikat buruh."
UU_No_13_Tahun_2003_cleaned.txt,BAB XI: HUBUNGAN INDUSTRIAL,PASAL 121,Keanggotaan serikat pekerja/serikat buruh sebagaimana dimaksud dalam Pasal 119 dan Pasal 120 dibuktikan dengan kartu tanda anggota.
UU_No_13_Tahun_2003_cleaned.txt,BAB XI: HUBUNGAN INDUSTRIAL,PASAL 122,Pemungutan suara sebagaimana dimaksud dalam Pasal 119 ayat (2) diselenggarakan oleh panitia yang terdiri dari wakil-wakil pekerja/ buruh dan pengurus serikat pekerja/serikat buruh yang disaksikan oleh pihak pejabat yang bertanggung jawab di bidang ketenagakerjaan dan pengusaha.
UU_No_13_Tahun_2003_cleaned.txt,BAB XI: HUBUNGAN INDUSTRIAL,PASAL 123,"(1) Masa berlakunya perjanjian kerja bersama paling lama 2 (dua) tahun. (2) Perjanjian kerja bersama sebagaimana dimaksud dalam ayat (1) dapat diperpanjang masa berlakunya paling lama 1 (satu) tahun berdasarkan kesepakatan tertulis antara pengusaha dengan serikat pekerja/serikat buruh. (3) Perundingan pembuatan perjanjian kerja bersama berikutnya dapat dimulai paling cepat 3 (tiga) bulan sebelum berakhirnya perjanjian kerja bersama yang sedang berlaku. (4) Dalam hal perundingan sebagaimana dimaksud dalam ayat (3) tidak mencapai kesepakatan maka perjanjian kerja bersama yang sedang berlaku, tetap berlaku untuk paling lama 1 (satu) tahun."
UU_No_13_Tahun_2003_cleaned.txt,BAB XI: HUBUNGAN INDUSTRIAL,PASAL 124,"(1) Perjanjian kerja bersama paling sedikit memuat: a. hak dan kewajiban pengusaha; b. hak dan kewajiban serikat pekerja/serikat buruh serta pekerja/buruh; c. jangka waktu dan tanggal mulai berlakunya perjanjian kerja bersama; dan d. tanda tangan para pihak pembuat perjanjian kerja bersama. (2) Ketentuan dalam perjanjian kerja bersama tidak boleh bertentangan dengan peraturan perundang-undangan yang berlaku. (3) Dalam hal isi perjanjian kerja bersama bertentangan dengan peraturan perundang-undangan yang berlaku sebagaimana dimaksud dalam ayat (2), maka ketentuan yang bertentangan tersebut batal demi hukum dan yang berlaku adalah ditjen Peratura"
UU_No_13_Tahun_2003_cleaned.txt,BAB XI: HUBUNGAN INDUSTRIAL,PASAL 125,"n Perundang-undanganPasal 125 Dalam hal kedua belah pihak sepakat mengadakan perubahan perjanjian kerja bersama, maka perubahan tersebut merupakan bagian yang tidak terpisahkan dari perjanjian kerja bersama yang sedang berlaku."
UU_No_13_Tahun_2003_cleaned.txt,BAB XI: HUBUNGAN INDUSTRIAL,PASAL 126,"(1) Pengusaha, serikat pekerja/serikat buruh dan pekerja/buruh wajib melaksanakan ketentuan yang ada dalam perjanjian kerja bersama. (2) Pengusaha dan serikat pekerja/serikat buruh wajib memberita-hukan isi perjanjian kerja bersama atau perubahannya kepada seluruh pekerja/buruh. (3) Pengusaha harus mencetak dan membagikan naskah perjanjian kerja bersama kepada setiap pekerja/buruh atas biaya perusahaan."
UU_No_13_Tahun_2003_cleaned.txt,BAB XI: HUBUNGAN INDUSTRIAL,PASAL 127,"(1) Perjanjian kerja yang dibuat oleh pengusaha dan pekerja/buruh tidak boleh bertentangan dengan perjanjian kerja bersama. (2) Dalam hal ketentuan dalam perjanjian kerja sebagaimana dimaksud dalam ayat (1) bertentangan dengan perjanjian kerja bersama, maka ketentuan dalam perjanjian kerja tersebut batal demi hukum dan yang berlaku adalah ketentuan dalam perjanjian kerja bersama."
UU_No_13_Tahun_2003_cleaned.txt,BAB XI: HUBUNGAN INDUSTRIAL,PASAL 128,Dalam hal perjanjian kerja tidak memuat aturan-aturan yang diatur dalam perjanjian kerja bersama maka yang berlaku adalah aturan-aturan dalam perjanjian kerja bersama.
UU_No_13_Tahun_2003_cleaned.txt,BAB XI: HUBUNGAN INDUSTRIAL,PASAL 129,"(1) Pengusaha dilarang mengganti perjanjian kerja bersama dengan peraturan perusahaan, selama di perusahaan yang bersangkutan masih ada serikat pekerja/serikat buruh. (2) Dalam hal di perusahaan tidak ada lagi serikat pekerja/serikat buruh dan perjanjian kerja bersama diganti dengan peraturan perusahaan, maka ketentuan yang ada dalam peraturan perusahaan tidak boleh lebih rendah dari ketentuan yang ada dalam perjanjian kerja bersama."
UU_No_13_Tahun_2003_cleaned.txt,BAB XI: HUBUNGAN INDUSTRIAL,PASAL 130,"(1) Dalam hal perjanjian kerja bersama yang sudah berakhir masa berlakunya akan diperpanjang atau diperbaharui dan di perusahaan tersebut hanya terdapat 1 (satu) serikat pekerja/serikat buruh, maka perpanjangan atau pembuatan pembaharuan perjanjian kerja bersama tidak mensyaratkan ketentuan dalam Pasal 119. (2) Dalam hal perjanjian kerja bersama yang sudah berakhir masa berlakunya akan diperpanjang atau diperbaharui dan di perusahaan tersebut terdapat lebih dari 1 (satu) serikat pekerja/serikat buruh dan serikat pekerja/serikat buruh yang dulu berunding tidak lagi memenuhi ketentuan Pasal 120 ayat (1), maka perpanjangan atau pembuatan pembaharuan perjanjian kerja bersama dilakukan oleh serikat pekerja/serikat buruh yang anggotanya lebih 50% (lima puluh perseratus) dari jumlah seluruh pekerja/buruh di perusahaan bersama-sama dengan serikat pekerja/serikat buruh yang membuat perjanjian kerja bersama terdahulu dengan membentuk tim perunding secara proporsional. (3) Dalam hal perjanjian kerja bersama yang sudah berakhir masa berlakunya akan diperpanjang atau diperbaharui dan di perusahaan tersebut terdapat lebih dari 1 (satu) serikat pekerja/ serikat buruh dan tidak satupun serikat pekerja/serikat buruh yang ada memenuhi ketentuan Pasal 120 ayat (1), maka perpanjangan atau pembuatan pembaharuan perjanjian kerja bersama dilakukan menurut ketentuan Pasal 120 ayat (2) dan ayat (3)."
UU_No_13_Tahun_2003_cleaned.txt,BAB XI: HUBUNGAN INDUSTRIAL,PASAL 131,(1) Dalam hal terjadi pembubaran serikat pekerja/serikat buruh atau pengalihan kepemilikan perusahaan maka perjanjian kerja bersama tetap berlaku sampai berakhirnya jangka waktu perjanjian kerja bersama. (2) Dalam hal terjadi penggabungan perusahaan (merger) dan masing-masing perusahaan mempunyai perjanjian kerja bersama maka perjanjian kerja bersama yang berlaku adalah perjanjian kerja bersama yang lebih menguntungkan pekerja/buruh. (3) Dalam hal terjadi penggabungan perusahaan (merger) antara perusahaan yang mempunyai perjanjian kerja bersama dengan perusahaan yang belum mempunyai perjanjian kerja bersama maka perjanjian kerja bersama tersebut berlaku bagi perusahaan yang bergabung (merger) sampai dengan berakhirnya jangka waktu perjanjian kerja bersama.
UU_No_13_Tahun_2003_cleaned.txt,BAB XI: HUBUNGAN INDUSTRIAL,PASAL 132,"(1) Perjanjian kerja bersama mulai berlaku pada hari penandatanganan kecuali ditentukan lain dalam perjanjian kerja bersama tersebut. (2) Perjanjian kerja bersama yang ditandatangani oleh pihak yang membuat perjanjian kerja bersama selanjutnya didaftarkan oleh pengusaha pada instansi yang bertanggung jawab di bidang ketenagakerjaan. ditjen Peraturan Perundang-undanganKetentuan mengenai persyaratan serta tata cara pembuatan, perpanjangan, perubahan, dan pendaftaran perjanjian kerja bersama diatur dengan Keputusan Menteri."
UU_No_13_Tahun_2003_cleaned.txt,BAB XI: HUBUNGAN INDUSTRIAL,PASAL 134,"Dalam mewujudkan pelaksanaan hak dan kewajiban pekerja/buruh dan pengusaha, pemerintah wajib melaksanakan pengawasan dan penegakan peraturan perundang-undangan ketenagakerjaan."
UU_No_13_Tahun_2003_cleaned.txt,BAB XI: HUBUNGAN INDUSTRIAL,PASAL 135,"Pelaksanaan peraturan perundang-undangan ketenagakerjaan dalam mewujudkan hubungan industrial merupakan tanggung jawab pekerja/buruh, pengusaha, dan pemerintah. Bagian Kedelapan Lembaga Penyelesaian Perselisihan Hubungan Industrial Paragraf 1 Perselisihan Hubungan Industrial"
UU_No_13_Tahun_2003_cleaned.txt,BAB XI: HUBUNGAN INDUSTRIAL,PASAL 136,"(1) Penyelesaian perselisihan hubungan industrial wajib dilaksanakan oleh pengusaha dan pekerja/buruh atau serikat pekerja/serikat buruh secara musyawarah untuk mufakat. (2) Dalam hal penyelesaian secara musyawarah untuk mufakat sebagaimana dimaksud dalam ayat (1) tidak tercapai, maka pengusaha dan pekerja/ buruh atau serikat pekerja/serikat buruh menyelesaikan perselisihan hubungan industrial melalui prosedur penyelesaian perselisihan hubungan industrial yang diatur dengan undang-undang. Paragraf 2 Mogok Kerja"
UU_No_13_Tahun_2003_cleaned.txt,BAB XI: HUBUNGAN INDUSTRIAL,PASAL 137,"Mogok kerja sebagai hak dasar pekerja/buruh dan serikat pekerja/serikat buruh dilakukan secara sah, tertib, dan damai sebagai akibat gagalnya perundingan."
UU_No_13_Tahun_2003_cleaned.txt,BAB XI: HUBUNGAN INDUSTRIAL,PASAL 138,"(1) Pekerja/buruh dan/atau serikat pekerja/serikat buruh yang bermaksud mengajak pekerja/buruh lain untuk mogok kerja pada saat mogok kerja berlangsung dilakukan dengan tidak melanggar hukum. (2) Pekerja/buruh yang diajak mogok kerja sebagaimana dimaksud dalam ayat (1), dapat memenuhi atau tidak memenuhi ajakan tersebut."
UU_No_13_Tahun_2003_cleaned.txt,BAB XI: HUBUNGAN INDUSTRIAL,PASAL 139,Pelaksanaan mogok kerja bagi pekerja/buruh yang bekerja pada perusahaan yang melayani kepentingan umum dan/atau perusahaan yang jenis kegiatan-nya membahayakan keselamatan jiwa manusia diatur sedemikian rupa sehingga tidak mengganggu kepentingan umum dan/atau membahayakan keselamatan orang lain.
UU_No_13_Tahun_2003_cleaned.txt,BAB XI: HUBUNGAN INDUSTRIAL,PASAL 140,"(1) Sekurang-kurangnya dalam waktu 7 (tujuh) hari kerja sebelum mogok kerja dilaksanakan, pekerja/buruh dan serikat pekerja/serikat buruh wajib memberitahukan secara tertulis kepada pengusaha dan instansi yang bertanggung jawab di bidang ketenagakerjaan setempat. (2) Pemberitahuan sebagaimana dimaksud dalam ayat (1) sekurang-kurang-nya memuat: a. waktu (hari, tanggal, dan jam) dimulai dan diakhiri mogok kerja; b. tempat mogok kerja; c. alasan dan sebab-sebab mengapa harus melakukan mogok kerja; dan d. tanda tangan ketua dan sekretaris dan/atau masing-masing ketua dan sekretaris serikat pekerja/serikat buruh sebagai penanggung jawab mogok kerja. (3) Dalam hal mogok kerja akan dilakukan oleh pekerja/buruh yang tidak menjadi anggota serikat pekerja/serikat buruh, maka pemberitahuan sebagaimana dimaksud dalam ayat (2) ditandatangani oleh perwakilan pekerja/buruh yang ditunjuk sebagai koordinator dan/atau penanggung jawab mogok kerja. (4) Dalam hal mogok kerja dilakukan tidak sebagaimana dimaksud dalam ayat (1), maka demi menyelamatkan alat produksi dan aset perusahaan, pengusaha dapat mengambil tindakan sementara dengan cara: a. melarang para pekerja/buruh yang mogok kerja berada di lokasi kegiatan proses produksi; atau b. bila dianggap perlu melarang pekerja/buruh yang mogok kerja berada di lokasi perusahaan. ditjen Peraturan Perundang-undangan(1) Instansi pemerintah dan pihak perusahaan yang menerima surat pemberitahuan mogok kerja sebagaimana dimaksud dalam Pasal 140 wajib memberikan tanda terima. (2) Sebelum dan selama mogok kerja berlangsung, instansi yang bertanggung jawab di bidang ketenagakerjaan wajib menyelesaikan masalah yang menyebabkan timbulnya pemogokan dengan mempertemukan dan merundingkannya dengan para pihak yang berselisih. (3) Dalam hal perundingan sebagaimana dimaksud dalam ayat (2) menghasilkan kesepakatan, maka harus dibuatkan perjanjian bersama yang ditandatangani oleh para pihak dan pegawai dari instansi yang bertanggung jawab di bidang ketenagakerjaan sebagai saksi. (4) Dalam hal perundingan sebagaimana dimaksud dalam ayat (2) tidak menghasilkan kesepakatan, maka pegawai dari instansi yang bertanggung jawab di bidang ketenagakerjaan segera menyerahkan masalah yang menyebabkan terjadinya mogok kerja kepada lembaga penyelesaian perselisihan hubungan industrial yang berwenang. (5) Dalam hal perundingan tidak menghasilkan kesepakatan sebagaimana dimaksud dalam ayat (4), maka atas dasar perundingan antara pengusaha dengan serikat pekerja/serikat buruh atau penanggung jawab mogok kerja, mogok kerja dapat diteruskan atau dihentikan untuk sementara atau dihentikan sama sekali."
UU_No_13_Tahun_2003_cleaned.txt,BAB XI: HUBUNGAN INDUSTRIAL,PASAL 142,(1) Mogok kerja yang dilakukan tidak memenuhi ketentuan sebagaimana dimaksud dalam Pasal 139 dan Pasal 140 adalah mogok kerja tidak sah. (2) Akibat hukum dari mogok kerja yang tidak sah sebagaimana dimaksud dalam ayat (1) akan diatur dengan Keputusan Menteri.
UU_No_13_Tahun_2003_cleaned.txt,BAB XI: HUBUNGAN INDUSTRIAL,PASAL 143,"(1) Siapapun tidak dapat menghalang-halangi pekerja/buruh dan serikat pekerja/serikat buruh untuk menggunakan hak mogok kerja yang dilakukan secara sah, tertib, dan damai. (2) Siapapun dilarang melakukan penangkapan dan/atau penahanan terhadap pekerja/buruh dan pengurus serikat pekerja/serikat buruh yang melakukan mogok kerja secara sah, tertib, dan damai sesuai dengan peraturan perundang- undangan yang berlaku."
UU_No_13_Tahun_2003_cleaned.txt,BAB XI: HUBUNGAN INDUSTRIAL,PASAL 144,"(1) Terhadap mogok kerja yang dilakukan sesuai dengan ketentuan sebagaimana dimaksud dalam Pasal 140, pengusaha dilarang: a. mengganti pekerja/buruh yang mogok kerja dengan pekerja/buruh lain dari luar perusahaan; atau b. memberikan sanksi atau tindakan balasan dalam bentuk apapun kepada pekerja/buruh dan pengurus serikat pekerja/serikat buruh selama dan sesudah melakukan mogok kerja."
UU_No_13_Tahun_2003_cleaned.txt,BAB XI: HUBUNGAN INDUSTRIAL,PASAL 145,"Dalam hal pekerja/buruh yang melakukan mogok kerja secara sah dalam melakukan tuntutan hak normatif yang sungguh- sungguh dilanggar oleh pengusaha, pekerja/buruh berhak mendapatkan upah. Paragraf 3 Penutupan Perusahaan (lock-out)"
UU_No_13_Tahun_2003_cleaned.txt,BAB XI: HUBUNGAN INDUSTRIAL,PASAL 146,(1) Penutupan perusahaan (lock out) merupakan hak dasar pengusaha untuk menolak pekerja/buruh sebagian atau seluruhnya untuk menjalankan pekerjaan sebagai akibat gagalnya perundingan. (2) Pengusaha tidak dibenarkan melakukan penutupan perusahaan (lock out) sebagai tindakan balasan sehubungan adanya tuntutan normatif dari pekerja/buruh dan/atau serikat pekerja/serikat buruh. (3) Tindakan penutupan perusahaan (lock out) harus dilakukan sesuai dengan ketentuan hukum yang berlaku.
UU_No_13_Tahun_2003_cleaned.txt,BAB XI: HUBUNGAN INDUSTRIAL,PASAL 147,"Penutupan perusahaan (lock out) dilarang dilakukan pada perusahaan-perusahaan yang melayani kepentingan umum dan/atau jenis kegiatan yang membahayakan keselamatan jiwa manusia, meliputi rumah sakit, pelayanan jaringan air bersih, pusat pengendali telekomunikasi, pusat penyedia tenaga listrik, pengolahan minyak dan gas bumi, serta kereta api."
UU_No_13_Tahun_2003_cleaned.txt,BAB XI: HUBUNGAN INDUSTRIAL,PASAL 148,"(1) Pengusaha wajib memberitahukan secara tertulis kepada pekerja/buruh dan/atau serikat pekerja/serikat buruh, serta instansi yang bertanggung jawab di bidang ketenagakerjaan setempat sekurang-kurangnya 7 (tujuh) hari kerja sebelum penutupan perusahaan (lock out) dilaksanakan. (2) Pemberitahuan sebagaimana dimaksud dalam ayat (1) sekurang-kurang-nya memuat: a. waktu (hari, tanggal, dan jam) dimulai dan diakhiri penutupan perusahaan (lock out); dan b. alasan dan sebab-sebab melakukan penutupan perusahaan (lock out). (3) Pemberitahuan sebagaimana dimaksud dalam ayat (1) ditandatangani oleh pengusaha dan/atau pimpinan perusahaan ditjen Peratura"
UU_No_13_Tahun_2003_cleaned.txt,BAB XI: HUBUNGAN INDUSTRIAL,PASAL 149,"n Perundang-undanganPasal 149 (1) Pekerja/buruh atau serikat pekerja/serikat buruh dan instansi yang bertanggung jawab di bidang ketenagakerjaan yang menerima secara langsung surat pemberitahuan penutupan perusahaan (lock out) sebagaimana dimaksud dalam Pasal 148 harus memberikan tanda bukti penerimaan dengan mencantumkan hari, tanggal, dan jam penerimaan. (2) Sebelum dan selama penutupan perusahaan (lock out) berlangsung, instansi yang bertanggung jawab di bidang ketenagakerjaan berwenang langsung menyelesaikan masalah yang menyebabkan timbulnya penutupan perusahaan (lock out) dengan mempertemukan dan merundingkannya dengan para pihak yang berselisih. (3) Dalam hal perundingan sebagaimana dimaksud dalam ayat (2) menghasilkan kesepakatan, maka harus dibuat perjanjian bersama yang ditandatangani oleh para pihak dan pegawai dari instansi yang bertanggung jawab di bidang ketenagakerjaan sebagai saksi. (4) Dalam hal perundingan sebagaimana dimaksud dalam ayat (2) tidak menghasilkan kesepakatan, maka pegawai dari instansi yang bertanggung jawab di bidang ketenagakerjaan segera menyerahkan masalah yang menyebabkan terjadinya penutupan perusahaan (lock out) kepada lembaga penyelesaian perselisihan hubungan industrial. (5) Apabila perundingan tidak menghasilkan kesepakatan sebagaimana dimaksud dalam ayat (4), maka atas dasar perundingan antara pengusaha dan serikat pekerja/serikat buruh, penutupan perusahaan (lock out) dapat diteruskan atau dihentikan untuk sementara atau dihentikan sama sekali. (6) Pemberitahuan sebagaimana dimaksud dalam Pasal 148 ayat (1) dan ayat (2) tidak diperlukan apabila: a. pekerja/buruh atau serikat pekerja/serikat buruh melanggar prosedur mogok kerja sebagaimana dimaksud dalam Pasal 140; b. pekerja/buruh atau serikat pekerja/serikat buruh melanggar ketentuan normatif yang ditentukan dalam perjanjian kerja, peraturan perusahaan, perjanjian kerja bersama, atau peraturan perundang-undangan yang berlaku. BAB XII : PEMUTUSAN HUBUNGAN KERJA"
UU_No_13_Tahun_2003_cleaned.txt,BAB XII: PEMUTUSAN HUBUNGAN KERJA,PASAL 150,"Ketentuan mengenai pemutusan hubungan kerja dalam undang-undang ini meliputi pemutusan hubungan kerja yang terjadi di badan usaha yang berbadan hukum atau tidak, milik orang perseorangan, milik persekutuan atau milik badan hukum, baik milik swasta maupun milik negara, maupun usaha-usaha sosial dan usaha-usaha lain yang mempunyai pengurus dan mempekerjakan orang lain dengan membayar upah atau imbalan dalam bentuk lain."
UU_No_13_Tahun_2003_cleaned.txt,BAB XII: PEMUTUSAN HUBUNGAN KERJA,PASAL 151,"(1) Pengusaha, pekerja/buruh, serikat pekerja/serikat buruh, dan pemerintah, dengan segala upaya harus mengusahakan agar jangan terjadi pemutusan hubungan kerja. (2) Dalam hal segala upaya telah dilakukan, tetapi pemutusan hubungan kerja tidak dapat dihindari, maka maksud pemutusan hubungan kerja wajib dirundingkan oleh pengusaha dan serikat pekerja/serikat buruh atau dengan pekerja/buruh apabila pekerja/buruh yang bersangkutan tidak menjadi anggota serikat pekerja/serikat buruh. (3) Dalam hal perundingan sebagaimana dimaksud dalam ayat (2) benar-benar tidak menghasilkan persetujuan, pengusaha hanya dapat memutuskan hubungan kerja dengan pekerja/buruh setelah memperoleh penetapan dari lembaga penyelesaian perselisihan hubungan industrial."
UU_No_13_Tahun_2003_cleaned.txt,BAB XII: PEMUTUSAN HUBUNGAN KERJA,PASAL 152,"(1) Permohonan penetapan pemutusan hubungan kerja diajukan secara tertulis kepada lembaga penyelesaian perselisihan hubungan industrial disertai alasan yang menjadi dasarnya. (2) Permohonan penetapan sebagaimana dimaksud dalam ayat (1) dapat diterima oleh lembaga penyelesaian perselisihan hubungan industrial apabila telah dirundingkan sebagaimana dimaksud dalam Pasal 151 ayat (2). (3) Penetapan atas permohonan pemutusan hubungan kerja hanya dapat diberikan oleh lembaga penyelesaian perselisihan hubungan industrial jika ternyata maksud untuk memutuskan hubungan kerja telah dirundingkan, tetapi perundingan tersebut tidak menghasilkan kesepakatan."
UU_No_13_Tahun_2003_cleaned.txt,BAB XII: PEMUTUSAN HUBUNGAN KERJA,PASAL 153,"(1) Pengusaha dilarang melakukan pemutusan hubungan kerja dengan alasan: a. pekerja/buruh berhalangan masuk kerja karena sakit menurut keterangan dokter selama waktu tidak melampaui 12 (dua belas) bulan secara terus-menerus; b. pekerja/buruh berhalangan menjalankan pekerjaannya karena memenuhi kewajiban terhadap negara sesuai dengan ketentuan peraturan perundang-undangan yang berlaku; c. pekerja/buruh menjalankan ibadah yang diperintahkan agamanya; d. pekerja/buruh menikah; e. pekerja/buruh perempuan hamil, melahirkan, gugur kandungan, atau menyusui bayinya; f. pekerja/buruh mempunyai pertalian darah dan/atau ikatan perkawinan dengan pekerja/buruh lainnya di dalam satu ditjen Peraturan Perundang-undangang. pekerja/buruh mendirikan, menjadi anggota dan/atau pengurus serikat pekerja/serikat buruh, pekerja/buruh melakukan kegiatan serikat pekerja/serikat buruh di luar jam kerja, atau di dalam jam kerja atas kesepakatan pengusaha, atau berdasarkan ketentuan yang diatur dalam perjanjian kerja, peraturan perusahaan, atau perjanjian kerja bersama; h. pekerja/buruh yang mengadukan pengusaha kepada yang berwajib mengenai perbuatan pengusaha yang melakukan tindak pidana kejahatan; i. karena perbedaan paham, agama, aliran politik, suku, warna kulit, golongan, jenis kelamin, kondisi fisik, atau status perkawinan; j. pekerja/buruh dalam keadaan cacat tetap, sakit akibat kecelakaan kerja, atau sakit karena hubungan kerja yang menurut surat keterangan dokter yang jangka waktu penyembuhannya belum dapat dipastikan. (2) Pemutusan hubungan kerja yang dilakukan dengan alasan sebagaimana dimaksud dalam ayat (1) batal demi hukum dan pengusaha wajib mempekerjakan kembali pekerja/buruh yang bersangkutan."
UU_No_13_Tahun_2003_cleaned.txt,BAB XII: PEMUTUSAN HUBUNGAN KERJA,PASAL 154,"Penetapan sebagaimana dimaksud dalam Pasal 151 ayat (3) tidak diperlukan dalam hal: a. pekerja/buruh masih dalam masa percobaan kerja, bilamana telah dipersyaratkan secara tertulis sebelumnya; b. pekerja/buruh mengajukan permintaan pengunduran diri, secara tertulis atas kemauan sendiri tanpa ada indikasi adanya tekanan/intimidasi dari pengusaha, berakhirnya hubungan kerja sesuai dengan perjanjian kerja waktu tertentu untuk pertama kali; c. pekerja/buruh mencapai usia pensiun sesuai dengan ketetapan dalam perjanjian kerja, peraturan perusahaan, perjanjian kerja bersama, atau peraturan perundang-undangan; atau d. pekerja/buruh meninggal dunia."
UU_No_13_Tahun_2003_cleaned.txt,BAB XII: PEMUTUSAN HUBUNGAN KERJA,PASAL 155,"(1) Pemutusan hubungan kerja tanpa penetapan sebagaimana dimaksud dalam Pasal 151 ayat (3) batal demi hukum. (2) Selama putusan lembaga penyelesaian perselisihan hubungan industrial belum ditetapkan, baik pengusaha maupun pekerja/buruh harus tetap melaksanakan segala kewajibannya. (3) Pengusaha dapat melakukan penyimpangan terhadap ketentuan sebagaimana dimaksud dalam ayat (2) berupa tindakan skorsing kepada pekerja/buruh yang sedang dalam proses pemutusan hubungan kerja dengan tetap wajib membayar upah beserta hak-hak lainnya yang biasa diterima pekerja/buruh."
UU_No_13_Tahun_2003_cleaned.txt,BAB XII: PEMUTUSAN HUBUNGAN KERJA,PASAL 156,"(1) Dalam hal terjadi pemutusan hubungan kerja, pengusaha diwajibkan membayar uang pesangon dan atau uang penghargaan masa kerja dan uang penggantian hak yang seharusnya diterima. (2) Perhitungan uang pesangon sebagaimana dimaksud dalam ayat (1) paling sedikit sebagai berikut a. masa kerja kurang dari 1 (satu) tahun, 1 (satu) bulan upah; b. masa kerja 1 (satu) tahun atau lebih tetapi kurang dari 2 (dua) tahun, 2 (dua) bulan upah; c. masa kerja 2 (dua) tahun atau lebih tetapi kurang dari 3 (tiga) tahun, 3 (tiga) bulan upah; d. masa kerja 3 (tiga) tahun atau lebih tetapi kurang dari 4 (empat) tahun, 4 (empat) bulan upah; e. masa kerja 4 (empat) tahun atau lebih tetapi kurang dari 5 (lima) tahun, 5 (lima) bulan upah; f. masa kerja 5 (lima) tahun atau lebih, tetapi kurang dari 6 (enam) tahun, 6 (enam) bulan upah; g. masa kerja 6 (enam) tahun atau lebih tetapi kurang dari 7 (tujuh) tahun, 7 (tujuh) bulan upah. h. masa kerja 7 (tujuh) tahun atau lebih tetapi kurang dari 8 (delapan) tahun, 8 (delapan) bulan upah; i. masa kerja 8 (delapan) tahun atau lebih, 9 (sembilan) bulan upah. (2) Perhitungan uang penghargaan masa kerja sebagaimana dimaksud dalam ayat (1) ditetapkan sebagai berikut: a. masa kerja 3 (tiga) tahun atau lebih tetapi kurang dari 6 (enam) tahun, 2 (dua) bulan upah; b. masa kerja 6 (enam) tahun atau lebih tetapi kurang dari 9 (sembilan) tahun, 3 (tiga) bulan upah; c. masa kerja 9 (sembilan) tahun atau lebih tetapi kurang dari 12 (dua belas) tahun, 4 (empat) bulan upah; d. masa kerja 12 (dua belas) tahun atau lebih tetapi kurang dari 15 (lima belas) tahun, 5 (lima) bulan upah; e. masa kerja 15 (lima belas) tahun atau lebih tetapi kurang dari 18 (delapan belas) tahun, 6 (enam) bulan upah; f. masa kerja 18 (delapan belas) tahun atau lebih tetapi kurang dari 21 (dua puluh satu) tahun, 7 (tujuh) bulan upah; g. masa kerja 21 (dua puluh satu) tahun atau lebih tetapi kurang dari 24 (dua puluh empat) tahun, 8 (delapan) bulan upah; h. masa kerja 24 (dua puluh empat) tahun atau lebih, 10 (sepuluh ) bulan upah. (3) Uang penggantian hak yang seharusnya diterima sebagaimana dimaksud dalam ayat (1) meliputi: a. cuti tahunan yang belum diambil dan belum gugur; b. biaya atau ongkos pulang untuk pekerja/buruh dan keluarganya ketempat dimana pekerja/buruh diterima bekerja; c. penggantian perumahan serta pengobatan dan perawatan ditetapkan 15% (lima belas perseratus) dari uang pesangon dan/atau uang penghargaan masa kerja bagi yang memenuhi syarat; d. hal-hal lain yang ditetapkan dalam perjanjian kerja, peraturan perusahaan atau perjanjian kerja bersama. (4) Perubahan perhitungan uang pesangon, perhitungan uang penghargaan masa kerja, dan uang penggantian hak ditjen Peratura"
UU_No_13_Tahun_2003_cleaned.txt,BAB XII: PEMUTUSAN HUBUNGAN KERJA,PASAL 157,"n Perundang-undanganPasal 157 (1) Komponen upah yang digunakan sebagai dasar perhitungan uang pesangon, uang penghargaan masa kerja, dan uang pengganti hak yang seharusnya diterima yang tertunda, terdiri atas: a. upah pokok; b. segala macam bentuk tunjangan yang bersifat tetap yang diberikan kepada pekerja/buruh dan keluarganya, termasuk harga pembelian dari catu yang diberikan kepada pekerja/buruh secara cuma-cuma, yang apabila catu harus dibayar pekerja/buruh dengan subsidi, maka sebagai upah dianggap selisih antara harga pembelian dengan harga yang harus dibayar oleh pekerja/buruh. (2) Dalam hal penghasilan pekerja/buruh dibayarkan atas dasar perhitungan harian, maka penghasilan sebulan adalah sama dengan 30 kali penghasilan sehari. (3) Dalam hal upah pekerja/buruh dibayarkan atas dasar perhitungan satuan hasil, potongan/borongan atau komisi, maka penghasilan sehari adalah sama dengan pendapatan rata-rata per hari selama 12 (dua belas) bulan terakhir, dengan ketentuan tidak boleh kurang dari ketentuan upah minimum provinsi atau kabupaten/kota. (4) Dalam hal pekerjaan tergantung pada keadaan cuaca dan upahnya didasarkan pada upah borongan, maka perhitungan upah sebulan dihitung dari upah rata-rata 12 (dua belas) bulan terakhir."
UU_No_13_Tahun_2003_cleaned.txt,BAB XII: PEMUTUSAN HUBUNGAN KERJA,PASAL 158,"(1) Pengusaha dapat memutuskan hubungan kerja terhadap pekerja/buruh dengan alasan pekerja/buruh telah melakukan kesalahan berat sebagai berikut: a. melakukan penipuan, pencurian, atau penggelapan barang dan/atau uang milik perusahaan; b. memberikan keterangan palsu atau yang dipalsukan sehingga merugikan perusahaan; c. mabuk, meminum minuman keras yang memabukkan, memakai dan/atau mengedarkan narkotika, psikotropika, dan zat adiktif lainnya di lingkungan kerja; d. melakukan perbuatan asusila atau perjudian di lingkungan kerja; e. menyerang, menganiaya, mengancam, atau mengintimidasi teman sekerja atau pengusaha di lingkungan kerja; f. membujuk teman sekerja atau pengusaha untuk melakukan perbuatan yang bertentangan dengan peraturan perundang-undangan; g. dengan ceroboh atau sengaja merusak atau membiarkan dalam keadaan bahaya barang milik perusahaan yang menimbulkan kerugian bagi perusahaan; h. dengan ceroboh atau sengaja membiarkan teman sekerja atau pengusaha dalam keadaan bahaya di tempat kerja; i. membongkar atau membocorkan rahasia perusahaan yang seharusnya dirahasiakan kecuali untuk kepentingan negara; atau j. melakukan perbuatan lainnya di lingkungan perusahaan yang diancam pidana penjara 5 (lima) tahun atau lebih. (2) Kesalahan berat sebagaimana dimaksud dalam ayat (1) harus didukung dengan bukti sebagai berikut: a. pekerja/buruh tertangkap tangan; b. ada pengakuan dari pekerja/buruh yang bersangkutan; atau c. bukti lain berupa laporan kejadian yang dibuat oleh pihak yang berwenang di perusahaan yang bersangkutan dan didukung oleh sekurang-kurangnya 2 (dua) orang saksi. (3) Pekerja/buruh yang diputus hubungan kerjanya berdasarkan alasan sebagaimana dimaksud dalam ayat (1), dapat memperoleh uang penggantian hak sebagaimana dimaksud dalam Pasal 156 ayat (4). (4) Bagi pekerja/buruh sebagaimana dimaksud dalam ayat (1) yang tugas dan fungsinya tidak mewakili kepentingan pengusaha secara langsung, selain uang penggantian hak sesuai dengan ketentuan Pasal 156 ayat (4) diberikan uang pisah yang besarnya dan pelaksanaannya diatur dalam perjanjian kerja, peraturan perusahaan, atau perjanjian kerja bersama."
UU_No_13_Tahun_2003_cleaned.txt,BAB XII: PEMUTUSAN HUBUNGAN KERJA,PASAL 159,"Apabila pekerja/buruh tidak menerima pemutusan hubungan kerja sebagaimana dimaksud dalam Pasal 158 ayat (1), pekerja/buruh yang bersangkutan dapat mengajukan gugatan ke lembaga penyelesaian perselisihan hubungan industrial."
UU_No_13_Tahun_2003_cleaned.txt,BAB XII: PEMUTUSAN HUBUNGAN KERJA,PASAL 160,"(1) Dalam hal pekerja/buruh ditahan pihak yang berwajib karena diduga melakukan tindak pidana bukan atas pengaduan pengusaha, maka pengusaha tidak wajib membayar upah tetapi wajib memberikan bantuan kepada keluarga pekerja/buruh yang menjadi tanggungannya dengan ketentuan sebagai berikut: a. untuk 1 (satu) orang tanggungan: 25% (dua puluh lima perseratus) dari upah; b. untuk 2 (dua) orang tanggungan: 35% (tiga puluh lima perseratus) dari upah; c. untuk 3 (tiga) orang tanggungan: 45% (empat puluh lima perseratus) dari upah; d. untuk 4 (empat) orang tanggungan atau lebih: 50% (lima puluh perseratus) dari upah. (2) Bantuan sebagaimana dimaksud dalam ayat (1) diberikan untuk paling lama 6 (enam) bulan takwin terhitung sejak hari pertama pekerja/buruh ditahan oleh pihak yang berwajib. (3) Pengusaha dapat melakukan pemutusan hubungan kerja terhadap pekerja/buruh yang setelah 6 (enam) bulan tidak ditjen Peraturan Perundang-undanganayat (1). (4) Dalam hal pengadilan memutuskan perkara pidana sebelum masa 6 (enam) bulan sebagaimana dimaksud dalam ayat (3) berakhir dan pekerja/buruh dinyatakan tidak bersalah, maka pengusaha wajib mempekerjakan pekerja/buruh kembali. (5) Dalam hal pengadilan memutuskan perkara pidana sebelum masa 6 (enam) bulan berakhir dan pekerja/buruh dinyatakan bersalah, maka pengusaha dapat melakukan pemutusan hubungan kerja kepada pekerja/buruh yang bersangkutan. (6) Pemutusan hubungan kerja sebagaimana dimaksud dalam ayat (3) dan ayat (5) dilakukan tanpa penetapan lembaga penyelesaian perselisihan hubungan industrial. (7) Pengusaha wajib membayar kepada pekerja/buruh yang mengalami pemutusan hubungan kerja sebagaimana dimaksud dalam ayat (3) dan ayat (5), uang penghargaan masa kerja 1 (satu) kali ketentuan Pasal 156 ayat (3) dan uang penggantian hak sesuai ketentuan dalam Pasal 156 ayat (4)."
UU_No_13_Tahun_2003_cleaned.txt,BAB XII: PEMUTUSAN HUBUNGAN KERJA,PASAL 161,"(1) Dalam hal pekerja/buruh melakukan pelanggaran ketentuan yang diatur dalam perjanjian kerja, peraturan perusahaan atau perjanjian kerja bersama, pengusaha dapat melakukan pemutusan hubungan kerja, setelah kepada pekerja/buruh yang bersangkutan diberikan surat peringatan pertama, kedua, dan ketiga secara berturut-turut. (2) Surat peringatan sebagaimana dimaksud dalam ayat (1) masing-masing berlaku untuk paling lama 6 (enam) bulan, kecuali ditetapkan lain dalam perjanjian kerja, peraturan perusahaan atau perjanjian kerja bersama. (3) Pekerja/buruh yang mengalami pemutusan hubungan kerja dengan alasan sebagaimana dimaksud dalam ayat (1) memperoleh uang pesangon sebesar 1 (satu) kali ketentuan Pasal 156 ayat (2), uang penghargaan masa kerja sebesar 1 (satu) kali ketentuan Pasal 156 ayat (3) dan uang penggantian hak sesuai ketentuan Pasal 156 ayat (4)."
UU_No_13_Tahun_2003_cleaned.txt,BAB XII: PEMUTUSAN HUBUNGAN KERJA,PASAL 162,"(1) Pekerja/buruh yang mengundurkan diri atas kemauan sendiri, memperoleh uang penggantian hak sesuai ketentuan Pasal 156 ayat (4). (2) Bagi pekerja/buruh yang mengundurkan diri atas kemauan sendiri, yang tugas dan fungsinya tidak mewakili kepentingan pengusaha secara langsung, selain menerima uang penggantian hak sesuai ketentuan Pasal 156 ayat (4) diberikan uang pisah yang besarnya dan pelaksanaannya diatur dalam perjanjian kerja, peraturan perusahaan atau perjanjian kerja bersama. (3) Pekerja/buruh yang mengundurkan diri sebagaimana dimaksud dalam ayat (1) harus memenuhi syarat: a. mengajukan permohonan pengunduran diri secara tertulis selambat-lambatnya 30 (tiga puluh) hari sebelum tanggal mulai pengunduran diri; b. tidak terikat dalam ikatan dinas; dan c. tetap melaksanakan kewajibannya sampai tanggal mulai pengunduran diri. (4) Pemutusan hubungan kerja dengan alasan pengunduran diri atas kemauan sendiri dilakukan tanpa penetapan lembaga penyelesaian perselisihan hubungan industrial."
UU_No_13_Tahun_2003_cleaned.txt,BAB XII: PEMUTUSAN HUBUNGAN KERJA,PASAL 163,"(1) Pengusaha dapat melakukan pemutusan hubungan kerja terhadap pekerja/buruh dalam hal terjadi perubahan status, penggabungan, peleburan, atau perubahan kepemilikan perusahaan dan pekerja/buruh tidak bersedia melanjutkan hubungan kerja, maka pekerja/buruh berhak atas uang pesangon sebesar 1 (satu) kali sesuai ketentuan Pasal 156 ayat (2), uang perhargaan masa kerja 1 (satu) kali ketentuan Pasal 156 ayat (3) dan uang penggantian hak sesuai ketentuan dalam Pasal 156 ayat (4). (2) Pengusaha dapat melakukan pemutusan hubungan kerja terhadap pekerja/buruh karena perubahan status, pengga- bungan, atau peleburan perusahaan, dan pengusaha tidak bersedia menerima pekerja/buruh di perusahaannya, maka pekerja/buruh berhak atas uang pesangon sebesar 2 (dua) kali ketentuan Pasal 156 ayat (2), uang penghargaan masa kerja 1 (satu) kali ketentuan dalam Pasal 156 ayat (3), dan uang penggantian hak sesuai ketentuan dalam Pasal 156 ayat (4)."
UU_No_13_Tahun_2003_cleaned.txt,BAB XII: PEMUTUSAN HUBUNGAN KERJA,PASAL 164,"(1) Pengusaha dapat melakukan pemutusan hubungan kerja terhadap pekerja/buruh karena perusahaan tutup yang disebabkan perusahaan mengalami kerugian secara terus menerus selama 2 (dua) tahun, atau keadaan memaksa (force majeur), dengan ketentuan pekerja/buruh berhak atas uang pesangon sebesar 1 (satu) kali ketentuan Pasal 156 ayat (2) uang penghargaan masa kerja sebesar 1 (satu) kali ketentuan Pasal 156 ayat (3) dan uang penggantian hak sesuai ketentuan Pasal 156 ayat (4). (2) Kerugian perusahaan sebagaimana dimaksud dalam ayat (1) harus dibuktikan dengan laporan keuangan 2 (dua) tahun terakhir yang telah diaudit oleh akuntan publik. (3) Pengusaha dapat melakukan pemutusan hubungan kerja terhadap pekerja/buruh karena perusahaan tutup bukan karena mengalami kerugian 2 (dua) tahun berturut-turut atau bukan karena keadaan memaksa (force majeur) tetapi perusahaan melakukan efisiensi, dengan ketentuan pekerja/buruh berhak atas uang pesangon sebesar 2 (dua) kali ditjen Peraturan Perundang-undanganuang penggantian hak sesuai ketentuan Pasal 156 ayat (4)."
UU_No_13_Tahun_2003_cleaned.txt,BAB XII: PEMUTUSAN HUBUNGAN KERJA,PASAL 165,"Pengusaha dapat melakukan pemutusan hubungan kerja terhadap pekerja/ buruh karena perusahaan pailit, dengan ketentuan pekerja/buruh berhak atas uang pesangon sebesar 1 (satu) kali ketentuan Pasal 156 ayat (2), uang penghargaan masa kerja sebesar 1 (satu) kali ketentuan Pasal 156 ayat (3) dan uang penggantian hak sesuai ketentuan Pasal 156 ayat (4)."
UU_No_13_Tahun_2003_cleaned.txt,BAB XII: PEMUTUSAN HUBUNGAN KERJA,PASAL 166,"Dalam hal hubungan kerja berakhir karena pekerja/buruh meninggal dunia, kepada ahli warisnya diberikan sejumlah uang yang besar perhitungannya sama dengan perhitungan 2 (dua) kali uang pesangon sesuai ketentuan Pasal 156 ayat (2), 1 (satu) kali uang penghargaan masa kerja sesuai ketentuan Pasal 156 ayat (3), dan uang penggantian hak sesuai ketentuan Pasal 156 ayat (4)."
UU_No_13_Tahun_2003_cleaned.txt,BAB XII: PEMUTUSAN HUBUNGAN KERJA,PASAL 167,"(1) Pengusaha dapat melakukan pemutusan hubungan kerja terhadap pekerja/buruh karena memasuki usia pensiun dan apabila pengusaha telah mengikutkan pekerja/buruh pada program pensiun yang iurannya dibayar penuh oleh pengusaha, maka pekerja/buruh tidak berhak mendapatkan uang pesangon sesuai ketentuan Pasal 156 ayat (2), uang penghargaan masa kerja sesuai ketentuan Pasal 156 ayat (3), tetapi tetap berhak atas uang penggantian hak sesuai ketentuan Pasal 156 ayat (4). (2) Dalam hal besarnya jaminan atau manfaat pensiun yang diterima sekaligus dalam program pensiun sebagaimana dimaksud dalam ayat (1) ternyata lebih kecil daripada jumlah uang pesangon 2 (dua) kali ketentuan Pasal 156 ayat (2) dan uang penghargaan masa kerja 1 (satu) kali ketentuan Pasal 156 ayat (3), dan uang penggantian hak sesuai ketentuan Pasal 156 ayat (4), maka selisihnya dibayar oleh pengusaha. (3) Dalam hal pengusaha telah mengikutsertakan pekerja/buruh dalam program pensiun yang iurannya/preminya dibayar oleh pengusaha dan pekerja/buruh, maka yang diperhitungkan dengan uang pesangon yaitu uang pensiun yang premi/iurannya dibayar oleh pengusaha. (4) Ketentuan sebagaimana dimaksud dalam ayat (1), ayat (2), dan ayat (3) dapat diatur lain dalam perjanjian kerja, peraturan perusahaan, atau perjanjian kerja bersama. (5) Dalam hal pengusaha tidak mengikutsertakan pekerja/buruh yang mengalami pemutusan hubungan kerja karena usia pensiun pada program pensiun maka pengusaha wajib memberikan kepada pekerja/buruh uang pesangon sebesar 2 (dua) kali ketentuan Pasal 156 ayat (2), uang penghargaan masa kerja 1 (satu) kali ketentuan Pasal 156 ayat (3) dan uang penggantian hak sesuai ketentuan Pasal 156 ayat (4). (6) Hak atas manfaat pensiun sebagaimana yang dimaksud dalam ayat (1), ayat (2), ayat (3), dan ayat (4) tidak menghilangkan hak pekerja/buruh atas jaminan hari tua yang bersifat wajib sesuai dengan peraturan perundang- undangan yang berlaku."
UU_No_13_Tahun_2003_cleaned.txt,BAB XII: PEMUTUSAN HUBUNGAN KERJA,PASAL 168,"(1) Pekerja/buruh yang mangkir selama 5 (lima) hari kerja atau lebih berturut-turut tanpa keterangan secara tertulis yang dilengkapi dengan bukti yang sah dan telah dipanggil oleh pengusaha 2 (dua) kali secara patut dan tertulis dapat diputus hubungan kerjanya karena dikualifikasikan mengundurkan diri. (2) Keterangan tertulis dengan bukti yang sah sebagaimana dimaksud dalam ayat (1) harus diserahkan paling lambat pada hari pertama pekerja/buruh masuk bekerja. (3) Pemutusan hubungan kerja sebagaimana dimaksud dalam ayat (1) pekerja/buruh yang bersangkutan berhak menerima uang penggantian hak sesuai ketentuan Pasal 156 ayat (4) dan diberikan uang pisah yang besarnya dan pelaksanaannya diatur dalam perjanjian kerja, peraturan perusahaan, atau perjanjian kerja bersama."
UU_No_13_Tahun_2003_cleaned.txt,BAB XII: PEMUTUSAN HUBUNGAN KERJA,PASAL 169,"(1) Pekerja/buruh dapat mengajukan permohonan pemutusan hubungan kerja kepada lembaga penyelesaian perselisihan hubungan industrial dalam hal pengusaha melakukan perbuatan sebagai berikut: a. menganiaya, menghina secara kasar atau mengancam pekerja/buruh; b. membujuk dan/atau menyuruh pekerja/buruh untuk melakukan perbuatan yang bertentangan dengan peraturan perundang-undangan; c. tidak membayar upah tepat pada waktu yang telah ditentukan selama 3 (tiga) bulan berturut-turut atau lebih; d. tidak melakukan kewajiban yang telah dijanjikan kepada pekerja/ buruh; e. memerintahkan pekerja/buruh untuk melaksanakan pekerjaan di luar yang diperjanjikan; atau f. memberikan pekerjaan yang membahayakan jiwa, keselamatan, kesehatan, dan kesusilaan pekerja/buruh sedangkan pekerjaan tersebut tidak dicantumkan pada perjanjian kerja. (2) Pemutusan hubungan kerja dengan alasan sebagaimana dimaksud dalam ayat (1) pekerja/buruh berhak mendapat uang pesangon 2 (dua) kali ketentuan Pasal 156 ayat (2), uang penghargaan masa kerja 1 (satu) kali ketentuan Pasal 156 ayat (3), dan uang penggantian hak sesuai ketentuan Pasal 156 ayat (4). ditjen Peraturan Perundang-undanganpenyelesaian perselisihan hubungan industrial maka pengusaha dapat melakukan pemutusan hubungan kerja tanpa penetapan lembaga penyelesaian perselisihan hubungan industrial dan pekerja/buruh yang bersangkutan tidak berhak atas uang pesangon sesuai ketentuan Pasal 156 ayat (2), dan uang penghargaan masa kerja sesuai ketentuan Pasal 156 ayat (3)."
UU_No_13_Tahun_2003_cleaned.txt,BAB XII: PEMUTUSAN HUBUNGAN KERJA,PASAL 170,"Pemutusan hubungan kerja yang dilakukan tidak memenuhi keten-tuan Pasal 151 ayat (3) dan Pasal 168, kecuali Pasal 158 ayat (1), Pasal 160 ayat (3), Pasal 162, dan Pasal 169 batal demi hukum dan pengusaha wajib mempekerjakan pekerja/buruh yang bersangkutan serta membayar seluruh upah dan hak yang seharusnya diterima."
UU_No_13_Tahun_2003_cleaned.txt,BAB XII: PEMUTUSAN HUBUNGAN KERJA,PASAL 171,"Pekerja/buruh yang mengalami pemutusan hubungan kerja tanpa penetapan lembaga penyelesaian perselisihan hubungan industrial yang berwenang sebagaimana dimaksud dalam Pasal 158 ayat (1), Pasal 160 ayat (3), dan Pasal 162, dan pekerja/buruh yang bersangkutan tidak dapat menerima pemutusan hubungan kerja tersebut, maka pekerja/buruh dapat mengajukan gugatan ke lembaga penyelesaian perselisihan hubungan industrial dalam waktu paling lama 1 (satu) tahun sejak tanggal dilakukan pemutusan hubungan kerjanya."
UU_No_13_Tahun_2003_cleaned.txt,BAB XII: PEMUTUSAN HUBUNGAN KERJA,PASAL 172,"Pekerja/buruh yang mengalami sakit berkepanjangan, mengalami cacat akibat kecelakaan kerja dan tidak dapat melakukan pekerjaannya setelah melampaui batas 12 (dua belas) bulan dapat mengajukan pemutusan hubungan kerja dan diberikan uang pesangon 2 (dua) kali ketentuan Pasal 156 ayat (2), uang penghargaan masa kerja 2 (dua) kali ketentuan Pasal 156 ayat (3), dan uang pengganti hak 1 (satu) kali ketentuan Pasal 156 ayat (4). BAB XIII : PEMBINAAN"
UU_No_13_Tahun_2003_cleaned.txt,BAB XIII: PEMBINAAN,PASAL 173,"(1) Pemerintah melakukan pembinaan terhadap unsur-unsur dan kegiatan yang berhubungan dengan ketenagakerjaan. (2) Pembinaan sebagaimana dimaksud dalam ayat (1), dapat mengikutsertakan organisasi pengusaha, serikat pekerja/serikat buruh, dan organisasi profesi terkait. (3) Pembinaan sebagaimana dimaksud dalam ayat (1), dan ayat (2), dilaksanakan secara terpadu dan terkoordinasi."
UU_No_13_Tahun_2003_cleaned.txt,BAB XIII: PEMBINAAN,PASAL 174,"Dalam rangka pembinaan ketenagakerjaan, pemerintah, organisasi pengusaha, serikat pekerja/serikat buruh dan organisasi profesi terkait dapat melakukan kerja sama internasional di bidang ketenagakerjaan sesuai dengan peraturan perundang-undangan yang berlaku."
UU_No_13_Tahun_2003_cleaned.txt,BAB XIII: PEMBINAAN,PASAL 175,"(1) Pemerintah dapat memberikan penghargaan kepada orang atau lembaga yang telah berjasa dalam pembinaan ketenagakerjaan. (2) Penghargaan sebagaimana dimaksud dalam ayat (1) dapat diberikan dalam bentuk piagam, uang, dan/atau bentuk lainnya. BAB XIV : PENGAWASAN"
UU_No_13_Tahun_2003_cleaned.txt,BAB XIV: PENGAWASAN,PASAL 176,Pengawasan ketenagakerjaan dilakukan oleh pegawai pengawas ketenaga-kerjaan yang mempunyai kompetensi dan independen guna menjamin pelaksanaan peraturan perundang-undangan ketenagakerjaan.
UU_No_13_Tahun_2003_cleaned.txt,BAB XIV: PENGAWASAN,PASAL 177,Pegawai pengawas ketenagakerjaan sebagaimana dimaksud dalam Pasal 176 ditetapkan oleh Menteri atau pejabat yang ditunjuk.
UU_No_13_Tahun_2003_cleaned.txt,BAB XIV: PENGAWASAN,PASAL 178,"(1) Pengawasan ketenagakerjaan dilaksanakan oleh unit kerja tersendiri pada instansi yang lingkup tugas dan tanggung jawabnya di bidang ketenagakerjaan pada pemerintah pusat, pemerintah provinsi, dan pemerintah kabupaten/kota. (2) Pelaksanaan pengawasan ketenagakerjaan sebagaimana dimaksud dalam ayat (1) diatur dengan Keputusan Presiden."
UU_No_13_Tahun_2003_cleaned.txt,BAB XIV: PENGAWASAN,PASAL 179,(1) Unit kerja pengawasan ketenagakerjaan sebagaimana dimaksud dalam Pasal 178 pada pemerintah provinsi dan ditjen Peraturan Perundang-undangan(2) Tata cara penyampaian laporan sebagaimana dimaksud dalam ayat (1) ditetapkan dengan Keputusan Menteri.
UU_No_13_Tahun_2003_cleaned.txt,BAB XIV: PENGAWASAN,PASAL 180,"Ketentuan mengenai persyaratan penunjukan, hak dan kewajiban, serta wewenang pegawai pengawas ketenagakerjaan sebagaimana dimaksud dalam Pasal 176 sesuai dengan peraturan perundang-undangan yang berlaku."
UU_No_13_Tahun_2003_cleaned.txt,BAB XIV: PENGAWASAN,PASAL 181,Pegawai pengawas ketenagakerjaan dalam melaksanakan tugasnya sebagaimana dimaksud dalam Pasal 176 wajib: a. merahasiakan segala sesuatu yang menurut sifatnya patut dirahasiakan; b. tidak menyalahgunakan kewenangannya. BAB XV : PENYIDIKAN
UU_No_13_Tahun_2003_cleaned.txt,BAB XV: PENYIDIKAN,PASAL 182,"(1) Selain penyidik pejabat Polisi Negara Republik Indonesia, juga kepada pegawai pengawas ketenagakerjaan dapat diberi wewenang khusus sebagai penyidik pegawai negeri sipil sesuai dengan peraturan perundang-undangan yang berlaku. (2) Penyidik Pegawai Negeri Sipil sebagaimana dimaksud dalam ayat (1) berwenang: a. melakukan pemeriksaan atas kebenaran laporan serta keterangan tentang tindak pidana di bidang ketenaga-kerjaan; b. melakukan pemeriksaan terhadap orang yang diduga melakukan tindak pidana di bidang ketenagakerjaan; c. meminta keterangan dan bahan bukti dari orang atau badan hukum sehubungan dengan tindak pidana di bidang ketenagakerjaan; d. melakukan pemeriksaan atau penyitaan bahan atau barang bukti dalam perkara tindak pidana di bidang ketenaga- kerjaan; e. melakukan pemeriksaan atas surat dan/atau dokumen lain tentang tindak pidana di bidang ketenagakerjaan; f. meminta bantuan tenaga ahli dalam rangka pelaksanaan tugas penyidikan tindak pidana di bidang ketenagakerjaan; dan g. menghentikan penyidikan apabila tidak terdapat cukup bukti yang membuktikan tentang adanya tindak pidana di bidang ketenagakerjaan. (3) Kewenangan penyidik pegawai negeri sipil sebagaimana dimaksud dalam ayat (2) dilaksanakan sesuai dengan peraturan perundang-undangan yang berlaku. BAB XVI : KETENTUAN PIDANA DAN SANKSI ADMINISTRATIF Bagian Pertama Ketentuan Pidana"
UU_No_13_Tahun_2003_cleaned.txt,BAB XVI: KETENTUAN PIDANA DAN,PASAL 183,"(1) Barang siapa melanggar ketentuan sebagaimana dimaksud dalam Pasal 74, dikenakan sanksi pidana penjara paling singkat 2 (dua) tahun dan paling lama 5 (lima) tahun dan/atau denda paling sedikit Rp 200.000.000,00 (dua ratus juta rupiah) dan paling banyak Rp 500.000.000,00 (lima ratus juta rupiah). (2) Tindak pidana sebagaimana dimaksud dalam ayat (1) merupakan tindak pidana kejahatan."
UU_No_13_Tahun_2003_cleaned.txt,BAB XVI: KETENTUAN PIDANA DAN,PASAL 184,"(1) Barang siapa melanggar ketentuan sebagaimana dimaksud dalam Pasal 167 ayat (5), dikenakan sanksi pidana penjara paling singkat 1 (satu) tahun dan paling lama 5 (lima) tahun dan/atau denda paling sedikit Rp 100.000.000,00 (seratus juta rupiah) dan paling banyak Rp 500.000.000,00 (lima ratus juta rupiah). (2) Tindak pidana sebagaimana dimaksud dalam ayat (1) merupakan tindak pidana kejahatan."
UU_No_13_Tahun_2003_cleaned.txt,BAB XVI: KETENTUAN PIDANA DAN,PASAL 185,"(1) Barang siapa melanggar ketentuan sebagaimana dimaksud dalam Pasal 42 ayat (1) dan ayat (2), Pasal 68, Pasal 69 ayat (2), Pasal 80, Pasal 82, Pasal 90 ayat (1), Pasal 143, dan Pasal 160 ayat (4) dan ayat (7), dikenakan sanksi pidana penjara paling singkat 1 (satu) tahun dan paling lama 4 (empat) tahun dan/atau denda paling sedikit Rp 100.000.000,00 (seratus juta rupiah) dan paling banyak Rp 400.000.000,00 (empat ratus juta rupiah). (2) Tindak pidana sebagaimana dimaksud dalam ayat (1) merupakan tindak pidana kejahatan."
UU_No_13_Tahun_2003_cleaned.txt,BAB XVI: KETENTUAN PIDANA DAN,PASAL 186,"(1) Barang siapa melanggar ketentuan sebagaimana dimaksud dalam Pasal 35 ayat (2) dan ayat (3), Pasal 93 ayat (2), Pasal 137, dan Pasal 138 ayat (1), dikenakan sanksi pidana penjara paling singkat 1 (satu) bulan dan paling lama 4 ditjen Peraturan Perundang-undangan400.000.000,00 (empat ratus juta rupiah). (2) Tindak pidana sebagaimana dimaksud dalam ayat (1) merupakan tindak pidana pelanggaran."
UU_No_13_Tahun_2003_cleaned.txt,BAB XVI: KETENTUAN PIDANA DAN,PASAL 187,"(1) Barang siapa melanggar ketentuan sebagaimana dimaksud dalam Pasal 37 ayat (2), Pasal 44 ayat (1), Pasal 45 ayat (1), Pasal 67 ayat (1), Pasal 71 ayat (2), Pasal 76, Pasal 78 ayat (2), Pasal 79 ayat (1), dan ayat (2), Pasal 85 ayat (3), dan Pasal 144, dikenakan sanksi pidana kurungan paling singkat 1 (satu) bulan dan paling lama 12 (dua belas) bulan dan/atau denda paling sedikit Rp 10.000.000,00 (sepuluh juta rupiah) dan paling banyak Rp 100.000.000,00 (seratus juta rupiah). (2) Tindak pidana sebagaimana dimaksud dalam ayat (1) merupakan tindak pidana pelanggaran."
UU_No_13_Tahun_2003_cleaned.txt,BAB XVI: KETENTUAN PIDANA DAN,PASAL 188,"(1) Barang siapa melanggar ketentuan sebagaimana dimaksud dalam Pasal 14 ayat (2), Pasal 38 ayat (2), Pasal 63 ayat (1), Pasal 78 ayat (1), Pasal 108 ayat (1), Pasal 111 ayat (3), Pasal 114, dan Pasal 148, dikenakan sanksi pidana denda paling sedikit Rp 5.000.000,00 (lima juta rupiah) dan paling banyak Rp 50.000.000,00 (lima puluh juta rupiah). (2) Tindak pidana sebagaimana dimaksud dalam ayat (1) merupakan tindak pidana pelanggaran."
UU_No_13_Tahun_2003_cleaned.txt,BAB XVI: KETENTUAN PIDANA DAN,PASAL 189,"Sanksi pidana penjara, kurungan, dan/atau denda tidak menghilangkan kewajiban pengusaha membayar hak-hak dan/atau ganti kerugian kepada tenaga kerja atau pekerja/buruh. Bagian Kedua Sanksi Administratif"
UU_No_13_Tahun_2003_cleaned.txt,BAB XVI: KETENTUAN PIDANA DAN,PASAL 190,"(1) Menteri atau pejabat yang ditunjuk mengenakan sanksi administratif atas pelanggaran ketentuan-ketentuan sebagaimana diatur dalam Pasal 5, Pasal 6, Pasal 15, Pasal 25, Pasal 38 ayat (2), Pasal 45 ayat (1), Pasal 47 ayat (1), Pasal 48, Pasal 87, Pasal 106, Pasal 126 ayat (3), dan Pasal 160 ayat (1) dan ayat (2) Undang-undang ini serta peraturan pelaksanaannya. (2) Sanksi administratif sebagaimana dimaksud dalam ayat (1) berupa: a. teguran; b. peringatan tertulis; c. pembatasan kegiatan usaha; d. pembekuan kegiatan usaha; e. pembatalan persetujuan; f. pembatalan pendaftaran; g. penghentian sementara sebagian atau seluruh alat produksi; h. pencabutan ijin. (3) Ketentuan mengenai sanksi administratif sebagaimana dimaksud dalam ayat (1) dan ayat (2) diatur lebih lanjut oleh Menteri. BAB XVII : KETENTUAN PERALIHAN"
UU_No_13_Tahun_2003_cleaned.txt,BAB XVII: KETENTUAN PERALIHAN,PASAL 191,Semua peraturan pelaksanaan yang mengatur ketenagakerjaan tetap berlaku sepanjang tidak bertentangan dan/atau belum diganti dengan peraturan yang baru berdasarkan Undang-undang ini. BAB XVIII : KETENTUAN PENUTUP
UU_No_13_Tahun_2003_cleaned.txt,BAB XVIII: KETENTUAN PENUTUP,PASAL 192,"(1) Pada saat mulai berlakunya Undang-undang ini, maka: 1. Ordonansi tentang Pengerahan Orang Indonesia Untuk Melakukan Pekerjaan Di Luar Indonesia (Staatsblad Tahun 1887 Nomor 8); 2. Ordonansi tanggal 17 Desember 1925 Peraturan tentang Pembatasan Kerja Anak Dan Kerja Malam Bagi Wanita (Staatsblad Tahun 1925 Nomor 647); 3. Ordonansi Tahun 1926 Peraturan mengenai Kerja Anakanak Dan Orang Muda Di Atas Kapal (Staatsblad Tahun 1926 Nomor 87); 4. Ordonansi tanggal 4 Mei 1936 tentang Ordonansi untuk Mengatur Kegiatankegiatan Mencari Calon Pekerja (Staatsblad Tahun 1936 Nomor 208); ditjen Peraturan Perundang-undanganNomor 545); 6. Ordonansi Nomor 9 Tahun 1949 tentang Pembatasan Kerja Anakanak (Staatsblad Tahun 1949 Nomor 8); (2) Undang-undang Nomor 1 Tahun 1951 tentang Pernyataan Berlakunya Undang-undang Kerja Tahun 1948 Nomor 12 Dari Republik Indonesia Untuk Seluruh Indonesia (Lembaran Negara Tahun 1951 Nomor 2); (3) Undang-undang Nomor 21 Tahun 1954 tentang Perjanjian Perburuhan Antara Serikat Buruh Dan Majikan (Lembaran Negara Tahun 1954 Nomor 69, Tambahan Lembaran Negara Nomor 598a); (4) Undang-undang Nomor 3 Tahun 1958 tentang Penempatan Tenaga Asing (Lembaran Negara Tahun 1958 Nomor 8 ); (5) Undang-undang Nomor 8 Tahun 1961 tentang Wajib Kerja Sarjana (Lembaran Negara Tahun 1961 Nomor 207, Tambahan Lembaran Negara Nomor 2270); (6) Undang-undang Nomor 7 Pnps Tahun 1963 tentang Pencegahan Pemogokan dan/atau Penutupan (Lock Out) Di Perusahaan, Jawatan, dan Badan Yang Vital (Lembaran Negara Tahun 1963 Nomor 67); (7) Undang-undang Nomor 14 Tahun 1969 tentang Ketentuan-ketentuan Pokok Mengenai Tenaga Kerja (Lembaran Negara Tahun 1969 Nomor 55, Tambahan Lembaran Negara Nomor 2912); (8) Undang-undang Nomor 25 Tahun 1997 tentang Ketenagakerjaan (Lembaran Negara Tahun 1997 Nomor 73, Tambahan Lembaran Negara Nomor 3702); (9) Undang-undang Nomor 11 Tahun 1998 tentang Perubahan Berlakunya Undang-undang Nomor 25 Tahun 1997 tentang Ketenagakerjaan (Lembaran Negara Tahun 1998 Nomor 184, Tambahan Lembaran Negara Nomor 3791); (10) Undang-undang Nomor 28 Tahun 2000 tentang Penetapan Peraturan Pemerintah Pengganti Undang-undang Nomor 3 Tahun 2000 tentang Perubahan Atas Undang-undang Nomor 11 Tahun 1998 tentang Perubahan Berlakunya Undang- undang Nomor 25 Tahun 1997 tentang Ketenagakerjaan Menjadi Undang-undang (Lembaran Negara Tahun 2000 Nomor 240, Tambahan Lembaran Negara Nomor 4042), dinyatakan tidak berlaku lagi."
UU_No_13_Tahun_2003_cleaned.txt,BAB XVIII: KETENTUAN PENUTUP,PASAL 193,Undang-undang ini mulai berlaku pada tanggal diundangkan.
UU_No_14_Tahun_2019_cleaned.txt,BAB I: KETENT UAN UMUM,PASAL 1,"Dalam Undang -Undang ini yang dimaksud dengan:   1. Pekerja Sosial adalah seseorang yang memiliki  pengetahuan, keterampilan, dan nilai praktik pekerjaan  sosial serta telah mendapatkan sertifikat kompetensi.   2. Praktik Pekerjaan Sosial adalah penyelenggaraan   pertolongan profesional yang terencana, terpadu,  berkesinambungan dan tersupervisi  untuk  mencegah  disfungsi sosial, serta  memulihkan  dan meningkatkan  keberfungsian sosial individu, keluarga, kelompok, dan  masyarakat.   3. Keberfungsian Sosial adalah  suatu kondisi yang  memungkinkan individu, keluarga, kelompok, dan  masyarakat mampu memenuhi kebutuhan dan hak  dasarnya, melaksanakan tugas dan peranan sosialnya,  serta mengatasi masalah dalam kehidupannya.   4. Pencegahan Disfungsi Sosial adalah upaya untuk  mencegah keterbatasan individu, keluarga, kelompok,  dan masyarakat dalam menjalankan keberfungsian  sosialnya.   5. Rehabilitasi Sosial adalah proses refungsionalisasi dan  pengembangan untuk memungkinkan seseorang  mampu melaksanakan fungsi sosialnya secara wajar  dalam kehidupan masyarakat.   6. Pemberdayaan Sosial adalah upaya yang diarahkan  untuk menjadikan individu, keluarga, kelompok, dan  masyarakat yang mengalami masalah sosial agar  berdaya sehingga mampu memenuhi kebutuhan  dasarnya.   7. Pengembangan Sosial adalah upaya  untuk  meningkatkan dan mengembangkan kemampuan atau  daya guna individu, keluarga, kelompok, dan  masyarakat yang sudah berfungsi dengan baik.   8. Pelindungan Sosial adalah upaya yang diarahkan untuk  mencegah dan menangani risiko dari guncangan dan  kerentanan s osial.   9. Klien adalah penerima manfaat pelayanan Praktik  Pekerjaan Sosial yang meliputi individu, keluarga,  kelompok, dan masyarakat.   10. Sertifikat Kompetensi adalah surat tanda pengakuan  secara hukum terhadap kompetensi Pekerja Sosial  untuk dapat menjalankan praktik di seluruh Indonesia  setelah lulus Uji Kompetensi.   11. Uji Kompetensi adalah proses penilaian kompetensi  secara terukur dan objektif untuk menilai capaian  kompetensi dalam Praktik Pekerjaan Sosial dengan  mengacu pada standar kompetensi.   12. Registrasi ad alah pencatatan resmi terhadap Pekerja  Sosial yang memiliki Sertifikat Kompetensi untuk  menjalankan Praktik Pekerjaan Sosial di Organisasi  Pekerja Sosial.   13. Surat Tanda Registrasi yang selanjutnya disingkat STR  adalah bukti tertulis yang diberikan oleh Orga nisasi  Pekerja Sosial kepada Pekerja Sosial yang telah  diregistrasi.   14. Registrasi Ulang adalah pencatatan ulang terhadap  Pekerja Sosial yang telah diregistrasi setelah memenuhi  persyaratan yang berlaku.   15. Surat Izin Praktik Pekerja Sosial yang selanjutnya  disingkat SIPPS adalah bukti tertulis yang diberikan  oleh pemerintah daerah kabupaten/kota kepada  Pekerja Sosial sebagai pemberian kewenangan untuk  menjalankan Praktik Pekerjaan Sosial.   16. Organisasi Pekerja Sosial adalah wadah berhimpun  Pekerja Sosial yang bersi fat independen, mandiri, dan  berbadan hukum.   17. Pemerintah Pusat adalah Presiden Republik Indonesia  yang memegang kekuasaan pemerintahan negara  Republik Indonesia yang dibantu oleh Wakil Presiden  dan menteri sebagaimana dimaksud dalam Undang - Undang Dasar Nega ra Republik Indonesia Tahun 1945.   18. Pemerintah Daerah adalah kepala daerah sebagai unsur  penyelenggara pemerintahan daerah yang memimpin  pelaksanaan urusan pemerintahan yang menjadi  kewenangan daerah otonom.   19. Menteri adalah menteri yang menyelenggarakan urusa n  pemerintahan di bidang sosial."
UU_No_14_Tahun_2019_cleaned.txt,BAB I: KETENT UAN UMUM,PASAL 2,Pekerja Sosial melaksanakan Praktik Pekerjaan Sosial  dengan berasaskan:   a. nondiskriminatif;   b. kesetiakawanan;   c. keadilan;   d. profesionalitas;   e. kemanfaatan;   f. keterpaduan;   g. kemitraan;   h. aksesibilitas; dan   i. akuntabilitas.
UU_No_14_Tahun_2019_cleaned.txt,BAB I: KETENT UAN UMUM,PASAL 3,"Pekerja Sosial melaksanakan Praktik Pekerjaan Sosial  dengan tujuan:   a. mencegah terjadinya disfungsi sosial individu, keluarga,  kelompok, dan masyarakat;   b. memulihkan dan meningkatkan Keberfungsian Sosial  individu, keluarga, kelompok, dan masyarakat;   c. meningkatk an ketahanan sosial masyarakat dalam  menghadapi masalah kesejahteraan sosial;   d. meningkatkan kualitas manajemen penyelenggaraan  kesejahteraan sosial dalam rangka mencapai  kemandirian individu, keluarga, kelompok, dan  masyarakat; dan   e. meningkatkan kemampuan d an kepedulian masyarakat  dalam penyelenggaraan kesejahteraan sosial secara  melembaga dan berkelanjutan.     BAB II : PRAKTIK PEKERJAAN SOSIAL   Bagian Kesatu   Umum"
UU_No_14_Tahun_2019_cleaned.txt,BAB II: PRAKTIK PEKERJAAN SOSIAL,PASAL 4,Praktik Pekerjaan Sosial meliputi :  a. Pencegahan Disfungsi Sosial;   b. Pelindungan Sosial;   c. Rehabi litasi Sosial;   d. Pemberdayaan Sosial; dan   e. Pengembangan Sosial.
UU_No_14_Tahun_2019_cleaned.txt,BAB II: PRAKTIK PEKERJAAN SOSIAL,PASAL 5,Praktik Pekerjaan  Sosial harus dilengkapi dengan sarana  dan prasarana pelayanan sesuai dengan standar pelayanan  dan standar operasional prosedur .      Bagian Kedua   Pencegahan Disfungsi Sosi al
UU_No_14_Tahun_2019_cleaned.txt,BAB II: PRAKTIK PEKERJAAN SOSIAL,PASAL 6,"(1) Pencegahan Disfungsi Sosial sebagaimana dimaksud  dalam Pasal 4 huruf a merupakan intervensi pekerjaan  sosial yang ditujukan untuk mencegah terjadinya  disfungsi sosial individu, keluarga, kelompok, dan  masyarakat.   (2) Pencegahan  Disfungsi Sosial seb agaimana dimaksud  pada ayat (1) dilakukan dalam bentuk:   a. penyuluhan sosial;   b. bimbingan sosial;   c. pendampingan sosial;   d. peningkatan kapasitas;   e. pelatihan keterampilan;   f. pelayanan aksesibilitas;   g. advokasi sosial; dan/atau   h. Pencegahan Disfungsi Sosial bentuk lain .  (3) Pencegahan Disfungsi  Sosial bentuk lain sebagaimana  dimaksud pada ayat (2) huruf h ditetapkan oleh  Menteri.     Bagian Ketiga   Pelindungan Sosial"
UU_No_14_Tahun_2019_cleaned.txt,BAB II: PRAKTIK PEKERJAAN SOSIAL,PASAL 7,"(1) Pelindungan Sosial sebagaimana dimaksud dalam Pasal  4 huruf b merupakan intervensi pekerjaan sosial yang  ditujukan untuk mencegah dan menangani risiko dari  guncangan dan kerentanan sosial individu, keluarga,  kelompok, dan masyarakat agar kelangsungan  hidupnya dapat dipenuhi sesuai dengan kebutuhan  dasar minimal.   (2) Pelindungan Sosial sebagaimana dimaksud pada ay at  (1) dilakukan melalui:   a. bantuan sosial;   b. advokasi sosial; dan/atau   c. pember ian akses bantuan hukum .    Bagian Keempat   Rehabilitasi Sosial"
UU_No_14_Tahun_2019_cleaned.txt,BAB II: PRAKTIK PEKERJAAN SOSIAL,PASAL 8,"(1) Rehabilitasi Sosial sebagaimana dimaksud dalam Pasal  4 huruf c merupakan intervensi pekerjaan sosial yang  dituju kan untuk memulihkan dan mengembangkan  kemampuan individu, keluarga, kelompok, dan  masyarakat yang mengalami disfungsi sosial agar dapat  melaksanakan fungsi sosialnya secara wajar.   (2) Rehabilitasi Sosial sebagaimana dimaksud pada ayat (1)  dapat dilaksanakan secara persuasif, motivatif, dan  koersif."
UU_No_14_Tahun_2019_cleaned.txt,BAB II: PRAKTIK PEKERJAAN SOSIAL,PASAL 9,Rehabilitasi Sosial terdiri atas:   a. Rehabilitasi Sosial dasar; dan   b. Rehabilitasi Sosial lanjut.
UU_No_14_Tahun_2019_cleaned.txt,BAB II: PRAKTIK PEKERJAAN SOSIAL,PASAL 10,"(1) Rehabilitasi Sosial dasar sebagaimana dimaksud dalam  Pasal 9 huruf a merupakan upaya yang dilakuka n  untuk memulihkan Keberfungsian Sosial individu,  keluarga, kelompok, dan /atau  masyarakat.    (2) Rehabilitasi Sosial dasar sebagaimana dimaksud pada  ayat (1) dilakukan dalam bentuk:   a. motivasi dan diagnosis psikososial;   b. perawatan dan pengasuhan;    c. bimbingan ment al spiritual;   d. bimbingan fisik;   e. bimbingan sosial dan konseling;   f. pelayanan aksesibilitas;   g. bantuan dan asistensi sosial; dan/atau   h. rujukan."
UU_No_14_Tahun_2019_cleaned.txt,BAB II: PRAKTIK PEKERJAAN SOSIAL,PASAL 11,"(1) Rehabilitasi Sosial lanjut sebagaimana dimaksud dalam  Pasal 9 huruf b merupakan upaya yang dilakukan  untuk m engembangkan Keberfungsian Sosial individu,  keluarga, kelompok,  dan masyarakat.    (2) Rehabilitasi Sosial lanjut sebagaimana dimaksud pada  ayat (1) dilakukan dalam bentuk:   a. motivasi dan diagnosis psikososial;   b. perawatan dan pengasuhan;    c. pelatihan vokasional d an pembinaan  kewirausahaan;    d. pelayanan aksesibilitas;   e. bantuan dan asistensi sosial;   f. bimbingan resosialisasi;   g. bimbingan lanjut; dan/atau   h. rujukan.   (3) Selain bentuk sebagaimana dimaksud pada ayat ( 2)  Rehabilitasi Sosial lanjut juga dilakukan dalam bentuk:   a. terapi fisik;   b. terapi mental spiritual;   c. terapi psikososial;   d. terapi untuk penghidupan;   e. pemenuhan hidup layak;   f. dukungan aksesibilitas; dan/atau   g. bentuk lainnya yang mendukung Keberfungsian  Sosial."
UU_No_14_Tahun_2019_cleaned.txt,BAB II: PRAKTIK PEKERJAAN SOSIAL,PASAL 12,"Ketentuan lebih lanjut mengenai pelaksanaan Rehabilitas i  Sosial sebagaimana dimaksud dalam Pasal 9, Pasal 10, dan  Pasal 11 diatur dalam Peraturan Pemerintah.               Bagian Kelima    Pemberdayaan Sosial"
UU_No_14_Tahun_2019_cleaned.txt,BAB II: PRAKTIK PEKERJAAN SOSIAL,PASAL 13,"(1) Pemberdayaan Sosial sebagaimana dimaksud dalam  Pasal 4 huruf d  merupakan intervensi pekerjaan sosial   yang ditujukan untuk :  a. memberdayakan individu, keluarga, kelompok,  dan/atau masyarakat yang mengalami masalah  sosial agar mampu meningkatkan kualitas  kehidupannya secara mandiri; dan   b. meningkatkan peran serta lembaga dan/atau  perseorangan sebagai potensi  dan sumber daya  dalam penyelenggaraan kesejahteraan sosial.   (2) Pemberdayaan  Sosial sebagaimana dimaksud pada ayat  (1) dilakukan melalui :   a. identifikasi permasalahan dan sumber daya yang  dapat dikembangkan;   b. penumbuhan kesadaran dan pemberian motivasi;   c. pelatihan ke terampilan;   d. penguatan kelembagaan dalam masyarakat;   e. pendampingan;   f. kemitraan dan penggalangan dana;   g. pemberian akses terhadap stimulan modal,  peralatan usaha, dan tempat usaha;   h. peningkatan akses pemasaran hasil usaha;   i. supervisi dan advokasi sosial;   j. pengu atan keserasian sosial; dan/atau   k. bimbingan lanjut.     Bagian Keenam   Pengembangan Sosial"
UU_No_14_Tahun_2019_cleaned.txt,BAB II: PRAKTIK PEKERJAAN SOSIAL,PASAL 14,"(1) Pengembangan Sosial sebagaimana dimaksud dalam  Pasal 4 huruf e merupakan intervensi pekerjaan sosial  yang ditujukan untuk meningkatkan  dan  mengembangkan  kualit as kehidup an serta   Keberfungsian Sosial individu, keluarga,  kelompok,  dan/atau  masyarakat melalui partisipasi aktif atas  prakarsa perseorangan, keluarga, kelompok, dan  masyarakat .   (2) Pengembangan Sosial sebagaimana dimaksud pada ayat  (1) dilakukan dalam ben tuk:  a. pemetaan sosial;   b. advokasi sosial;   c. pendidikan psikoedukasi;   d. kampanye sosial;   e. pengembangan kemitraan;   f. peningkatan aksesibilitas;   g. supervisi sosial;   h. penguatan integrasi sosial;   i. pengembangan inovasi pekerjaan sosial; dan/atau   j. Pengembangan Sosial bentuk la in.  (3) Pengembangan  Sosial bentuk lain sebagaimana  dimaksud pada ayat (2) huruf j ditetapkan oleh Menteri.     BAB III : STANDAR PRAKTIK PEKERJAAN SOSIAL   Bagian Kesatu   Umum"
UU_No_14_Tahun_2019_cleaned.txt,BAB III: STANDAR PRAKTIK PEKERJAAN SOSIAL,PASAL 15,(1) Praktik Pekerjaan Sosial di laksanakan  berdasarkan  standar Praktik Pekerjaan Sosi al.   (2) Standar Praktik Pekerjaan Sosial sebagaimana  dimaksud pada ayat (1) meliputi:   a. standar operasional prosedur ;   b. standar kompetensi Pekerja Sosial; dan   c. standar layanan.         Bagian Kedua   Standar Operasional Prosedur
UU_No_14_Tahun_2019_cleaned.txt,BAB III: STANDAR PRAKTIK PEKERJAAN SOSIAL,PASAL 16,"(1) Standar operasional prosedur se bagaimana dimaksud  dalam Pasal 15 ayat (2) huruf a meliputi:   a. pendekatan awal;   b. asesmen;   c. perencanaan intervensi;   d. intervensi; dan   e. evaluasi, rujukan, dan terminasi.   (2) Ketentuan lebih lanjut mengenai standar operasional  prosedur sebagaimana dimaksud pada ayat (1 ) diatur   dengan Peraturan  Menteri.     Bagian Ketiga   Standar Kompetensi Pekerja Sosial"
UU_No_14_Tahun_2019_cleaned.txt,BAB III: STANDAR PRAKTIK PEKERJAAN SOSIAL,PASAL 17,"(1) Standar kompetensi Pekerja Sosial sebagaimana  dimaksud dalam Pasal 1 5 ayat (2) huruf b meliputi  standar:   a. pengetahuan ;  b. keterampilan; dan   c. nilai,   dalam Praktik Peke rjaan Sosial.   (2) Standar kompetensi Pekerja Sosial sebagaimana  dimaksud pada ayat (1) disusun oleh Menteri dengan  memperhatikan usulan dari Organisasi  Pekerja Sosial.   (3) Ketentuan lebih lanjut mengenai standar kompetensi  Pekerja Sosial sebagaimana dimaksud pada ayat (1)  diatur dengan Peraturan Menteri.             Bagian Keempat   Standar Layanan"
UU_No_14_Tahun_2019_cleaned.txt,BAB III: STANDAR PRAKTIK PEKERJAAN SOSIAL,PASAL 18,(1) Standar layanan sebagaimana dimaksud dalam Pasal  15 ayat (2) huruf c  dilandaskan pada fungsi Praktik  Pekerjaan Sosial.   (2) Fungsi Praktik Pekerjaan Sosial sebagaimana dima ksud  pada ayat (1) meliputi :   a. mencegah  disfungsi sosial;    b. melaksanakan Pelindungan Sosial;   c. melaksanakan Rehabilitasi Sosial;   d. melaksanakan Pemberdayaan Sosial; dan   e. melaksanakan  Pengembangan Sosial.   (3) Ketentuan  lebih lanjut mengenai  standar layanan  sebagaimana  dimaksud pada ayat (1) diatur dengan  Peraturan  Menteri.     BAB IV : PENDIDIKAN PROFESI PEKERJA SOSIAL
UU_No_14_Tahun_2019_cleaned.txt,BAB IV: PENDIDIKAN PROFESI PEKERJA SOSIAL,PASAL 19,"Pendidikan profesi Pekerja Sosial merupakan pendidikan  setelah sarjana yang diselenggarakan oleh perguruan tinggi  yang bekerja sama dengan kementer ian, lembaga  pemerintah nonkementerian, dan/atau organisasi profesi  yang bertanggung jawab atas mutu layanan profesi."
UU_No_14_Tahun_2019_cleaned.txt,BAB IV: PENDIDIKAN PROFESI PEKERJA SOSIAL,PASAL 20,"Untuk menyelesaikan pendidikan profesi Pekerja Sosial  sebagaimana dimaksud dalam Pasal 19, peserta didik  harus lulus Uji Kompete nsi yang bersifat nasional."
UU_No_14_Tahun_2019_cleaned.txt,BAB IV: PENDIDIKAN PROFESI PEKERJA SOSIAL,PASAL 21,Syarat untuk mengikuti pendidikan profesi Pekerja Sosial :   a. sarjana kesejahteraan sosial;   b. sarjana terapan pekerjaan sosial; atau   c. sarjana ilmu sosial lainnya terkait kesejahteraan sosial.
UU_No_14_Tahun_2019_cleaned.txt,BAB IV: PENDIDIKAN PROFESI PEKERJA SOSIAL,PASAL 22,"Untuk melakukan  Prakt ik Pekerjaan Sosial , seseorang  harus lulus Uji Kompetensi."
UU_No_14_Tahun_2019_cleaned.txt,BAB IV: PENDIDIKAN PROFESI PEKERJA SOSIAL,PASAL 23,"(1) Uji Kompetensi sebagaimana dimaksud dalam Pasal 22  dilakukan melalui:   a. pendidikan profesi Pekerja Sosial; atau   b. rekognisi pembelajaran lampau.   (2) Uji Kompetensi melalui pendidikan profesi Peke rja  Sosial sebagaimana dimaksud pada ayat (1) huruf a  diperuntukkan bagi peserta didik pendidikan profesi  Pekerja Sosial.   (3) Uji Kompetensi melalui rekognisi pembelajaran lampau  sebagaimana dimaksud pada ayat (1) huruf b  diperuntukkan bagi setiap orang yang s udah bekerja,  mempunyai pengalaman di bidang pelayanan sosial,  dan/atau telah mengikuti pendidikan dan pelatihan  bidang pelayanan sosial.   (4) Ketentuan lebih lanjut mengenai tata cara pelaksanaan  rekognisi pembelajaran  lampau untuk mengikuti Uji  Kompetensi seb agaimana dimaksud pada ayat (1) huruf  b diatur dengan peraturan menteri yang  menyelenggarakan urusan pemerintahan di bidang  pendidikan tinggi."
UU_No_14_Tahun_2019_cleaned.txt,BAB IV: PENDIDIKAN PROFESI PEKERJA SOSIAL,PASAL 24,Uji Kompetensi  sebagaimana dimaksud dalam Pasal 23  ayat (1) diselenggarakan oleh  perguruan tinggi beker ja  sama dengan Organisasi Pekerja Sosial .
UU_No_14_Tahun_2019_cleaned.txt,BAB IV: PENDIDIKAN PROFESI PEKERJA SOSIAL,PASAL 25,Peserta yang lulus  Uji Kompetensi dalam pendidikan  profesi sebagaimana dimaksud dalam Pasal 23 ayat (1)  huruf a berhak mendapatkan sertifikat profesi dari  perguruan tinggi dan Sertifikat Kompetensi dari Organisasi  Pekerja Sosial serta berhak melakukan Praktik Pekerjaan  Sosial.
UU_No_14_Tahun_2019_cleaned.txt,BAB IV: PENDIDIKAN PROFESI PEKERJA SOSIAL,PASAL 26,Peserta yang lulus Uji Kompetensi melalui rekognisi  pembelajaran lampau sebagaimana dimaksud dalam Pasal  23 ayat (1) huruf b berhak mendapatkan Sertifikat  Kompetensi dan d inyatakan sebagai Pekerja Sosial  serta  berhak melakukan Praktik Pekerjaan Sosial.
UU_No_14_Tahun_2019_cleaned.txt,BAB IV: PENDIDIKAN PROFESI PEKERJA SOSIAL,PASAL 27,"Ketentuan lebih lanjut mengenai pendidikan profesi Pekerja  Sosial dan Uji Kompetensi diatur dengan peraturan menteri  yang menyelenggarakan urusan pemerintahan di bidang  pendidikan tinggi berkoordinasi dengan kementerian,  lembaga pemerintah nonkementerian, dan/atau Organisasi  Pekerja Sosial.     BAB V : REGISTRASI DAN IZIN PRAKTIK   Bagian Kesatu   Registrasi"
UU_No_14_Tahun_2019_cleaned.txt,BAB V: REGISTRASI DAN IZIN PRAKTIK,PASAL 28,(1) Setiap Pekerja Sosial yang melaksanakan Praktik  Pekerj aan Sosial wajib memiliki STR.   (2) STR sebagaimana dimaksud pada ayat (1) diberikan  oleh Organisasi Pekerja  Sosial .
UU_No_14_Tahun_2019_cleaned.txt,BAB V: REGISTRASI DAN IZIN PRAKTIK,PASAL 29,Untuk memperoleh STR Pekerja Sosial harus memenuhi  persyaratan:   a. memiliki Sertifikat Kompetensi;   b. memiliki surat keterangan kondisi ja smani dan rohani;   c. memiliki surat pernyataan telah mengucapkan  sumpah/janji Pekerja Sosial; dan   d. membuat pernyataan mematuhi dan melaksanakan  ketentuan kode etik Pekerja Sosial.
UU_No_14_Tahun_2019_cleaned.txt,BAB V: REGISTRASI DAN IZIN PRAKTIK,PASAL 30,(1) STR berlaku selama 5 (lima) tahun dan dapat  diregistrasi ulang setelah  memenuhi persyaratan.   (2) Persyaratan untuk Registrasi Ulang sebagaimana  dimaksud pada ayat ( 1) meliputi:   a. memiliki STR lama;   b. memiliki Sertifikat Kompetensi;   c. memiliki surat keterangan kondisi jasmani dan  rohani;   d. membuat pernyataan mematuhi dan mela ksanakan  ketentuan kode etik Pekerja Sosial; dan   e. telah mengabdikan diri sebagai Pekerja Sosial .
UU_No_14_Tahun_2019_cleaned.txt,BAB V: REGISTRASI DAN IZIN PRAKTIK,PASAL 31,STR tidak berlaku karena:   a. habis masa berlakunya dan Pekerja Sosial tidak  mendaftar ulang;   b. atas permintaan sendiri;   c. Pekerja Sosial meninggal duni a; atau   d. dicabut atas dasar ketentuan peraturan perundang - undangan.
UU_No_14_Tahun_2019_cleaned.txt,BAB V: REGISTRASI DAN IZIN PRAKTIK,PASAL 32,Ketentuan lebih lanjut  mengenai tata cara Registrasi dan  Registrasi Ulang diatur dengan Peraturan  Menteri .     Bagian Kedua   Registrasi Pekerja Sosial Lulusan Luar Negeri
UU_No_14_Tahun_2019_cleaned.txt,BAB V: REGISTRASI DAN IZIN PRAKTIK,PASAL 33,(1) Pekerja Sosial lulusan luar negeri yang akan  melaksanakan Praktik Pekerjaan Sosial di Indonesia  harus dilakukan evaluasi dan/atau verifikasi oleh  Organisasi Pekerja Sosial .  (2) Evaluasi dan/atau verifikasi sebagaimana dimaksud  pada ayat (1) dilakukan terhadap :   a. bukti penyetaraan ijazah oleh kementerian yang  menyelenggarakan urusan pemerintahan di bidang  pendidikan tinggi;    b. surat keterangan telah mengikuti program adaptasi  dan Sertifikat Kompetensi;   c. surat pernyataan telah mengucapkan sumpah/janji  Pekerja Sosial ;   d. surat keterangan kondisi jasmani dan rohani; dan   e. surat pernyataan akan mematuhi dan  melaksanakan ketentuan kode etik  Pekerja Sosial .   (3) Pekerja Sosial lulusan luar negeri yang telah memenuhi  ketentuan sebagaimana dimaksud pada ayat (2)  diberikan STR.   (4) Ketentuan lebih lanjut mengenai Registrasi Pekerja  Sosial lulusan luar negeri diatur dengan Peraturan  Menteri.     Bagian Ketiga   Registrasi Pekerja Sosial Warga Negara Asing
UU_No_14_Tahun_2019_cleaned.txt,BAB V: REGISTRASI DAN IZIN PRAKTIK,PASAL 34,(1) Pekerja Sosial warga negara asing dapat melakukan  Praktik Pekerjaan Sosial di I ndonesia.    (2) Pekerja Sosial warga negara asing yang melakukan  Praktik Pekerjaan Sosial di Indonesia sebagaimana  dimaksud pada ayat (1) harus memiliki surat izin kerja  sesuai dengan ketentuan peraturan perundang - undangan dan kemampuan berbahasa Indonesia.   (3) Pekerja  Sosial warga negara asing yang telah memenuhi  ketentuan sebagaimana dimaksud pada ayat (2)  diberikan STR sementara oleh Organisasi Pekerja  Sosial.
UU_No_14_Tahun_2019_cleaned.txt,BAB V: REGISTRASI DAN IZIN PRAKTIK,PASAL 35,"(1) STR sementara dapat diberikan kepada Pekerja Sosial  warga negara asing yang melakukan kegiat an  pendidikan, pelatihan, penelitian, dan pelayanan di  bidang kesejahteraan sosial yang bersifat sementara di  Indonesia.   (2) STR sementara sebagaimana dimaksud pada ayat (1)  berlaku selama 1 (satu) tahun dan hanya dapat  diperpanjang untuk 1 (satu) tahun berik utnya."
UU_No_14_Tahun_2019_cleaned.txt,BAB V: REGISTRASI DAN IZIN PRAKTIK,PASAL 36,Ketentuan lebih lanjut mengenai tata cara memperoleh STR  sementara diatur dengan Peraturan  Menteri .     Bagian Keempat   Izin Praktik
UU_No_14_Tahun_2019_cleaned.txt,BAB V: REGISTRASI DAN IZIN PRAKTIK,PASAL 37,"(1) Pekerja Sosial yang menjalankan Praktik Pekerjaan  Sosial mandiri wajib memiliki izin.    (2) Izin sebag aimana dimaksud pada ayat (1) diberikan  dalam bentuk SIPPS.   (3) SIPPS sebagaimana dimaksud pada ayat (2) diberikan  oleh Pemerintah Daerah kabupaten/kota tempat  Pekerja Sosial menjalankan praktik mandirinya.   (4) Untuk mendapatkan SIPPS sebagaimana dimaksud  pada ay at (2) dan ayat (3), Pekerja Sosial harus  melampirkan:   a. salinan STR yang masih berlaku; dan   b. surat pernyataan memiliki tempat praktik atau  surat keterangan dari pimpinan tempat Pekerja  Sosial berpraktik.   (5) SIPPS masih berlaku apabila:   a. STR masih berlaku; dan   b. Pekerja Sosial berpraktik di tempat sebagaimana  tercantum dalam SIPPS."
UU_No_14_Tahun_2019_cleaned.txt,BAB V: REGISTRASI DAN IZIN PRAKTIK,PASAL 38,(1) SIPPS hanya berlaku untuk 1 (satu) tempat praktik   mandiri .  (2) SIPPS sebagaimana dimaksud pada ayat (1) diberikan  kepada Pekerja Sosial paling banyak untuk 2 (dua)  tempat praktik  mandiri .
UU_No_14_Tahun_2019_cleaned.txt,BAB V: REGISTRASI DAN IZIN PRAKTIK,PASAL 39,SIPPS tidak berlaku karena :  a. dicabut berdasarkan ketentuan Peraturan Perundang - undangan;   b. habis masa berlakunya;   c. atas permintaan Pekerja Sosial; atau   d. Pekerja  Sosial meninggal dunia.
UU_No_14_Tahun_2019_cleaned.txt,BAB V: REGISTRASI DAN IZIN PRAKTIK,PASAL 40,Ketentuan lebih lanjut mengenai izin praktik di atur dengan   Peraturan Menteri.     BAB VI : HAK DAN KEWAJIBAN   Bagian Kesatu   Hak dan Kewajiban Pekerja Sosial
UU_No_14_Tahun_2019_cleaned.txt,BAB VI: HAK DAN KEWAJIBAN,PASAL 41,"Pekerja Sosial  dalam melaksanakan pelayanan Praktik   Pekerjaan Sosial berhak:   a. memperoleh pelindungan hukum dalam pelaksanaan  tugas sesuai deng an standar Praktik Pekerjaan Sosial;   b. memperoleh informasi yang benar, jelas, dan jujur dari  Klien, keluarga, dan/atau pihak lain yang terkait;   c. meningkatkan kompetensi melalui pendidikan,  pelatihan, dan pengembangan profesi;   d. mendapatkan promosi dan/atau pen ghargaan sesuai  dengan prestasi kerja;   e. memiliki kebebasan untuk berserikat dalam Organisasi  Pekerja Sosial; dan/atau   f. menerima imbalan jasa atas pelayanan yang telah  dilakukan."
UU_No_14_Tahun_2019_cleaned.txt,BAB VI: HAK DAN KEWAJIBAN,PASAL 42,"Pekerja Sosial dalam melaksanakan pelayanan Praktik  Pekerjaan Sosial w ajib:  a. memberikan pelayanan sesuai dengan standar Praktik  Pekerjaan Sosial;   b. memberikan informasi yang lengkap dan benar  mengenai pelayanan kepada Klien, keluarga, dan/atau  pihak lain sesuai dengan kewenangannya;   c. menjaga kerahasiaan Klien;   d. merujuk Klien kepa da pihak lain yang mempunyai  keahlian atau kemampuan sesuai dengan penanganan  masalah;   e. meningkatkan mutu pelayanan pekerjaan sosial;   f. meningkatkan dan mengembangkan kompetensi serta  pengetahuan secara berkelanjutan dan/atau  keterampilan melalui pendidikan dan/atau pelatihan;  dan  g. bertindak objektif dan tidak diskriminatif atas dasar  pertimbangan jenis kelamin, agama, suku, ras, latar  belakang keluarga, disabilitas, dan status sosial  ekonomi kepada Klien dalam menjalankan tugas  keprofesionalan.     Bagian Kedua   Hak dan Kewajiban Klien"
UU_No_14_Tahun_2019_cleaned.txt,BAB VI: HAK DAN KEWAJIBAN,PASAL 43,Klien dalam menerima pelayanan Praktik Pekerjaan Sosial  berhak:   a. memperoleh pelayanan sesuai dengan standar Praktik  Pekerjaan Sosial;   b. memperoleh informasi secara benar dan jelas mengenai  rencana intervensi Praktik Pekerjaan  Sosial;   c. memberi persetujuan atau penolakan terhadap rencana  intervensi yang akan dilakukan;   d. memperoleh jaminan kerahasiaan identitas dan kondisi  Klien; dan   e. mengajukan  keberatan atas pelayanan yang tidak  sesuai dengan standar Praktik Pekerjaan Sosial.
UU_No_14_Tahun_2019_cleaned.txt,BAB VI: HAK DAN KEWAJIBAN,PASAL 44,(1) Kerahasiaan identitas dan kondisi Klien  sebagaimana  dimaksud dalam Pasal 43 huruf d dapat diungkapkan  atas dasar:    a. kepentingan Klien;   b. permintaan aparatur penegak hukum;   c. persetujuan Klien; dan/atau   d. perintah undang -undang.   (2) Kepentingan  Klien sebagaima na dimaksud pada ayat (1)  huruf a dapat dilaksanakan dengan ketentuan:   a. memperhatikan prinsip etik dalam keadaan darurat  dan/atau keselamatan hidup; atau   b. harus dengan persetujuan Klien atau keluarga  dalam keadaan tidak darurat.
UU_No_14_Tahun_2019_cleaned.txt,BAB VI: HAK DAN KEWAJIBAN,PASAL 45,"(1) Klien dalam menerim a pelayanan Praktik Pekerjaan  Sosial wajib:   a. memberikan informasi yang lengkap, jelas, dan jujur  mengenai kondisinya;   b. mematuhi nasihat dan petunjuk Pekerja Sosial; dan   c. memberikan imbalan jasa atas pelayanan Praktik  Pekerjaan Sosial yang diterima.   (2) Imbalan jasa sebagaimana dimaksud pada ayat (1)  huruf c tidak berlaku jika Klien merupakan orang atau  sekelompok orang yang tergolong miskin atau sedang  dalam musibah .     BAB VII : ORGANISASI PEKERJA  SOSIAL"
UU_No_14_Tahun_2019_cleaned.txt,BAB VII: ORGANISASI PEKERJA  SOSIAL,PASAL 46,"(1) Pekerja Sosial membentuk Organisasi Pekerja Sosial   yang bersifat independen , mandiri, dan berbadan  hukum .   (2) Organisasi Pekerja Sosial sebagaimana dimaksud pada  ayat (1) berfungsi untuk meningkatkan kompetensi,  karier, pelindungan, dan kesejahteraan Pekerja Sosial.   (3) Pekerja Sosial wajib menjadi anggota Organi sasi Pekerja  Sosial.   (4) Pembentukan Organisasi Pekerja Sosial sebagaimana  dimaksud pada ayat (1) dilaksanakan sesuai dengan  ketentuan peraturan perundang -undangan.   (5) Pemerintah Pusat dan/atau Pemerintah Daerah dapat  memfasilitasi Organisasi Pekerja Sosial dal am  pelaksanaan pembinaan dan pengembangan Pekerja  Sosial."
UU_No_14_Tahun_2019_cleaned.txt,BAB VII: ORGANISASI PEKERJA  SOSIAL,PASAL 47,"Organisasi Pekerja Sosial bertugas:   a. menyusun kode etik Pekerja Sosial;   b. melaksanakan Registrasi Pekerja Sosial;   c. meningkatkan pengetahuan, kompetensi, dan martabat  Pekerja Sosial; dan   d. melak ukan pelindungan dan pengawasan terhadap  Pekerja Sosial yang melakukan Praktik Pekerjaan  Sosial."
UU_No_14_Tahun_2019_cleaned.txt,BAB VII: ORGANISASI PEKERJA  SOSIAL,PASAL 48,"Untuk  melaksanakan tugas sebagaimana dimaksud dalam  Pasal 47, Organisasi Pekerja Sosial berwenang:   a. menetapkan dan menegakkan kode etik Pekerja Sosi al;    b. memberikan bantuan hukum kepada Pekerja Sosial;   c. melakukan pembinaan dan pengembangan Pekerja  Sosial;   d. menyatakan terpenuhi atau tidaknya persyaratan  Registrasi Pekerja Sosial;   e. menerbitkan, memperpanjang, membekukan, dan  mencabut STR;   f. menyatakan terja di atau tidaknya suatu pelanggaran  kode etik Pekerja Sosial berdasarkan hasil investigasi;   g. menjatuhkan sanksi terhadap Pekerja Sosial yang tidak  memenuhi standar Praktik  Pekerjaan Sosial;   h. menjatuhkan sanksi terhadap Pekerja Sosial yang  melakukan pelangga ran kode etik Pekerja Sosial; dan   i. melakukan kerja  sama dengan lembaga dalam dan luar  negeri untuk penyelenggaraan Praktik Pekerjaan Sosial.     BAB VIII : DEWAN KEHORMATAN KODE ETIK"
UU_No_14_Tahun_2019_cleaned.txt,BAB VIII: DEWAN KEHORMATAN KODE ETIK,PASAL 49,"(1) Dewan kehormatan kode etik  dibentuk oleh Organisasi  Pekerja Sosial untuk menegakkan kode etik Pekerja  Sosial .   (2) Dewan kehormatan kode etik sebagaimana dimaksud  pada ayat (1) dibentuk untuk mengawasi pelaksanaan  kode etik Pekerja Sosial dan memberikan rekomendasi  pemberian sanksi atas pelanggaran kode etik Pekerja  Sosial.   (3) Rekomendasi dewan kehormatan kode etik  sebagaimana dimaksud pada ayat (2) wajib  dilaksanakan oleh Organisasi Pekerja Sosial.   (4) Rekomendasi dewan kehormatan kode etik  sebagaimana dimaksud pada ayat (2) harus objektif,  tidak diskriminatif, dan tidak bertentang an dengan  anggaran dasar Organisasi Pekerja Sosial serta  ketentuan peraturan perundang -undangan.   (5) Sanksi sebagaimana dimaksud pada ayat (2) dapat  berupa:   a. peringatan tertulis;   b. pembekuan sementara STR; dan/atau   c. pencabutan STR."
UU_No_14_Tahun_2019_cleaned.txt,BAB VIII: DEWAN KEHORMATAN KODE ETIK,PASAL 50,Ketentuan mengenai k eanggotaan serta mekanisme kerja  dewan kehormatan kode etik diatur dengan  anggaran dasar   Organisasi Pekerja Sosial .    BAB IX : TUGAS DAN WEWENANG   Bagian Kesatu   Umum
UU_No_14_Tahun_2019_cleaned.txt,BAB IX: TUGAS DAN WEWENANG,PASAL 51,Pemerintah Pusat  dan Pemerintah Daerah menjamin   terselenggaranya Praktik Pekerjaan Sosial yang bermutu  dan melindungi masyarakat penerima pelayanan Praktik  Pekerjaan Sosial.     Bagian Kedua   Pemerintah Pusat
UU_No_14_Tahun_2019_cleaned.txt,BAB IX: TUGAS DAN WEWENANG,PASAL 52,"(1) Pemerintah Pusat sebagaimana dimaksud dalam Pasal  51 bertugas:   a. menyusun standar operasional prosedur, standar  kompetensi, da n standar layanan;   b. menyusun standar pendidikan Pekerja Sosial;   c. menyusun tata cara pelaksanaan Uji Kompetensi;   d. melakukan pembinaan terhadap penyelenggaran  Praktik Pekerjaan Sosial bekerja sama dengan  Organisasi Pekerja Sosial;   e. melakukan pengawasan penyele nggaraan Praktik  Pekerjaan Sosial oleh Organisasi Pekerja Sosial;   f. mendorong tersedianya sarana pendidikan dan  sumber daya dalam rangka percepatan  penyelenggaraan pendidikan profesi Pekerja Sosial;  dan  g. melakukan penge lolaan basis  data penyelenggaraan  Prakti k Pekerjaan Sosial  skala nasional .  (2) Dalam melakukan pembinaan sebagaimana dimaksud  pada ayat (1) huruf d, Pemerintah Pusat dapat bekerja  sama dengan Organisasi Pekerja Sosial ."
UU_No_14_Tahun_2019_cleaned.txt,BAB IX: TUGAS DAN WEWENANG,PASAL 53,"Dalam melaksanakan tugas sebagaimana dimaksud dalam  Pasal 52, Pemerinta h Pusat berwenang menetapkan:   a. program pemberdayaan dan pengembangan Pekerja  Sosial  skala nasional ;   b. kebijakan sistem Registrasi Pekerja Sosial;   c. standar operasional prosedur, standar kompetensi, dan  standar layanan; dan   d. tata cara pelaksanaan  Uji Kompetensi ."
UU_No_14_Tahun_2019_cleaned.txt,BAB IX: TUGAS DAN WEWENANG,PASAL 54,Tugas dan wewenang Pemerintah Pusat sebagaimana  dimaksud dalam Pasal 52 dan Pasal 53 dilaksanakan oleh  menteri sesuai dengan tugas dan fungsinya.     Bagian Ketiga   Pemerintah Daerah
UU_No_14_Tahun_2019_cleaned.txt,BAB IX: TUGAS DAN WEWENANG,PASAL 55,Pemerintah Daerah sebagaimana dimaksud dalam Pasal 51  bertugas:   a. melakukan pemberdayaan dan pengembangan Pekerja  Sosial;   b. melakukan pengelolaan pangkalan data pelayanan  Praktik Pekerjaan Sosial di lingkup Pemerintah Daerah;   c. memfasilitasi pelayanan Praktik Pekerjaan Sosial; dan   d. melakukan pengawasan pelaksanaan Praktik Pekerjaan  Sosial bersama -sama dengan Organisasi Pekerja Sosial   di daerah .
UU_No_14_Tahun_2019_cleaned.txt,BAB IX: TUGAS DAN WEWENANG,PASAL 56,"Dalam melaksanakan tugas sebagaimana dimaksud dalam  Pasal 55, Pemerintah Daerah berwenang:   a. menetapkan program pemberdayaan dan  pengembangan Pekerja Sosial di lingku p Pemerintah  Daerah;   b. mendapatkan data pelayanan Praktik Pekerjaan Sosial  dari pemangku kepentingan;   c. menetapkan program fasilitasi pelayanan Praktik  Pekerjaan Sosial; dan   d. memberikan dan mencabut izin praktik Pekerja Sosial  setelah mendapatkan rekomendasi da ri dewan  kehormatan kode etik Organisasi Pekerja Sosial.     BAB X : PERAN SERTA MASYARAKAT"
UU_No_14_Tahun_2019_cleaned.txt,BAB X: PERAN SERTA MASYARAKAT,PASAL 57,Masyarakat  dapat berperan aktif dalam penyelenggaraan  Praktik Pekerjaan Sosial.
UU_No_14_Tahun_2019_cleaned.txt,BAB X: PERAN SERTA MASYARAKAT,PASAL 58,Peran aktif masyarakat  sebagaimana dimaksud dalam  Pasal 57 meliputi p aling sedikit:   a. berpartisipasi dalam upaya pencegahan masalah sosial;   b. menyampaikan laporan adanya masalah sosial yang  perlu penanganan Pekerja Sosial;   c. menyampaikan laporan terjadinya malpraktik yang  dilakukan Pekerja Sosial;   d. melakukan pengawasan terhadap p enyelenggaraan  Praktik Pekerjaan Sosial; dan/atau   e. menyampaikan usulan perbaikan kebijakan terkait  dengan pelaksanaan Praktik Pekerjaan Sosial.           BAB XI : KETENTUAN PERALIHAN
UU_No_14_Tahun_2019_cleaned.txt,BAB XI: KETENTUAN PERALIHAN,PASAL 59,"Pada saat Undang -Undang ini mulai berlaku :  a. Pekerja Sosial yang merupakan  kelompok jabatan  fungsional sebelum Undang -Undang ini diundangkan   tetap  diakui sebagai Pekerja Sosial sesuai dengan  ketentuan peraturan perundang -undangan; dan   b. Istilah pekerja sosial profesional yang digunakan dalam  peraturan perundang -undangan yang suda h ada  sebelum Undang -Undang ini berlaku, harus dimaknai  sebagai Pekerja Sosial, sepanjang tidak bertentangan  dengan Undang -Undang ini."
UU_No_14_Tahun_2019_cleaned.txt,BAB XI: KETENTUAN PERALIHAN,PASAL 60,"Berdasarkan ketentuan Undang -Undang Nomor 11 Tahun  2009 tentang Kesejahteraan  Sosial (Lembaran Negara  Republik Indonesia Tahun 2009 Nomor 12, Tambahan  Lembaran Negara Republik Indonesia Nomor 4967) :  a. Pekerja sosial profesional yang telah melakukan  pelayanan sosial tetapi belum mengikuti Uji  Kompetensi, masih diberikan kewenangan melakukan  pelayanan sosial untuk jang ka waktu paling lama 5  (lima) tahun setelah Undang -Undang ini diundangkan;   b. Pekerja sosial profesional yang belum tersertifikasi,  tenaga kesejahteraan sosial, penyuluh sosial, dan  relawan sosial yang telah melakukan pelayanan sosial  diakui sebagai Pekerja Sosial setelah lulus Uji  Kompetensi sebagaimana dimaksud dalam Pasal 23;  dan  c. Pekerja sosial profesional yang telah memiliki Sertifikat  Kompetensi sebelum Undang -Undang ini diundangkan,  tetap diakui sebagai Pekerja Sosial menurut Undang - Undang ini."
UU_No_14_Tahun_2019_cleaned.txt,BAB XI: KETENTUAN PERALIHAN,PASAL 61,"Rekognisi  pembelajaran lampau dilakukan dengan  ketentuan:   a. setiap orang yang sudah mempunyai pengalaman  dalam pelayanan sosial tetapi tidak berlatar belakang  pendidikan sarjana kesejahteraan sosial atau sarjana  terapan pekerjaan sosial harus mengikuti pe ndidikan  profesi Pekerja Sosial; dan   b. setiap orang yang sudah bekerja, mempunyai  pengalaman di bidang pelayanan sosial, dan/ atau telah  mengikuti pendidikan dan pelatihan bidang pelayanan  sosial dapat langsung mengikuti uji kompetensi  sepanjang belum ada pen didikan profesi Pekerja Sosial  dan paling lama 5 (lima) tahun sejak Undang -Undang  ini diundangkan."
UU_No_14_Tahun_2019_cleaned.txt,BAB XI: KETENTUAN PERALIHAN,PASAL 62,Institusi yang melaksanakan Uji Kompetensi Pekerja Sosial  sebelum Undang -Undang ini diundangkan masih dapat  melakukan tugas dan wewenangnya sampai  dengan Uji  Kompetensi diselenggarakan oleh perguruan tinggi bekerja  sama dengan Organisasi Pekerja Sosial .    BAB X II  KETENTUAN PENUTUP
UU_No_14_Tahun_2019_cleaned.txt,BAB X: II,PASAL 63,Organisasi Pekerja Sosial yang sudah ada harus  menyesuaikan tugas dan wewenangnya berdasarkan   Undang -Undang ini  paling lambat 2 (dua) tahun terhitung  sejak Undang -Undang ini diundangkan.
UU_No_14_Tahun_2019_cleaned.txt,BAB X: II,PASAL 64,Pendidikan Profesi  Pekerja Sosial harus terselenggara di  perguruan tinggi paling lambat 5 (lima) tahun sejak  Undang -Undang ini diundangkan.
UU_No_14_Tahun_2019_cleaned.txt,BAB X: II,PASAL 65,Pelaksanaan Uji Komp etensi Pekerja Sosial harus  diselenggarakan  oleh perguruan tinggi bekerja sama  dengan Organisasi Pekerja Sosial paling lama 3 (tiga) tahun  sejak Undang -Undang ini diundangkan.
UU_No_14_Tahun_2019_cleaned.txt,BAB X: II,PASAL 66,"Pada saat Undang -Undang ini mulai  berlaku,  ketentuan  yang mengatur me ngenai pekerja sosial profesional dalam  Pasal 1 angka 4, Pasal 33  ayat (2) , Pasal 52 ayat (3) sampai  dengan ayat (6) Undang -Undang Nomor 11 Tahun 2009  tentang Kesejahtera an  Sosial (Lembaran Negara Republik  Indonesia Tahun 2009 Nomor 12 , Tambahan Lembaran  Negara Republik Indonesia Nomor 4967) , dicabut dan  dinyatakan tidak berlaku."
UU_No_14_Tahun_2019_cleaned.txt,BAB X: II,PASAL 67,"Pada saat Undang -Undang ini mulai  berlaku, semua  Peraturan Perundang -Undangan yang merupakan  peraturan pelaksanaan dari peraturan perundang - undangan  yang berkaitan deng an Praktik Pekerjaan Sosial,  dinyatakan masih tetap berlaku sepanjang tidak  bertentangan dengan ketentuan Undang -Undang ini  dan  belum diganti dengan peraturan pelaksanaan yang baru ."
UU_No_14_Tahun_2019_cleaned.txt,BAB X: II,PASAL 68,Peraturan pelaksanaan dari Undang -Undang ini harus  ditetapkan pa ling lama 2 (dua) tahun sejak Undang - Undang ini diundangkan.
UU_No_14_Tahun_2019_cleaned.txt,BAB X: II,PASAL 69,Undang -Undang ini mulai berlaku pada tanggal  diundangkan.
UU_No_18_Tahun_2017_cleaned.txt,BAB I: KETENTUAN UMUM,PASAL 1,"Dalam Undang -Undang ini yang dimaksud dengan:   1. Calon Pekerja Migran Indonesia adalah setiap tenaga  kerja Indonesia yang memenuhi syarat sebagai pencari  kerja yang akan bekerja di luar negeri dan terdaftar di  instansi pemerintah kabupaten/kota yang  bertanggung jawab di bidang ketenagakerjaan.   2. Pekerja Migran Indonesia adalah setiap warga negara  Indonesia yang akan, sedang, atau telah melakukan  pekerjaan dengan menerima upah di luar wilayah  Republik Indonesia.   3. Keluarga Pekerja Migran Indonesia adalah suami, istri,  anak, atau orang tua termasuk hubungan karena  putusan dan/atau penetapan pengadilan, baik yang  berada di Indonesia maupun yang tinggal bersama  Pekerja Migran Indonesia di luar negeri.   4. Pekerja Mi gran Indonesia Perseorangan adalah Pekerja  Migran Indonesia yang akan bekerja ke luar negeri  tanpa melalui pelaksana penempatan.   5. Pelindungan Pekerja Migran Indonesia adalah segala  upaya untuk melindungi kepentingan Calon Pekerja  Migran Indonesia dan/ata u Pekerja Migran Indonesia  dan keluarganya dalam mewujudkan terjaminnya  pemenuhan haknya dalam keseluruhan kegiatan  sebelum bekerja, selama bekerja, dan setelah bekerja  dalam aspek hukum, ekonomi, dan sosial.   6. Pelindungan Sebelum Bekerja adalah keseluruh an  aktivitas untuk memberikan pelindungan sejak  pendaftaran sampai pemberangkatan.   7. Pelindungan Selama Bekerja adalah keseluruhan  aktivitas untuk memberikan pelindungan selama  Pekerja Migran Indonesia dan anggota keluarganya  berada di luar negeri.   8. Pelindungan Setelah Bekerja adalah keseluruhan  aktivitas untuk memberikan pelindungan sejak  Pekerja Migran Indonesia dan anggota keluarganya  tiba di debarkasi di Indonesia hingga kembali ke  daerah asal, termasuk pelayanan lanjutan menjadi  pekerja produktif.   9. Perusahaan Penempatan Pekerja Migran Indonesia  adalah badan usaha berbadan hukum perseroan  terbatas yang telah memperoleh izin tertulis dari  Menteri untuk menyelenggarakan pelayanan  penempatan Pekerja Migran Indonesia.   10. Mitra Usaha adalah instansi dan /atau badan usaha  berbentuk badan hukum di negara tujuan  penempatan yang bertanggung jawab menempatkan  Pekerja Migran Indonesia pada pemberi kerja.   11. Pemberi Kerja adalah instansi pemerintah, badan  hukum pemerintah, badan hukum swasta, dan/atau  perseoran gan di negara tujuan penempatan yang  mempekerjakan Pekerja Migran Indonesia.   12. Perjanjian Kerja Sama Penempatan adalah perjanjian  tertulis antara Perusahaan Penempatan Pekerja  Migran Indonesia dan Mitra Usaha atau Pemberi Kerja  yang memuat hak dan kewaji ban setiap pihak dalam  rangka penempatan dan Pelindungan Pekerja Migran  Indonesia di negara tujuan penempatan.   13. Perjanjian Penempatan Pekerja Migran Indonesia yang  selanjutnya disebut Perjanjian Penempatan adalah  perjanjian tertulis antara pelaksana pen empatan  Pekerja Migran Indonesia dan Calon Pekerja Migran  Indonesia yang memuat hak dan kewajiban setiap  pihak, dalam rangka penempatan Pekerja Migran  Indonesia di negara tujuan penempatan sesuai dengan  ketentuan peraturan perundang -undangan.   14. Perjanjia n Kerja adalah perjanjian tertulis antara  Pekerja Migran Indonesia dan Pemberi Kerja yang  memuat syarat kerja, hak, dan kewajiban setiap pihak,  serta jaminan keamanan dan keselamatan selama  bekerja sesuai dengan ketentuan peraturan  perundang -undangan.   15. Visa Kerja adalah izin tertulis yang diberikan oleh  pejabat yang berwenang di suatu negara tujuan  penempatan yang memuat persetujuan untuk masuk  dan melakukan pekerjaan di negara yang  bersangkutan.   16. Surat Izin Perusahaan Penempatan Pekerja Migran  Indone sia yang selanjutnya disebut SIP3MI adalah izin  tertulis yang diberikan oleh Menteri kepada badan  usaha berbadan hukum Indonesia yang akan menjadi  Perusahaan Penempatan Pekerja Migran Indonesia.   17. Surat Izin Perekrutan Pekerja Migran Indonesia yang  selan jutnya disebut SIP2MI adalah izin yang diberikan  oleh kepala Badan kepada Perusahaan Penempatan  Pekerja Migran Indonesia yang digunakan untuk  menempatkan Calon Pekerja Migran Indonesia.   18. Jaminan Sosial adalah salah satu bentuk pelindungan  sosial untuk m enjamin seluruh rakyat agar dapat  memenuhi kebutuhan dasar hidupnya yang layak.   19. Orang adalah orang perseorangan dan/atau korporasi.   20. Badan Penyelenggara Jaminan Sosial adalah badan  hukum yang menyelenggarakan program Jaminan  Sosial Pekerja Migran In donesia.   21. Pemerintah Pusat adalah Presiden Republik Indonesia  yang memegang kekuasaan pemerintahan negara  Republik Indonesia yang dibantu oleh Wakil Presiden  dan menteri sebagaimana dimaksud dalam Undang - Undang Dasar Negara Republik Indonesia Tahun  1945 .  22. Pemerintah Daerah adalah kepala daerah sebagai  unsur penyelenggara pemerintahan daerah yang  memimpin pelaksanaan urusan pemerintahan yang  menjadi kewenangan daerah otonom.   23. Pemerintah Desa adalah kepala desa atau yang  disebut dengan nama lain diba ntu perangkat desa  sebagai unsur penyelenggara pemerintahan desa.   24. Perwakilan Republik Indonesia di Luar Negeri yang  selanjutnya disebut Perwakilan Republik Indonesia  adalah perwakilan diplomatik dan perwakilan konsuler  Republik Indonesia yang secara re smi mewakili dan  memperjuangkan kepentingan bangsa, negara, dan  pemerintah Republik Indonesia secara keseluruhan di  negara tujuan penempatan atau pada organisasi  internasional.   25. Menteri adalah menteri yang menyelenggarakan  urusan pemerintahan di bidang ketenagakerjaan.   26. Badan adalah lembaga pemerintah nonkementerian  yang bertugas sebagai pelaksana kebijakan dalam  pelayanan dan Pelindungan Pekerja Migran Indonesia  secara terpadu."
UU_No_18_Tahun_2017_cleaned.txt,BAB I: KETENTUAN UMUM,PASAL 2,Pelindungan Pekerja Migran Indonesia memiliki asas:   a. keterpa duan;   b. persamaan hak;   c. pengakuan atas martabat dan hak asasi manusia;   d. demokrasi;   e. keadilan sosial;   f. kesetaraan dan keadilan gender;   g. nondiskriminasi;   h. anti-perdagangan manusia;   i. transparansi;   j. akuntabilitas; dan   k. berkelanjutan.
UU_No_18_Tahun_2017_cleaned.txt,BAB I: KETENTUAN UMUM,PASAL 3,"Pelindungan Pekerja Migran Indonesia bertujuan untuk:   a. menjamin pemenuhan dan penegakan hak asasi  manusia sebagai warga negara dan Pekerja Migran  Indonesia; dan   b. menjamin pelindungan hukum, ekonomi, dan sosial  Pekerja Migran Indonesia dan keluarganya .     BAB II : PEKERJA MIGRAN INDONESIA   Bagian Kesatu   Umum"
UU_No_18_Tahun_2017_cleaned.txt,BAB II: PEKERJA MIGRAN INDONESIA,PASAL 4,"(1) Pekerja Migran Indonesia meliputi:   a. Pekerja Migran Indonesia yang bekerja pada  Pemberi Kerja berbadan hukum;   b. Pekerja Migran Indonesia yang bekerja pada  Pemberi Kerja perseorangan at au rumah tangga;  dan  c. Pelaut awak kapal dan pelaut perikanan.   (2)  Tidak termasuk sebagai Pekerja Migran Indonesia  dalam Undang -Undang ini, yaitu:   a. warga negara Indonesia yang dikirim atau  dipekerjakan oleh badan internasional atau oleh  negara di luar wilayahnya untuk menjalankan  tugas resmi;   b. pelajar dan peserta pelatihan di luar negeri;   c. warga negara Indonesia pengungsi atau pencari  suaka;   d. penanam modal;   e. aparatur sipil negara atau pegawai setempat yang  bekerja di Perwakilan Republik Indonesi a;  f. warga negara Indonesia yang bekerja pada  institusi yang dibiayai oleh anggaran pendapatan  dan belanja negara; dan   g. warga negara Indonesia yang mempunyai usaha  mandiri di luar negeri.      Bagian Kedua   Persyaratan"
UU_No_18_Tahun_2017_cleaned.txt,BAB II: PEKERJA MIGRAN INDONESIA,PASAL 5,Setiap Pekerja Migran Indone sia yang akan bekerja ke luar  negeri harus memenuhi persyaratan:   a. berusia minimal 18 (delapan belas) tahun;   b. memiliki kompetensi;   c. sehat jasmani dan rohani;   d. terdaftar dan memiliki nomor kepesertaan Jaminan  Sosial; dan   e. memiliki dokumen lengkap y ang dipersyaratkan.     Bagian Ketiga   Hak dan Kewajiban
UU_No_18_Tahun_2017_cleaned.txt,BAB II: PEKERJA MIGRAN INDONESIA,PASAL 6,"(1)  Setiap Calon Pekerja Migran Indonesia atau Pekerja  Migran Indonesia memiliki hak:   a. mendapatkan pekerjaan di luar negeri dan   memilih pekerjaan sesuai dengan  kompetensinya;   b. memperoleh ak ses peningkatan kapasitas diri  melalui pendidikan dan pelatihan kerja;   c. memperoleh informasi yang benar mengenai  pasar kerja, tata cara penempatan, dan kondisi  kerja di luar negeri;   d. memperoleh pelayanan yang profesional dan  manusiawi serta perlakuan t anpa diskriminasi  pada saat sebelum bekerja, selama bekerja, dan  setelah bekerja;   e. menjalankan ibadah sesuai dengan agama dan  keyakinan yang dianut;   f. memperoleh upah sesuai dengan standar upah  yang berlaku di negara tujuan penempatan  dan/atau kesepakat an kedua negara dan/atau  Perjanjian Kerja;   g. memperoleh pelindungan dan bantuan hukum  atas tindakan yang dapat merendahkan harkat  dan martabat sesuai dengan ketentuan peraturan  perundang -undangan di Indonesia dan di negara  tujuan penempatan;   h. memperoleh  penjelasan mengenai hak dan  kewajiban sebagaimana tertuang dalam  Perjanjian Kerja;   i. memperoleh akses berkomunikasi;   j. menguasai dokumen perjalanan selama bekerja;   k. berserikat dan berkumpul di negara tujuan   penempatan sesuai dengan ketentuan peraturan   perundang -undangan yang berlaku di negara  tujuan penempatan;   l. memperoleh jaminan pelindungan keselamatan  dan keamanan kepulangan Pekerja Migran  Indonesia ke daerah asal; dan/atau   m. memperoleh dokumen dan Perjanjian Kerja Calon  Pekerja Migran Indonesia dan/atau Pekerja  Migran Indonesia.   (2)  Setiap Pekerja Migran Indonesia memiliki kewajiban:   a. menaati peraturan perundang -undangan, baik di  dalam negeri maupun di negara tujuan  penempatan;   b. menghormati adat -istiadat atau kebiasaan yang  berlaku di negara  tujuan penempatan;   c. menaati dan melaksanakan pekerjaannya sesuai  dengan Perjanjian Kerja; dan   d. melaporkan kedatangan, keberadaan, dan  kepulangan Pekerja Migran Indonesia kepada  Perwakilan Republik Indonesia di negara tujuan  penempatan.   (3)  Setiap Kel uarga Pekerja Migran Indonesia memiliki  hak:  a. memperoleh informasi mengenai kondisi,  masalah, dan kepulangan Pekerja Migran  Indonesia;   b. menerima seluruh harta benda Pekerja Migran  Indonesia yang meninggal di luar negeri;   c. memperoleh salinan dokumen d an Perjanjian  Kerja Calon Pekerja Migran Indonesia dan/atau  Pekerja Migran Indonesia; dan   d. memperoleh akses berkomunikasi.     BAB III : PELINDUNGAN PEKERJA MIGRAN INDONESIA   Bagian Kesatu   Umum"
UU_No_18_Tahun_2017_cleaned.txt,BAB III: PELINDUNGAN PEKERJA MIGRAN INDONESIA,PASAL 7,Pelindungan Calon Pekerja Migran Indonesia atau Pekerja   Migran Indonesia meliputi:   a. Pelindungan Sebelum Bekerja;   b. Pelindungan Selama Bekerja; dan   c. Pelindungan Setelah Bekerja.      Bagian Kedua   Pelindungan Sebelum Bekerja
UU_No_18_Tahun_2017_cleaned.txt,BAB III: PELINDUNGAN PEKERJA MIGRAN INDONESIA,PASAL 8,(1)  Pelindungan Sebelum Bekerja sebagaimana dimaksud  dalam Pasal 7 huruf a m eliputi:   a. pelindungan administratif; dan   b. pelindungan teknis.   (2)  Pelindungan administratif sebagaimana dimaksud  pada ayat (1) huruf a paling sedikit meliputi:   a. kelengkapan dan keabsahan dokumen  penempatan; dan   b. penetapan kondisi dan syarat kerja.   (3)  Pelindungan teknis sebagaimana dimaksud pada ayat  (1) huruf b paling sedikit meliputi:   a. pemberian sosialisasi dan diseminasi informasi;   b. peningkatan kualitas Calon Pekerja Migran  Indonesia melalui pendidikan dan pelatihan kerja;   c. Jaminan Sosial ;  d. fasilitasi pemenuhan hak Calon Pekerja Migran  Indonesia;   e. penguatan peran pegawai fungsional pengantar  kerja;   f. pelayanan penempatan di layanan terpadu satu  atap penempatan dan pelindungan Pekerja  Migran Indonesia; dan   g. pembinaan dan pengawasan.
UU_No_18_Tahun_2017_cleaned.txt,BAB III: PELINDUNGAN PEKERJA MIGRAN INDONESIA,PASAL 9,"(1)  Informasi sebagaimana dimaksud dalam Pasal 6 ayat  (1) huruf c dan permintaan Pekerja Migran Indonesia  berasal dari:   a. Perwakilan Republik Indonesia di negara tujuan  penempatan;   b. Mitra Usaha di negara tujuan penempatan;  dan/atau   c. calon P emberi Kerja, baik perseorangan maupun  badan usaha asing di negara tujuan penempatan.   (2)  Informasi dan permintaan Pekerja Migran Indonesia  yang berasal dari Mitra Usaha dan calon Pemberi Kerja  di negara tujuan penempatan sebagaimana dimaksud  dalam Pasal 6 ayat (1) huruf c harus diverifikasi oleh  atase ketenagakerjaan dan/atau pejabat dinas luar  negeri yang ditunjuk."
UU_No_18_Tahun_2017_cleaned.txt,BAB III: PELINDUNGAN PEKERJA MIGRAN INDONESIA,PASAL 10,"(1)  Atase ketenagakerjaan dan/atau pejabat dinas luar  negeri yang ditunjuk di negara tujuan penempatan  wajib melakukan verifikasi terhadap:   a. Mitra Usaha; dan   b. calon Pemberi Kerja.   (2)  Berdasarkan hasil verifikasi terhadap Mitra Usaha dan  calon Pemberi Kerja sebagaimana dimaksud pada ayat  (1), atase ketenagakerjaan dan/atau pejabat dinas luar  negeri yang ditunjuk menetapkan Pembe ri Kerja dan  Mitra Usaha yang bermasalah dalam daftar Pemberi  Kerja dan Mitra Usaha yang bermasalah.   (3) Atase ketenagakerjaan dan/atau pejabat dinas luar  negeri yang ditunjuk wajib mengumumkan daftar  Mitra Usaha dan calon Pemberi Kerja bermasalah  secara p eriodik.   (4) Hasil verifikasi terhadap Mitra Usaha dan calon  Pemberi Kerja bermasalah sebagaimana dimaksud  pada ayat (2) menjadi bahan rekomendasi dalam  pemberian izin penempatan bagi Perusahaan  Penempatan Pekerja Migran Indonesia yang bermitra  dengan Mitr a Usaha yang bermasalah."
UU_No_18_Tahun_2017_cleaned.txt,BAB III: PELINDUNGAN PEKERJA MIGRAN INDONESIA,PASAL 11,(1) Pemerintah Pusat mendistribusikan informasi dan  permintaan Pekerja Migran Indonesia kepada  Pemerintah Daerah kabupaten/kota melalui  Pemerintah Daerah provinsi.   (2) Pemerintah Daerah kabupaten/kota melakukan  sosialisas i informasi dan permintaan Pekerja Migran  Indonesia sebagaimana dimaksud pada ayat (1)  kepada masyarakat dengan melibatkan aparat  Pemerintah Desa.
UU_No_18_Tahun_2017_cleaned.txt,BAB III: PELINDUNGAN PEKERJA MIGRAN INDONESIA,PASAL 12,(1) Calon Pekerja Migran Indonesia wajib mengikuti  proses yang dipersyaratkan sebelum bekerja.   (2) Ketentuan lebih lanjut mengenai proses yang  dipersyaratkan diatur dengan Peraturan Kepala  Badan.
UU_No_18_Tahun_2017_cleaned.txt,BAB III: PELINDUNGAN PEKERJA MIGRAN INDONESIA,PASAL 13,"Untuk dapat ditempatkan di luar negeri, Calon Pekerja  Migran Indonesia wajib memiliki dokumen yang meliputi:   a. surat keterangan status perkawinan, b agi yang telah  menikah melampirkan fotokopi buku nikah;   b. surat keterangan izin suami atau istri, izin orang tua,  atau izin wali yang diketahui oleh kepala desa atau  lurah;   c. sertifikat kompetensi kerja;   d. surat keterangan sehat berdasarkan hasil  pemeri ksaan kesehatan dan psikologi;   e. paspor yang diterbitkan oleh kantor imigrasi setempat;   f. Visa Kerja;   g. Perjanjian Penempatan Pekerja Migran Indonesia; dan   h. Perjanjian Kerja."
UU_No_18_Tahun_2017_cleaned.txt,BAB III: PELINDUNGAN PEKERJA MIGRAN INDONESIA,PASAL 14,"Hubungan kerja antara Pemberi Kerja dan Pekerja Migran  Indonesia b erdasarkan Perjanjian Kerja yang mempunyai  unsur pekerjaan, upah, dan perintah."
UU_No_18_Tahun_2017_cleaned.txt,BAB III: PELINDUNGAN PEKERJA MIGRAN INDONESIA,PASAL 15,"(1) Hubungan kerja antara Pemberi Kerja dan Pekerja  Migran Indonesia terjadi setelah Perjanjian Kerja  sebagaimana dimaksud dalam Pasal 14 disepakati dan  ditandatangan i oleh para pihak.   (2) Perjanjian Kerja sebagaimana dimaksud pada ayat (1)  paling sedikit meliputi:   a. nama, profil, dan alamat lengkap Pemberi Kerja;   b. nama dan alamat lengkap Pekerja Migran  Indonesia;   c. jabatan atau jenis pekerjaan Pekerja Migran  Indon esia;  d. hak dan kewajiban para pihak;   e. kondisi dan syarat kerja yang meliputi jam kerja,  upah dan tata cara pembayaran, hak cuti dan  waktu istirahat, serta fasilitas dan Jaminan Sosial  dan/atau asuransi;   f. jangka waktu Perjanjian Kerja; dan   g. jaminan keamanan dan keselamatan Pekerja  Migran Indonesia selama bekerja.   (3)  Ketentuan lebih lanjut mengenai standar Perjanjian  Kerja, penandatanganan, dan verifikasi diatur dengan  Peraturan Kepala Badan."
UU_No_18_Tahun_2017_cleaned.txt,BAB III: PELINDUNGAN PEKERJA MIGRAN INDONESIA,PASAL 16,Jangka waktu Perjanjian Kerja sebagaimana dimak sud  dalam Pasal 15 ayat (2) huruf f dibuat berdasarkan  kesepakatan tertulis antara Pekerja Migran Indonesia dan  Pemberi Kerja serta dapat diperpanjang.
UU_No_18_Tahun_2017_cleaned.txt,BAB III: PELINDUNGAN PEKERJA MIGRAN INDONESIA,PASAL 17,Perpanjangan jangka waktu Perjanjian Kerja sebagaimana  dimaksud dalam Pasal 16 dilakukan di ha dapan pejabat  yang berwenang di kantor Perwakilan Republik Indonesia di  negara tujuan penempatan.
UU_No_18_Tahun_2017_cleaned.txt,BAB III: PELINDUNGAN PEKERJA MIGRAN INDONESIA,PASAL 18,Perjanjian Kerja sebagaimana dimaksud dalam Pasal 15  tidak dapat diubah tanpa persetujuan para pihak.
UU_No_18_Tahun_2017_cleaned.txt,BAB III: PELINDUNGAN PEKERJA MIGRAN INDONESIA,PASAL 19,(1)  Perusahaan Penempatan Pekerja M igran Indonesia  wajib menempatkan Calon Pekerja Migran Indonesia  sesuai dengan jabatan dan jenis pekerjaan  sebagaimana tercantum dalam Perjanjian Kerja.   (2)  Perusahaan Penempatan Pekerja Migran Indonesia  yang tidak menempatkan Calon Pekerja Migran  Indones ia sesuai dengan jabatan dan jenis pekerjaan  yang tercantum dalam Perjanjian Kerja sebagaimana  di maksud pada ayat (1) dikenai sanksi administratif.
UU_No_18_Tahun_2017_cleaned.txt,BAB III: PELINDUNGAN PEKERJA MIGRAN INDONESIA,PASAL 20,Ketentuan lebih lanjut mengenai tata cara pemberian  Pelindungan Sebelum Bekerja sebagaimana dimak sud  dalam Pasal 8 sampai dengan Pasal 19 diatur dengan  Peraturan Pemerintah.     Bagian Ketiga   Pelindungan Selama Bekerja
UU_No_18_Tahun_2017_cleaned.txt,BAB III: PELINDUNGAN PEKERJA MIGRAN INDONESIA,PASAL 21,"(1)  Pelindungan Selama Bekerja sebagaimana dimaksud  dalam Pasal 7 huruf b meliputi:   a. pendataan dan pendaftaran oleh atase  ketenagakerjaan atau pejabat dinas luar negeri  yang ditunjuk;   b. pemantauan dan evaluasi terhadap Pemberi  Kerja, pekerjaan, dan kondisi kerja;   c. fasilitasi pemenuhan hak Pekerja Migran  Indonesia;   d. fasilitasi penyelesaian kasus ketenagakerjaan;   e. pemberia n layanan jasa kekonsuleran;   f. pendampingan, mediasi, advokasi, dan pemberian  bantuan hukum berupa fasilitasi jasa advokat  oleh Pemerintah Pusat dan/atau Perwakilan  Republik Indonesia serta perwalian sesuai dengan  hukum negara setempat;   g. pembinaan terha dap Pekerja Migran Indonesia;  dan  h. fasilitasi repatriasi.   (2)  Pelindungan Pekerja Migran Indonesia selama bekerja  sebagaimana dimaksud pada ayat (1) dilakukan  dengan tidak mengambil alih tanggung jawab pidana  dan/atau perdata Pekerja Migran Indonesia da n  dilaksanakan sesuai dengan ketentuan peraturan  perundang -undangan, hukum negara tujuan  penempatan, serta hukum dan kebiasaan  internasional."
UU_No_18_Tahun_2017_cleaned.txt,BAB III: PELINDUNGAN PEKERJA MIGRAN INDONESIA,PASAL 22,"(1) Dalam rangka peningkatan hubungan bilateral di  bidang ketenagakerjaan dan Pelindungan Pekerja  Migran  Indonesia di luar negeri, Pemerintah Pusat  menetapkan jabatan atase ketenagakerjaan pada  Perwakilan Republik Indonesia di negara tertentu.   (2) Penugasan atase ketenagakerjaan dilakukan sesuai  dengan ketentuan peraturan perundang -undangan.   (3) Pejabat yang  ditunjuk sebagai atase ketenagakerjaan  memiliki kompetensi ketenagakerjaan dan status  diplomatik.   (4) Ketentuan lebih lanjut mengenai tugas dan wewenang  atase ketenagakerjaan diatur dengan Peraturan  Presiden."
UU_No_18_Tahun_2017_cleaned.txt,BAB III: PELINDUNGAN PEKERJA MIGRAN INDONESIA,PASAL 23,Ketentuan lebih lanjut mengenai tata  cara pemberian  Pelindungan Selama Bekerja sebagaimana dimaksud dalam  Pasal 21 diatur dengan Peraturan Pemerintah.                Bagian Keempat   Pelindungan Setelah Bekerja
UU_No_18_Tahun_2017_cleaned.txt,BAB III: PELINDUNGAN PEKERJA MIGRAN INDONESIA,PASAL 24,(1)  Pelindungan Setelah Bekerja sebagaimana dimaksud  dalam Pasal 7 huruf c melip uti:  a. fasilitasi kepulangan sampai daerah asal;   b. penyelesaian hak Pekerja Migran Indonesia yang  belum terpenuhi;   c. fasilitasi pengurusan Pekerja Migran Indonesia  yang sakit dan meninggal dunia;   d. rehabilitasi sosial dan reintegrasi sosial; dan   e. pemberdayaan Pekerja Migran Indonesia dan  keluarganya.   (2)  Pelindungan Setelah Bekerja sebagaimana dimaksud  pada ayat (1) dilakukan oleh Pemerintah Pusat  bersama -sama dengan Pemerintah Daerah.
UU_No_18_Tahun_2017_cleaned.txt,BAB III: PELINDUNGAN PEKERJA MIGRAN INDONESIA,PASAL 25,(1) Perusahaan Penempatan Pekerja Migran Indonesia  wajib melaporkan data kepulangan dan/atau data  perpanjangan Perjanjian Kerja Pekerja Migran  Indonesia kepada Perwakilan Republik Indonesia di  negara tujuan penempatan.   (2) Perwakilan Republik Indonesia wajib melakukan  verifikasi atas laporan sebagaimana dimaks ud pada  ayat (1).   (3) Perusahaan Penempatan Pekerja Migran Indonesia  yang tidak melaporkan data kepulangan dan/atau  data perpanjangan Perjanjian Kerja Pekerja Migran  Indonesia kepada Perwakilan Republik Indonesia di  negara tujuan penempatan sebagaimana dim aksud  pada ayat (1) dikenai sanksi administratif.
UU_No_18_Tahun_2017_cleaned.txt,BAB III: PELINDUNGAN PEKERJA MIGRAN INDONESIA,PASAL 26,"Berdasarkan hasil verifikasi sebagaimana dimaksud dalam  Pasal 25 ayat (2), Pekerja Migran Indonesia yang tidak  memiliki permasalahan dapat:   a. menjalani proses kepulangan; atau   b. melakukan pe rpanjangan Perjanjian Kerja."
UU_No_18_Tahun_2017_cleaned.txt,BAB III: PELINDUNGAN PEKERJA MIGRAN INDONESIA,PASAL 27,"(1)  Kepulangan Pekerja Migran Indonesia sebagaimana  dimaksud dalam Pasal 26 huruf a, dapat terjadi  karena:   a. berakhirnya Perjanjian Kerja;   b. cuti;  c. pemutusan hubungan kerja sebelum masa  Perjanjian Kerja berakhir;   d. mengalami kecelakaan kerja dan/atau sakit yang  mengakibatkan tidak dapat menjalankan  pekerjaannya lagi;   e. mengalami penganiayaan atau tindak kekerasan  lainnya;   f. terjadi perang, bencana alam, atau wabah  penyakit di negara tujuan penempatan;   g. didepo rtasi oleh pemerintah negara tujuan  penempatan;   h. meninggal dunia di negara tujuan penempatan;  dan/atau   i. sebab lain yang menimbulkan kerugian Pekerja  Migran Indonesia.   (2)  Dalam hal Pekerja Migran Indonesia meninggal dunia  di negara tujuan penempatan s ebagaimana dimaksud  pada ayat (1) huruf h, Perusahaan Penempatan  Pekerja Migran Indonesia berkewajiban:   a. memberitahukan tentang kematian Pekerja  Migran Indonesia kepada keluarganya paling  lambat 3 (tiga) kali 24 (dua puluh empat) jam  sejak diketahuinya k ematian tersebut;   b. mencari informasi tentang sebab kematian dan  memberitahukannya kepada pejabat Perwakilan  Republik Indonesia dan anggota Keluarga Pekerja  Migran Indonesia yang bersangkutan;   c. memulangkan jenazah Pekerja Migran Indonesia  ke tempat asal  dengan cara yang layak serta  menanggung semua biaya yang diperlukan,  termasuk biaya penguburan sesuai dengan tata  cara agama Pekerja Migran Indonesia yang  bersangkutan;   d. mengurus pemakaman di negara tujuan  penempatan Pekerja Migran Indonesia atas  perset ujuan pihak Keluarga Pekerja Migran  Indonesia atau sesuai dengan ketentuan yang  berlaku di negara yang bersangkutan;   e. memberikan pelindungan terhadap seluruh harta  milik Pekerja Migran Indonesia untuk  kepentingan keluarganya; dan   f. mengurus pemenuhan se mua hak Pekerja Migran  Indonesia yang seharusnya diterima. (3)  Perusahaan Penempatan Pekerja Migran  Indonesia yang tidak melaksanakan kewajiban  sebagaimana dimaksud pada ayat (2) dikenai  sanksi administratif."
UU_No_18_Tahun_2017_cleaned.txt,BAB III: PELINDUNGAN PEKERJA MIGRAN INDONESIA,PASAL 28,Ketentuan lebih lanjut mengenai tata cara pemberian  Pelindungan Setelah Bekerja sebagaimana dimaksud dalam  Pasal 24 sampai dengan Pasal 27 diatur dengan Peraturan  Pemerintah.                  Bagian Kelima   Jaminan Sosial  Pekerja Migran Indonesia
UU_No_18_Tahun_2017_cleaned.txt,BAB III: PELINDUNGAN PEKERJA MIGRAN INDONESIA,PASAL 29,"(1) Dalam upaya Pelindungan Pekerja Migran Ind onesia,  Pemerintah Pusat menyelenggarakan Jaminan Sosial  bagi Pekerja Migran Indonesia dan keluarganya.   (2) Penyelenggaraan program Jaminan Sosial bagi Pekerja  Migran Indonesia dan keluarganya merupakan bagian  dari Sistem Jaminan Sosial Nasional.   (3) Penye lenggaraan Jaminan Sosial sebagaimana  dimaksud pada ayat (1) dikelola oleh Badan  Penyelenggara Jaminan Sosial.   (4) Untuk risiko tertentu yang tidak tercakup oleh  Jaminan Sosial, Badan Penyelenggara Jaminan Sosial  Ketenagakerjaan dapat bekerja sama dengan l embaga  pemerintah atau swasta.   (5) Ketentuan lebih lanjut mengenai Jaminan Sosial bagi  Pekerja Migran Indonesia secara khusus diatur dengan  Peraturan Menteri.     Bagian Keenam   Pembiayaan"
UU_No_18_Tahun_2017_cleaned.txt,BAB III: PELINDUNGAN PEKERJA MIGRAN INDONESIA,PASAL 30,"(1) Pekerja Migran Indonesia tidak dapat dibebani biaya  penem patan.   (2) Ketentuan lebih lanjut mengenai biaya penempatan  sebagaimana dimaksud pada ayat (1) diatur dengan  Peraturan Kepala Badan.                  Bagian Ketujuh   Pelindungan Hukum, Sosial, dan Ekonomi     Paragraf 1   Pelindungan Hukum"
UU_No_18_Tahun_2017_cleaned.txt,BAB III: PELINDUNGAN PEKERJA MIGRAN INDONESIA,PASAL 31,Pekerja Migran Indone sia hanya dapat bekerja ke negara  tujuan penempatan yang:   a. mempunyai peraturan perundang -undangan yang  melindungi tenaga kerja asing;   b. telah memiliki perjanjian tertulis antara pemerintah  negara tujuan penempatan dan Pemerintah Republik  Indonesia; dan/ atau  c. memiliki sistem Jaminan Sosial dan/atau asuransi  yang melindungi pekerja asing.
UU_No_18_Tahun_2017_cleaned.txt,BAB III: PELINDUNGAN PEKERJA MIGRAN INDONESIA,PASAL 32,"(1)  Pemerintah Pusat dapat menghentikan dan/atau  melarang penempatan Pekerja Migran Indonesia untuk  negara tertentu atau jabatan tertentu di luar negeri  dengan pertimbangan:   a. keamanan;   b. pelindungan hak asasi manusia;   c. pemerataan kesempatan kerja; dan/atau   d. kepentingan ketersediaan tenaga kerja sesuai  dengan kebutuhan nasional.   (2)  Dalam menghentikan dan/atau melarang penempatan  Pekerja Migran Indonesi a sebagaimana dimaksud pada  ayat (1), Pemerintah Pusat memperhatikan saran dan  pertimbangan Perwakilan  Republik Indonesia,  kementerian/lembaga,  Perusahaan Penempatan  Pekerja Migran Indonesia, dan masyarakat.   (3) Penetapan negara tertentu atau jabatan terte ntu  sebagaimana dimaksud pada ayat (1) ditetapkan oleh  Pemerintah Pusat.   (4) Ketentuan lebih lanjut mengenai penghentian dan  pelarangan penempatan Pekerja Migran Indonesia  sebagaimana dimaksud pada ayat (1) diatur dengan  Peraturan Menteri."
UU_No_18_Tahun_2017_cleaned.txt,BAB III: PELINDUNGAN PEKERJA MIGRAN INDONESIA,PASAL 33,"Pemeri ntah Pusat dan Pemerintah Daerah memberikan  pelindungan hukum terhadap Pekerja Migran Indonesia  sesuai dengan ketentuan peraturan perundang¬undangan,  hukum negara tujuan penempatan, serta hukum dan  kebiasaan internasional.     Paragraf 2   Pelindungan Sosial"
UU_No_18_Tahun_2017_cleaned.txt,BAB III: PELINDUNGAN PEKERJA MIGRAN INDONESIA,PASAL 34,"Pemerintah Pusat dan Pemerintah Daerah sesuai dengan  kewenangannya wajib melakukan pelindungan sosial bagi  Calon Pekerja Migran Indonesia dan/atau Pekerja Migran  Indonesia melalui:   a. peningkatan kualitas pendidikan dan pelatihan kerja  melalui stan dardisasi kompetensi pelatihan kerja;   b. peningkatan peran lembaga akreditasi dan sertifikasi;   c. penyediaan tenaga pendidik dan pelatih yang  kompeten;   d. reintegrasi sosial melalui layanan peningkatan  keterampilan, baik terhadap Pekerja Migran Indonesia  maupun keluarganya;   e. kebijakan pelindungan kepada perempuan dan anak;  dan  f. penyediaan pusat Pelindungan Pekerja Migran  Indonesia di negara tujuan penempatan.             Paragraf 3   Pelindungan Ekonomi"
UU_No_18_Tahun_2017_cleaned.txt,BAB III: PELINDUNGAN PEKERJA MIGRAN INDONESIA,PASAL 35,Pemerintah Pusat dan Pemerintah Daerah sesuai den gan  kewenangannya wajib melakukan pelindungan ekonomi  bagi Calon Pekerja Migran Indonesia dan/atau Pekerja  Migran Indonesia melalui:   a. pengelolaan remitansi dengan melibatkan lembaga  perbankan atau lembaga keuangan nonbank dalam  negeri dan negara tujuan p enempatan;   b. edukasi keuangan agar Pekerja Migran Indonesia dan  keluarganya dapat mengelola hasil remitansinya; dan   c. edukasi kewirausahaan.
UU_No_18_Tahun_2017_cleaned.txt,BAB III: PELINDUNGAN PEKERJA MIGRAN INDONESIA,PASAL 36,"Ketentuan lebih lanjut mengenai pelindungan hukum,  pelindungan sosial, dan pelindungan ekonomi bagi Cal on  Pekerja Migran Indonesia dan/atau Pekerja Migran  Indonesia sebagaimana dimaksud dalam Pasal 31 sampai  dengan Pasal 35 diatur dengan Peraturan Pemerintah.     Bagian Kedelapan Sanksi Administratif"
UU_No_18_Tahun_2017_cleaned.txt,BAB III: PELINDUNGAN PEKERJA MIGRAN INDONESIA,PASAL 37,"(1)  Sanksi administratif sebagaimana dimaksud dal am  Pasal 19 ayat (2), Pasal 25 ayat (3), dan Pasal 27 ayat  (3) berupa:   a. peringatan tertulis;   b. penghentian sementara sebagian atau seluruh  kegiatan usaha; atau   c. pencabutan izin.   (2)  Ketentuan lebih lanjut mengenai tata cara pengenaan  sanksi administr atif sebagaimana dimaksud pada ayat  (1) diatur dengan Peraturan Menteri.        BAB IV : LAYANAN TERPADU SATU ATAP PENEMPATAN DAN PELINDUNGAN PEKERJA MIGRAN INDONESIA"
UU_No_18_Tahun_2017_cleaned.txt,BAB IV: LAYANAN TERPADU SATU ATAP PENEMPATAN DAN,PASAL 38,"(1)  Pelayanan penempatan dan Pelindungan Pekerja  Migran Indonesia dilakukan oleh Pem erintah Pusat  dan Pemerintah Daerah secara terkoordinasi dan  terintegrasi.   (2)  Dalam memberikan pelayanan penempatan dan  pelindungan sebagaimana dimaksud pada ayat (1),  Pemerintah Daerah membentuk layanan terpadu satu  atap.   (3)  Layanan terpadu satu atap sebagaimana dimaksud  pada ayat (2) bertujuan:   a. mewujudkan efektivitas penyelenggaraan  pelayanan penempatan dan Pelindungan Pekerja  Migran Indonesia;   b. memberikan efisiensi dan transparansi dalam  pengurusan dokumen penempatan dan  pelindungan Calon Pekerj a Migran Indonesia  dan/atau Pekerja Migran Indonesia; dan   c. mempercepat peningkatan kualitas pelayanan  Pekerja Migran Indonesia.   (4)  Ketentuan lebih lanjut mengenai layanan terpadu satu  atap diatur dengan Peraturan Pemerintah.                          BAB V : TUGAS DAN  TANGGUNG JAWAB PEMERINTAH PUSAT DAN PEMERINTAH DAERAH     Bagian Kesatu   Pemerintah Pusat"
UU_No_18_Tahun_2017_cleaned.txt,BAB V: TUGAS DAN  TANGGUNG JAWAB PEMERINTAH PUSAT,PASAL 39,"Pemerintah Pusat memiliki tugas dan tanggung jawab:   a. menjamin pelindungan Calon Pekerja Migran  Indonesia dan/atau Pekerja Migran Indonesia dan  keluarganya;   b. mengatur, membina, melaksanakan, dan mengawasi  penyelenggaraan penempatan Pekerja Migran  Indonesia;   c. menjamin pemenuhan hak Calon Pekerja Migran  Indonesia dan/atau Pekerja Migran Indonesia dan  keluarganya;   d. membentuk dan mengembangkan sistem informa si  terpadu dalam penyelenggaraan penempatan dan  Pelindungan Pekerja Migran Indonesia;   e. melakukan koordinasi kerja sama antarinstansi terkait  dalam menanggapi pengaduan dan penanganan kasus  Calon Pekerja Migran Indonesia dan/atau Pekerja  Migran Indonesia;   f. mengurus kepulangan Pekerja Migran Indonesia dalam  hal terjadi peperangan, bencana alam, wabah  penyakit, deportasi, dan Pekerja Migran Indonesia  bermasalah;   g. melakukan upaya untuk menjamin pemenuhan hak  dan Pelindungan Pekerja Migran Indonesia secara   optimal di negara tujuan penempatan;   h. menyusun kebijakan mengenai Pelindungan Pekerja  Migran Indonesia dan keluarganya;   i. menghentikan atau melarang penempatan Pekerja  Migran Indonesia untuk negara tertentu atau pada  jabatan tertentu di luar negeri;   j. membuka negara atau jabatan tertentu yang tertutup  bagi penempatan Pekerja Migran Indonesia;   k. menerbitkan dan mencabut SIP3MI;   l. menerbitkan dan mencabut SIP2MI;   m. melakukan koordinasi antarinstansi terkait mengenai  kebijakan Pelindungan Pekerja Migra n Indonesia;   n. mengangkat pejabat sebagai atase ketenagakerjaan  yang ditempatkan di kantor Perwakilan Republik  Indonesia atas usul Menteri; dan   o. menyediakan dan memfasilitasi pelatihan Calon  Pekerja Migran Indonesia melalui pelatihan vokasi  yang anggara nnya berasal dari fungsi pendidikan.     Bagian Kedua   Pemerintah Daerah Provinsi"
UU_No_18_Tahun_2017_cleaned.txt,BAB V: TUGAS DAN  TANGGUNG JAWAB PEMERINTAH PUSAT,PASAL 40,"Pemerintah Daerah provinsi memiliki tugas dan tanggung  jawab:   a. menyelenggarakan pendidikan dan pelatihan kerja  oleh lembaga pendidikan dan lembaga pelatihan kerja  milik pemerintah dan/atau swasta yang terakreditasi;   b. mengurus kepulangan Pekerja Migran Indonesia dalam  hal terjadi peperangan, bencana alam, wabah  penyakit, deportasi, dan Pekerja Migran Indonesia  bermasalah sesuai dengan kewenangannya;   c. menerbitkan izi n kantor cabang Perusahaan  Penempatan Pekerja Migran Indonesia;   d. melaporkan hasil evaluasi terhadap Perusahaan  Penempatan Pekerja Migran Indonesia secara  berjenjang dan periodik kepada Menteri;   e. memberikan Pelindungan Pekerja Migran Indonesia  sebelum b ekerja dan setelah bekerja;   f. menyediakan pos bantuan dan pelayanan di tempat  pemberangkatan dan pemulangan Pekerja Migran  Indonesia yang memenuhi syarat dan standar  kesehatan;   g. menyediakan dan memfasilitasi pelatihan Calon  Pekerja Migran Indonesia mela lui pelatihan vokasi  yang anggarannya berasal dari fungsi pendidikan;   h. mengatur, membina, melaksanakan, dan mengawasi  penyelenggaraan penempatan Pekerja Migran  Indonesia; dan   i. dapat membentuk layanan terpadu satu atap  penempatan dan Pelindungan Pekerja  Migran  Indonesia di tingkat provinsi.     Bagian Ketiga   Pemerintah Daerah Kabupaten/Kota"
UU_No_18_Tahun_2017_cleaned.txt,BAB V: TUGAS DAN  TANGGUNG JAWAB PEMERINTAH PUSAT,PASAL 41,"Pemerintah Daerah kabupaten/kota memiliki tugas dan  tanggung jawab:   a. menyosialisasikan informasi dan permintaan Pekerja  Migran Indonesia kepada masyarakat;   b. membuat basis data Pekerja Migran Indonesia;   c. melaporkan hasil evaluasi terhadap Perusahaan  Penempatan Pekerja Migran Indonesia secara periodik  kepada Pemerintah Daerah provinsi;   d. mengurus kepulangan Pekerja Migran Indonesia dalam  hal terjadi peperan gan, bencana alam, wabah  penyakit, deportasi, dan Pekerja Migran Indonesia  bermasalah sesuai dengan kewenangannya;   e. memberikan Pelindungan Pekerja Migran Indonesia  sebelum bekerja dan setelah bekerja di daerah  kabupaten/kota yang menjadi tugas dan  kewena ngannya;   f. menyelenggarakan pendidikan dan pelatihan kerja  kepada Calon Pekerja Migran Indonesia yang dapat  bekerja sama dengan lembaga pendidikan dan  lembaga pelatihan kerja milik pemerintah dan/atau  swasta yang terakreditasi;   g. melakukan pembinaan dan pengawasan terhadap  lembaga pendidikan dan lembaga pelatihan kerja di  kabupaten/kota;   h. melakukan reintegrasi sosial dan ekonomi bagi Pekerja  Migran Indonesia dan keluarganya;   i. menyediakan dan memfasilitasi pelatihan Calon  Pekerja Migran Indonesia melal ui pelatihan vokasi  yang anggarannya berasal dari fungsi pendidikan;   j. mengatur, membina, melaksanakan, dan mengawasi  penyelenggaraan penempatan Pekerja Migran  Indonesia; dan   k. dapat membentuk layanan terpadu satu atap  penempatan dan Pelindungan Pekerja Migran  Indonesia di tingkat kabupaten/kota.      Bagian Keempat   Pemerintah Desa"
UU_No_18_Tahun_2017_cleaned.txt,BAB V: TUGAS DAN  TANGGUNG JAWAB PEMERINTAH PUSAT,PASAL 42,"Pemerintah Desa memiliki tugas dan tanggung jawab:   a. menerima dan memberikan informasi dan permintaan  pekerjaan dari instansi yang menyelenggarakan  urusan pemerintahan  di bidang ketenagakerjaan;   b. melakukan verifikasi data dan pencatatan Calon  Pekerja Migran Indonesia;   c. memfasilitasi pemenuhan persyaratan administrasi  kependudukan Calon Pekerja Migran Indonesia;   d. melakukan pemantauan keberangkatan dan  kepulangan Pe kerja Migran Indonesia; dan   e. melakukan pemberdayaan kepada Calon Pekerja  Migran Indonesia, Pekerja Migran Indonesia, dan  keluarganya."
UU_No_18_Tahun_2017_cleaned.txt,BAB V: TUGAS DAN  TANGGUNG JAWAB PEMERINTAH PUSAT,PASAL 43,Ketentuan lebih lanjut mengenai tugas dan tanggung jawab  Pemerintah Pusat dan Pemerintah Daerah diatur dengan  Peraturan Pemerintah.   BAB VI : KELEMBAGAAN
UU_No_18_Tahun_2017_cleaned.txt,BAB VI: KELEMBAGAAN,PASAL 44,Pelaksanaan tugas p emerintah di bidang Pelindungan  Pekerja Migran Indonesia diselenggarakan oleh   kementerian dan Badan.
UU_No_18_Tahun_2017_cleaned.txt,BAB VI: KELEMBAGAAN,PASAL 45,Tugas Menteri sebagai pembuat kebijakan:   a.  menyusun norma dan standar me ngenai:   1) Pelindungan Pekerja Migran Indonesia;   2) pengawasan penyelenggaraan penempatan;   3) penetapan penyelenggara Jaminan Sosial;   4) pemenuhan hak Pekerja Migran Indonesia;   b.  mengawasi dan mengevaluasi pelaksanaan kebijakan  Pelindungan Pekerja Migran  Indonesia;   c.  melakukan kerja sama luar negeri untuk menjamin   pemenuhan hak dan Pelindungan Pekerja Migran  Indonesia melalui koordinasi dengan menteri yang  menyelenggarakan urusan pemerintahan di bidang  hubungan luar negeri;   d.  menghentikan atau melaran g penempatan Pekerja  Migran Indonesia pada negara tertentu atau  jabatan/profesi tertentu;   e.  menerbitkan dan mencabut SIP3MI atas usul kepala  Badan paling lama 60 (enam puluh) hari kalender  terhitung sejak tanggal pengusulan;   f.  mengusulkan pejabat atase  ketenagakerjaan kepada  menteri yang menyelenggarakan urusan pemerintahan  di bidang hubungan luar negeri;   g.  melakukan pemberdayaan sosial dan ekonomi purna  Pekerja Migran Indonesia; dan   h.  tugas lain yang sesuai dengan kewenangannya.
UU_No_18_Tahun_2017_cleaned.txt,BAB VI: KELEMBAGAAN,PASAL 46,(1) Tugas Pelindungan Pekerja Migran Indonesia  dilaksanakan oleh Badan yang dibentuk oleh Presiden.   (2) Badan sebagaimana dimaksud pada ayat (1) dipimpin  oleh kepala Badan yang diangkat oleh Presiden dan  bertanggung jawab kepada Presiden melalui Menteri.   (3)  Badan sebagaimana dimaksud pada ayat (2)  merupakan lembaga pemerintah nonkementerian yang  bertugas sebagai pelaksana kebijakan dalam  pelayanan Pelindungan Pekerja Migran Indonesia  secara terpadu.
UU_No_18_Tahun_2017_cleaned.txt,BAB VI: KELEMBAGAAN,PASAL 47,"Tugas kepala Badan sebagai pelaksana kebijakan:   a.  melaksanakan kebijakan penempatan dan  Pelindungan Pekerja Migran Indonesia:   1) melayani dan melindungi Pekerja Migran  Indonesia;   2) menerbitkan dan mencabut SIP2MI;   3) menyelenggarakan pelayanan penempatan;   4) melakukan pengawasan pelaksanaan pelayanan  Jami nan Sosial;   5) memenuhi hak Pekerja Migran Indonesia;   6) memverifikasi dokumen Pekerja Migran  Indonesia;   b.  melaksanakan penempatan dan Pelindungan Pekerja  Migran Indonesia melalui kerja sama antara  Pemerintah Pusat dengan negara tujuan penempatan;   c.  mengusulkan pencabutan SIP3MI kepada Menteri  terhadap Perusahaan Penempatan Pekerja Migran  Indonesia;   d.  memberikan Pelindungan Selama Bekerja dengan  berkoordinasi dengan Perwakilan Republik Indonesia  di negara tujuan penempatan;   e.  melakukan fasilitasi, r ehabilitasi, dan reintegrasi  purna Pekerja Migran Indonesia;   f.  melakukan pemberdayaan sosial dan ekonomi purna  Pekerja Migran Indonesia; dan   g.  tugas lain yang sesuai dengan kewenangannya."
UU_No_18_Tahun_2017_cleaned.txt,BAB VI: KELEMBAGAAN,PASAL 48,"Ketentuan lebih lanjut mengenai pembentukan, fungsi,  tugas, struktur organisasi, dan tata kerja Badan diatur  dengan Peraturan Presiden.     BAB VII : PELAKSANA PENEMPATAN PEKERJA MIGRAN INDONESIA   Bagian Kesatu   Umum"
UU_No_18_Tahun_2017_cleaned.txt,BAB VII: PELAKSANA PENEMPATAN PEKERJA MIGRAN INDONESIA,PASAL 49,Pelaksana penempatan Pekerja Migran Indonesia ke luar  negeri terdiri atas:   a. Badan;   b. Perusahaan Penempatan Pekerja Migran Indonesia;  atau  c. perusahaan yang menempatkan Pekerja Migran  Indonesia untuk kepentingan perusahaan sendiri.
UU_No_18_Tahun_2017_cleaned.txt,BAB VII: PELAKSANA PENEMPATAN PEKERJA MIGRAN INDONESIA,PASAL 50,"(1) Penempatan Pekerja Migran Indonesia oleh Badan  sebagaimana dimaksud dalam Pasal 49 huruf a,  dilakukan atas dasar perjanjian secara tertulis antara  pemerintah dengan pemerintah negara Pemberi Kerja  Pekerja Migran Indonesia atau Pemberi Kerja berbadan  hukum di negara tujuan penempatan.   (2) Ketentuan lebih lanjut mengenai tata cara penempatan  Pekerja Migran Indonesia oleh Badan sebagaimana  dimaksud pada ayat (1) diatur dengan Peraturan  Pemerintah."
UU_No_18_Tahun_2017_cleaned.txt,BAB VII: PELAKSANA PENEMPATAN PEKERJA MIGRAN INDONESIA,PASAL 51,(1) Perusahaan yang akan menjadi Perusahaan  Penempatan Pekerja Migran Indonesia sebagaimana  dimaksud dalam Pasal 49 huruf b wajib mendapat izin  tertulis berupa SIP3MI dari Menteri.   (2) SIP3MI sebagaimana dimaksud pada ayat (1) tidak  dapat dialihkan dan dipindahtangankan kepada pihak  lain.  (3) Ketentuan lebih lanjut mengenai izin tertulis berupa  SIP3MI sebagaimana dimaksud pada ayat (1) diatur  denga n Peraturan Menteri.
UU_No_18_Tahun_2017_cleaned.txt,BAB VII: PELAKSANA PENEMPATAN PEKERJA MIGRAN INDONESIA,PASAL 52,(1)  Perusahaan Penempatan Pekerja Migran Indonesia  sebagaimana dimaksud dalam Pasal 49 huruf b  mempunyai tugas dan tanggung jawab:   a. mencari peluang kerja;   b. menempatkan Pekerja Migran Indonesia; dan   c. menyelesaikan perma salahan Pekerja Migran  Indonesia yang ditempatkannya.   (2)  Ketentuan lebih lanjut mengenai tugas dan tanggung  jawab Perusahaan Penempatan Pekerja Migran  Indonesia sebagaimana dimaksud pada ayat (1) diatur  dengan Peraturan Pemerintah.
UU_No_18_Tahun_2017_cleaned.txt,BAB VII: PELAKSANA PENEMPATAN PEKERJA MIGRAN INDONESIA,PASAL 53,(1) Perusaha an Penempatan Pekerja Migran Indonesia  dapat membentuk kantor cabang di luar wilayah  domisili kantor pusatnya.   (2) Kegiatan yang dilakukan oleh kantor cabang  Perusahaan Penempatan Pekerja Migran Indonesia  menjadi tanggung jawab kantor pusat Perusahaan  Penempatan Pekerja Migran Indonesia.   (3) Kantor cabang sebagaimana dimaksud pada ayat (1)  wajib terdaftar di Pemerintah Daerah provinsi.   (4) Ketentuan lebih lanjut mengenai tata cara  pembentukan kantor cabang Perusahaan Penempatan  Pekerja Migran Indonesia seba gaimana dimaksud pada  ayat (1) diatur dengan Peraturan Menteri.
UU_No_18_Tahun_2017_cleaned.txt,BAB VII: PELAKSANA PENEMPATAN PEKERJA MIGRAN INDONESIA,PASAL 54,"(1)  Untuk dapat memperoleh SIP3MI sebagaimana  dimaksud dalam Pasal 51 ayat (1), Perusahaan  Penempatan Pekerja Migran Indonesia harus  memenuhi persyaratan:   a. memiliki modal disetor yang tercantum dalam  akta pendirian perusahaan paling sedikit  Rp5.000.000.000,00 (lima miliar rupiah);   b. menyetor uang kepada bank pemerintah dalam   bentuk deposito paling sedikit   Rp1.500.000.000,00 (satu miliar lima ratus juta  rupiah) yang sewaktu -waktu d apat dicairkan  sebagai jaminan untuk memenuhi kewajiban  dalam Pelindungan Pekerja Migran Indonesia;   c. memiliki rencana kerja penempatan dan  Pelindungan Pekerja Migran Indonesia paling  singkat 3 (tiga) tahun berjalan; dan   d. memiliki sarana dan prasarana p elayanan  penempatan Pekerja Migran Indonesia.   (2)  Deposito sebagaimana dimaksud pada ayat (1) huruf  b, hanya dapat dicairkan oleh Menteri apabila  Perusahaan Penempatan Pekerja Migran Indonesia  tidak memenuhi kewajiban terhadap Calon Pekerja  Migran Indones ia dan/atau Pekerja Migran Indonesia.   (3)  Sesuai dengan perkembangan keadaan, besarnya  modal disetor sebagaimana dimaksud pada ayat (1)  huruf a dan jaminan dalam bentuk deposito  sebagaimana dimaksud pada ayat (1) huruf b, dapat  ditinjau kembali dan diubah  dengan Peraturan  Menteri."
UU_No_18_Tahun_2017_cleaned.txt,BAB VII: PELAKSANA PENEMPATAN PEKERJA MIGRAN INDONESIA,PASAL 55,"(1) Perusahaan Penempatan Pekerja Migran Indonesia  wajib menambah biaya keperluan penyelesaian  perselisihan atau sengketa Calon Pekerja Migran  Indonesia dan/atau Pekerja Migran Indonesia jika  deposito yang digunakan tid ak mencukupi.   (2) Menteri mengembalikan deposito kepada Perusahaan  Penempatan Pekerja Migran Indonesia apabila masa  berlaku SIP3MI telah berakhir, tidak diperpanjang,  atau dicabut setelah perusahaan menyelesaikan  seluruh kewajibannya.   (3) Ketentuan lebih l anjut mengenai penyetoran,  penggunaan, pencairan, dan pengembalian deposito  sebagaimana dimaksud pada ayat (1) dan ayat (2)  diatur dengan Peraturan Menteri."
UU_No_18_Tahun_2017_cleaned.txt,BAB VII: PELAKSANA PENEMPATAN PEKERJA MIGRAN INDONESIA,PASAL 56,Perusahaan Penempatan Pekerja Migran Indonesia yang  tidak menambah biaya keperluan penyel esaian perselisihan  atau sengketa Calon Pekerja Migran Indonesia dan/atau  Pekerja Migran Indonesia jika deposito yang digunakan  tidak mencukupi sebagaimana dimaksud dalam Pasal 54  ayat (1) huruf b dikenai sanksi administratif.
UU_No_18_Tahun_2017_cleaned.txt,BAB VII: PELAKSANA PENEMPATAN PEKERJA MIGRAN INDONESIA,PASAL 57,"(1)  SIP3MI diberi kan untuk jangka waktu 5 (lima) tahun  dan dapat diperpanjang setiap 5 (lima) tahun sekali  setelah mendapat rekomendasi dari Badan.   (2)  Selain harus memenuhi syarat sebagaimana dimaksud  dalam Pasal 54 ayat (1), perpanjangan SIP3MI  sebagaimana dimaksud pada  ayat (1) dapat diberikan  kepada Perusahaan Penempatan Pekerja Migran  Indonesia dengan memenuhi persyaratan paling  sedikit:   a. telah melaksanakan kewajibannya untuk  memberikan laporan secara periodik kepada  Menteri;   b. telah melaksanakan penempatan paling sedikit  75% (tujuh puluh lima persen) dari rencana  penempatan pada waktu memperoleh SIP3MI;   c. masih memiliki sarana dan prasarana yang sesuai  dengan standar yang ditetapkan;   d. memiliki neraca keuangan selama 2 (dua) tahun  terakhir tidak mengalami kerugia n yang diaudit  akuntan publik;   e. tidak dalam kondisi diskors; dan   f. telah melaporkan dan menyerahkan persyaratan  sebagaimana dimaksud dalam Pasal 54 ayat (1)  untuk divalidasi ulang.   (3)  Perusahaan Penempatan Pekerja Migran Indonesia  harus menyerahkan pe mbaruan data dan  menyelesaikan persyaratan sebagaimana dimaksud  pada ayat (2) paling lambat 30 (tiga puluh) hari kerja.   (4) Dalam hal Perusahaan Penempatan Pekerja Migran  Indonesia tidak menyerahkan pembaruan data  sebagaimana dimaksud pada ayat (3), Perusa haan  Penempatan Pekerja Migran Indonesia diizinkan untuk  memperbarui SIP3MI paling lambat 30 (tiga puluh)  hari kerja dengan membayar denda keterlambatan.   (5) Ketentuan lebih lanjut mengenai denda keterlambatan  sebagaimana dimaksud pada ayat (4) diatur deng an  Peraturan Menteri."
UU_No_18_Tahun_2017_cleaned.txt,BAB VII: PELAKSANA PENEMPATAN PEKERJA MIGRAN INDONESIA,PASAL 58,"(1)  Menteri mencabut SIP3MI jika Perusahaan  Penempatan Pekerja Migran Indonesia:   a. tidak lagi memenuhi persyaratan sebagaimana  dimaksud dalam Pasal 54 ayat (1); atau   b. tidak melaksanakan kewajiban dan tanggung  jawabnya da n/atau melanggar larangan dalam  penempatan dan Pelindungan Pekerja Migran  Indonesia yang diatur dalam Undang -Undang ini.   (2)  Pencabutan SIP3MI oleh Menteri sebagaimana  dimaksud pada ayat (1), tidak mengurangi tanggung  jawab Perusahaan Penempatan Pekerja M igran  Indonesia terhadap Pekerja Migran Indonesia yang  telah ditempatkan dan masih berada di luar negeri."
UU_No_18_Tahun_2017_cleaned.txt,BAB VII: PELAKSANA PENEMPATAN PEKERJA MIGRAN INDONESIA,PASAL 59,"(1)  Perusahaan Penempatan Pekerja Migran Indonesia  yang akan melaksanakan penempatan wajib memiliki  SIP2MI.   (2) SIP2MI sebagaimana dimaksud pada ayat (1) tidak  dapat dialihkan dan dipindahtangankan kepada pihak  lain.  (3) SIP2MI sebagaimana dimaksud pada ayat (1) harus  mencantumkan negara tujuan penempatan.   (4) Untuk mendapatkan SIP2MI sebagaimana dimaksud  pada ayat (1), Perusahaan Penempatan P ekerja Migran  Indonesia harus memiliki dokumen:   a. Perjanjian Kerja Sama penempatan;   b. surat permintaan Pekerja Migran Indonesia dari  Pemberi Kerja;   c. rancangan Perjanjian Penempatan; dan   d. rancangan Perjanjian Kerja."
UU_No_18_Tahun_2017_cleaned.txt,BAB VII: PELAKSANA PENEMPATAN PEKERJA MIGRAN INDONESIA,PASAL 60,Ketentuan lebih lanjut me ngenai penempatan Pekerja  Migran Indonesia oleh Perusahaan Penempatan Pekerja  Migran Indonesia diatur dengan Peraturan Menteri.
UU_No_18_Tahun_2017_cleaned.txt,BAB VII: PELAKSANA PENEMPATAN PEKERJA MIGRAN INDONESIA,PASAL 61,(1) Perusahaan dapat menempatkan pekerjanya ke luar  negeri untuk kepentingan perusahaan sendiri.   (2) Perusahaan wajib bertanggung jawab terhadap  pelindungan pekerjanya yang ditempatkan ke luar  negeri untuk kepentingan perusahaan sendiri.   (3) Ketentuan lebih lanjut mengenai penempatan pekerja  oleh perusahaan untuk kepentingan perusahaan  sendiri sebagaimana dimaksud pada ay at (1) diatur  dengan Peraturan Menteri.
UU_No_18_Tahun_2017_cleaned.txt,BAB VII: PELAKSANA PENEMPATAN PEKERJA MIGRAN INDONESIA,PASAL 62,Perusahaan yang tidak bertanggung jawab terhadap  pelindungan pekerjanya yang ditempatkan ke luar negeri  untuk kepentingan perusahaan sendiri sebagaimana  dimaksud dalam Pasal 61 ayat (2) dikenai sanksi  admi nistratif.
UU_No_18_Tahun_2017_cleaned.txt,BAB VII: PELAKSANA PENEMPATAN PEKERJA MIGRAN INDONESIA,PASAL 63,"(1) Pekerja Migran Indonesia Perseorangan dapat bekerja  ke luar negeri pada Pemberi Kerja berbadan hukum.   (2) Segala risiko ketenagakerjaan yang dialami oleh  Pekerja Migran Indonesia Perseorangan, menjadi  tanggung jawab sendiri.   (3) Pekerja Migran Indonesia Perseorangan sebagaimana  dimaksud pada ayat (1) wajib melapor pada instansi  yang menyelenggarakan urusan pemerintahan di  bidang ketenagakerjaan dan Perwakilan Republik  Indonesia.   (4) Ketentuan lebih lanjut mengenai Pekerja Migran  Indonesia Perseorangan sebagaimana dimaksud pada  ayat (1) diatur dengan Peraturan Menteri."
UU_No_18_Tahun_2017_cleaned.txt,BAB VII: PELAKSANA PENEMPATAN PEKERJA MIGRAN INDONESIA,PASAL 64,Ketentuan lebih lanjut mengenai penempatan dan  pelindungan pelaut awak kapal dan pelaut perikanan  sebagaimana dimaksud dalam Pasal 4 ayat (1) huruf c  diatur d engan Peraturan Pemerintah.      Bagian Kedua   Larangan
UU_No_18_Tahun_2017_cleaned.txt,BAB VII: PELAKSANA PENEMPATAN PEKERJA MIGRAN INDONESIA,PASAL 65,Setiap Orang dilarang memberikan data dan informasi  tidak benar dalam pengisian setiap dokumen sebagaimana  dimaksud dalam Pasal 13.
UU_No_18_Tahun_2017_cleaned.txt,BAB VII: PELAKSANA PENEMPATAN PEKERJA MIGRAN INDONESIA,PASAL 66,Setiap Orang dilarang menempatkan Pekerja Migran  Indonesia yang tidak memenuhi persyaratan umur  sebagaimana dimaksud dalam Pasal 5 huruf a.
UU_No_18_Tahun_2017_cleaned.txt,BAB VII: PELAKSANA PENEMPATAN PEKERJA MIGRAN INDONESIA,PASAL 67,Setiap Orang dilarang menempatkan Calon Pekerja Migran  Indonesia pada:   a. jabatan dan jenis pekerjaan yang tidak sesuai dengan  Perjanjian Kerja sehingga merug ikan Calon Pekerja  Migran Indonesia sebagaimana dimaksud dalam Pasal  19 ayat (2); atau   b. pekerjaan yang bertentangan dengan peraturan  perundang -undangan.
UU_No_18_Tahun_2017_cleaned.txt,BAB VII: PELAKSANA PENEMPATAN PEKERJA MIGRAN INDONESIA,PASAL 68,Setiap Orang dilarang melaksanakan penempatan yang  tidak memenuhi persyaratan Pekerja Migra n Indonesia  sebagaimana dimaksud dalam Pasal 5 huruf b sampai  dengan huruf e.
UU_No_18_Tahun_2017_cleaned.txt,BAB VII: PELAKSANA PENEMPATAN PEKERJA MIGRAN INDONESIA,PASAL 69,Orang perseorangan dilarang melaksanakan penempatan  Pekerja Migran Indonesia.
UU_No_18_Tahun_2017_cleaned.txt,BAB VII: PELAKSANA PENEMPATAN PEKERJA MIGRAN INDONESIA,PASAL 70,(1) Setiap pejabat dilarang memberangkatkan Pekerja  Migran Indonesia yang tidak  memenuhi persyaratan  kelengkapan dokumen sebagaimana dimaksud dalam
UU_No_18_Tahun_2017_cleaned.txt,BAB III: PELINDUNGAN PEKERJA MIGRAN INDONESIA,PASAL 13,(2) Setiap pejabat dilarang menahan pemberangkatan  Pekerja Migran Indonesia yang telah memenuhi  persyaratan kelengkapan dokumen sebagaimana  dimaksud dalam Pasal 13.
UU_No_18_Tahun_2017_cleaned.txt,BAB VII: PELAKSANA PENEMPATAN PEKERJA MIGRAN INDONESIA,PASAL 71,"Setiap Orang dilarang:   a. menempatkan Pekerja Migran Indonesia pada  pekerjaan yang tidak sesuai dengan Perjanjian Kerja  yang telah disepakati dan ditandatangani Pekerja  Migran Indonesia;   b. menempatkan Pekerja Migran Indonesia pada jabatan  yang tidak sesuai dengan keahlian, keterampilan,  bakat, minat, dan kemampuan;   c. mengalihkan atau memindahtangankan SIP3MI  kepada pihak lain; atau   d. mengalihkan atau memindahtangankan SIP2MI  kepada pihak lain."
UU_No_18_Tahun_2017_cleaned.txt,BAB VII: PELAKSANA PENEMPATAN PEKERJA MIGRAN INDONESIA,PASAL 72,"Setiap Orang dilarang:   a. membebankan komponen biaya penempatan yang  telah ditanggung calon Pemberi Kerja kepada Calon  Pekerja Migran Indonesia;   b. menempatkan Calon Pekerja Migran Indonesia ke  negara tertentu yang dinyatakan tertutup;   c. menempatkan Pekerja Migran Indonesia tanpa SIP2MI;  atau  d. menempatkan  Pekerja Migran Indonesia ke negara  tujuan penempatan yang tidak mempunyai peraturan  perundang -undangan yang melindungi tenaga kerja  asing, tidak memiliki perjanjian tertulis antara  pemerintah negara tujuan penempatan dan  pemerintah Republik Indonesia, dan /atau tidak  memiliki sistem Jaminan Sosial dan/atau asuransi  yang melindungi pekerja asing."
UU_No_18_Tahun_2017_cleaned.txt,BAB VII: PELAKSANA PENEMPATAN PEKERJA MIGRAN INDONESIA,PASAL 73,"Pejabat, pegawai, petugas, dan setiap Orang yang memiliki  kewenangan untuk melaksanakan tindakan atau  serangkaian tindakan penempatan dan Pelindungan  Pekerja Migran Indonesia dilarang merangkap sebagai  komisaris atau pengurus perusahaan penempatan Pekerja  Migran Indonesia dan/atau organisasi usaha yang terkait  dengan penempatan Pekerja Migran Indonesia.         Bagian Ketiga   Sanksi Administratif"
UU_No_18_Tahun_2017_cleaned.txt,BAB VII: PELAKSANA PENEMPATAN PEKERJA MIGRAN INDONESIA,PASAL 74,(1)  Sanksi administratif sebagaimana dimaksud dalam  Pasal 56 dan Pasal 62 berupa:   a. peringatan tertulis;   b. penghentian sementara sebagian atau seluruh  kegiatan usaha; atau   c. pencabutan izin.   (2)  Ketentuan lebih lanjut mengenai tata cara pengenaan  sanksi adm inistratif sebagaimana dimaksud pada ayat  (1) diatur dengan Peraturan Menteri.      BAB VIII : PEMBINAAN DAN PENGAWASAN   Bagian Kesatu   Pembinaan
UU_No_18_Tahun_2017_cleaned.txt,BAB VIII: PEMBINAAN DAN PENGAWASAN,PASAL 75,(1) Pemerintah Pusat dan Pemerintah Daerah melakukan  pembinaan terhadap lembaga yang terkait dengan  penemp atan dan Pelindungan Pekerja Migran  Indonesia.   (2) Pembinaan sebagaimana dimaksud pada ayat (1)  dilaksanakan secara terpadu dan terkoordinasi.   (3) Ketentuan lebih lanjut mengenai pembinaan  sebagaimana dimaksud pada ayat (1) diatur dengan  Peraturan Pemerint ah.                Bagian Kedua   Pengawasan
UU_No_18_Tahun_2017_cleaned.txt,BAB VIII: PEMBINAAN DAN PENGAWASAN,PASAL 76,(1) Pemerintah Pusat dan Pemerintah Daerah melakukan  pengawasan terhadap pelaksanaan penempatan dan  Pelindungan Pekerja Migran Indonesia.   (2) Pemerintah Pusat dan Pemerintah Daerah dalam  melaksanakan pengawasan sebagaimana dimaksud  pada ayat (1) dapat mengikutsertakan masyarakat.   (3) Ketentuan lebih lanjut mengenai pengawasan terhadap  pelaksanaan penempatan dan Pelindungan Pekerja  Migran Indonesia diatur dengan Peraturan  Pemerintah.      BAB IX : PENYELESAIAN PERSELIS IHAN
UU_No_18_Tahun_2017_cleaned.txt,BAB IX: PENYELESAIAN PERSELIS IHAN,PASAL 77,"(1) Dalam hal terjadi perselisihan antara Pekerja Migran  Indonesia dengan pelaksana penempatan mengenai  pelaksanaan Perjanjian Penempatan, penyelesaian  dilakukan secara musyawarah.   (2) Dalam hal musyawarah sebagaimana dimaksud pada  ayat (1) tidak tercapai, salah satu atau kedua belah  pihak dapat meminta bantuan penyelesaian  perselisihan tersebut kepada instansi yang  bertanggung jawab di bidang ketenagakerjaan di  Pemerintah Daerah kabupaten/kota, Pemerintah  Daerah provinsi, atau Pemerintah Pus at.  (3) Dalam hal penyelesaian perselisihan sebagaimana  dimaksud pada ayat (2) tidak tercapai, salah satu atau  kedua belah pihak dapat mengajukan tuntutan  dan/atau gugatan melalui pengadilan sesuai dengan  ketentuan peraturan perundang -undangan.       BAB X : PENYIDIKAN"
UU_No_18_Tahun_2017_cleaned.txt,BAB X: PENYIDIKAN,PASAL 78,"(1)  Selain penyidik pejabat Polisi Negara Republik  Indonesia, kepada pejabat pegawai negeri sipil tertentu  di instansi Pemerintah Pusat dan Pemerintah Daerah  yang bertanggung jawab di bidang ketenagakerjaan  diberi wewenang khusus sebagai  penyidik  sebagaimana dimaksud dalam Undang -Undang  Hukum Acara Pidana, untuk melakukan penyidikan  tindak pidana sebagaimana diatur dalam Undang - Undang ini.   (2)  Penyidik pegawai negeri sipil sebagaimana dimaksud  pada ayat (1) berwenang:   a. melakukan pemeri ksaan atas kebenaran laporan  tentang tindak pidana di bidang ketenagakerjaan;   b. melakukan pemeriksaan terhadap orang yang  diduga melakukan tindak pidana di bidang  ketenagakerjaan;   c. meminta keterangan dan bukti dari orang atau  badan hukum sehubungan deng an tindak pidana  di bidang ketenagakerjaan;   d. melakukan pemeriksaan atau penyitaan bahan  atau barang bukti dalam perkara tindak pidana di  bidang ketenagakerjaan;   e. melakukan pemeriksaan atas surat dan/atau  dokumen lain tentang tindak pidana di bidang  ketenagakerjaan;   f. meminta bantuan tenaga ahli dalam rangka  pelaksanaan tugas penyidikan tindak pidana di  bidang ketenagakerjaan; dan   g. menghentikan penyidikan jika tidak terdapat  cukup bukti tentang adanya tindak pidana di  bidang ketenagakerjaan.   (3)  Dalam  melaksanakan kewenangannya, penyidik  pegawai negeri sipil sebagaimana dimaksud pada ayat  (2) berkoordinasi dengan penyidik pegawai negeri sipil  instansi terkait.   (4)  Kewenangan penyidik pegawai negeri sipil  sebagaimana dimaksud pada ayat (2) dilaksanakan  sesuai dengan ketentuan peraturan perundang - undangan.      BAB XI : KETENTUAN PIDANA"
UU_No_18_Tahun_2017_cleaned.txt,BAB XI: KETENTUAN PIDANA,PASAL 79,"Setiap Orang yang dengan sengaja memberikan data dan  informasi tidak benar dalam pengisian setiap dokumen  sebagaimana dimaksud dalam Pasal 65 dipidana dengan  pidana p enjara paling lama 2 (dua) tahun dan/atau denda  paling banyak Rp200.000.000,00 (dua ratus juta rupiah)."
UU_No_18_Tahun_2017_cleaned.txt,BAB XI: KETENTUAN PIDANA,PASAL 80,"Setiap Orang yang menempatkan Pekerja Migran Indonesia,  padahal diketahui atau patut menduganya bahwa yang  bersangkutan tidak memenuhi persyar atan umur  sebagaimana dimaksud dalam Pasal 66 dipidana dengan  pidana penjara paling lama 3 (tiga) tahun dan denda paling  banyak Rp500.000.000,00 (lima ratus juta rupiah)."
UU_No_18_Tahun_2017_cleaned.txt,BAB XI: KETENTUAN PIDANA,PASAL 81,"Orang perseorangan yang melaksanakan penempatan  Pekerja Migran Indonesia se bagaimana dimaksud dalam  Pasal 69 dipidana dengan pidana penjara paling lama 10  (sepuluh) tahun dan denda paling banyak  Rp15.000.000.000,00 (lima belas miliar rupiah)."
UU_No_18_Tahun_2017_cleaned.txt,BAB XI: KETENTUAN PIDANA,PASAL 82,"Dipidana dengan pidana penjara paling lama 10 (sepuluh)  tahun dan denda palin g banyak Rp15.000.000.000,00 (lima  belas miliar rupiah), setiap Orang yang dengan sengaja  menempatkan Calon Pekerja Migran Indonesia pada:   a. jabatan dan jenis pekerjaan yang tidak sesuai dengan  perjanjian kerja sehingga merugikan Calon Pekerja  Migran Indo nesia tersebut sebagaimana dimaksud  dalam Pasal 67 huruf a; atau   b. pekerjaan yang bertentangan dengan peraturan  perundang -undangan sebagaimana dimaksud dalam  Pasal 67 huruf b."
UU_No_18_Tahun_2017_cleaned.txt,BAB XI: KETENTUAN PIDANA,PASAL 83,"Setiap Orang yang tidak memenuhi persyaratan  sebagaimana dimaksud dal am Pasal 68 yang dengan  sengaja melaksanakan penempatan Pekerja Migran  Indonesia dipidana dengan pidana penjara paling lama 10  (sepuluh) tahun atau denda paling banyak  Rp15.000.000.000,00 (lima belas miliar rupiah)."
UU_No_18_Tahun_2017_cleaned.txt,BAB XI: KETENTUAN PIDANA,PASAL 84,"(1)  Setiap  pejabat yang dengan  sengaja  memberangkatkan  Pekerja Migran Indonesia yang tidak memenuhi  persyaratan kelengkapan dokumen sebagaimana  dimaksud dalam Pasal 70 ayat (1) dipidana dengan  pidana penjara paling lama 5 (lima) tahun dan denda  paling banyak Rp1.000.000.000,00 (satu mi liar  rupiah).   (2)  Setiap pejabat yang dengan sengaja menahan  pemberangkatan Pekerja Migran Indonesia yang telah  memenuhi persyaratan kelengkapan dokumen  sebagaimana dimaksud dalam Pasal 70 ayat (2)  dipidana dengan pidana penjara paling lama 5 (lima)  tahun dan denda paling banyak Rp1.000.000.000,00  (satu miliar rupiah)."
UU_No_18_Tahun_2017_cleaned.txt,BAB XI: KETENTUAN PIDANA,PASAL 85,"Dipidana dengan pidana penjara paling lama 5 (lima) tahun  dan denda paling banyak Rp5.000.000.000,00 (lima miliar  rupiah), setiap orang yang:   a. menempatkan Pekerja Migran Indonesia  pada   pekerjaan yang tidak sesuai dengan Perjanjian Kerja  yang telah disepakati dan ditandatangani Pekerja  Migran Indonesia sebagaimana dimaksud dalam Pasal  71 huruf a;   b. menempatkan Pekerja Migran Indonesia pada jabatan  yang tidak sesuai dengan keahlian,  keterampilan,  bakat, minat, dan kemampuan sebagaimana  dimaksud dalam Pasal 71 huruf b;   c. mengalihkan atau memindahtangankan SIP3MI  kepada pihak lain sebagaimana dimaksud dalam Pasal  71 huruf c; atau   d. mengalihkan atau memindahtangankan SIP2MI  kepada pih ak lain sebagaimana dimaksud dalam Pasal  71 huruf d."
UU_No_18_Tahun_2017_cleaned.txt,BAB XI: KETENTUAN PIDANA,PASAL 86,"Dipidana dengan pidana penjara paling lama 5 (lima) tahun  dan denda paling banyak Rp15.000.000.000,00 (lima belas  miliar rupiah), setiap Orang yang:   a. membebankan komponen biaya penempatan ya ng  telah ditanggung calon Pemberi Kerja kepada Calon  Pekerja Migran Indonesia sebagaimana dimaksud  dalam Pasal 72 huruf a;   b. menempatkan Calon Pekerja Migran Indonesia ke  negara tertentu yang dinyatakan tertutup  sebagaimana dimaksud dalam Pasal 72 huruf b ;  c. menempatkan Pekerja Migran Indonesia tanpa SIP2MI  sebagaimana dimaksud dalam Pasal 72 huruf c; atau   d. menempatkan Pekerja Migran Indonesia pada negara  tujuan penempatan sebagaimana dimaksud dalam  Pasal 72 huruf d."
UU_No_18_Tahun_2017_cleaned.txt,BAB XI: KETENTUAN PIDANA,PASAL 87,"(1) Dalam hal tindak pidana  sebagaimana dimaksud  dalam Pasal 65, Pasal 66, Pasal 67, Pasal 68, Pasal 71,  dan Pasal 72 dilakukan oleh atau atas nama suatu  korporasi, tuntutan dan penjatuhan pidana dapat  dilakukan terhadap korporasi dan/atau pengurusnya.   (2) Pidana pokok yang dapat di jatuhkan terhadap  korporasi hanya pidana denda, dengan ketentuan  maksimum pidana ditambah 1/3 (satu pertiga) dari  masing -masing ancaman pidana denda.   (3) Selain pidana pokok, korporasi sebagaimana  dimaksud pada ayat (2) dapat dikenai hukuman  tambahan berup a pencabutan izin.      BAB XII : KETENTUAN PERALIHAN"
UU_No_18_Tahun_2017_cleaned.txt,BAB XII: KETENTUAN PERALIHAN,PASAL 88,Badan Nasional Penempatan dan Perlindungan Tenaga  Kerja Indonesia tetap melaksanakan fungsi dan tugasnya  sampai dibentuknya Badan berdasarkan Undang -Undang  ini.    BAB XIII : KETENTUAN PENUTUP
UU_No_18_Tahun_2017_cleaned.txt,BAB XIII: KETENTUAN PENUTUP,PASAL 89,"Pada saat Undang -Undang ini mulai berlaku:   a. Undang -Undang Nomor 39 Tahun 2004 tentang  Penempatan dan Perlindungan Tenaga Kerja Indonesia  di Luar Negeri (Lembaran Negara Republik Indonesia  Tahun 2004 Nomor 133, Tambahan Lembaran Negara  Republik Indonesia N omor 4445), dicabut dan  dinyatakan tidak berlaku;   b. Semua peraturan perundang -undangan yang  merupakan peraturan pelaksanaan dari Undang - Undang Nomor 39 Tahun 2004 tentang Penempatan  dan Perlindungan Tenaga Kerja Indonesia di Luar  Negeri (Lembaran Negara R epublik Indonesia Tahun  2004 Nomor 133, Tambahan Lembaran Negara  Republik Indonesia Nomor 4445) dinyatakan masih  tetap berlaku sepanjang tidak bertentangan dengan  ketentuan dalam Undang -Undang ini."
UU_No_18_Tahun_2017_cleaned.txt,BAB XIII: KETENTUAN PENUTUP,PASAL 90,Peraturan pelaksanaan dari Undang -Undang ini haru s  ditetapkan paling lama 2 (dua) tahun terhitung sejak  Undang -Undang ini diundangkan.
UU_No_18_Tahun_2017_cleaned.txt,BAB XIII: KETENTUAN PENUTUP,PASAL 91,Undang -Undang ini mulai berlaku pada tanggal  diundangkan.
UU_No_19_Tahun_2003_cleaned.txt,BAB I: KETENTUAN UMUM,PASAL 1,"Dalam Undang -undang ini,yang dimaksud dengan : 1. Badan Usaha Milik Negara, yang selanjutnya disebut BUMN, adalah badan usaha yang seluruh atau sebagian besar modalnya dimiliki oleh negara melalui penyertaan secara langsung yang berasal dari kekayaan negara yang dipisahkan. 2. Perusahaan Perseroan, yang selanjutnya disebut Persero, adalah BUMN yang berbentuk perseroan terbatas yang modalnya terbagi dalam saham yang seluruh atau paling sedikit 51 % (lima puluh satu persen) sahamn ya dimiliki oleh Negara Republik Indonesia yang tujuan utamanya mengejar keuntungan. 3. Perusahaan Perseroan Terbuka, yang selanjutnya disebut Persero Terbuka, adalah Persero yang modal dan jumlah pemegang sahamnya memenuhi kriteria tertentu atau Persero yang melakukan penawaran umum sesuai dengan peraturan perundang -undangan di bidang pasar modal.  4. Perusahaan Umum, yang selanjutnya disebut Perum, adalah BUMN yang seluruh modalnya dimiliki negara dan tidak terbagi atas saham, yang bertujuan untuk kemanfaatan umum berupa penyediaan barang dan/atau jasa yang bermutu tinggi dan sekaligus mengejar keuntungan berdasarkan prinsip pengelolaan perusahaan. 5. Ment eri adalah menteri yang ditunjuk dan/atau diberi kuasa untuk mewakili pemerintah selaku pemegang saham negara pada Persero dan pemilik modal pada Perum dengan memperhatikan peraturan perundang - undangan. 6. Menteri Teknis adalah menteri yang mempunyai kewe nangan mengatur kebijakan sektor tempat BUMN melakukan kegiatan usaha. 7. Komisaris adalah organ Persero yang bertugas melakukan pengawasan dan memberikan nasihat kepada Direksi dalam menjalankan kegiatan pengurusan Persero. 8. Dewan Pengawas adalah orga n Perum yang bertugas melakukan pengawasan dan memberikan nasihat kepada Direksi dalam menjalankan kegiatan pengurusan Perum. 9. Direksi adalah organ BUMN yang bertanggung jawab atas pengurusan BUMN untuk kepentingan dan tujuan BUMN, serta mewakili BUMN b aik di dalam maupun di luar pengadilan. 10. Kekayaan Negara yang dipisahkan adalah kekayaan negara yang berasal dari Anggaran Pendapatan dan Belanja Negara (APBN) untuk dijadikan penyertaan modal negara pada Persero dan/atau Perum serta perseroan terbatas lainnya. 11. Restrukturisasi adalah upaya yang dilakukan dalam rangka penyehatan BUMN yang merupakan salah satu langkah strategis untuk memperbaiki kondisi internal perusahaan guna memperbaiki kinerja dan meningkatkan nilai perusahaan. 12. Privatisasi ad alah penjualan saham Persero, baik sebagian maupun seluruhnya, kepada pihak lain dalam rangka meningkatkan kinerja dan nilai perusahaan, memperbesar manfaat bagi negara dan masyarakat, serta memperluas pemilikan saham oleh masyarakat. 13. Rapat Umum Pemeg ang Saham, yang selanjutnya disebut RUPS, adalah organ Persero yang memegang kekuasaan tertinggi dalam Persero dan  memegang segala wewenang yang tidak diserahkan kepada Direksi atau Komisaris."
UU_No_19_Tahun_2003_cleaned.txt,BAB I: KETENTUAN UMUM,PASAL 2,"(1) Maksud dan tujuan pendirian BUMN adalah : a. mem berikan sumbangan bagi perkembangan perekonomian nasional pada umumnya dan penerimaan negara pada khususnya; b. mengejar keuntungan; c. menyelenggarakan kemanfaatan umum berupa penyediaan barang dan/atau jasa yang bermutu tinggi dan memadai bagi pemenuhan hajat hidup orang banyak; d. menjadi perintis kegiatan -kegiatan usaha yang belum dapat dilaksanakan oleh sektor swasta dan koperasi; e. turut aktif memberikan bimbingan dan bantuan kepada pengusaha golongan ekonomi lemah, koperasi, dan masyarakat. (2) Kegiatan BUMN harus sesuai dengan maksud dan tujuannya serta tidak bertentangan dengan peraturan perundang -undangan, ketertiban umum, dan/atau kesusilaan. (3) Terhadap BUMN berlaku Undang -undang ini, anggaran dasar, dan ketentuan peraturan perundang -undangan lainnya."
UU_No_19_Tahun_2003_cleaned.txt,BAB I: KETENTUAN UMUM,PASAL 4,"(1) Modal BUMN merupakan dan berasal dari kekayaan negara yang dipisahkan. (2) Penyertaan modal negara dalam rangka pendirian atau penyertaan pada BUMN bersumber dari: a.Anggaran Pendapatan dan Belanja Negara; b.kapitalisasi cadangan; c.sumber lainnya. (3) Setiap penyertaan modal negara dalam rangka pendirian BUMN atau perseroan terbatas yang dananya berasal dari Anggaran Pendapatan dan Belanja Negara ditetapkan dengan Peraturan Pemerintah.  (4) Setiap perubahan penyertaan modal negara sebagaima na dimaksud dalam ayat (2), baik berupa penambahan maupun pengurangan, termasuk perubahan struktur kepemilikan negara atas saham Persero atau perseroan terbatas, ditetapkan dengan Peraturan Pemerintah. (5) Dikecualikan dari ketentuan sebagaimana dimaksud d alam ayat (4) bagi penambahan penyertaan modal negara yang berasal dari kapitalisasi cadangan dan sumber lainnya. (6) Ketentuan lebih lanjut mengenai tata cara penyertaan dan penatausahaan modal negara dalam rangka pendirian atau penyertaan ke dalam BUMN dan/atau perseroan terbatas yang sebagian sahamnya dimiliki oleh negara, diatur dengan Peraturan Pemerintah."
UU_No_19_Tahun_2003_cleaned.txt,BAB I: KETENTUAN UMUM,PASAL 5,"(1) Pengurusan BUMN dilakukan oleh Direksi. (2) Direksi bertanggung jawab penuh atas pengurusan BUMN untuk kepentingan dan tujuan BUMN serta mewakili BUMN, baik di dalam maupun di luar pengadilan. (3) Dalam melaksanakan tugasnya, anggota Direksi harus mema tuhi anggaran dasar BUMN dan peraturan perundang -undangan serta wajib melaksanakan prinsip -prinsip profesionalisme, efisiensi, transparansi, kemandirian, akuntabilitas, pertanggungjawaban, serta kewajaran."
UU_No_19_Tahun_2003_cleaned.txt,BAB I: KETENTUAN UMUM,PASAL 6,"(1) Pengawasan BUMN dilakukan oleh Komisa ris dan Dewan Pengawas. (2) Komisaris dan Dewan Pengawas bertanggung jawab penuh atas pengawasan BUMN untuk kepentingan dan tujuan BUMN. (3) Dalam melaksanakan tugasnya, Komisaris dan Dewan Pengawas harus mematuhi Anggaran Dasar BUMN dan ketentuan peratura n perundang - undangan serta wajib melaksanakan prinsip -prinsip profesionalisme, efisiensi, transparansi, kemandirian, akuntabilitas, pertanggungjawaban, serta kewajaran."
UU_No_19_Tahun_2003_cleaned.txt,BAB I: KETENTUAN UMUM,PASAL 7,"Para anggota Direksi, Komisaris dan Dewan Pengawas dilarang mengambil keuntungan pribadi baik secara langsung maupun tidak langsung dari kegiatan BUMN selain penghasilan yang sah."
UU_No_19_Tahun_2003_cleaned.txt,BAB I: KETENTUAN UMUM,PASAL 8,"(1) Anggota Direksi, Komisaris, dan Dewan Pengawas tidak berwenang mewakili BUMN, apabila: a.terjadi p erkara di depan pengadilan antara BUMN dan anggota Direksi atau Komisaris atau Dewan Pengawas yang bersangkutan; atau b.anggota Direksi atau Komisaris atau Dewan Pengawas yang bersangkutan mempunyai kepentingan yang bertentangan dengan kepentingan BUMN. (2) Dalam anggaran dasar ditetapkan yang berhak mewakili BUMN apabila terdapat keadaan sebagaimana dimaksud dalam ayat (1). (3) Dalam hal anggaran dasar tidak menetapkan ketentuan sebagaimana dimaksud dalam ayat (2), RUPS mengangkat 1 (satu) orang atau leb ih pemegang saham untuk mewakili Persero, dan Menteri mengangkat 1 (satu) orang atau lebih untuk mewakili Perum."
UU_No_19_Tahun_2003_cleaned.txt,BAB I: KETENTUAN UMUM,PASAL 9,BUMN terdiri dari Persero dan Perum. BAB II : PERSERO Bagian Pertama Pendirian
UU_No_19_Tahun_2003_cleaned.txt,BAB II: PERSERO,PASAL 10,(1) Pendirian Persero diusulkan oleh Menteri kepada Presiden disertai dengan dasar pertimbangan setelah dikaji bersama dengan Menteri Teknis dan Menteri Keuangan.  (2) Pelaksanaan pendirian Persero dilakukan oleh Menteri dengan memperhatikan ketentuan peraturan perundangan -undangan.
UU_No_19_Tahun_2003_cleaned.txt,BAB II: PERSERO,PASAL 11,Terhadap Persero berlaku segala ketentuan dan prinsip -prinsip yang berlaku bagi perseroan terbatas sebagaimana diatur dalam Undang -Undang Nomor 1 Tahun 1995 tentang Perseroan Terbatas. Bagian Kedua Maks ud dan Tujuan
UU_No_19_Tahun_2003_cleaned.txt,BAB II: PERSERO,PASAL 12,Maksud dan tujuan pendirian Persero adalah : a. menyediakan barang dan/atau jasa yang bermutu tinggi dan berdaya saing kuat; b. mengejar keuntungan guna meningkatkan nilai perusahaan. Bagian Ketiga Organ
UU_No_19_Tahun_2003_cleaned.txt,BAB II: PERSERO,PASAL 13,"Organ Persero ada lah RUPS, Direksi, dan Komisaris. Bagian Keempat Kewenangan RUPS"
UU_No_19_Tahun_2003_cleaned.txt,BAB II: PERSERO,PASAL 14,"(1) Menteri bertindak selaku RUPS dalam hal seluruh saham Persero dimiliki oleh negara dan bertindak selaku pemegang saham pada Persero dan perseroan terbatas dalam hal tidak seluruh sahamnya dimiliki oleh negara. (2) Menteri dapat memberikan kuasa dengan hak substitusi kepada perorangan atau badan hukum untuk mewakilinya dalam RUPS. (3) Pihak yang menerima kuasa sebagaimana dimaksud dalam ayat (2), wajib terlebih dahulu mendapat persetujuan Menteri untuk mengambil keputusan dalam RUPS mengenai :  a. peruba han jumlah modal; b.perubahan anggaran dasar; c.rencana penggunaan laba; d.penggabungan, peleburan, pengambilalihan, pemisahan, serta pembubaran Persero; e.investasi dan pembiayaan jangka panjang; f.kerja sama Persero; g.pembentukan ana k perusahaan atau penyertaan; h.pengalihan aktiva. Bagian Kelima Direksi Persero"
UU_No_19_Tahun_2003_cleaned.txt,BAB II: PERSERO,PASAL 15,"(1) Pengangkatan dan pemberhentian Direksi dilakukan oleh RUPS. (2) Dalam hal Menteri bertindak selaku RUPS, pengangkatan dan pemberhentian Direksi ditetapkan oleh Menteri."
UU_No_19_Tahun_2003_cleaned.txt,BAB II: PERSERO,PASAL 16,"(1) Anggota Direksi diangkat berdasarkan pertimbangan keahlian, integritas, kepemimpinan, pengalaman, jujur, perilaku yang baik, serta dedikasi yang tinggi untuk memajukan dan mengembangkan Persero. (2) Pengangkatan anggota Direksi dilakukan melalui mekanisme uji kelayakan dan kepatutan. (3) Calon anggota Direksi yang telah dinyatakan lulus uji kelayakan dan kepatutan wajib menandatangani kontrak manajemen sebelum ditetapkan pengangkatannya sebagai an ggota Direksi. (4) Masa jabatan anggota Direksi ditetapkan 5 (lima) tahun dan dapat diangkat kembali untuk 1 (satu) kali masa jabatan. (5) Dalam hal Direksi terdiri atas lebih dari seorang anggota, salah seorang anggota Direksi diangkat sebagai direktur utama."
UU_No_19_Tahun_2003_cleaned.txt,BAB II: PERSERO,PASAL 17,Anggota Direksi sewaktu -waktu dapat diberhentikan berdasarkan keputusan RUPS dengan menyebutkan alasannya.
UU_No_19_Tahun_2003_cleaned.txt,BAB II: PERSERO,PASAL 18,Ketentuan lebih lanjut mengenai persyaratan dan tata cara pengangkatan dan pemberhentian anggota Direksi diatur dengan Keputusan Menteri.
UU_No_19_Tahun_2003_cleaned.txt,BAB II: PERSERO,PASAL 19,"Dalam melaksanakan tugasnya, anggota Direksi wajib mencurahkan tenaga, pikiran dan perhatian secara penuh pada tugas, kewajiban, dan pencapaian tujuan Persero."
UU_No_19_Tahun_2003_cleaned.txt,BAB II: PERSERO,PASAL 20,"Dengan memperhatikan si fat khusus masing -masing Persero, Direksi dapat mengangkat seorang sekretaris perusahaan."
UU_No_19_Tahun_2003_cleaned.txt,BAB II: PERSERO,PASAL 21,(1) Direksi wajib menyiapkan rancangan rencana jangka panjang yang merupakan rencana strategis yang memuat sasaran dan tujuan Persero yang hendak dicapai d alam jangka waktu 5 (lima) tahun. (2) Rancangan rencana jangka panjang yang telah ditandatangani bersama dengan Komisaris disampaikan kepada RUPS untuk mendapatkan pengesahan.
UU_No_19_Tahun_2003_cleaned.txt,BAB II: PERSERO,PASAL 22,(1) Direksi wajib menyiapkan rancangan rencana kerja dan anggaran perusahaan yang merupakan penjabaran tahunan dari rencana jangka panjang. (2) Direksi wajib menyampaikan rancangan rencana kerja dan anggaran perusahaan kepada RUPS untuk memperoleh pengesahan.
UU_No_19_Tahun_2003_cleaned.txt,BAB II: PERSERO,PASAL 23,"(1) Dalam waktu 5 (lima) bulan setelah tahun buku Persero ditutup, Direksi wajib menyampaikan laporan tahunan kepada RUPS untuk memperoleh pengesahan. (2) Laporan tahunan sebagaimana dimaksud dalam ayat (1) ditandatangani oleh semua a nggota Direksi dan Komisaris. (3) Dalam hal ada anggota Direksi atau Komisaris tidak menandatangani laporan tahunan sebagaimana dimaksud dalam ayat (2), harus disebutkan alasannya secara tertulis."
UU_No_19_Tahun_2003_cleaned.txt,BAB II: PERSERO,PASAL 24,"Ketentuan lebih lanjut mengenai rencana jangka panjang, rencana kerja dan anggaran perusahaan, laporan tahunan dan perhitungan tahunan Persero diatur dengan Keputusan Menteri."
UU_No_19_Tahun_2003_cleaned.txt,BAB II: PERSERO,PASAL 25,"Anggota Direksi dilarang memangku jabatan rangkap sebagai: a. anggot a Direksi pada BUMN, badan usaha milik daerah, badan usaha milik swasta, dan jabatan lain yang dapat menimbulkan benturan kepentingan; b. jabatan struktural dan fungsional lainnya pada instansi/lembaga pemerintah pusat dan daerah; dan/atau c. jabatan la innya sesuai dengan ketentuan peraturan perundang -undangan."
UU_No_19_Tahun_2003_cleaned.txt,BAB II: PERSERO,PASAL 26,Direksi wajib memelihara risalah rapat dan menyelenggarakan pembukuan Persero. Bagian Keenam Komisaris
UU_No_19_Tahun_2003_cleaned.txt,BAB II: PERSERO,PASAL 27,"(1) Pengangkatan dan pemberhentian Komisaris dilakukan oleh RUPS.  (2) Dalam hal Menteri bertindak selaku RUPS, pengangkatan dan pemberhentian Komisaris ditetapkan oleh Menteri."
UU_No_19_Tahun_2003_cleaned.txt,BAB II: PERSERO,PASAL 28,"(1) Anggota Komisaris diangkat berdasarkan pertimbangan integritas, dedikasi, memahami masalah -masalah manajemen perusahaa n yang berkaitan dengan salah satu fungsi manajemen, memiliki pengetahuan yang memadai di bidang usaha Persero tersebut, serta dapat menyediakan waktu yang cukup untuk melaksanakan tugasnya. (2) Komposisi Komisaris harus ditetapkan sedemikian rupa sehingga memungkinkan pengambilan keputusan dapat dilakukan secara efektif, tepat dan cepat, serta dapat bertindak secara independen. (3) Masa jabatan anggota Komisaris ditetapkan 5 (lima) tahun dan dapat diangkat kembali untuk 1 (satu) kali masa jabatan. (4) Dala m hal Komisaris terdiri atas lebih dari seorang anggota, salah seorang anggota Komisaris diangkat sebagai komisaris utama. (5) Pengangkatan anggota Komisaris tidak bersamaan waktunya dengan pengangkatan anggota Direksi, kecuali pengangkatan untuk pertama kalinya pada waktu pendirian."
UU_No_19_Tahun_2003_cleaned.txt,BAB II: PERSERO,PASAL 29,Anggota Komisaris sewaktu -waktu dapat diberhentikan berdasarkan keputusan RUPS dengan me nyebutkan alasannya.
UU_No_19_Tahun_2003_cleaned.txt,BAB II: PERSERO,PASAL 30,Ketentuan lebih lanjut mengenai persyaratan dan tata cara pengangkatan dan pemberhentian Komisaris diatur dengan Keputusan Menteri.
UU_No_19_Tahun_2003_cleaned.txt,BAB II: PERSERO,PASAL 31,Komisaris bertugas mengawasi Direksi dalam menjalankan kepengurusan Persero ser ta memberikan nasihat kepada Direksi.
UU_No_19_Tahun_2003_cleaned.txt,BAB II: PERSERO,PASAL 32,"(1) Dalam anggaran dasar dapat ditetapkan pemberian wewenang kepada Komisaris untuk memberikan persetujuan kepada Direksi dalam melakukan perbuatan hukum tertentu. (2) Berdasarkan anggaran dasar atau keputusan RUPS, Komisaris dapat melakukan tindakan pengurusan Persero dalam keadaan tertentu untuk jangka waktu tertentu."
UU_No_19_Tahun_2003_cleaned.txt,BAB II: PERSERO,PASAL 33,"Anggota Komisaris dilarang memangku jabatan rangkap sebagai: (1) anggota Direksi pada BUMN, badan usaha milik daerah, badan usaha milik swasta, dan jabatan lain yang dapat menimbulkan benturan kepentingan; dan/atau (2) jabatan lainnya sesuai dengan ketentuan peraturan perundang -undangan. Bagian Ketujuh Persero Terbuka"
UU_No_19_Tahun_2003_cleaned.txt,BAB II: PERSERO,PASAL 34,Bagi Persero Ter buka berlaku ketentuan Undang -undang ini dan Undang - Undang Nomor 1 Tahun 1995 sepanjang tidak diatur lain dalam peraturan perundang -undangan di bidang pasar modal. BAB III : PERUM Bagian Pertama Pendirian
UU_No_19_Tahun_2003_cleaned.txt,BAB III: PERUM,PASAL 35,"(1) Pendirian Perum diusulkan oleh Menteri kepada Presiden disertai dengan dasar pertimbangan setelah dikaji bersama dengan Menteri Teknis dan Menteri Keuangan.  (2) Perum yang didirikan sebagaimana dimaksud dalam ayat (1) memperoleh status badan hu kum sejak diundangkannya Peraturan Pemerintah tentang pendiriannya. (3) Ketentuan lebih lanjut mengenai pendirian, pembinaan, pengurusan, dan pengawasan Perum diatur dengan Peraturan Pemerintah. Bagian Kedua Maksud dan Tujuan"
UU_No_19_Tahun_2003_cleaned.txt,BAB III: PERUM,PASAL 36,"(1) Maksud dan tuju an Perum adalah menyelenggarakan usaha yang bertujuan untuk kemanfaatan umum berupa penyediaan barang dan/atau jasa yang berkualitas dengan harga yang terjangkau oleh masyarakat berdasarkan prinsip pengelolaan perusahaan yang sehat. (2) Untuk mendukung ke giatan dalam rangka mencapai maksud dan tujuan sebagaimana dimaksud dalam ayat (1), dengan persetujuan Menteri, Perum dapat melakukan penyertaan modal dalam badan usaha lain. Bagian Ketiga Organ"
UU_No_19_Tahun_2003_cleaned.txt,BAB III: PERUM,PASAL 37,"Organ Perum adalah Menteri, Direksi, dan Dewan Pengawas. Bagian Keempat Kewenangan Menteri"
UU_No_19_Tahun_2003_cleaned.txt,BAB III: PERUM,PASAL 38,(1) Menteri memberikan persetujuan atas kebijakan pengembangan usaha Perum yang diusulkan oleh Direksi. (2) Kebijakan pengembangan usaha sebagaimana dimak sud dalam ayat (1) diusulkan oleh Direksi kepada Menteri setelah mendapat persetujuan dari Dewan Pengawas.  (3) Kebijakan sebagaimana dimaksud dalam ayat (1) ditetapkan sesuai dengan maksud dan tujuan Perum yang bersangkutan.
UU_No_19_Tahun_2003_cleaned.txt,BAB III: PERUM,PASAL 39,"Mente ri tidak bertanggung jawab atas segala akibat perbuatan hukum yang dibuat Perum dan tidak bertanggung jawab atas kerugian Perum melebihi nilai kekayaan negara yang telah dipisahkan ke dalam Perum, kecuali apabila Menteri: a. baik langsung maupun tidak lan gsung dengan itikad buruk memanfaatkan Perum semata -mata untuk kepentingan pribadi; b. terlibat dalam perbuatan melawan hukum yang dilakukan oleh Perum; atau c. langsung maupun tidak langsung secara melawan hukum menggunakan kekayaan Perum."
UU_No_19_Tahun_2003_cleaned.txt,BAB III: PERUM,PASAL 40,"Ketentuan mengenai tata cara pemindahtanganan, pembebanan atas aktiva tetap Perum, serta penerimaan pinjaman jangka menengah/panjang dan pemberian pinjaman dalam bentuk dan cara apa pun, serta tidak menagih lagi dan menghapuskan dari pembukuan piutang dan persediaan barang oleh Perum diatur dengan Keputusan Menteri. Bagian Kelima Anggaran Dasar"
UU_No_19_Tahun_2003_cleaned.txt,BAB III: PERUM,PASAL 41,(1) Anggaran dasar Perum ditetapkan dalam Peraturan Pemerintah tentang pendiriannya. (2) Perubahan anggaran dasar Perum ditetapkan dengan Peraturan Pemer intah . (3) Perubahan anggaran dasar sebagaimana dimaksud dalam ayat (2) mulai berlaku sejak tanggal diundangkannya Peraturan Pemerintah tentang perubahan anggaran dasar Perum.  Bagian Keenam Penggunaan Laba
UU_No_19_Tahun_2003_cleaned.txt,BAB III: PERUM,PASAL 42,"(1) Setiap tahun buku Perum wajib menyisihkan jumlah tertentu dari laba bersih untuk cadangan. (2) Penyisihan laba bersih sebagaimana dimaksud dalam ayat (1) dilakukan sampai cadangan mencapai sekurang -kurangnya 20% (dua puluh persen) dari modal Perum. (3) Cadangan sebagaimana dimaksud dalam ayat (1), yang belum mencapai jumlah sebagaimana dimaksud dalam ayat (2), hanya dapat dipergunakan untuk menutup kerugian yang tidak dapat dipenuhi oleh cadangan lain."
UU_No_19_Tahun_2003_cleaned.txt,BAB III: PERUM,PASAL 43,Penggunaan laba bersih Perum termasuk penentu an jumlah penyisihan untuk cadangan sebagaimana dimaksud dalam Pasal 42 ditetapkan oleh Menteri. Bagian Ketujuh Direksi Perum
UU_No_19_Tahun_2003_cleaned.txt,BAB III: PERUM,PASAL 44,Pengangkatan dan pemberhentian Direksi ditetapkan oleh Ment eri sesuai dengan mekanisme dan ketentuan peraturan perundang -undangan.
UU_No_19_Tahun_2003_cleaned.txt,BAB III: PERUM,PASAL 43,Penggunaan laba bersih Perum termasuk penentuan jumlah penyisihan untuk cadangan sebagaimana dimaksud dalam Pasal 42 ditetapkan oleh Menteri. Bagian Ketujuh Direksi Perum
UU_No_19_Tahun_2003_cleaned.txt,BAB III: PERUM,PASAL 44,Pengangkatan dan pemberhentian Direksi ditetapkan oleh Menteri sesuai dengan mekanisme dan ketentuan peraturan perundang -undangan.
UU_No_19_Tahun_2003_cleaned.txt,BAB III: PERUM,PASAL 45,"(1) Yang dapat diangkat sebagai anggota Direksi adalah orang perseorangan yang mampu melaksanakan perbuatan hukum dan tidak pernah dinyatakan pailit atau menjadi anggota Direksi atau Komisaris atau Dewan Pengawas yang dinyatakan bersalah menyebabkan suatu perseroan atau Perum dinyatakan pailit atau orang yang tidak pernah dihukum karena melakukan tinda k pidana yang merugikan keuangan negara. (2) Selain kriteria sebagaimana dimaksud dalam ayat (1) anggota Direksi diangkat berdasarkan pertimbangan keahlian, integritas, kepemimpinan, pengalaman, jujur, perilaku yang baik, serta dedikasi yang tinggi untuk memajukan dan mengembangkan Perum. (3) Pengang katan anggota Direksi dilakukan melalui mekanisme uji kelayakan dan kepatutan. (4) Calon anggota Direksi yang telah dinyatakan lulus uji kelayakan dan kepatutan wajib menandatangani kontrak manajemen sebelum ditetapkan pengangkatannya sebagai anggota Dire ksi. (5) Masa jabatan anggota Direksi ditetapkan 5 (lima) tahun dan dapat diangkat kembali untuk 1 (satu) kali masa jabatan. (6) Dalam hal Direksi terdiri atas lebih dari seorang anggota, salah seorang anggota Direksi diangkat sebagai direktur utama."
UU_No_19_Tahun_2003_cleaned.txt,BAB III: PERUM,PASAL 46,Anggota Direksi sewaktu -waktu dapat diberhentikan berdasarkan Keputusan Menteri dengan menyebutkan alasannya.
UU_No_19_Tahun_2003_cleaned.txt,BAB III: PERUM,PASAL 47,Ketentuan lebih lanjut mengenai persyaratan dan tata cara pengangkatan dan pemberhentian anggota Direksi diatur dengan Keputusan Me nteri.
UU_No_19_Tahun_2003_cleaned.txt,BAB III: PERUM,PASAL 48,"Dalam melaksanakan tugasnya, Direksi wajib mencurahkan tenaga, pikiran, dan perhatian secara penuh pada tugas, kewajiban, dan pencapaian tujuan Perum."
UU_No_19_Tahun_2003_cleaned.txt,BAB III: PERUM,PASAL 49,(1) Direksi wajib menyiapkan rancangan rencana jangka panjang yang merupakan rencana strategis yang memuat sasaran dan tujuan Perum yang hendak dicapai dalam jangka waktu 5 (lima) tahun. (2) Rancangan rencana jangka panjang yang telah ditandatangani bersama dengan Dewan Pengawas disampaikan kepada Menteri untuk mendapatkan pengesahan.
UU_No_19_Tahun_2003_cleaned.txt,BAB III: PERUM,PASAL 50,(1) Direksi wajib menyiapkan rancangan rencana kerja dan anggaran perusahaan yang merupakan penjabaran tahunan dari rencana jangka panjang. (2) Direksi wajib menyampaika n rancangan rencana kerja dan anggaran perusahaan kepada Menteri untuk memperoleh pengesahan.
UU_No_19_Tahun_2003_cleaned.txt,BAB III: PERUM,PASAL 51,"(1) Dalam waktu 5 (lima) bulan setelah tahun buku Perum ditutup, Direksi wajib menyampaikan laporan tahunan kepada Menteri untuk memperoleh pengesahan. (2) Laporan tahunan sebagaimana dimaksud dalam ayat (1) ditandatangani oleh semua anggota Direksi dan Dewan Pengawas. (3) Dalam hal ada anggota Direksi atau Dewan Pengawas tidak menandatangani laporan tahunan sebagaimana dimaksud dalam ayat (2) harus diseb utkan alasannya secara tertulis."
UU_No_19_Tahun_2003_cleaned.txt,BAB III: PERUM,PASAL 52,"Ketentuan lebih lanjut mengenai rencana jangka panjang, rencana kerja dan anggaran perusahaan, laporan tahunan dan perhitungan tahunan Perum diatur dengan Keputusan Menteri."
UU_No_19_Tahun_2003_cleaned.txt,BAB III: PERUM,PASAL 53,"Anggota Direksi dilarang memangku jabatan rangkap sebagai:  a. anggota Direksi pada BUMN, badan usaha milik daerah, badan usaha milik swasta, dan jabatan lain yang dapat menimbulkan benturan kepentingan; b. jabatan struktural dan fungsional l ainnya pada instansi/lembaga pemerintah pusat dan daerah; dan/atau c. jabatan lainnya sesuai dengan ketentuan dalam peraturan pendirian Perum dan ketentuan peraturan perundang -undangan."
UU_No_19_Tahun_2003_cleaned.txt,BAB III: PERUM,PASAL 54,Direksi wajib memelihara risalah rapat dan menyelenggarakan pembukuan Perum.
UU_No_19_Tahun_2003_cleaned.txt,BAB III: PERUM,PASAL 55,"(1) Direksi hanya dapat mengajukan permohonan ke pengadilan negeri agar Perum dinyatakan pailit berdasarkan persetujuan Menteri. (2) Dalam hal kepailitan terjadi karena kesalahan atau kelalaian Direksi dan kekayaan Perum tidak cu kup untuk menutup kerugian akibat kepailitan tersebut, setiap anggota Direksi secara tanggung renteng bertanggung jawab atas kerugian tersebut. (3) Anggota Direksi yang dapat membuktikan bahwa kepailitan bukan karena kesalahan atau kelalaiannya tidak berta nggung jawab secara tanggung renteng atas kerugian tersebut. (4) Dalam hal tindakan Direksi menimbulkan kerugian bagi Perum sebagaimana dimaksud dalam ayat (2), Menteri mewakili Perum untuk melakukan tun tutan atau gugatan terhadap Direksi melalui pengadilan. Bagian Kedelapan Dewan Pengawas"
UU_No_19_Tahun_2003_cleaned.txt,BAB III: PERUM,PASAL 56,Pengangkatan dan pemberhentian anggota Dewan Pengawas ditetapkan oleh Menteri sesuai dengan mekanisme dan ketentuan peraturan perundang - undangan.
UU_No_19_Tahun_2003_cleaned.txt,BAB III: PERUM,PASAL 57,"(1) Yang dapat diangkat menjadi anggota Dewan Pengawas adalah orang perseorangan yang mampu melaksanakan perbuatan hukum dan tidak pernah dinyatakan pailit atau menjadi anggota Direksi atau Komisaris atau Dewan Pengawas yang dinyatakan bersalah me nyebabkan suatu perseroan atau Perum dinyatakan pailit atau orang yang tidak pernah dihukum karena melakukan tindak pidana yang merugikan keuangan negara. (2) Selain kriteria sebagaimana dimaksud dalam ayat (1), anggota Dewan Pengawas diangkat berdasarkan pertimbangan integritas, dedikasi, memahami masalah -masalah manajemen perusahaan yang berkaitan dengan salah satu fungsi manajemen, memiliki pengetahuan yang memadai di bidang usaha Perum tersebut, serta dapat menyediakan waktu yang cukup untuk melaksanaka n tugasnya. (3) Komposisi Dewan Pengawas harus ditetapkan sedemikian rupa sehingga memungkinkan pengambilan keputusan dapat dilakukan secara efektif, tepat dan cepat, serta dapat bertindak secara independen. (4) Masa jabatan anggota Dewan Pengawas ditetapk an 5 (lima) tahun dan dapat diangkat kembali untuk 1 (satu) kali masa jabatan. (5) Dalam hal Dewan Pengawas terdiri atas lebih dari seorang anggota, salah seorang anggota Dewan Pengawas diangkat sebagai ketua Dewan Pengawas. (6) Pengangkatan anggota Dewan Pengawas tidak bersamaan waktunya dengan pengangkatan anggota Direksi, kecuali pengangkatan untuk pertama kalinya pada waktu pendirian."
UU_No_19_Tahun_2003_cleaned.txt,BAB III: PERUM,PASAL 58,Anggota Dewan Pengawas sewaktu -waktu dapat diberhentikan berdasarkan Keputusan Ment eri dengan menyebutkan alasannya.
UU_No_19_Tahun_2003_cleaned.txt,BAB III: PERUM,PASAL 59,Ketentuan lebih lanjut mengenai persyaratan dan tata cara pengangkatan dan pemberhentian Dewan Pengawas diatur dengan Keputusan Menteri.
UU_No_19_Tahun_2003_cleaned.txt,BAB III: PERUM,PASAL 60,Dewan Pengawas bertugas mengawasi Direksi dalam menja lankan kepengurusan Perum serta memberikan nasihat kepada Direksi
UU_No_19_Tahun_2003_cleaned.txt,BAB III: PERUM,PASAL 61,"(1) Dalam anggaran dasar dapat ditetapkan pemberian wewenang kepada Dewan Pengawas untuk memberikan persetujuan kepada Direksi dalam melakukan perbuatan hukum tertentu. (2) Berdasarkan anggaran dasar atau Keputusan Menteri, Dewan Pengawas dapat melakukan tindakan pengurusan Perum dalam keadaan tertentu untuk jangka waktu tertentu"
UU_No_19_Tahun_2003_cleaned.txt,BAB III: PERUM,PASAL 62,"Anggota Dewan Pengawas dilarang memangku jabatan rangkap sebagai: a. anggota Direksi pada BUMN, badan usaha milik daerah, badan usaha milik swasta, dan jabatan lain yang dapat menimbulkan benturan kepentingan; dan/atau b. jabatan lainnya sesuai dengan ketentuan peraturan perundang -undangan BAB IV : PENGGABUNGAN, PELEBURAN, P ENGAMBILALIHAN, DAN PEMBUBARAN BUMN"
UU_No_19_Tahun_2003_cleaned.txt,"BAB IV: PENGGABUNGAN, PELEBURAN, P ENGAMBILALIHAN,",PASAL 63,(1) Penggabungan atau peleburan suatu BUMN dapat dilakukan dengan BUMN lain yang telah ada. (2) Suatu BUMN dapat mengambil alih BUMN dan/atau perseroan terbatas lainnya.
UU_No_19_Tahun_2003_cleaned.txt,"BAB IV: PENGGABUNGAN, PELEBURAN, P ENGAMBILALIHAN,",PASAL 64,"(1) Pembubaran BUMN ditetapkan dengan Peraturan Pemerintah. (2) Apabila tidak ditetapkan lain dalam Peraturan Pemerintah sebagaimana dimaksud dalam ayat (1), sisa hasil likuidasi atau pembubaran BUMN disetorkan langsung ke Kas Negara."
UU_No_19_Tahun_2003_cleaned.txt,"BAB IV: PENGGABUNGAN, PELEBURAN, P ENGAMBILALIHAN,",PASAL 65,"(1) Ketentuan lebih lanjut mengenai penggabungan, peleburan, pengambilalihan, dan pembubaran BUMN, diatur dengan Peraturan Pemerintah. (2) Dalam melakukan tindakan -tindakan sebagaimana dimaksud dalam ayat (1), kepentingan BUMN, pemegang saham/pemilik modal, pi hak ketiga, dan karyawan BUMN harus tetap mendapat perhatian. BAB V : KEWAJIBAN PELAYANAN UMUM"
UU_No_19_Tahun_2003_cleaned.txt,BAB V: KEWAJIBAN,PASAL 66,"(1) Pemerintah dapat memberikan penugasan khusus kepada BUMN untuk menyelenggarakan fungsi kemanfaatan umum dengan tetap memperhatikan maksud dan tujuan kegiatan BUMN. (2) Setiap penugasan sebagaimana dimaksud dalam ayat (1) harus terlebih dahulu mendapatkan persetujuan RUPS/ Menteri. BAB VI : SATUAN PENGAWASAN INTERN, KOMITE AUDIT, DAN KOMITE LAIN Bagian Pertama Satuan Pengawasan Intern"
UU_No_19_Tahun_2003_cleaned.txt,"BAB VI: SATUAN PENGAWASAN INTERN,",PASAL 67,(1) Pada setiap BUMN dibentuk satuan pengawasan intern yang merupakan aparat pengawas intern perusahaan. (2) Satuan pengawasan intern sebagaimana dimaksud dalam ayat (1) dipimpin oleh seorang kepala yang bertanggung jawab kepada direktur utama.
UU_No_19_Tahun_2003_cleaned.txt,"BAB VI: SATUAN PENGAWASAN INTERN,",PASAL 68,"Atas permintaan tertu lis Komisaris/Dewan Pengawas, Direksi memberikan keterangan hasil pemeriksaan atau hasil pelaksanaan tugas satuan pengawasan intern."
UU_No_19_Tahun_2003_cleaned.txt,"BAB VI: SATUAN PENGAWASAN INTERN,",PASAL 69,Direksi wajib memperhatikan dan segera mengambil langkah -langkah yang diperlukan atas segala sesuatu yang dikemuk akan dalam setiap laporan hasil pemeriksaan yang dibuat oleh satuan pengawasan intern. Bagian Kedua Komite Audit dan Komite Lain
UU_No_19_Tahun_2003_cleaned.txt,"BAB VI: SATUAN PENGAWASAN INTERN,",PASAL 70,(1) Komisaris dan Dewan Pengawas BUMN wajib membentuk komite audit yang bekerja secara kolektif dan berfungsi membantu Komisaris dan Dewan Pengawas dalam melaksanakan tugasnya. (2) Komite audit sebagaimana dimaksud dalam ayat (1) dipimpin oleh seorang ketua ya ng bertanggung jawab kepada Komisaris atau Dewan Pengawas. (3) Selain komite audit sebagaimana dimaksud dalam ayat (1) Komisaris atau Dewan Pengawas dapat membentuk komite lain yang ditetapkan oleh Menteri. (4) Ketentuan lebih lanjut mengenai komite audit dan komite lain diatur dengan Keputusan Menteri. BAB VII : PEMERIKSAAN EKSTERNAL
UU_No_19_Tahun_2003_cleaned.txt,BAB VII: PEMERIKSAAN EKSTERNAL,PASAL 71,(1) Pemeriksaan laporan keuangan perusahaan dilakukan oleh auditor eksternal yang ditetapkan oleh RUPS untuk Persero dan oleh Menteri untuk Perum.  (2) Badan Pemeriksa Keuangan berwenang melakukan pemeriksaan terhadap BUMN sesuai dengan ketentuan peraturan perundang -undangan. BAB VIII : RESTRUKTURISASI DAN PRIVATISASI Bagian Pertama Maksud dan Tujuan Restrukturisasi
UU_No_19_Tahun_2003_cleaned.txt,BAB VIII: RESTRUKTURISASI DAN PRIVATISASI,PASAL 72,"(1) Restrukturisasi dilakukan dengan maksud untuk menyehatkan BUMN agar dapat beroperasi secara efisien, transparan, dan profesional. (2) Tujuan restrukturisasi adalah untuk: a.meningkatkan kinerja dan nilai perusahaan; b.memberikan manfaat berupa dividen dan pajak kepada negara; c.menghasilkan produk dan layan an dengan harga yang kompetitif kepada konsumen; dan d.memudahkan pelaksanaan privatisasi. (3) Pelaksanaan restrukturisasi sebagaimana dimaksud dalam ayat (1) tetap memperhatikan asas biaya dan manfaat yang diperoleh. Bagian Kedua Ruang Lingkup Restrukturisasi"
UU_No_19_Tahun_2003_cleaned.txt,BAB VIII: RESTRUKTURISASI DAN PRIVATISASI,PASAL 73,"Restrukturisasi meliputi : a. restrukturisasi sektoral yang pelaksanaannya disesuaikan dengan kebijakan sektor dan/atau ketentuan peraturan perundang -undangan; b. restrukturisasi perusahaan/korporasi yan g meliputi : 1)peningkatan intensitas persaingan usaha, terutama di sektor -sektor yang terdapat monopoli, baik yang diregulasi maupun monopoli alamiah;  2)penataan hubungan fungsional antara pemerintah selaku regulator dan BUMN selaku badan usaha, termasuk di dalamnya penerapan prinsip - prinsip tata kelola perusahaan yang baik dan menetapkan arah dalam rangka pelaksanaan kewajiban pelayanan publik. 3)restruk turisasi internal yang mencakup keuangan, organisasi/ manajemen, operasional, sistem, dan prosedur. Bagian Ketiga Maksud dan Tujuan Privatisasi"
UU_No_19_Tahun_2003_cleaned.txt,BAB VIII: RESTRUKTURISASI DAN PRIVATISASI,PASAL 74,"(1) Privatisasi dilakukan dengan maksud untuk : a.memperluas kepemilikan masyarakat atas Persero; b.meningkatkan efisiensi dan produktivitas perusahaan; c.menciptakan struktur keuangan dan manajemen keuangan yang baik/kuat; d.menciptakan struktur industri yang sehat dan kompetitif; e.menciptakan Persero yang berdaya saing dan berorientasi global; f.menumbuhkan iklim usaha, ekonomi makro, dan kapasitas pasar. (2) Privatisasi dilakukan dengan tujuan untuk meningkatkan kinerja dan nilai tambah perusahaan dan meningkatkan peran serta m asyarakat dalam pemilikan saham Persero. Bagian Keempat Prinsip Privatisasi dan Kriteria Perusahaan yang Dapat Diprivatisasi"
UU_No_19_Tahun_2003_cleaned.txt,BAB VIII: RESTRUKTURISASI DAN PRIVATISASI,PASAL 75,"Privatisasi dilakukan dengan memperhatikan prinsip -prinsip transparansi, kemandirian, akuntabilitas, pertanggungjawaban, dan kewajaran."
UU_No_19_Tahun_2003_cleaned.txt,BAB VIII: RESTRUKTURISASI DAN PRIVATISASI,PASAL 76,"(1) Persero yang dapat diprivatisasi harus sekurang -kurangnya memenuhi kriteria: a.industri/sektor usahanya kompetitif; atau b.industri/sektor usaha yang unsur teknologinya cepat berubah. (2) Sebagian aset atau kegiatan dari Persero yang melaksanakan kewajiban pelayanan umum dan/atau yang berdasarkan Undang -undang kegiatan usahanya harus dilakukan oleh BUMN, dapat dipisahkan untuk dijadikan penyertaan dalam pendirian perusahaan untuk selanjutny a apabila diperlukan dapat diprivatisasi."
UU_No_19_Tahun_2003_cleaned.txt,BAB VIII: RESTRUKTURISASI DAN PRIVATISASI,PASAL 77,Persero yang tidak dapat diprivatisasi adalah: a. Persero yang bidang usahanya berdasarkan ketentuan peraturan perundang - undangan hanya boleh dikelola oleh BUMN; b. Persero yang bergerak di sektor usaha y ang berkaitan dengan pertahanan dan keamanan negara; c. Persero yang bergerak di sektor tertentu yang oleh pemerintah diberikan tugas khusus untuk melaksanakan kegiatan tertentu yang berkaitan dengan kepentingan masyarakat; d. Persero yang bergerak di bida ng usaha sumber daya alam yang secara tegas berdasarkan ketentuan peraturan perundang -undangan dilarang untuk diprivatisasi.
UU_No_19_Tahun_2003_cleaned.txt,BAB VIII: RESTRUKTURISASI DAN PRIVATISASI,PASAL 78,Privatisasi dilaksanakan dengan cara: a. penjualan saham berdasarkan ketentuan pasar modal; b. penjualan saham langsung kepada investor; c. penjualan saham kepada manajemen dan/atau karyawan yang bersangkutan.  Bagian Kelima Komite Privatisasi
UU_No_19_Tahun_2003_cleaned.txt,BAB VIII: RESTRUKTURISASI DAN PRIVATISASI,PASAL 79,"(1) Untuk membahas dan memutuskan kebijakan tentang privatisasi sehubungan denga n kebijakan lintas sektoral, pemerintah membentuk sebuah komite privatisasi sebagai wadah koordinasi. (2) Komite privatisasi dipimpin oleh Menteri Koordinator yang membidangi perekonomian dengan anggota, yaitu Menteri, Menteri Keuangan, dan Menteri Teknis tempat Persero melakukan kegiatan usaha. (3) Keanggotaan komite privatisasi sebagaimana dimaksud dalam ayat (2) ditetapkan dengan Keputusan Presiden ."
UU_No_19_Tahun_2003_cleaned.txt,BAB VIII: RESTRUKTURISASI DAN PRIVATISASI,PASAL 80,"(1) Komite privatisasi bertugas untuk: a.merumuskan dan menetapkan kebijakan umum dan persyaratan pelaksanaan Privatisasi; b.menetapkan langkah -langkah yang diperlukan untuk memperlancar proses Privatisasi; c.membahas dan memberikan jalan keluar atas permasalahan strategis yang timbul dalam proses Privatisasi, termasuk yang berhubungan dengan kebijakan sektoral pemerintah. (2) Komite privatisasi dalam melaksanakan tugasnya sebagaimana dimaksud dalam ayat (1) dapat mengundang, meminta masukan, dan/atau bantuan instansi pemerintah atau pihak la in yang dipandang perlu. (3) Ketua komite privatisasi secara berkala melaporkan perkembangan pelaksanaan tugasnya kepada Presiden."
UU_No_19_Tahun_2003_cleaned.txt,BAB VIII: RESTRUKTURISASI DAN PRIVATISASI,PASAL 81,"Dalam melaksanakan Privatisasi, Menteri bertugas untuk: a. menyusun program tahunan Privatisasi; b. mengajukan program tahunan Privatisasi kepada komite privatisasi untuk memperoleh arahan;  c. melaksanakan Privatisasi. Bagian Keenam Tata Cara Privatisasi"
UU_No_19_Tahun_2003_cleaned.txt,BAB VIII: RESTRUKTURISASI DAN PRIVATISASI,PASAL 82,"(1) Privatisasi harus didahului dengan tindakan seleksi atas perusahaan - perusahaan dan mendasarkan pada kriteria yang ditetapkan dalam Peraturan Pemerintah. (2) Terhadap perusahaan yang telah diseleksi dan memenuhi kriteria yang telah ditentukan, setelah menda pat rekomendasi dari Menteri Keuangan, selanjutnya disosialisasikan kepada masyarakat serta dikonsultasikan kepada Dewan Perwakilan Rakyat."
UU_No_19_Tahun_2003_cleaned.txt,BAB VIII: RESTRUKTURISASI DAN PRIVATISASI,PASAL 83,Ketentuan lebih lanjut mengenai tata cara Privatisasi diatur dengan Peraturan Pemerintah.
UU_No_19_Tahun_2003_cleaned.txt,BAB VIII: RESTRUKTURISASI DAN PRIVATISASI,PASAL 84,Setiap orang dan/atau badan hukum yang mempunyai potensi benturan kepentingan dilarang terlibat dalam proses Privatisasi. Bagian Ketujuh Kerahasiaan Informasi
UU_No_19_Tahun_2003_cleaned.txt,BAB VIII: RESTRUKTURISASI DAN PRIVATISASI,PASAL 85,(1) Pihak -pihak yang terkait dalam program dan proses Privatisasi diwajibkan menjaga kerahasiaan atas informasi yang diperoleh sepanjang informasi tersebut belum terbuka. (2) Pelanggaran terhadap ketentuan sebagaimana dimaksud dalam ayat (1) dikenakan sanksi s esuai dengan ketentuan peraturan perundang -undangan.  Bagian Kedelapan Hasil Privatisasi
UU_No_19_Tahun_2003_cleaned.txt,BAB VIII: RESTRUKTURISASI DAN PRIVATISASI,PASAL 86,(1) Hasil Privatisasi dengan cara penjualan saham milik negara disetor langsung ke Kas Negara. (2) Ketentuan lebih lanjut mengenai tata cara penyetoran hasil Privatisasi diatur dengan Peraturan Pemerintah. BAB IX : KETENTUAN LAIN -LAIN
UU_No_19_Tahun_2003_cleaned.txt,BAB IX: KETENTUAN LAIN -LAIN,PASAL 87,"(1) Karyawan BUMN merupakan pekerja BUMN yang pengangkatan, pemberhentian, kedudukan, hak dan kewajibannya ditetapkan berdasarkan perjanjian kerja bersama sesuai dengan ketentuan peraturan perundang - undangan di bidang ketenagakerjaan. (2) Karyawan BUMN dapat membentuk serikat pekerja sesuai dengan ketentuan peraturan perundang -undangan. (3) Serikat pekerja waji b memelihara keamanan dan ketertiban dalam perusahaan, serta meningkatkan disiplin kerja."
UU_No_19_Tahun_2003_cleaned.txt,BAB IX: KETENTUAN LAIN -LAIN,PASAL 88,(1) BUMN dapat menyisihkan sebagian laba bersihnya untuk keperluan pembinaan usaha kecil/koperasi serta pembinaan masyarakat sekitar BUMN. (2) Ketentuan le bih lanjut mengenai penyisihan dan penggunaan laba sebagaimana dimaksud dalam ayat (1) diatur dengan Keputusan Menteri.
UU_No_19_Tahun_2003_cleaned.txt,BAB IX: KETENTUAN LAIN -LAIN,PASAL 89,"Anggota Komisaris, Dewan Pengawas, Direksi, karyawan BUMN dilarang untuk memberikan atau menawarkan atau menerima, baik langsung maupun tidak langsung, sesuatu yang berharga kepada atau dari pelanggan atau seorang pejabat pemerintah untuk mempengaruhi ata u sebagai imbalan atas apa yang telah dilakukannya dan tindakan lainnya sesuai dengan ketentuan peraturan perundang -undangan."
UU_No_19_Tahun_2003_cleaned.txt,BAB IX: KETENTUAN LAIN -LAIN,PASAL 90,BUMN dalam batas kepatutan hanya dapat memberikan donasi untuk amal atau tujuan sosial sesuai dengan ketentuan peratura n perundang -undangan.
UU_No_19_Tahun_2003_cleaned.txt,BAB IX: KETENTUAN LAIN -LAIN,PASAL 91,"Selain organ BUMN, pihak lain mana pun dilarang campur tangan dalam pengurusan BUMN."
UU_No_19_Tahun_2003_cleaned.txt,BAB IX: KETENTUAN LAIN -LAIN,PASAL 92,Perubahan bentuk badan hukum BUMN diatur dengan Peraturan Pemerintah. BAB X : KETENTUAN PERALIHAN
UU_No_19_Tahun_2003_cleaned.txt,BAB X: KETENTUAN PERALIHAN,PASAL 93,"(1) Dalam waktu 2 (dua) tahun terhitung sejak Undang -undang ini mulai berlaku, semua BUMN yang berbentuk perusahaan jawatan (Perjan), harus telah diubah bentuknya menjadi Perum atau Persero. (2) Segala ketentuan yang mengatur BUMN dinyatakan tetap berlaku sepanjang tidak bertentangan atau belum diganti dengan yang baru berdasarkan Undang -undang ini.  BAB XI : KETENTUAN PENUTUP"
UU_No_19_Tahun_2003_cleaned.txt,BAB XI: KETENTUAN PENUTUP,PASAL 94,"Dengan berlakunya Undang -undang ini, maka: 1. Indonesische Bedrijvenwet (Staatsblad Tahun 1927 Nomor 419) sebagaim ana telah beberapa kali diubah dan ditambah terakhir dengan Undang -undang Nomor 12 Tahun 1955 (Lembaran Negara Republik Indonesia Tahun 1955 Nomor 49, Tambahan Lembaran Negara Nomor 850); 2. Undang -undang Nomor 19 Prp Tahun 1960 tentang Perusahaan Neg ara (Lembaran Negara Republik Indonesia Tahun 1960 Nomor 59, Tambahan Lembaran Negara Nomor 1989); 3. Undang -undang Nomor 9 Tahun 1969 tentang Penetapan Peraturan Pemerintah Pengganti Undang -Undang Nomor 1 Tahun 1969 (Lembaran Negara Republik Indonesia Tahun 1969 Nomor 16, Tambahan Lembaran Negara Nomor 2890) tentang Bentuk -Bentuk Usaha Negara menjadi Undang -Undang (Lembaran Negara Republik Indonesia Tahun 1969 Nomor 40, Tambahan Lembaran Negara Nomor 2904); dinyatakan tidak berlaku."
UU_No_19_Tahun_2003_cleaned.txt,BAB XI: KETENTUAN PENUTUP,PASAL 95,Undang -undang ini berlaku sejak tanggal diundangkan.
UU_No_21_Tahun_2000_cleaned.txt,BAB I: KETENTUAN UMUM,PASAL 1,"Dalam Undang -undang ini yang dimaksud dengan : 1. Serikat pekerja/serik at buruh adalah organisasi yang dibentuk dari, oleh, dan untuk pekerja/buruh baik di perusahaan maupun di luar perusahaan, yang bersifat bebas, terbuka, mandiri, demokratis, dan bertanggung jawab guna memperjuangkan, membela serta melindungi hak dan kepentingan pek erja/buruh serta meningkatkan kesejahteraan pekerja/buruh dan keluarganya. 2. Serikat pekerja/serikat buruh di perusahaan adalah serikat pekerja/serikat buruh yang didirikan oleh para pekerja/buruh di satu perusahaan atau di beberapa perusahaan. 3. Serikat pekerja/serikat buruh di luar perusahaan adalah serikat pekerja/serikat buruh yang didirikan oleh para pekerja/serikat yang tidak bekerja di perusahaan. 4. Federasi serikat pekerja/serikat buruh adalah gabungan serikat pekerja/serikat buruh. 5. Konfederasi serikat pekerja/serikat buruh adalah gabungan federasi serikat pekerja/serikat buruh. 6. Pekerja/buruh adalah setiap orang yang bekerja dengan menerima upah atau imbalan dalam bentuk lain. 7. Pengusaha adalah : a. orang perseorangan, persekutuan, atau badan hukum yang menjalankan suatu perusahaan milik sendiri; b. orang perseorangan, persekutuan, atau badan hukum yang secara berdiri sendiri menjalankan perusahaan bukan miliknya; c. orang perseorangan, persekutuan, atau badan hukum yang berada diIndonesia mewakili perusahaan sebagaimana dimaksud dalam huruf a dan b yang berkedudukan di luar wilayah Indonesia. 8. Perusahaan adalah setiap bentuk usaha yang berbadan hukum atau tidak, milik orang perseorangan, persekutuan, atau badan hukum, baik milik swasta maupun milik negara yang mempekerjakan pekerja/buruh dengan memberi upah atau imbalan dalam bentuk lain.  9. Perselisihan antar serikat pekerja/antar serikat burh, federasi dan konfederasi serikat pekerja/serikat buruh adalah perselisihan antara serikat pekerja/serikat buruh, federasi dan konfederasi serikat pekerja/serikat buruh, dan serikat pekerja/serikat buruh, federasi dan konfederasi serikat pekerja/serikat buruh lain, karena tidak adanya persesuaian paham mengenai keang gotaan serta pelaksanaan hak dan kewajiban keserikatpekerjaan. 10. Menteri adalah menteri yang bertanggungjawab di bidang ketenagakerjaan. BAB II : ASAS, SIFAT, DAN TUJUAN"
UU_No_21_Tahun_2000_cleaned.txt,"BAB II: ASAS, SIFAT, DAN TUJUAN",PASAL 2,"(1) Serikat pekerja/serikat buruh, federasi dan konfederasi serikat pekerja/serikat buruh menerima Pancasila sebagai dasar negara dan Undang -Undang Dasar 1945 sebagai konstitusi Negara Kesatuan Republik Indonesia. (2) Serikat pekerja/serikat buruh, federasi da n konfederasi serikat pekerja/serikat buruh mempunyai asas yang tidak bertentangan dengan Pancasila dan Undang -Undang Dasar 1945."
UU_No_21_Tahun_2000_cleaned.txt,"BAB II: ASAS, SIFAT, DAN TUJUAN",PASAL 3,"Serikat pekerja/serikat buruh, federasi dan konfederasi serikat pekerja/serikat buruh mempunyai sifat bebas, terbuk a, mandiri, demokratis, dan bertanggung jawab."
UU_No_21_Tahun_2000_cleaned.txt,"BAB II: ASAS, SIFAT, DAN TUJUAN",PASAL 4,"(1) Serikat pekerja/serikat buruh, federasi dan konfederasi serikat pekerja/serikat buruh bertujuan memberikan perlindungan, pembelaan hak dan kepentingan, serta meningkatkan kesejahteraan yang layak bagi pekerja/serikat dan keluarganya. (2) Untuk mencapai tujuan sebagaimana dimaksud dalam ayat (1) serikat pekerja/serikat buruh, federasi dan konfederasi serikat pekerja/serikat buruh mempunyai fungsi : a. sebagai pihak dalam pembuatan perjanjian kerja bersama dan penyelesaian perselisihan industrial; b. sebagai wakil pekerja/buruh dalam lembaga kerja sama di bidang ketenagakerjaan sesuai dengan tingkatannya; c. sebagai sarana menciptakan hubungan industrial yang harmonis, dinamis, dan berkeadilan ses uai dengan peraturan perundang -undangan yang berlaku;  d. sebagai sarana penyalur aspirasi dalam memperjuangkan hak dan kepentingan anggotanya; e. sebagai perencana, pelaksana, dan penanggungjawab pemogokan pekerja/buruh sesuai dengan pera turan perundang -undangan yang berlaku; f. sebagai wakil pekerja/buruh dalam memperjuangkan kepemilikan saham di perusahaan; BAB III : PEMBENTUKAN"
UU_No_21_Tahun_2000_cleaned.txt,BAB III: PEMBENTUKAN,PASAL 5,(1) Setiap pekerja/buruh berhak membentuk dan menjadi anggota serikat pekerja/serikat buruh. (2) Serikat pekerja/serikat buruh dibentuk oleh sekurang -kurangnya 10 (sepuluh) orang pekerja/buruh.
UU_No_21_Tahun_2000_cleaned.txt,BAB III: PEMBENTUKAN,PASAL 6,(1) Serikat pekerja/serikat buruh berhak membentuk dan menjadi anggota federasi serikat pekerja/serikat buruh. (2) Federasi serikat pekerja/serikat buruh dibentuk oleh sekurang -kurangnya 5 (lima) serikat pekerja/serikat buruh.
UU_No_21_Tahun_2000_cleaned.txt,BAB III: PEMBENTUKAN,PASAL 7,(1) Federasi serikat pekerja/serikat buruh berhak membentuk dan menjadi anggota konfederasi serikat pekerja/serikat buruh. (2) Konfederasi serikat peke rja/serikat buru h dibentuk oleh sekurang -kurangnya 3 (tiga) federasi serikat pekerja/serikat buruh.
UU_No_21_Tahun_2000_cleaned.txt,BAB III: PEMBENTUKAN,PASAL 8,"Perjenjangan organisasi serikat pekerja/serikat buruh, federasi dan konfederasi serikat pekerja/serikat buruh diatur dalam anggaran rumah tangganya."
UU_No_21_Tahun_2000_cleaned.txt,BAB III: PEMBENTUKAN,PASAL 9,"Serikat pekerja/serikat buruh, federasi dan konfederasi serikat pekerja/serikat buruh dibentuk atas kehendak bebas pekerja/buruh tanpa tekanan atau campur tangan pengusaha, pemerintah, partai politik, dan pihak manapun."
UU_No_21_Tahun_2000_cleaned.txt,BAB III: PEMBENTUKAN,PASAL 10,"Serikat pekerja/serikat buruh, federasi dan konfederasi serikat pekerja/serikat buruh dapat dibentuk berdasarkan sektor usaha, jenis pekerjaan, atau bentuk lain sesuai dengan kehendak pekerja/buruh."
UU_No_21_Tahun_2000_cleaned.txt,BAB III: PEMBENTUKAN,PASAL 11,"(1) Setiap serikat pekerja/serikat buruh, federasi da n konfederasi serikat pekerja/serikat buruh harus memiliki anggaran dasar dan anggaran rumah tangga. (2) anggaran dasar sebagaimana dimaksud dalam ayat (1) sekurang -kurangnya harus memuat : a. nama dan lambang; b. dasar negara, asas, dan tujuan; c. tanggal pendirian; d. tempat kedudukan; e. keanggotaan dan kepengurusan; f. sumber dan pertanggungjawaban keuangan; dan g. ketentuan perubahan anggaran dasar dan/atau anggaran rumah tangga. BAB IV : KEANGGOTAAN"
UU_No_21_Tahun_2000_cleaned.txt,BAB IV: KEANGGOTAAN,PASAL 12,"Serikat pekerja/serikat buruh, federasi dan konfederasi serikat pekerja/serikat buruh harus terbuka untuk menerima anggota tanpa membedakan aliran politik, agama, suku agama, dan jenis kelamin."
UU_No_21_Tahun_2000_cleaned.txt,BAB IV: KEANGGOTAAN,PASAL 13,Keanggotaan serikat pekerja/serikat buruh federasi dan konfederasi serikat pekerja/buruh diatur dalam anggaran dasar dan anggaran rumah tangganya.
UU_No_21_Tahun_2000_cleaned.txt,BAB IV: KEANGGOTAAN,PASAL 14,"(1) Seorang pekerja/buruh tidak boleh menjadi anggota lebih dari satu serikat pekerja/serikat buruh di satu perusahaan. (2) Dalam hal seorang pekerj a/serikat buruh dalam satu perusahaan ternyata tercatat pada lebih dari satu serikat pekerja/serikat buruh, yang bersangkutan harus menyatakan secara tertulis satu serikat pekerja/serikat buruh yang dipilihnya."
UU_No_21_Tahun_2000_cleaned.txt,BAB IV: KEANGGOTAAN,PASAL 15,"Pekerja/buruh yang menduduki jabatan tertentu di dalam satu perusahaan dan jabatan itu menimbulkan pertentangan kepentingan antara pihak pengusaha dan pekerja/buruh, tidak boleh menjadi pengurus serikat pekerja/serikat buruh di perusahaan yang bersangkutan ."
UU_No_21_Tahun_2000_cleaned.txt,BAB IV: KEANGGOTAAN,PASAL 16,(1) Setiap serikat pekerja/serikat buruh hanya dapat menjadi anggota dari satu federasi serikat pekerja/serikat buruh. (2) Setiap federasi serikat pekerja/serikat buruh hanya dapat menjadi anggota dari satu konfederasi serikat pekerja/serikat buruh.
UU_No_21_Tahun_2000_cleaned.txt,BAB IV: KEANGGOTAAN,PASAL 17,"(1) Pekerja/buruh dapat berhenti sebagai anggota serikat pekerja/serikat buruh dengan pernyataan tertulis. (2) Pekerja/buruh dapat diberhentikan dari serikat pekerja/serikat buruh sesuai dengan ketentuan anggaran dasar dan/atau anggaran r umah tangga serikat pekerja/serikat buruh yang bersangkutan. (3) Pekerja/buruh, baik sebagai pengurus maupun sebagai anggota serikat pekerja/serikat buruh yang berhenti atau diberhentikan sebagaimana dimaksud dalam ayat (1) dan ayat (2) tetap bertanggung j awab atas kewajiban yang belum dipenuhinya terhadap serikat pekerja/serikat buruh. BAB V : PEMBERITAHUAN DAN PENCATATAN"
UU_No_21_Tahun_2000_cleaned.txt,BAB V: PEMBERITAHUAN DAN PENCATATAN,PASAL 18,"(1) Serikat pekerja/serikat buruh, federasi dan konfederasi serikat pekerja/serikat buruh yang telah terbentuk memberitahukan secara tertulis kepada instansi pemerintah yang bertanggungjawab di bidang ketenagakerjaan setempat untuk dicatat. (2) Pemberitahuan sebagaimana dimaksud dalam ayat (1) dengan dilampiri : a. daftar nama anggota pembentuk;  b. anggaran dasar dan anggaran r umah tangga; c. susunan dan nama pengurus."
UU_No_21_Tahun_2000_cleaned.txt,BAB V: PEMBERITAHUAN DAN PENCATATAN,PASAL 19,"Nama dan lambang serikat pekerja/serikat buruh, federasi dan konfederasi serikat pekerja/serikat buruh yang akan diberitahukan tidak boleh sama dengan nama dan lambang serikat pekerja/serikat buruh, federasi dan konfederasi serikat pekerja/serikat buruh yang telah tercatat terlebih dahulu."
UU_No_21_Tahun_2000_cleaned.txt,BAB V: PEMBERITAHUAN DAN PENCATATAN,PASAL 20,"(1) Instansi pemerintah, sebagaimana dimaksud dalam Pasal 18 ayat (1), wajib mencatat dan memberikan nomor bukti pencatatan terhadap serikat pekerja/serikat buruh, federasi dan konfederasi serikat pekerja/serikat buruh yang telah memenuhi ketentuan sebagaimana dimaksud dalam Pasal 2, Pasal 5 ayat (2), Pasal 6 ayat (2), Pasal 7 ayat (2), Pasal 11, Pasal 18 ayat (2), dan Pasal 19, selambat -lambatnya 21 (dua puluh satu) hari kerja terhitung sejak tanggal diterima pemberitahuan. (2) Instansi pemerintah sebagaimana dimaksud dalam Pasal 18 ayat (1) dapat menangguhkan pencatatan dan pemberian nomor bukti pencatatan dalam hal serikat pekerja/serik at buruh, federasi dan konfederasi serikat pekerja/serikat buruh belum memenuhi ketentuan sebagaimana dimaksud dalam Pasal 2, Pasal 5 ayat (2), Pasal 6 ayat (2), Pasal 7 ayat (2), Pasal 11, Pasal 18 ayat (2), dan Pasal 19. (3) Penangguhan sebagaimana dimak sud dalam ayat (2), dan alasan -alasannya diberitahukan secara tertulis kepada serikat pekerja/serikat buruh, federasi dan konfederasi serikat pekerja/serikat buruh yang bersangkutan selambat -lambatnya 14 (empat belas) hari kerja terhitung sejak tanggal dit erima pemberitahuan."
UU_No_21_Tahun_2000_cleaned.txt,BAB V: PEMBERITAHUAN DAN PENCATATAN,PASAL 21,"Dalam hal perubahan anggaran dasar dan/atau anggaran rumah tangga, pengurus serikat pekerja/serikat buruh, federasi dan konfederasi serikat pekerja/serikat buruh memberitahukan kepada instansi pemerintah sebagaimana dimaksu d dalam Pasal 18 ayat (1) paling lambat 30 (tiga puluh) hari sejak tanggal perubahan anggaran dasar dan/atau anggaran rumah tangga tersebut."
UU_No_21_Tahun_2000_cleaned.txt,BAB V: PEMBERITAHUAN DAN PENCATATAN,PASAL 22,"(1) Instansi pemerintah sebagaimana dimaksud dalam Pasal 18 ayat (1), harus mencatat serikat pekerja/ser ikat buruh, federasi dan konfederasi serikat pekerja/serikat buruh yang telah memenuhi ketentuan sebagaimana dimaksud dalam Pasal 2, Pasal 5 ayat (2), Pasal 6 ayat (2),  Pasal 7 ayat (2), Pasal 11, Pasal 18 ayat (2), dan Pasal 119 dalam buku pencatatan dan memelihara dengan baik. (2) Buku pencatatan sebagaimana dimaksud dalam ayat (1), harus dapat dilihat disetiap saat dan terbuka untuk umum."
UU_No_21_Tahun_2000_cleaned.txt,BAB V: PEMBERITAHUAN DAN PENCATATAN,PASAL 23,"Pengurus serikat pekerja/serikat buruh, federasi dan konfederasi serikat pekerja/serikat buruh yang telah mempunyai nomor bukti pencatatan harus memberitahukan secara tertulis keberadaannya kepada mitra sesuai dengan tingkatannya."
UU_No_21_Tahun_2000_cleaned.txt,BAB V: PEMBERITAHUAN DAN PENCATATAN,PASAL 24,Ketentuan mengenai tata cara pencatatan diatur lebih lanjut dengan keputusan menteri. BAB VI : HAK DAN KEWAJIBAN
UU_No_21_Tahun_2000_cleaned.txt,BAB VI: HAK DAN KEWAJIBAN,PASAL 25,"(1) Serikat pekerja/serikat buruh, federasi dan konfederasi serikat pekerja/serikat buruh yang telah mempunyai nomor bukti pencatatan berhak : a. membuat perjanjian kerja bersama dengan pengusaha; b. mewakili pekerja/buruh da lam menyelesaikan perselisihan industrial; c. mewakili pekerja/buruh dalam lembaga ketenagakerjaan; d. membentuk lembaga atau melakukan kegiatan yang berkaitan dengan usaha peningkatan kesejahteraan pekerja/buruh; e. melakukan kegiatan lainnya di bidang ketenagakerjaan yang tidak bertentangan dengan perundang -undangan yang berlaku. (2) Pelaksanaan hak -hak sebagaimana dimaksud dalam ayat (1) dilakukan sesuai dengan peraturan perundang -undangan yang berlaku."
UU_No_21_Tahun_2000_cleaned.txt,BAB VI: HAK DAN KEWAJIBAN,PASAL 26,"Serikat pekerja/serikat buruh, feder asi dan konfederasi serikat pekerja/serikat buruh dapat berafiliasi dan/atau bekerja sama dengan serikat pekerja/serikat buruh internasional dan/atau organisasi internasional lainnya dengan ketentuan tidak bertentangan dengan peraturan perundang -undangan yang berlaku."
UU_No_21_Tahun_2000_cleaned.txt,BAB VI: HAK DAN KEWAJIBAN,PASAL 27,"Serikat pekerja/serikat buruh, federasi dan konfederasi serikat  pekerja/serikat buruh yang telah mempunyai nomor bukti pencatatan berkewajiban : a. melindungi dan membela anggota dari pelanggaran hak -hak dan memperjuangkan kepentingannya; b. memperjuangkan peningkatan kesejahteraan anggota dan keluarganya; c. mempertanggungjawabkan kegiatan organisasi kepada anggotanya sesuai dengan anggaran dasar dan anggaran rumah tangga. BAB VII : PERLINDUNGAN HAK BERORGANISASI"
UU_No_21_Tahun_2000_cleaned.txt,BAB VII: PERLINDUNGAN HAK BERORGANISASI,PASAL 28,"Siapapun dilarang menghalang -halangi atau memaksa pekerja/buruh untuk membentuk atau tidak membentuk, menjadi pengurus atau tidak menjadi pengurus, menjadi anggota atau tidak menjadi anggota dan/atau menjalankan ata u tidak menjalankan kegiatan serikat pekerja/serikat buruh dengan cara : a. melakukan pemutusan hubungan kerja, memberhentikan sementara, menurunkan jabatan, atau melakukan mutasi; b. tidak membayar atau mengurangi upah pekerja/buruh; c. melakukan intimidasi dalam bentuk apapun; d. melakukan kampanye anti pembentukan serikat pekerja/serikat buruh."
UU_No_21_Tahun_2000_cleaned.txt,BAB VII: PERLINDUNGAN HAK BERORGANISASI,PASAL 29,(1) Pengusaha harus memberi kesempatan kepada pengurus dan/atau anggota serikat pekerja/serikat buruh untuk menjalankan kegiatan serikat pekerja/serikat buruh dalam jam kerja yang disepakati oleh kedua belah pihak dan/atau yang diatur dalam perjanjian kerja bersama. (2) Dalam kesepakatan kedua belah pihak dan/atau perjanjian kerja bersama sebagaimana dimaksud dalam ayat (1) harus diatu r mengenai : a. jenis kegiatan yang diberikan kesempatan; b. tata cara pemberian kesempatan; c. pemberian kesempatan yang mendapat upah dan yang tidak mendapat upah.  BAB VIII : KEUANGAN DAN HARTA KEKAYAAN
UU_No_21_Tahun_2000_cleaned.txt,BAB VIII: KEUANGAN DAN HARTA KEKAYAAN,PASAL 30,"Keuangan serikat pekerja/serikat bur uh, federasi dan konfederasi serikat pekerja/serikat buruh bersumber dari : a. iuran anggota yang besarnya ditetapkan dalam anggaran dasar atau anggaran dasar atau anggaran rumah tangga; b. hasil usaha yang sah; dan c. bantuan anggota atau pihak lain yang tidak mengikat."
UU_No_21_Tahun_2000_cleaned.txt,BAB VIII: KEUANGAN DAN HARTA KEKAYAAN,PASAL 31,"(1) Dalam hal bantuan pihak lain, sebagaimana dimaksud dalam Pasal 30 huruf c, berasal dari luar negeri, pengurus serikat p ekerja/serikat buruh, federasi dan konfederasi serikat pekerja/serikat buruh harus memberitahukan secara tertulis kepada instansi yang bertanggung jawab dibidang ketenagakerjaan sesuai dengan peraturan perundang - undangan yang berlaku. (2) Bantuan sebagai mana dimaksud dalam ayat (1) digunakan untuk meningkatkan kualitas dan kesejahteraan anggota."
UU_No_21_Tahun_2000_cleaned.txt,BAB VIII: KEUANGAN DAN HARTA KEKAYAAN,PASAL 32,"Keuangan dan harta kekayaan serikat pekerja/serikat buruh, federasi dan konfederasi serikat pekerja/serikat buruh harus terpisah dari keuangan dan harta kekayaan pribadi pengurus dan anggotanya."
UU_No_21_Tahun_2000_cleaned.txt,BAB VIII: KEUANGAN DAN HARTA KEKAYAAN,PASAL 33,"Pemindahan atau pengalihan keuangan dan harta kekayaan kepada pihak lain serta investasi dana dan usaha lain yang sah hanya dapat dilakukan menurut anggaran dasar dan/atau anggaran rumah tangga serika t pekerja/serikat buruh, federasi dan konfederasi serikat pekerja/serikat buruh yang bersangkutan."
UU_No_21_Tahun_2000_cleaned.txt,BAB VIII: KEUANGAN DAN HARTA KEKAYAAN,PASAL 34,"(1) Pengurus bertanggung jawab dalam penggunaan dan pengelolaan keuangan dan harta kekayaan serikat pekerja/serikat buruh, federasi dan konfederas i serikat pekerja/serikat buruh. (2) Pengurus wajib memuat pembukuan keuangan dan harta kekayaan  serta melaporkan secara berkala kepada anggotanya menurut anggaran dasar dan/atau anggaran rumah tangga serikat pekerja/serikat buruh, federasi dan konfederasi serikat pekerja/serikat buruh yang bersangkutan. BAB IX : PENYELESAIAN PERSELISIHAN"
UU_No_21_Tahun_2000_cleaned.txt,BAB IX: PENYELESAIAN PERSELISIHAN,PASAL 35,"Setiap perselisihan antar serikat pekerja/serikat buruh, federasi dan konfederasi serikat peker ja/serikat buruh diselesaikan secara musyawarah oleh serikat pekerja/serikat buruh, federasi dan konfederasi serikat pekerja/serikat buruh yang bersangkutan."
UU_No_21_Tahun_2000_cleaned.txt,BAB IX: PENYELESAIAN PERSELISIHAN,PASAL 36,"Dalam hal musyawarah sebagaimana dimaksud dalam Pasal 35 tidak mencapai kesepakatan, perselisihan antarserikat pekerja/serikat buruh, federasi dan konfederasi serikat pekerja/serikat buruh diselesaikan sesuai dengan peraturan perundang -undangan yang berlak u. BAB X : PEMBUBARAN"
UU_No_21_Tahun_2000_cleaned.txt,BAB X: PEMBUBARAN,PASAL 37,"Serikat pekerja/serikat buruh, federasi dan konfederasi serikat pekerja/serikat buruh bubar dalam hal : a. dinyatakan oleh anggotanya menurut anggaran dasar dan anggaran rumah tangga; b. perusahaan tutup atau menghentikan kegiatannya untuk selama -lamanya yang mengakibatkan putusnya hubungan kerja bagi seluruh pekerja/serikat buruh di perusahaan setelah seluruh kewajiban pengusaha terhadap pekerja/buruh diselesaikan menurut peraturan perund ang-undangan yang berlaku; c. dinyatakan dengan putusan Pengadilan."
UU_No_21_Tahun_2000_cleaned.txt,BAB X: PEMBUBARAN,PASAL 38,"(1) Pengadilan sebagaimana dimaksud dalam Pasal 37 huruf c dapat membubarkan serikat pekerja/serikat buruh, federasi dan konfederasi serikat pekerja/serikat buruh dalam hal : a.serikat pekerja/serikat buruh, federasi dan konfederasi serikat  pekerja/serikat buruh mempunyai asas yang bertentangan dengan Pancasila dan UUD 1945; b. pengurus dan/atau anggota atas nama serikat pekerja/serikat buruh, federasi dan konfederasi serikat pekerja/serikat buruh terbukti melakukan kejahatan terhadap keamanan negara dan dijatuhi pidana penjara sekurang -kurangnya 5 (lima) tahun yang telah mempunyai kekuatan hukum tetap. (2) Dalam hal putusan yang dijatuhkan kepada para pelaku tindak pidana sebagaimana dimaksud dalam ayat (1) huruf b, lama hukumannya tidak sama, maka sebagai dasar gugatan pembubaran serikat pekerja/serikat buruh, federasi dan konfederasi serikat pekerja/serikat buruh, digunakan putusan yang memenuhi syarat. (3) Gugatan pembubaran serikat pekerja/serikat buruh, federasi dan konfederasi serikat pekerja/serikat buruh sebagaimana dimaksud dalam ayat (1) dan ayat (2) diajukan oleh instansi pemerintah kepada pengadilan tempat serikat pekerja/serikat buruh, federasi dan konfederasi serik at pekerja/serikat burh yang bersangkutan berkedudukan."
UU_No_21_Tahun_2000_cleaned.txt,BAB X: PEMBUBARAN,PASAL 39,"(1) Bubarnya serikat pekerja/serikat buruh, federasi dan konfederasi serikat pekerja/serikat buruh tidak melepaskan para pengurus dari tanggung jawab dan kewajibannya, baik terh adap anggota maupun terhadap pihak lain. (2) Pengurus dan/atau anggota serikat pekerja/serikat buruh, federasi dan konfederasi serikat pekerja/serikat buruh yang terbukti bersalah menurut keputusan pengadilan yang menyebabkan serikat pekerja/serikat buruh, federasi dan konfederasi serikat pekerja/serikat buruh dibubarkan tidak boleh membentuk dan menjadi pengurus serikat pekerja/serikat buruh, federasi dan konfederasi serikat pekerja/serikat buruh lain selama 3 (tiga) tahun sejak putusan pengadilan mengenai pembubaran serikat pekerja/serikat buruh, federasi dan konfederasi serikat pekerja/serikat buruh telah mempunyai kekuatan hukum tetap. BAB XI : PENGAWASAN DAN PENYIDIKAN"
UU_No_21_Tahun_2000_cleaned.txt,BAB XI: PENGAWASAN DAN PENYIDIKAN,PASAL 40,"Untuk menjamin hak pekerja/buruh berorganisasi dan hak serikat pekerja/ serikat buruh melaksanakan kegiatannya, pegawai pengawas ketenagakerjaan melakukan pengawasan sesuai dengan peraturan perundang -perundangan yang berlaku."
UU_No_21_Tahun_2000_cleaned.txt,BAB XI: PENGAWASAN DAN PENYIDIKAN,PASAL 41,"Selain penyidik pejabat Polisi Negara Republik Indonesia, juga kepada pejabat pegawai nege ri sipil tertentu di lingkungan instansi pemerintah yang lingkup tugas dan tanggungjawabnya di bidang ketenagakerjaan diberi wewenang khusus sebagai penyidik sesuai dengan peraturan perundang -undangan yang berlaku untuk melakukan penyidikan tindak pidana. BAB XII : SANKSI"
UU_No_21_Tahun_2000_cleaned.txt,BAB XII: SANKSI,PASAL 42,"(1) Pelanggaran terhadap Pasal 5 ayat (2), Pasal 6 ayat (2), Pasal 7 ayat (2), Pasal 21 atau Pasal 31 dapat dikenakan sanksi administratip pencabutan nomor bukti pencatatan serikat pekerja/serikat buruh, federasi dan konfederasi serikat pekerja/serikat buruh. (2) Serikat pekerja/serikat buruh, federasi dan konfederasi serikat pekerja/serikat buruh yang dicabut nomor bukti pencatatannya kehilangan haknya sebagaimana dimaksud dalam Pasal 25 ayat (1) huruf a, b, da n c sampai dengan waktu serikat pekerja/serikat buruh, federasi dan konfederasi serikat pekerja/serikat buruh yang bersangkutan telah memenuhi ketentuan Pasal 5 ayat (2), Pasal 6 ayat (2), Pasal 7 ayat (2), Pasal 21 atau Pasal 31."
UU_No_21_Tahun_2000_cleaned.txt,BAB XII: SANKSI,PASAL 43,"(1) Barang siapa yang menghalang -halangi atau memaksa pekerja/buruh sebagaimana dimaksud dalam Pasal 28, dikenakan sanksi pidana penjara paling singkat 1 (satu) tahun dan paling lama 5 (lima) tahun dan/atau denda paling sedikit Rp 100.000.000,00 (seratus juta rupiah) dan paling banyak Rp 500.000.000,00 (lima ratus juta rupiah). (2) Tindak pidana sebagaimana dimaksud dalam ayat (1) merupakan tindak pidana kejahatan. BAB XIII : KETENTUAN LAIN -LAIN"
UU_No_21_Tahun_2000_cleaned.txt,BAB XIII: KETENTUAN LAIN -LAIN,PASAL 44,(1) Pegawai negeri sipil mempunyai hak dan kebebasan un tuk berserikat. (2) Hak dan kebebasan berserikat sebagaimana dimaksud dalam ayat (1) pelaksanaannya diatur dengan undang -undang tersendiri. BAB XIV : KETENTUAN PERALIHAN
UU_No_21_Tahun_2000_cleaned.txt,BAB XIV: KETENTUAN PERALIHAN,PASAL 45,"(1) Pada saat diundangkannya undang -undang ini serikat pekerja/serikat buru h, federasi dan konfederasi serikat pekerja/serikat buruh yang telah mempunyai nomor bukti pencatatan harus memberitahukan untuk diberi nomor bukti pencatatan yang baru sesuai dengan ketentuan undang -undang ini selambat -lambatnya 1 (satu) tahun terhitung s ejak mulai berlakunya undang -undang ini. (2) Dalam jangka waktu 1 (satu) tahun terhitung sejak undang -undang ini mulai berlaku, serikat pekerja/serikat buruh, federasi dan konfederasi serikat pekerja/serikat buruh yang tidak menyesuaikan diri dengan ketent uan undang -undang ini dianggap tidak mempunyai nomor bukti pencatatan."
UU_No_21_Tahun_2000_cleaned.txt,BAB XIV: KETENTUAN PERALIHAN,PASAL 46,"Pemberitahuan pembentukan serikat pekerja/serikat buruh, federasi dan konfederasi serikat pekerja/serikat buruh yang telah diajukan, tetapi pemberitahuan tersebut belum selesai diproses saat undang -undang ini mulai berlaku, harus diproses menurut ketentuan undang -undang ini. BAB XV : KETENTUAN PENUTUP"
UU_No_21_Tahun_2000_cleaned.txt,BAB XV: KETENTUAN PENUTUP,PASAL 47,Undang -undang ini mulai berlaku pada tanggal diundangkan.
UU_No_2_Tahun_2004_cleaned.txt,BAB I: KETENTUAN UMUM,PASAL 1,"Dalam Undang-undang ini yang dimaksud dengan:  1. Perselisihan Hubungan Industrial adalah perbedaan pendapat yang meng-akibatkan  pertentangan antara pengusaha atau  gabungan pengusaha dengan pekerja/buruh atau serikat pekerja/serikat buruh karena adanya perselisihan mengenai hak,  perselisihan kepentingan, perselisihan pemutusan hubungan kerja dan perselisihan antar serikat pekerja/serikat buruh  dalam satu perusahaan.  2. Perselisihan hak adalah perselisihan yang timbul karena tidak dipenuhinya hak, akibat adanya perbedaan pelaksanaan  atau penafsiran terhadap ketentuan peraturan perundang- undangan, perjanjian kerja, peraturan perusahaan, atau  perjanjian kerja bersama.  3. Perselisihan kepentingan adalah perselisihan yang timbul dalam hubungan kerja karena tidak adanya kesesuaian pendapat  mengenai pembuatan, dan/atau perubahan syarat- syarat kerja yang ditetapkan dalam perjanjian kerja, atau peraturan  perusahaan, atau perjanjian kerja bersama.  4. Perselisihan pemutusan hubungan kerja adalah perselisihan yang timbul karena tidak adanya kesesuaian pendapat  mengenai pengakhiran hubungan kerja yang dilakukan oleh salah satu pihak.  5. Perselisihan antar serikat pekerja/serikat buruh adalah perselisihan antara serikat pekerja/serikat buruh dengan serikat  pekerja/serikat buruh lain hanya dalam satu perusahaan, karena tidak adanya persesuaian paham mengenai keanggotaan,  pelaksanaan hak, dan kewajiban keserikat-pekerjaan.  6. Pengusaha adalah:  a. orang perseorangan, persekutuan, atau badan hukum yang menjalankan suatu perusahaan milik sendiri;  b. orang perseorangan, persekutuan, atau badan hukum yang secara berdiri sendiri menjalankan perusahaan bukan  miliknya;  c. orang perseorangan, persekutuan, atau badan hukum yang berada di Indonesia mewakili perusahaan sebagaimana  dimaksud dalam huruf a dan b yang berkedudukan di luar wilayah Indonesia.  7. Perusahaan adalah:  a. setiap bentuk usaha yang berbadan hukum atau tidak, milik orang perseorangan, milik persekutuan, atau milik badan  hukum, baik milik swasta maupun milik negara yang mempekerjakan pekerja/buruh dengan membayar upah atau  imbalan dalam bentuk lain;  b. usaha-usaha sosial dan usaha- usaha lain yang mempunyai pengurus dan mempekerjakan orang lain dengan  membayar upah atau imbalan dalam bentuk lain.  8. Serikat pekerja/serikat buruh adalah organisasi yang dibentuk dari, oleh, dan untuk pekerja/buruh baik di perusahaan  maupun di luar perusahaan, yang bersifat bebas, terbuka, mandiri, demokratis, dan bertanggung jawab guna  memperjuangkan, membela serta melindungi hak dan kepentingan pekerja/buruh serta meningkatkan kesejahteraan  pekerja/buruh dan keluarganya.  9. Pekerja/buruh adalah setiap orang yang bekerja dengan menerima upah atau imbalan dalam bentuk lain.  10. Perundingan bipartit adalah perundingan antara pekerja/buruh atau serikat pekerja/serikat buruh dengan pengusaha untuk  menyelesaikan perselisihan hubungan industrial.  11. Mediasi Hubungan Industrial yang selanjutnya disebut mediasi adalah penyelesaian perselisihan hak, perselisihan  kepentingan, perselisihan pemutusan hubungan kerja, dan perselisihan antar serikat pekerja/serikat buruh hanya dalam  satu perusahaan melalui musyawarah yang ditengahi oleh seorang atau lebih mediator yang netral.  12. Mediator Hubungan Industrial yang selanjutnya disebut mediator adalah pegawai instansi pemerintah yang bertanggung  jawab di bidang ketenaga-kerjaan yang memenuhi syarat- syarat sebagai mediator yang ditetapkan oleh Menteri untuk  bertugas melakukan mediasi dan mempunyai kewajiban memberikan anjuran tertulis kepada para pihak yang berselisih  untuk menyelesaikan perselisihan hak, perselisihan kepentingan, perselisihan pemutusan hubungan kerja, dan  perselisihan antar serikat pekerja/serikat buruh hanya dalam satu perusahaan.  13. Konsiliasi Hubungan Industrial yang selanjutnya disebut konsiliasi adalah penyelesaian perselisihan kepentingan,  perselisihan pemutusan hubungan kerja atau perselisihan antar serikat pekerja/serikat buruh hanya dalam satu  perusahaan melalui musyawarah yang ditengahi oleh seorang atau lebih konsiliator yang netral.  14. Konsiliator Hubungan Industrial yang selanjutnya disebut konsiliator adalah seorang atau lebih yang memenuhi syarat - syarat sebagai konsiliator ditetapkan oleh Menteri, yang bertugas melakukan konsiliasi dan wajib memberikan anjuran  tertulis kepada para pihak yang berselisih untuk menyelesaikan perselisihan kepentingan, perselisihan pemutusan  hubung-an kerja atau perselisihan antar serikat pekerja/serikat buruh hanya dalam satu perusahaan.  15. Arbitrase Hubungan Industrial yang selanjutnya disebut arbitrase adalah penyelesaian suatu perselisihan kepentingan,  dan perselisihan antar serikat pekerja/serikat buruh hanya dalam satu perusahaan, di luar Pengadilan Hubungan Industrial  melalui kesepakatan tertulis dari para pihak yang berselisih untuk menyerahkan penyelesaian perselisihan kepada arbiter  yang putusannya mengikat para pihak dan bersifat final.  16. Arbiter Hubungan Industrial yang selanjutnya disebut arbiter adalah seorang atau lebih yang dipilih oleh para pihak yang  berselisih dari daftar arbiter yang ditetapkan oleh Menteri untuk memberikan putusan mengenai perselisihan kepentingan,  dan perselisihan antar serikat pekerja/serikat buruh hanya dalam satu perusahaan yang diserahkan penyelesaiannya  melalui arbitrase yang putusannya mengikat para pihak dan bersifat final.  17. Pengadilan Hubungan Industrial adalah pengadilan khusus yang dibentuk di lingkungan pengadilan negeri yang  berwenang memeriksa, mengadili dan memberi putusan terhadap perselisihan hubungan industrial.  18. Hakim adalah Hakim Karier Pengadilan Negeri yang ditugasi pada Pengadilan Hubungan Industrial.   19. Hakim Ad -Hoc adalah Hakim Ad-Hoc pada Pengadilan Hubungan Industrial dan Hakim Ad- Hoc pada Mahkamah Agung  yang peng-angkatannya atas usul serikat pekerja/serikat buruh dan organisasi pengusaha.    dan memberi putusan terhadap perselisihan hubungan industrial.  21. Menteri adalah Menteri yang bertanggung jawab di bidang ketenaga -kerjaan."
UU_No_2_Tahun_2004_cleaned.txt,BAB I: KETENTUAN UMUM,PASAL 2,Jenis Perselisihan Hubungan Industrial meliputi:  a. perselisihan hak;  b. perselisihan kepentingan;  c. perselisihan pemutusan hubungan kerja; dan  d. perselisihan antar serikat pekerja/serikat buruh hanya dalam satu perusahaan.
UU_No_2_Tahun_2004_cleaned.txt,BAB I: KETENTUAN UMUM,PASAL 3,"(1) Perselisihan hubungan industrial wajib diupayakan penyelesaiannya terlebih dahulu melalui perundingan bipartit secara  musyawarah untuk mencapai mufakat.  (2) Penyelesaian perselisihan melalui bipartit sebagaimana dimaksud dalam ayat (1), harus diselesaikan paling lama 30 (tiga  puluh) hari kerja sejak tanggal dimulainya perundingan.  (3) Apabila dalam jangka waktu 30 (tiga puluh) hari sebagaimana dimaksud dalam ayat (2) salah satu pihak menolak untuk  berunding atau telah dilakukan perundingan tetapi tidak mencapai kesepakatan, maka perundingan bipartit dianggap  gagal."
UU_No_2_Tahun_2004_cleaned.txt,BAB I: KETENTUAN UMUM,PASAL 4,"(1) Dalam hal perundingan bipartit gagal sebagaimana dimaksud dalam Pasal 3 ayat (3), maka salah satu atau kedua belah  pihak mencatatkan perselisihannya kepada instansi yang bertanggung jawab di bidang ketenagakerjaan setempat dengan  melampirkan bukti bahwa upaya-upaya penyelesaian melalui perundingan bipartit telah dilakukan.   (2) Apabila bukti -bukti sebagaimana dimaksud dalam ayat (1) tidak dilampirkan, maka instansi yang bertanggung jawab di  bidang ketenaga- kerjaan mengembalikan berkas untuk dilengkapi paling lambat dalam waktu 7 (tujuh) hari kerja terhitung  sejak tanggal diterimanya pengembalian berkas.  (3) Setelah menerima pencatatan dari salah satu atau para pihak, instansi yang bertanggung jawab di bidang ketenagakerjaan  setempat wajib menawarkan kepada para pihak untuk menyepakati memilih penyelesaian melalui konsiliasi atau melalui  arbitrase.  (4) Dalam hal para pihak tidak menetapkan pilihan penyelesaian melalui konsiliasi atau arbitrase dalam waktu 7 (tujuh) hari  kerja, maka instansi yang bertanggung jawab di bidang ketenagakerjaan melimpahkan penyelesaian perselisihan kepada  mediator.  (5) Penyelesaian melalui konsiliasi dilakukan untuk penyelesaian perselisihan kepentingan, perselisihan pemutusan hubungan  kerja, atau perselisihan antar serikat pekerja/serikat buruh.  (6) Penyelesaian melalui arbitrase dilakukan untuk penyelesaian perselisihan kepentingan atau perselisihan antar serikat  pekerja/serikat buruh."
UU_No_2_Tahun_2004_cleaned.txt,BAB I: KETENTUAN UMUM,PASAL 5,"Dalam hal penyelesaian melalui konsiliasi atau mediasi tidak mencapai kesepakatan, maka salah satu pihak dapat  mengajukan gugatan kepada Pengadilan Hubungan Industrial.    BAB II : TATA CARA PENYELESAIAN PERSELISIHAN HUBUNGAN INDUSTRIAL    Bagian Kesatu  Penyelesaian Melalui Bipartit"
UU_No_2_Tahun_2004_cleaned.txt,BAB II: TATA CARA,PASAL 6,(1) Setiap perundingan sebagaimana dimaksud dalam Pasal 3 harus dibuat risalah yang ditandatangani oleh para pihak.   (2) Risalah perundingan sebagaimana dimaksud dalam ayat (1) sekurang -kurangnya memuat:  a. nama lengkap dan alamat para pihak;  b. tanggal dan tempat perundingan;  c. pokok masalah atau alasan perselisihan;  d. pendapat para pihak;  e. kesimpulan atau hasil perundingan; dan   f. tanggal serta tanda tangan para pihak yang melakukan perundingan.
UU_No_2_Tahun_2004_cleaned.txt,BAB II: TATA CARA,PASAL 7,"(1) Dalam hal musyawarah sebagaimana dimaksud dalam Pasal 3 dapat mencapai kesepakatan penyelesaian, maka dibuat  Perjanjian Bersama yang ditandatangani oleh para pihak.  (2) Perjanjian Bersama sebagaimana dimaksud dalam ayat (1) mengikat dan menjadi hukum serta wajib dilaksanakan oleh  para pihak.  (3) Perjanjian Bersama sebagaimana dimaksud dalam ayat (1) wajib didaftarkan oleh para pihak yang melakukan perjanjian  pada Pengadilan Hubungan Industrial pada Pengadilan Negeri di wilayah para pihak mengadakan Perjanjian Bersama.  (4) Perjanjian Bersama yang telah didaftar sebagaimana dimaksud dalam ayat (3) diberikan akta bukti pendaftaran Perjanjian  Bersama dan merupakan bagian yang tidak terpisahkan dari Perjanjian Bersama.  maka pihak yang dirugikan dapat mengajukan permohonan eksekusi kepada Pengadilan Hubungan Industrial pada  Pengadilan Negeri di wilayah Perjanjian Bersama didaftar untuk mendapat penetapan eksekusi.  (6) Dalam hal pemohon eksekusi berdomisili di luar Pengadilan Negeri tempat pendaftaran Perjanjian Bersama sebagaimana  dimaksud dalam ayat (3), maka pemohon eksekusi dapat mengajukan permohonan eksekusi melalui Pengadilan  Hubungan Industrial pada Pengadilan Negeri di wilayah domisili pemohon eksekusi untuk diteruskan ke Pengadilan  Hubungan Industrial pada Pengadilan Negeri yang berkompeten melaksanakan eksekusi.    Bagian Kedua  Penyelesaian Melalui Mediasi"
UU_No_2_Tahun_2004_cleaned.txt,BAB II: TATA CARA,PASAL 8,Penyelesaian perselisihan melalui mediasi dilakukan oleh mediator yang berada di setiap kantor instansi yang bertanggung  jawab di bidang ketenaga-kerjaan Kabupaten/Kota.
UU_No_2_Tahun_2004_cleaned.txt,BAB II: TATA CARA,PASAL 9,"Mediator sebagaimana dimaksud dalam Pasal 8 harus memenuhi syarat sebagai berikut:  a. beriman dan bertaqwa kepada Tuhan Yang Maha Esa;   b. warga negara Indonesia;   c. berbadan sehat menurut surat keterangan dokter;   d. menguasai peraturan perundang -undangan di bidang ketenagakerjaan;  e. berwibawa, jujur, adil, dan berkelakuan tidak tercela;   f. berpendidikan sekurang -kurangnya Strata Satu (S1); dan  g. syarat lain yang ditetapkan oleh Menteri."
UU_No_2_Tahun_2004_cleaned.txt,BAB II: TATA CARA,PASAL 10,"Dalam waktu selambat- lambatnya 7 (tujuh) hari kerja setelah menerima pelimpahan penyelesaian perselisihan, mediator  harus sudah mengadakan penelitian tentang duduknya perkara dan segera mengadakan sidang mediasi."
UU_No_2_Tahun_2004_cleaned.txt,BAB II: TATA CARA,PASAL 11,(1) Mediator dapat memanggil saksi atau saksi ahli untuk hadir dalam sidang mediasi guna diminta dan didengar  keterangannya.  (2) Saksi atau saksi ahli yang memenuhi panggilan berhak menerima penggantian biaya perjalanan dan akomodasi yang  besarnya ditetapkan dengan Keputusan Menteri.
UU_No_2_Tahun_2004_cleaned.txt,BAB II: TATA CARA,PASAL 12,"(1) Barang siapa yang diminta keterangannya oleh mediator guna penyelesaian perselisihan hubungan industrial berdasarkan  undang-undang ini, wajib memberikan keterangan termasuk membukakan buku dan memperlihatkan surat- surat yang  diperlukan.  (2) Dalam hal keterangan yang diperlukan oleh mediator terkait dengan seseorang yang karena jabatannya harus menjaga  kerahasiaan, maka harus ditempuh prosedur sebagaimana diatur dalam peraturan perundang-undangan yang berlaku.  (3) Mediator wajib merahasiakan semua keterangan yang diminta sebagai -mana dimaksud dalam ayat (1)."
UU_No_2_Tahun_2004_cleaned.txt,BAB II: TATA CARA,PASAL 13,"(1) Dalam hal tercapai kesepakatan penyelesaian perselisihan hubungan industrial melalui mediasi, maka dibuat Perjanjian  Bersama yang ditandatangani oleh para pihak dan disaksikan oleh mediator serta didaftar di Pengadilan Hubungan  Industrial pada Pengadilan Negeri di wilayah hukum pihak- pihak mengadakan Perjanjian Bersama untuk mendapatkan  akta bukti pendaftaran.  (2) Dalam hal tidak tercapai kesepakatan penyelesaian perselisihan hubungan industrial melalui mediasi, maka:   a. mediator mengeluarkan anjuran tertulis;  b. anjuran tertulis sebagaimana dimaksud pada huruf a dalam waktu selambat- lambatnya 10 (sepuluh) hari kerja sejak  sidang mediasi pertama harus sudah disampaikan kepada para pihak;  c. para pihak harus sudah memberikan jawaban secara tertulis kepada mediator yang isinya menyetujui atau menolak  anjuran tertulis dalam waktu selambat-lambatnya 10 (sepuluh) hari kerja setelah menerima anjuran tertulis;  d. pihak yang tidak memberikan pendapatnya sebagaimana dimaksud pada huruf c dianggap menolak anjuran tertulis;  e. dalam hal para pihak menyetujui anjuran tertulis sebagaimana dimaksud pada huruf a, maka dalam waktu selambat- lambatnya 3 (tiga) hari kerja sejak anjuran tertulis disetujui, mediator harus sudah selesai membantu para pihak  membuat Perjanjian Bersama untuk kemudian didaftar di Pengadilan Hubungan Industrial pada Pengadilan Negeri di  wilayah hukum pihak-pihak mengadakan Perjanjian Bersama untuk mendapatkan akta bukti pendaftaran.  (3) Pendaftaran Perjanjian Bersama di Pengadilan Hubungan Industrial pada Pengadilan Negeri sebagaimana dimaksud  dalam ayat (1) dan ayat (2) huruf e dilakukan sebagai berikut:  a. Perjanjian Bersama yang telah didaftar diberikan akta bukti pendaftaran dan merupakan bagian yang tidak terpisahkan  dari Perjanjian Bersama;  b. apabila Perjanjian Bersama sebagaimana dimaksud dalam ayat (1) dan ayat (2) huruf e tidak dilaksanakan oleh salah  satu pihak, maka pihak yang dirugikan dapat mengajukan permohonan eksekusi kepada Pengadilan Hubungan  Industrial pada Pengadilan Negeri di wilayah Perjanjian Bersama didaftar untuk mendapat penetapan eksekusi;   c. dalam hal pemohon eksekusi berdomisili di luar wilayah hukum Pengadilan Hubungan Industrial pada Pengadilan  Negeri tempat pendaftaran Perjanjian Bersama, maka pemohon eksekusi dapat mengajukan permohonan eksekusi  ke Pengadilan Hubungan Industrial pada Pengadilan Negeri yang berkompeten melaksanakan eksekusi."
UU_No_2_Tahun_2004_cleaned.txt,BAB II: TATA CARA,PASAL 14,"(1) Dalam hal anjuran tertulis sebagaimana dimaksud dalam Pasal 13 ayat (2) huruf a ditolak oleh salah satu pihak atau para  pihak, maka para pihak atau salah satu pihak dapat melanjutkan penyelesaian perselisihan ke Pengadilan Hubungan  Industrial pada Pengadilan Negeri setempat.  (2) Penyelesaian perselisihan sebagaimana dimaksud dalam ayat (1) dilaksanakan dengan pengajuan gugatan oleh salah  satu pihak di Pengadilan Hubungan Industrial pada Pengadilan Negeri setempat."
UU_No_2_Tahun_2004_cleaned.txt,BAB II: TATA CARA,PASAL 15,Mediator menyelesaikan tugasnya dalam waktu selambat- lambatnya 30 (tiga puluh) hari kerja terhitung sejak menerima  pelimpahan penyelesaian perselisihan sebagaimana dimaksud dalam Pasal 4 ayat (4).
UU_No_2_Tahun_2004_cleaned.txt,BAB II: TATA CARA,PASAL 16,Ketentuan mengenai tata cara pengangkatan dan pemberhentian mediator serta tata kerja mediasi diatur dengan Keputusan  Menteri.    Bagian Ketiga  Penyelesaian Melalui Konsiliasi
UU_No_2_Tahun_2004_cleaned.txt,BAB II: TATA CARA,PASAL 17,Penyelesaian perselisihan melalui konsiliasi dilakukan oleh konsiliator yang terdaftar pada kantor instansi yang bertanggung  jawab di bidang ketenaga-kerjaan Kabupaten/Kota.
UU_No_2_Tahun_2004_cleaned.txt,BAB II: TATA CARA,PASAL 18,"(1) Penyelesaian perselisihan kepentingan, perselisihan pemutusan hubungan kerja atau perselisihan antar serikat  pekerja/serikat buruh hanya dalam satu perusahaan melalui konsiliasi dilakukan oleh konsiliator yang wilayah kerjanya  meliputi tempat pekerja/buruh bekerja.  (2) Penyelesaian oleh konsiliator sebagaimana dimaksud dalam ayat (1), dilaksanakan setelah para pihak mengajukan  permintaan penyelesaian secara tertulis kepada konsiliator yang ditunjuk dan disepakati oleh para pihak.  (3) Para pihak dapat mengetahui nama konsiliator yang akan dipilih dan disepakati dari daftar nama konsiliator yang dipasang  dan diumumkan pada kantor instansi Pemerintah yang bertanggung jawab di bidang ketenagakerjaan setempat."
UU_No_2_Tahun_2004_cleaned.txt,BAB II: TATA CARA,PASAL 19,"(1) Konsiliator sebagaimana dimaksud dalam Pasal 17, harus memenuhi syarat:   a. beriman dan bertaqwa kepada Tuhan Yang Maha Esa;  b. warga negara Indonesia;  c. berumur sekurang-kurangnya 45 tahun;  d. pendidikan minimal lulusan Strata Satu (S-1);  e. berbadan sehat menurut surat keterangan dokter;  f. berwibawa, jujur, adil, dan berkelakuan tidak tercela;  g. memiliki pengalaman di bidang hubungan industrial sekurang-kurangnya 5 (lima) tahun;  h. menguasai peraturan perundang-undangan di bidang ketenagakerjaan; dan  i. syarat lain yang ditetapkan oleh Menteri.  (2) Konsiliator yang telah terdaftar sebagaimana dimaksud dalam ayat (1) diberi legitimasi oleh Menteri atau Pejabat yang  berwenang di bidang ketenagakerjaan."
UU_No_2_Tahun_2004_cleaned.txt,BAB II: TATA CARA,PASAL 20,"Dalam waktu selambat- lambatnya 7 (tujuh) hari kerja setelah menerima permintaan penyelesaian perselisihan secara tertulis,  konsiliator harus sudah mengadakan penelitian tentang duduknya perkara dan selambat-  lambatnya pada hari kerja  kedelapan harus sudah dilakukan sidang konsiliasi pertama."
UU_No_2_Tahun_2004_cleaned.txt,BAB II: TATA CARA,PASAL 21,(1) Konsiliator dapat memanggil saksi atau saksi ahli untuk hadir dalam sidang konsiliasi guna diminta dan didengar  keterangannya.  (2) Saksi atau saksi ahli yang memenuhi panggilan berhak menerima penggantian biaya perjalanan dan akomodasi yang  besarnya ditetapkan dengan Keputusan Menteri.
UU_No_2_Tahun_2004_cleaned.txt,BAB II: TATA CARA,PASAL 22,"(1) Barang siapa yang diminta keterangannya oleh konsiliator guna penyelesaian perselisihan hubungan industrial  berdasarkan undang-undang ini, wajib memberikan keterangan termasuk membukakan buku dan memperlihatkan surat- surat yang diperlukan.  (2) Dalam hal keterangan yang diperlukan oleh konsiliator terkait dengan seseorang yang karena jabatannya harus menjaga  kerahasiaan, maka harus ditempuh prosedur sebagaimana diatur dalam peraturan perundang-undangan yang berlaku.  (3) Konsiliator wajib merahasiakan semua keterangan yang diminta sebagaimana dimaksud dalam ayat (1).       (1) Dalam hal tercapai kesepakatan penyelesaian perselisihan hubungan industrial melalui konsiliasi, maka dibuat Perjanjian  Bersama yang ditandatangani oleh para pihak dan disaksikan oleh konsiliator dan didaftar di Pengadilan Hubungan  Industrial pada Pengadilan Negeri di wilayah hukum pihak- pihak mengadakan Perjanjian Bersama untuk mendapatkan  akta bukti pendaftaran.  (2) Dalam hal tidak tercapai kesepakatan penyelesaian perselisihan hubungan industrial melalui konsiliasi, maka :   a. konsiliator mengeluarkan anjuran tertulis;  b. anjuran tertulis sebagaimana dimaksud pada huruf a dalam waktu selambat- lambatnya 10 (sepuluh) hari kerja sejak  sidang konsiliasi pertama harus sudah disampaikan kepada para pihak;  c. para pihak harus sudah memberikan jawaban secara tertulis kepada konsiliator yang isinya menyetujui atau menolak  anjuran tertulis dalam waktu selambat-lambatnya 10 (sepuluh) hari kerja setelah menerima anjuran tertulis;  d. pihak yang tidak memberikan pendapatnya sebagaimana dimaksud pada huruf c dianggap menolak anjuran tertulis;   e. dalam hal para pihak menyetujui anjuran tertulis sebagaimana dimaksud pada huruf a, maka dalam waktu selambat- lambatnya 3 (tiga) hari kerja sejak anjuran tertulis disetujui, konsiliator harus sudah selesai membantu para pihak  membuat Perjanjian Bersama untuk kemudian didaftar di Pengadilan Hubungan Industrial pada Pengadilan Negeri di  wilayah pihak-pihak mengadakan Perjanjian Bersama untuk mendapatkan akta bukti pendaftaran.  (3) Pendaftaran Perjanjian Bersama di Pengadilan Hubungan Industrial pada Pengadilan Negeri sebagaimana dimaksud  dalam ayat (1) dan ayat (2) huruf e dilakukan sebagai berikut:  a. Perjanjian Bersama yang telah didaftar diberikan akta bukti pendaftaran dan merupakan bagian yang tidak terpisahkan  dari Perjanjian Bersama;  b. apabila Perjanjian Bersama sebagaimana dimaksud dalam ayat (2) huruf e tidak dilaksanakan oleh salah satu pihak,  maka pihak yang dirugikan dapat mengajukan permohonan eksekusi di Pengadilan Hubungan Industrial pada  Pengadilan Negeri di wilayah Perjanjian Bersama di daftar untuk mendapat penetapan eksekusi;  c. dalam hal pemohon eksekusi berdomisili di luar wilayah hukum Pengadilan Hubungan Industrial pada Pengadilan  Negeri tempat pendaftaran Perjanjian Bersama, maka pemohon eksekusi dapat mengajukan permohonan eksekusi  melalui Pengadilan Hubungan Industrial pada  d. Pengadilan Negeri di wilayah domisili pemohon eksekusi untuk diteruskan ke Pengadilan Hubungan Industrial pada  Pengadilan Negeri yang berkompeten melaksanakan eksekusi."
UU_No_2_Tahun_2004_cleaned.txt,BAB II: TATA CARA,PASAL 24,"(1) Dalam hal anjuran tertulis sebagaimana dimaksud dalam Pasal 23 ayat (2) huruf a ditolak oleh salah satu pihak atau para  pihak, maka salah satu pihak atau para pihak dapat melanjutkan penyelesaian perselisihan ke Pengadilan Hubungan  Industrial pada Pengadilan Negeri setempat.  (2) Penyelesaian perselisihan sebagaimana dimaksud dalam ayat (1) dilaksa -nakan dengan pengajuan gugatan oleh salah  satu pihak."
UU_No_2_Tahun_2004_cleaned.txt,BAB II: TATA CARA,PASAL 25,Konsiliator menyelesaikan tugasnya dalam waktu selambat- lambatnya 30 (tiga puluh) hari kerja terhitung sejak menerima  permintaan penyelesaian perselisihan.
UU_No_2_Tahun_2004_cleaned.txt,BAB II: TATA CARA,PASAL 26,(1) Konsiliator berhak mendapat honorarium/imbalan jasa berdasarkan penyelesaian perselisihan yang dibebankan kepada  negara.  (2) Besarnya honorarium/imbalan jasa sebagaimana dimak -sud dalam ayat (1) ditetapkan oleh Menteri.
UU_No_2_Tahun_2004_cleaned.txt,BAB II: TATA CARA,PASAL 27,(3) Kinerja konsiliator dalam satu periode tertentu dipantau dan dinilai oleh Menteri atau Pejabat yang berwenang di bidang  ketenagakerjaan.
UU_No_2_Tahun_2004_cleaned.txt,BAB II: TATA CARA,PASAL 28,"Tata cara pendaftaran calon, pengangkatan, dan pencabutan legitimasi konsiliator serta tata kerja konsiliasi diatur dengan  Keputusan Menteri.    Bagian Keempat  Penyelesaian Melalui Arbitrase"
UU_No_2_Tahun_2004_cleaned.txt,BAB II: TATA CARA,PASAL 29,Penyelesaian perselisihan hubungan industrial melalui arbitrase meliputi perselisihan kepentingan dan perselisihan antar  serikat pekerja/serikat buruh hanya dalam satu perusahaan.
UU_No_2_Tahun_2004_cleaned.txt,BAB II: TATA CARA,PASAL 30,(1) Arbiter yang berwenang menyelesaikan perselisihan hubungan industrial harus arbiter yang telah ditetapkan oleh Menteri.   (2) Wilayah kerja arbiter meliputi seluruh wilayah negara Republik Indonesia.
UU_No_2_Tahun_2004_cleaned.txt,BAB II: TATA CARA,PASAL 31,(1) Untuk dapat ditetapkan sebagai arbiter sebagaimana dimaksud dalam Pasal 30 ayat (1) harus memenuhi syarat:   a. beriman dan bertaqwa kepada Tuhan Yang Maha Esa;  b. cakap melakukan tindakan hukum;  d. pendidikan sekurang-kurangnya Strata Satu (S1);  e. berumur sekurang-kurangnya 45 (empat puluh lima) tahun;  f. berbadan sehat sesuai dengan surat keterangan dokter;  g. menguasai peraturan perundang- undangan di bidang ketenagakerjaan yang dibuktikan dengan sertifikat atau bukti  kelulusan telah mengikuti ujian arbitrase; dan  h. memiliki pengalaman di bidang hubungan industrial sekurang-kurangnya 5 (lima) tahun.   (2) Ketentuan mengenai pengujian dan tata cara pendaftaran arbiter diatur dengan Keputusan Menteri.
UU_No_2_Tahun_2004_cleaned.txt,BAB II: TATA CARA,PASAL 32,"(1) Penyelesaian perselisihan hubungan industrial melalui arbiter dilakukan atas dasar kesepakatan para pihak yang  berselisih.  (2) Kesepakatan para pihak yang berselisih sebagaimana dimaksud dalam ayat (1) dinyatakan secara tertulis dalam surat  perjanjian arbitrase, dibuat rangkap 3 (tiga) dan masing- masing pihak mendapatkan 1 (satu) yang mempunyai kekuatan  hukum yang sama.  (3) Surat perjanjian arbitrase sebagaimana dimaksud dalam ayat (2), sekurang -kurangnya memuat:  a. nama lengkap dan alamat atau tempat kedudukan para pihak yang berselisih;  b. pokok- pokok persoalan yang menjadi perselisihan dan yang diserahkan kepada arbitrase untuk diselesaikan dan  diambil putusan;  c. jumlah arbiter yang disepakati;  d. pernyataan para pihak yang berselisih untuk tunduk dan menjalankan keputusan arbitrase; dan  e. tempat, tanggal pembuatan surat perjanjian, dan tanda tangan para pihak yang berselisih."
UU_No_2_Tahun_2004_cleaned.txt,BAB II: TATA CARA,PASAL 33,"(1) Dalam hal para pihak telah menandatangani surat perjanjian arbitrase sebagaimana dimaksud dalam Pasal 32 ayat (3)  para pihak berhak memilih arbiter dari daftar arbiter yang ditetapkan oleh Menteri.  (2) Para pihak yang berselisih dapat menunjuk arbiter tunggal atau beberapa arbiter (majelis) dalam jumlah gasal sebanyak - banyaknya 3 (tiga) orang.  (3) Dalam hal para pihak sepakat untuk menunjuk arbiter tunggal, maka para pihak harus sudah mencapai kesepakatan dalam  waktu selambat-lambatnya 7 (tujuh) hari kerja tentang nama arbiter dimaksud.  (4) Dalam hal para pihak sepakat untuk menunjuk beberapa arbiter (majelis) dalam jumlah gasal, masing - masing pihak  berhak memilih seorang arbiter dalam waktu selambat- lambatnya 3 (tiga) hari kerja, sedangkan arbiter ketiga ditentukan  oleh para arbiter yang ditunjuk dalam waktu selambat- lambatnya 7 (tujuh) hari kerja untuk diangkat sebagai Ketua Majelis  Arbitrase.  (5) Penunjukan arbiter sebagaimana dimaksud dalam ayat (3) dan ayat (4) dilakukan secara tertulis.   (6) Dalam hal para pihak tidak sepakat untuk menunjuk arbiter baik tunggal maupun beberapa arbiter (majelis) dalam jumlah  gasal sebagaimana dimaksud dalam ayat (2), maka atas permohonan salah satu pihak Ketua Pengadilan dapat  mengangkat arbiter dari daftar arbiter yang ditetapkan oleh Menteri.  (7) Seorang arbiter yang diminta oleh para pihak, wajib memberitahukan kepada para pihak tentang hal yang mungkin akan  mempengaruhi kebebasannya atau menimbulkan keberpihakan putusan yang akan diberikan.  (8) Seseorang yang menerima penunjukan sebagai arbiter sebagaimana dimaksud dalam ayat (6) harus memberitahukan  kepada para pihak mengenai penerimaan penunjukannya secara tertulis."
UU_No_2_Tahun_2004_cleaned.txt,BAB II: TATA CARA,PASAL 34,"(1) Arbiter yang bersedia untuk ditunjuk sebagaimana dimaksud dalam Pasal 33 ayat (8) membuat perjanjian penunjukan  arbiter dengan para pihak yang berselisih.  (2) Perjanjian penunjukan arbiter sebagaimana dimaksud dalam ayat (1) sekurang -kurangnya memuat hal- hal sebagai  berikut :  a. nama lengkap dan alamat atau tempat kedudukan para pihak yang berselisih dan arbiter;  b. pokok- pokok persoalan yang menjadi perselisihan dan yang diserahkan kepada arbiter untuk diselesaikan dan diambil  keputusan;  c. biaya arbitrase dan honorarium arbiter;  d. pernyataan para pihak yang berselisih untuk tunduk dan menjalankan keputusan arbitrase;  e. tempat, tanggal pembuatan surat perjanjian, dan tanda tangan para pihak yang berselisih dan arbiter;   f. pernyataan arbiter atau para arbiter untuk tidak melampaui kewenangannya dalam penyelesaian perkara yang  ditanganinya; dan  g. tidak mempunyai hubungan keluarga sedarah atau semenda sampai dengan derajat kedua dengan salah satu pihak  yang berselisih.  (3) Perjanjian arbiter sebagaimana dimaksud dalam ayat (2) sekurang -kurangnya dibuat rangkap 3 (tiga), masing- masing  pihak dan arbiter mendapatkan 1 (satu) yang mempunyai kekuatan hukum yang sama.  (4) Dalam hal arbitrase dilakukan oleh beberapa arbiter, maka asli dari perjanjian tersebut diberikan kepada Ketua Majelis  Arbiter."
UU_No_2_Tahun_2004_cleaned.txt,BAB II: TATA CARA,PASAL 35,"(1) Dalam hal arbiter telah menerima penunjukan dan menandatangani surat perjanjian sebagaimana dimaksud dalam Pasal  34 ayat (1), maka yang bersangkutan tidak dapat menarik diri, kecuali atas persetujuan para pihak.   (2) Arbiter yang akan menarik diri sebagaimana dimaksud dalam ayat (1), harus mengajukan permohonan secara tertulis  kepada para pihak.  bersangkutan dapat dibebaskan dari tugas sebagai arbiter dalam penyelesaian kasus tersebut.  (4) Dalam hal permohonan penarikan diri tidak mendapat persetujuan para pihak, arbiter harus mengajukan permohonan pada  Pengadilan Hubungan Industrial untuk dibebaskan dari tugas sebagai arbiter dengan mengajukan alasan yang dapat  diterima."
UU_No_2_Tahun_2004_cleaned.txt,BAB II: TATA CARA,PASAL 36,"(1) Dalam hal arbiter tunggal mengundurkan diri atau meninggal dunia, maka para pihak harus menunjuk arbiter pengganti  yang disepakati oleh kedua belah pihak.  (2) Dalam hal arbiter yang dipilih oleh para pihak mengundurkan diri, atau meninggal dunia, maka penunjukan arbiter  pengganti diserahkan kepada pihak yang memilih arbiter.  (3) Dalam hal arbiter ketiga yang dipilih oleh para arbiter mengundurkan diri atau meninggal dunia, maka para arbiter harus  menunjuk arbiter pengganti berdasarkan kesepakatan para arbiter.  (4) Para pihak atau para arbiter sebagaimana dimaksud dalam ayat (1), ayat (2), dan ayat (3) harus sudah mencapai  kesepakatan menunjuk arbiter pengganti dalam waktu selambat-lambatnya 7 (tujuh) hari kerja.  (5) Apabila para pihak atau para arbiter sebagaimana dimaksud dalam ayat (4) tidak mencapai kesepakatan, maka para pihak  atau salah satu pihak atau salah satu arbiter atau para arbiter dapat meminta kepada Pengadilan Hubungan Industrial  untuk menetapkan arbiter pengganti dan Pengadilan harus menetapkan arbiter pengganti dalam waktu selambat- lambatnya 7 (tujuh) hari kerja sejak tanggal diterimanya permintaan penggantian arbiter."
UU_No_2_Tahun_2004_cleaned.txt,BAB II: TATA CARA,PASAL 37,Arbiter pengganti sebagaimana dimaksud dalam Pasal 36 harus membuat pernyataan kesediaan menerima hasil- hasil yang  telah dicapai dan melanjutkan penyelesaian perkara.
UU_No_2_Tahun_2004_cleaned.txt,BAB II: TATA CARA,PASAL 38,(1) Arbiter yang telah ditunjuk oleh para pihak berdasarkan perjanjian arbitrase dapat diajukan tuntutan ingkar kepada  Pengadilan Negeri apabila cukup alasan dan cukup bukti otentik yang menimbulkan keraguan bahwa arbiter akan  melakukan tugasnya tidak secara bebas dan akan berpihak dalam mengambil putusan.  (2) Tuntutan ingkar terhadap seorang arbiter dapat pula diajukan apabila terbukti adanya hubungan kekeluargaan atau  pekerjaan dengan salah satu pihak atau kuasanya.  (3) Putusan Pengadilan Negeri mengenai tuntutan ingkar tidak dapat diajukan perlawanan.
UU_No_2_Tahun_2004_cleaned.txt,BAB II: TATA CARA,PASAL 39,(1) Hak ingkar terhadap arbiter yang diangkat oleh Ketua Pengadilan ditujukan kepada Ketua Pengadilan yang bersangkutan.   (2) Hak ingkar terhadap arbiter tunggal yang disepakati diajukan kepada arbiter yang bersangkutan.   (3) Hak ingkar terhadap anggota majelis arbiter yang disepakati diajukan kepada majelis arbiter yang bersangkutan.
UU_No_2_Tahun_2004_cleaned.txt,BAB II: TATA CARA,PASAL 40,"(1) Arbiter wajib menyelesaikan perselisihan hubungan industrial dalam waktu selambat -lambatnya 30 (tiga puluh) hari kerja  sejak penanda-tanganan surat perjanjian penunjukan arbiter.  (2) Pemeriksaan atas perselisihan harus dimulai dalam waktu selambat -lambatnya 3 (tiga) hari kerja setelah  penandatanganan surat perjanjian penunjukan arbiter.  (3) Atas kesepakatan para pihak, arbiter berwenang untuk memperpanjang jangka waktu penyelesaian perselisihan hubungan  industrial 1 (satu) kali perpanjangan selambat-lambatnya 14 (empat belas) hari kerja."
UU_No_2_Tahun_2004_cleaned.txt,BAB II: TATA CARA,PASAL 41,Pemeriksaan perselisihan hubungan industrial oleh arbiter atau majelis arbiter dilakukan secara tertutup kecuali para pihak  yang berselisih menghendaki lain.
UU_No_2_Tahun_2004_cleaned.txt,BAB II: TATA CARA,PASAL 42,"Dalam sidang arbitrase, para pihak yang berselisih dapat diwakili oleh kuasanya dengan surat kuasa khusus."
UU_No_2_Tahun_2004_cleaned.txt,BAB II: TATA CARA,PASAL 43,"(1) Apabila pada hari sidang para pihak yang berselisih atau kuasanya tanpa suatu alasan yang sah tidak hadir, walaupun  telah dipanggil secara patut, maka arbiter atau majelis arbiter dapat membatalkan perjanjian penunjukan arbiter dan tugas  arbiter atau majelis arbiter dianggap selesai.  (2) Apabila pada hari sidang pertama dan sidang -sidang selanjutnya salah satu pihak atau kuasanya tanpa suatu alasan yang  sah tidak hadir walaupun untuk itu telah dipanggil secara patut, arbiter atau majelis arbiter dapat memeriksa perkara dan  menjatuhkan putusannya tanpa kehadiran salah satu pihak atau kuasanya.  (3) Dalam hal terdapat biaya yang dikeluarkan berkaitan dengan perjanjian penunjukan arbiter sebelum perjanjian tersebut  dibatalkan oleh arbiter atau majelis arbiter sebagaimana dimaksud dalam ayat (1), biaya tersebut tidak dapat diminta  kembali oleh para pihak."
UU_No_2_Tahun_2004_cleaned.txt,BAB II: TATA CARA,PASAL 44,"(4) Penyelesaian perselisihan hubungan industrial oleh arbiter harus diawali dengan upaya mendamaikan kedua belah pihak  yang berselisih.  (5) Apabila perdamaian sebagaimana dimaksud dalam ayat (1) tercapai, maka arbiter atau majelis arbiter wajib membuat Akta  Perdamaian yang ditandatangani oleh para pihak yang berselisih dan arbiter atau majelis arbiter.   Negeri di wilayah arbiter mengadakan perdamaian.  (7) Pendaftaran Akta Perdamaian sebagaimana dimaksud dalam ayat (3) dilakukan sebagai berikut:   a. Akta Perdamaian yang telah didaftar diberikan akta bukti pendaftaran dan merupakan bagian yang tidak terpisahkan  dari Akta Perdamaian;  b. apabila Akta Perdamaian tidak dilaksanakan oleh salah satu pihak, maka pihak yang dirugikan dapat mengajukan  permohonan eksekusi kepada Pengadilan Hubungan Industrial pada Pengadilan Negeri di wilayah Akta Perdamaian  didaftar untuk mendapat penetapan eksekusi;  c. dalam hal pemohon eksekusi berdomisili di luar wilayah hukum Pengadilan Hubungan Industrial pada Pengadilan  Negeri tempat pendaftaran Akta Perdamaian, maka pemohon eksekusi dapat mengajukan permohonan eksekusi  melalui Pengadilan Hubungan Industrial pada Pengadilan Negeri di wilayah domisili pemohon eksekusi untuk  diteruskan ke Pengadilan Hubungan Industrial pada Pengadilan Negeri yang berkompeten melaksanakan eksekusi.  (8) Apabila upaya perdamaian sebagaimana dimaksud dalam ayat (1) gagal, arbiter atau majelis arbiter meneruskan sidang  arbitrase."
UU_No_2_Tahun_2004_cleaned.txt,BAB II: TATA CARA,PASAL 45,"(1) Dalam persidangan arbitrase para pihak diberi kesempatan untuk menjelaskan secara tertulis maupun lisan pendirian  masing- masing serta mengajukan bukti yang dianggap perlu untuk menguatkan pendiriannya dalam jangka waktu yang  ditetapkan oleh arbiter atau majelis arbiter.  (2) Arbiter atau majelis arbiter berhak meminta kepada para pihak untuk mengajukan penjelasan tambahan secara tertulis,  dokumen atau bukti lainnya yang dianggap perlu dalam jangka waktu yang ditentukan oleh arbiter atau majelis arbiter."
UU_No_2_Tahun_2004_cleaned.txt,BAB II: TATA CARA,PASAL 46,(1) Arbiter atau majelis arbiter dapat memanggil seorang saksi atau lebih atau seorang saksi ahli atau lebih untuk didengar  keterangannya.  (2) Sebelum memberikan keterangan para saksi atau saksi ahli wajib mengucapkan sumpah atau janji sesuai dengan agama  dan kepercayaan masing-masing.  (3) Biaya pemanggilan dan perjalanan rohaniawan untuk melaksanakan pengambilan sumpah atau janji terhadap saksi atau  saksi ahli dibebankan kepada pihak yang meminta.  (4) Biaya pemanggilan dan perjalanan saksi atau saksi ahli dibebankan kepada pihak yang meminta.   (5) Biaya pemanggilan dan perjalanan saksi atau saksi ahli yang diminta oleh arbiter dibebankan kepada para pihak.
UU_No_2_Tahun_2004_cleaned.txt,BAB II: TATA CARA,PASAL 47,"(1) Barang siapa yang diminta keterangannya oleh arbiter atau majelis arbiter guna penyelidikan untuk penyelesaian  perselisihan hubungan industrial berdasarkan undang-undang ini wajib memberikannya, termasuk mem- bukakan buku dan  memperlihatkan surat-surat yang diperlukan.  (2) Dalam hal keterangan yang diperlukan oleh arbiter terkait dengan seseorang yang karena jabatannya harus menjaga  kerahasiaan, maka harus ditempuh prosedur sebagaimana diatur dalam peraturan perundang-undangan yang berlaku.  (3) Arbiter wajib merahasiakan semua keterangan yang diminta sebagaimana dimaksud dalam ayat (1)."
UU_No_2_Tahun_2004_cleaned.txt,BAB II: TATA CARA,PASAL 48,Terhadap kegiatan dalam pemeriksaan dan sidang arbitrase dibuat berita acara pemeriksaan oleh arbiter atau majelis arbiter.
UU_No_2_Tahun_2004_cleaned.txt,BAB II: TATA CARA,PASAL 49,"Putusan sidang arbitrase ditetapkan berdasarkan peraturan perundang- undangan yang berlaku, perjanjian, kebiasaan,  keadilan dan kepentingan umum."
UU_No_2_Tahun_2004_cleaned.txt,BAB II: TATA CARA,PASAL 50,"(1) Putusan arbitrase memuat:   a. kepala putusan yang berbunyi ""DEMI KEADILAN BERDASARKAN KETUHANAN YANG MAHA ESA"";  b. nama lengkap dan alamat arbiter atau majelis arbiter;  c. nama lengkap dan alamat para pihak;  d. hal-hal yang termuat dalam surat perjanjian yang diajukan oleh para pihak yang berselisih;  e. ikhtisar dari tuntutan, jawaban, dan penjelasan lebih lanjut para pihak yang berselisih;  f. pertimbangan yang menjadi dasar putusan;  g. pokok putusan;  h. tempat dan tanggal putusan;  i. mulai berlakunya putusan; dan  j. tanda tangan arbiter atau majelis arbiter.  (2) Tidak ditandatanganinya putusan arbiter oleh salah seorang arbiter dengan alasan sakit atau meninggal dunia tidak  mempengaruhi kekuatan berlakunya putusan.  (3) Alasan tentang tidak adanya tanda tangan sebagaimana dimaksud dalam ayat (2) harus dicantumkan dalam putusan.   (4) Dalam putusan, ditetapkan selambat -lambatnya 14 (empat belas) hari kerja harus sudah dilaksanakan."
UU_No_2_Tahun_2004_cleaned.txt,BAB II: TATA CARA,PASAL 51,"(1) Putusan arbitrase mempunyai kekuatan hukum yang mengikat para pihak yang berselisih dan merupakan putusan yang  bersifat akhir dan tetap.    Negeri di wilayah arbiter menetapkan putusan.  (3) Dalam hal putusan arbitrase sebagaimana dimaksud dalam ayat (1) tidak dilaksanakan oleh salah satu pihak, maka pihak  yang dirugikan dapat mengajukan permohonan fiat eksekusi di Pengadilan Hubungan Industrial pada Pengadilan Negeri  yang daerah hukumnya meliputi tempat kedudukan pihak terhadap siapa putusan itu harus dijalankan, agar putusan  diperintahkan untuk dijalankan.   (4) Perintah sebagaimana dimaksud dalam ayat (3) harus diberikan dalam waktu selambat -lambatnya 30 (tiga puluh) hari  kerja setelah permohonan didaftarkan pada Panitera Pengadilan Negeri setempat dengan tidak memeriksa alasan atau  pertimbangan dari putusan arbitrase."
UU_No_2_Tahun_2004_cleaned.txt,BAB II: TATA CARA,PASAL 52,"(1) Terhadap putusan arbitrase, salah satu pihak dapat mengajukan permohonan pembatalan kepada Mahkamah Agung  dalam waktu selambat- lambatnya 30 (tiga puluh) hari kerja sejak ditetapkannya putusan arbiter, apabila putusan diduga  mengandung unsur-unsur sebagai berikut:  a. surat atau dokumen yang diajukan dalam pemeriksaan, setelah putusan dijatuhkan, diakui atau dinyatakan palsu;  b. setelah putusan diambil ditemukan dokumen yang bersifat menentukan, yang disembunyikan oleh pihak lawan;   c. putusan diambil dari tipu muslihat yang dilakukan oleh salah satu pihak dalam pemeriksaan perselisihan;   d. putusan melampaui kekuasaan arbiter hubungan industrial; atau  e. putusan bertentangan dengan peraturan perundang-undangan.  (2) Dalam hal permohonan sebagaimana dimaksud dalam ayat (1) dikabulkan, Mahkamah Agung menetapkan akibat dari  pembatalan baik seluruhnya atau sebagian putusan arbitrase.  (3) Mahkamah Agung memutuskan permohonan pembatalan sebagaimana dimaksud dalam ayat (1) dalam waktu selambat - lambatnya 30 (tiga puluh) hari kerja terhitung sejak menerima permohonan pembatalan."
UU_No_2_Tahun_2004_cleaned.txt,BAB II: TATA CARA,PASAL 53,Perselisihan hubungan industrial yang sedang atau telah diselesaikan melalui arbitrase tidak dapat diajukan ke Pengadilan  Hubungan Industrial.
UU_No_2_Tahun_2004_cleaned.txt,BAB II: TATA CARA,PASAL 54,"Arbiter atau majelis arbiter tidak dapat dikenakan tanggung jawab hukum apapun atas segala tindakan yang diambil selama  proses persidangan ber- langsung untuk menjalankan fungsinya sebagai arbiter atau majelis arbiter, kecuali dapat dibuktikan  adanya itikad tidak baik dari tindakan tersebut.    BAB III : PENGADILAN HUBUNGAN INDUSTRIAL   Bagian Kesatu  Umum"
UU_No_2_Tahun_2004_cleaned.txt,BAB III: PENGADILAN HUBUNGAN INDUSTRIAL,PASAL 55,Pengadilan Hubungan Industrial merupakan pengadilan khusus yang berada pada lingkungan peradilan umum.
UU_No_2_Tahun_2004_cleaned.txt,BAB III: PENGADILAN HUBUNGAN INDUSTRIAL,PASAL 56,Pengadilan Hubungan Industrial bertugas dan berwenang memeriksa dan memutus:  a. di tingkat pertama mengenai perselisihan hak;   b. di tingkat pertama dan terakhir mengenai perselisihan kepentingan;   c. di tingkat pertama mengenai perselisihan pemutusan hubungan kerja;   d. di tingkat pertama dan terakhir mengenai perselisihan antar serikat pekerja/serikat buruh dalam satu perusahaan.
UU_No_2_Tahun_2004_cleaned.txt,BAB III: PENGADILAN HUBUNGAN INDUSTRIAL,PASAL 57,"Hukum acara yang berlaku pada Pengadilan Hubungan Industrial adalah Hukum Acara Perdata yang berlaku pada  Pengadilan dalam lingkungan Peradilan Umum, kecuali yang diatur secara khusus dalam undang-undang ini."
UU_No_2_Tahun_2004_cleaned.txt,BAB III: PENGADILAN HUBUNGAN INDUSTRIAL,PASAL 58,"Dalam proses beracara di Pengadilan Hubungan Industrial, pihak- pihak yang berperkara tidak dikenakan biaya termasuk  biaya eksekusi yang nilai gugatannya di bawah Rp 150.000.000,00 (seratus lima puluh juta rupiah)."
UU_No_2_Tahun_2004_cleaned.txt,BAB III: PENGADILAN HUBUNGAN INDUSTRIAL,PASAL 59,"(1) Untuk pertama kali dengan undang -undang ini dibentuk Pengadilan Hubungan Industrial pada setiap Pengadilan Negeri  Kabupaten/Kota yang berada di setiap Ibukota Propinsi yang daerah hukumnya meliputi propinsi yang bersangkutan.  (2) Di Kabupaten/Kota terutama yang padat industri, dengan Keputusan Presiden harus segera dibentuk Pengadilan  Hubungan Industrial pada Pengadilan Negeri setempat."
UU_No_2_Tahun_2004_cleaned.txt,BAB III: PENGADILAN HUBUNGAN INDUSTRIAL,PASAL 60,"(1) Susunan Pengadilan Hubungan Industrial pada Pengadilan Negeri terdiri dari:   a. Hakim;  b. Hakim Ad-Hoc;  c. Panitera Muda; dan  d. Panitera Pengganti.  a. Hakim Agung;  b. Hakim Ad-Hoc pada Mahkamah Agung; dan  c. Panitera.    Bagian Kedua  Hakim, Hakim Ad-Hoc, dan Hakim Kasasi"
UU_No_2_Tahun_2004_cleaned.txt,BAB III: PENGADILAN HUBUNGAN INDUSTRIAL,PASAL 61,Hakim Pengadilan Hubungan Industrial pada Pengadilan Negeri diangkat dan diberhentikan berdasarkan Keputusan Ketua  Mahkamah Agung.
UU_No_2_Tahun_2004_cleaned.txt,BAB III: PENGADILAN HUBUNGAN INDUSTRIAL,PASAL 62,Pengangkatan Hakim sebagaimana dimaksud dalam Pasal 61 dilaksanakan sesuai dengan peraturan perundang- undangan  yang berlaku.
UU_No_2_Tahun_2004_cleaned.txt,BAB III: PENGADILAN HUBUNGAN INDUSTRIAL,PASAL 63,(1) Hakim Ad -Hoc Pengadilan Hubungan Industrial diangkat dengan Keputusan Presiden atas usul Ketua Mahkamah Agung.  (2) Calon Hakim Ad -Hoc sebagaimana dimaksud dalam ayat (1) diajukan oleh Ketua Mahkamah Agung dari nama yang  disetujui oleh Menteri atas usul serikat pekerja/serikat buruh atau organisasi pengusaha.  (3) Ketua Mahkamah Agung mengusulkan pemberhentian Hakim Ad -Hoc Hubungan Industrial kepada Presiden.
UU_No_2_Tahun_2004_cleaned.txt,BAB III: PENGADILAN HUBUNGAN INDUSTRIAL,PASAL 64,"Untuk dapat diangkat menjadi Hakim Ad-Hoc pada Pengadilan Hubungan Industrial dan Hakim Ad- Hoc pada Mahkamah  Agung, harus memenuhi syarat sebagai berikut:  a. warga negara Indonesia;   b. bertaqwa kepada Tuhan Yang Maha Esa;   c. setia kepada Pancasila dan Undang -Undang Dasar Negara Republik Indonesia Tahun 1945;  d. berumur paling rendah 30 (tiga puluh) tahun;   e. berbadan sehat sesuai dengan keterangan dokter;   f. berwibawa, jujur, adil, dan berkelakuan tidak tercela;   g. berpendidikan serendah -rendahnya Strata Satu (S-1) kecuali bagi Hakim Ad- Hoc pada Mahkamah Agung syarat pendidikan  Sarjana Hukum; dan  h. berpengalaman di bidang hubungan industrial minimal 5 (lima) tahun."
UU_No_2_Tahun_2004_cleaned.txt,BAB III: PENGADILAN HUBUNGAN INDUSTRIAL,PASAL 65,"(1) Sebelum memangku jabatannya, Hakim Ad -Hoc Pengadilan Hubungan Industrial wajib mengucapkan sumpah atau janji  menurut agama atau kepercayaannya, bunyi sumpah atau janji itu adalah sebagai berikut:     ""Saya bersumpah/berjanji dengan sungguh- sungguh bahwa saya untuk memperoleh jabatan saya ini, langsung atau tidak  langsung, dengan menggunakan nama atau cara apapun juga, tidak memberikan atau menjanjikan barang sesuatu  kepada siapapun juga.  Saya bersumpah/berjanji bahwa saya, untuk melakukan atau tidak melakukan sesuatu dalam jabatan ini, tidak sekali- kali  akan menerima langsung atau tidak langsung dari siapapun juga suatu janji atau pemberian.  Saya bersumpah/berjanji bahwa saya, akan setia kepada dan akan mem- pertahankan serta mengamalkan Pancasila  sebagai pandangan hidup bangsa, dasar negara, dan ideologi nasional, Undang- Undang Dasar Negara Republik  Indonesia Tahun 1945 dan segala undang-undang serta peraturan lain yang berlaku bagi negara Republik Indonesia.  Saya bersumpah/berjanji bahwa saya senantiasa akan menjalankan jabatan saya ini dengan jujur, seksama dan dengan  tidak membedakan orang dan akan melaksanakan kewajiban saya sebaik-baiknya dan seadil-  adilnya berdasarkan  peraturan perundang-undangan yang berlaku.""  (2) Hakim Ad -Hoc Pengadilan Hubungan Industrial pada Pengadilan Negeri diambil sumpah atau janjinya oleh Ketua  Pengadilan Negeri atau pejabat yang ditunjuk."
UU_No_2_Tahun_2004_cleaned.txt,BAB III: PENGADILAN HUBUNGAN INDUSTRIAL,PASAL 66,"(1) Hakim Ad -Hoc tidak boleh merangkap jabatan sebagai:  a. anggota Lembaga Tinggi Negara;  b. kepala daerah/kepala wilayah;  c. lembaga legislatif tingkat daerah;  d. pegawai negeri sipil;  e. anggota TNI/Polri;  f. pengurus partai politik;  g. pengacara;  h. mediator;  i. konsiliator;  j. arbiter; atau  k. pengurus serikat pekerja/serikat buruh atau pengurus organisasi pengusaha.  (2) Dalam hal seorang Hakim Ad -Hoc yang merangkap jabatan sebagaimana dimaksud dalam ayat (1), jabatannya sebagai  Hakim Ad-Hoc dapat dibatalkan.    (1) Hakim Ad -Hoc Pengadilan Hubungan Industrial dan Hakim Ad- Hoc Hubungan Industrial pada Mahkamah Agung  diberhentikan dengan hormat dari jabatannya karena:  a. meninggal dunia;  b. permintaan sendiri;   c. sakit jasmani atau rohani terus menerus selama 12 (dua belas) bulan;  d. telah berumur 62 (enam puluh dua) tahun bagi Hakim Ad- Hoc pada Pengadilan Hubungan Industrial dan telah berumur  67 (enam puluh tujuh) tahun bagi Hakim Ad-Hoc pada Mahkamah Agung;   e. tidak cakap dalam menjalankan tugas;   f. atas permintaan organisasi pengusaha atau organisasi pekerja/ organisasi buruh yang mengusulkan; atau  g. telah selesai masa tugasnya.  (2) Masa tugas Hakim Ad -Hoc untuk jangka waktu 5 (lima) tahun dan dapat diangkat kembali untuk 1 (satu) kali masa jabatan."
UU_No_2_Tahun_2004_cleaned.txt,BAB III: PENGADILAN HUBUNGAN INDUSTRIAL,PASAL 68,(1) Hakim Ad -Hoc Pengadilan Hubungan Industrial diberhentikan tidak dengan hormat dari jabatannya dengan alasan:  a. dipidana karena bersalah melakukan tindak pidana kejahatan;  b. selama 3 (tiga) kali berturut- turut dalam kurun waktu 1 (satu) bulan melalaikan kewajiban dalam menjalankan tugas  pekerjaannya tanpa alasan yang sah; atau  c. melanggar sumpah atau janji jabatan.  (2) Pemberhentian tidak dengan hormat dengan alasan sebagaimana dimaksud dalam ayat (1) dilakukan setelah yang  bersangkutan diberi kesempatan untuk mengajukan pembelaan kepada Mahkamah Agung.
UU_No_2_Tahun_2004_cleaned.txt,BAB III: PENGADILAN HUBUNGAN INDUSTRIAL,PASAL 69,"(1) Hakim Ad -Hoc Pengadilan Hubungan Industrial sebelum diberhentikan tidak dengan hormat sebagaimana dimaksud dalam  Pasal 68 ayat (1), dapat diberhentikan sementara dari jabatannya.  (2) Hakim Ad -Hoc yang diberhentikan sementara sebagai- mana dimaksud dalam ayat (1), berlaku pula ketentuan  sebagaimana dimaksud dalam Pasal 68 ayat (2)."
UU_No_2_Tahun_2004_cleaned.txt,BAB III: PENGADILAN HUBUNGAN INDUSTRIAL,PASAL 70,(1) Pengangkatan Hakim Ad -Hoc Pengadilan Hubungan Industrial dilakukan dengan memperhatikan kebutuhan dan sumber  daya yang tersedia.  (2) Untuk pertama kalinya pengangkatan Hakim Ad -Hoc Pengadilan Hubungan Industrial pada Pengadilan Negeri paling  sedikit 5 (lima) orang dari unsur serikat pekerja/ serikat buruh dan 5 (lima) orang dari unsur organisasi pengusaha.
UU_No_2_Tahun_2004_cleaned.txt,BAB III: PENGADILAN HUBUNGAN INDUSTRIAL,PASAL 71,"(1) Ketua Pengadilan Negeri melakukan pengawasan atas pelaksanaan tugas Hakim, Hakim Ad -Hoc, Panitera Muda, dan  Panitera Pengganti Peng-adilan Hubungan Industrial pada Pengadilan Negeri sesuai dengan kewenangannya.  (2) Ketua Mahkamah Agung melakukan pengawasan atas pelaksanaan tugas Hakim Kasasi, Panitera Muda, dan Panitera  Pengganti Pengadilan Hubungan Industrial pada Mahkamah Agung sesuai dengan kewenangannya. Dalam melakukan  pengawasan sebagaimana dimaksud dalam ayat (1), Ketua Pengadilan Negeri dapat memberikan petunjuk dan teguran  kepada Hakim dan Hakim Ad-Hoc.  (3) Dalam melakukan pengawasan sebagaimana dimaksud dalam ayat (2), Ketua Mahkamah Agung dapat memberikan  petunjuk dan teguran kepada Hakim Kasasi.  (4) Petunjuk dan teguran sebagaimana dimaksud dalam ayat (3) dan ayat (4) tidak boleh mengurangi kebebasan Hakim,  Hakim Ad-Hoc dan Hakim Kasasi Pengadilan Hubungan Industrial dalam memeriksa dan memutus perselisihan."
UU_No_2_Tahun_2004_cleaned.txt,BAB III: PENGADILAN HUBUNGAN INDUSTRIAL,PASAL 72,"Tata cara pengangkatan, pemberhentian dengan hormat, pemberhentian dengan tidak hormat, dan pemberhentian sementara  Hakim Ad-Hoc sebagai-mana dimaksud dalam Pasal 67, Pasal 68, dan Pasal 69 diatur dengan Peraturan Pemerintah."
UU_No_2_Tahun_2004_cleaned.txt,BAB III: PENGADILAN HUBUNGAN INDUSTRIAL,PASAL 73,Tunjangan dan hak-hak lainnya bagi Hakim Ad-Hoc Pengadilan Hubungan Industrial diatur dengan Keputusan Presiden.  Bagian Ketiga  Sub Kepaniteraan dan Panitera Pengganti
UU_No_2_Tahun_2004_cleaned.txt,BAB III: PENGADILAN HUBUNGAN INDUSTRIAL,PASAL 74,"(1) Pada setiap Pengadilan Negeri yang telah ada Pengadilan Hubungan Industrial dibentuk Sub Kepaniteraan Pengadilan  Hubungan Industrial yang dipimpin oleh seorang Panitera Muda.  (2) Dalam melaksanakan tugasnya, Panitera Muda sebagai -mana dimaksud dalam ayat (1) dibantu oleh beberapa orang  Panitera Pengganti."
UU_No_2_Tahun_2004_cleaned.txt,BAB III: PENGADILAN HUBUNGAN INDUSTRIAL,PASAL 75,"(1) Sub Kepaniteraan sebagaimana dimaksud dalam Pasal 74 ayat (1) mempunyai tugas:   a. menyelenggarakan administrasi Pengadilan Hubungan Industrial; dan  b. membuat daftar semua perselisihan yang diterima dalam buku perkara.  (2) Buku perkara sebagaimana dimaksud dalam ayat (1) huruf b, sekurang -kurangnya memuat nomor urut, nama dan alamat  para pihak, dan jenis perselisihan.    Sub Kepaniteraan bertanggung jawab atas penyampaian surat panggilan sidang, penyampaian pemberitahuan putusan dan  penyampaian salinan putusan."
UU_No_2_Tahun_2004_cleaned.txt,BAB III: PENGADILAN HUBUNGAN INDUSTRIAL,PASAL 77,"(1) Untuk pertama kali Panitera Muda dan Panitera Pengganti Pengadilan Hubungan Industrial diangkat dari Pegawai Negeri  Sipil dari instansi Pemerintah yang bertanggung jawab di bidang ketenagakerjaan.  (2) Ketentuan mengenai persyaratan, tata cara pengangkatan, dan pem -berhentian Panitera Muda dan Panitera Pengganti  Pengadilan Hubungan Industrial diatur lebih lanjut menurut peraturan perundang-undangan yang berlaku."
UU_No_2_Tahun_2004_cleaned.txt,BAB III: PENGADILAN HUBUNGAN INDUSTRIAL,PASAL 78,"Susunan organisasi, tugas, dan tata kerja Sub Kepaniteraan Pengadilan Hubungan Industrial diatur dengan Keputusan Ketua  Mahkamah Agung."
UU_No_2_Tahun_2004_cleaned.txt,BAB III: PENGADILAN HUBUNGAN INDUSTRIAL,PASAL 79,"(1) Panitera Pengganti bertugas mencatat jalannya persidangan dalam Berita Acara.   (2) Berita Acara sebagaimana dimaksud dalam ayat (1), ditandatangani oleh Hakim, Hakim Ad -Hoc, dan Panitera Pengganti."
UU_No_2_Tahun_2004_cleaned.txt,BAB III: PENGADILAN HUBUNGAN INDUSTRIAL,PASAL 80,(1) Panitera Muda bertanggung jawab atas buku perkara dan surat -surat lainnya yang disimpan di Sub Kepaniteraan.   (2) Semua buku perkara dan surat -surat sebagaimana dimaksud dalam ayat (1) baik asli maupun foto copy tidak boleh dibawa  keluar ruang kerja Sub Kepaniteraan kecuali atas izin Panitera Muda.    BAB IV : PENYELESAIAN PERSELISIHAN MELALUI PENGADILAN HUBUNGAN INDUSTRIAL    Bagian Kesatu  Penyelesaian Perselisihan Oleh Hakim    Paragraf 1  Pengajuan Gugatan
UU_No_2_Tahun_2004_cleaned.txt,BAB IV: PENYELESAIAN PERSELISIHAN,PASAL 81,Gugatan perselisihan hubungan industrial diajukan kepada Pengadilan Hubungan Industrial pada Pengadilan Negeri yang  daerah hukumnya meliputi tempat pekerja/buruh bekerja.
UU_No_2_Tahun_2004_cleaned.txt,BAB IV: PENYELESAIAN PERSELISIHAN,PASAL 82,"Gugatan oleh pekerja/buruh atas pemutusan hubungan kerja sebagaimana dimaksud dalam Pasal 159 dan Pasal 171  Undang- undang Nomor 13 Tahun 2003 tentang Ketenagakerjan, dapat diajukan hanya dalam tenggang waktu 1 (satu) tahun  sejak diterimanya atau diberitahukannya keputusan dari pihak pengusaha."
UU_No_2_Tahun_2004_cleaned.txt,BAB IV: PENYELESAIAN PERSELISIHAN,PASAL 83,"(1) Pengajuan gugatan yang tidak dilampiri risalah penyelesaian melalui mediasi atau konsiliasi, maka hakim Pengadilan  Hubungan Industrial wajib mengembalikan gugatan kepada pengugat.  (2) Hakim berkewajiban memeriksa isi gugatan dan bila terdapat kekurangan, hakim meminta penggugat untuk  menyempurnakan gugatannya."
UU_No_2_Tahun_2004_cleaned.txt,BAB IV: PENYELESAIAN PERSELISIHAN,PASAL 84,Gugatan yang melibatkan lebih dari satu penggugat dapat diajukan secara kolektif dengan memberikan kuasa khusus.
UU_No_2_Tahun_2004_cleaned.txt,BAB IV: PENYELESAIAN PERSELISIHAN,PASAL 85,"(1) Penggugat dapat sewaktu -waktu mencabut gugatannya sebelum tergugat memberikan jawaban.  (2) Apabila tergugat sudah memberikan jawaban atas gugatan itu, pencabutan gugatan oleh penggugat akan dikabulkan oleh  Pengadilan Hubungan Industrial hanya apabila disetujui tergugat."
UU_No_2_Tahun_2004_cleaned.txt,BAB IV: PENYELESAIAN PERSELISIHAN,PASAL 86,"Dalam hal perselisihan hak dan/atau perselisihan kepentingan diikuti dengan perselisihan pemutusan hubungan kerja, maka  Pengadilan Hubungan Industrial wajib memutus terlebih dahulu perkara perselisihan hak dan/atau perselisihan kepentingan."
UU_No_2_Tahun_2004_cleaned.txt,BAB IV: PENYELESAIAN PERSELISIHAN,PASAL 87,Serikat pekerja/serikat buruh dan organisasi pengusaha dapat bertindak sebagai kuasa hukum untuk beracara di Pengadilan  Hubungan Industrial untuk mewakili anggotanya.
UU_No_2_Tahun_2004_cleaned.txt,BAB IV: PENYELESAIAN PERSELISIHAN,PASAL 88,(1) Ketua Pengadilan Negeri dalam waktu selambat -lambatnya 7 (tujuh) hari kerja setelah menerima gugatan harus sudah  menetapkan Majelis Hakim yang terdiri atas 1 (satu) orang Hakim sebagai Ketua Majelis dan 2 (dua) orang Hakim Ad- Hoc  sebagai Anggota Majelis yang memeriksa dan memutus perselisihan.  diusulkan oleh serikat pekerja/serikat buruh dan seorang Hakim Ad- Hoc yang pengangkatannya diusulkan oleh organisasi  pengusaha sebagaimana dimaksud dalam Pasal 63 ayat (2).  (2) Untuk membantu tugas Majelis Hakim sebagaimana dimaksud dalam ayat (1) ditunjuk seorang Panitera Pengganti.     Paragraf 2  Pemeriksaan Dengan Acara Biasa
UU_No_2_Tahun_2004_cleaned.txt,BAB IV: PENYELESAIAN PERSELISIHAN,PASAL 89,"(1) Dalam waktu selambat -lambatnya 7 (tujuh) hari kerja sejak penetapan Majelis Hakim, maka Ketua Majelis Hakim harus  sudah melakukan sidang pertama.  (2) Pemanggilan untuk datang ke sidang dilakukan secara sah apabila disampaikan dengan surat panggilan kepada para  pihak di alamat tempat tinggalnya atau apabila tempat tinggalnya tidak diketahui disampaikan di tempat kediaman terakhir.   (3) Apabila pihak yang dipanggil tidak ada di tempat tinggalnya atau tempat tinggal kediaman terakhir, surat panggilan  disampaikan melalui Kepala Kelurahan atau Kepala Desa yang daerah hukumnya meliputi tempat tinggal pihak yang  dipanggil atau tempat kediaman yang terakhir.  (4) Penerimaan surat penggilan oleh pihak yang dipanggil sendiri atau melalui orang lain dilakukan dengan tanda penerimaan.   (5) Apabila tempat tinggal maupun tempat kediaman terakhir tidak dikenal, maka surat panggilan ditempelkan pada tempat  pengumuman di gedung Pengadilan Hubungan Industrial yang memeriksanya."
UU_No_2_Tahun_2004_cleaned.txt,BAB IV: PENYELESAIAN PERSELISIHAN,PASAL 90,(1) Majelis Hakim dapat memanggil saksi atau saksi ahli untuk hadir di persidangan guna diminta dan didengar  keterangannya.  (2) Setiap orang yang dipanggil untuk menjadi saksi atau saksi ahli berkewajiban untuk memenuhi panggilan dan memberikan  kesaksiannya di bawah sumpah.
UU_No_2_Tahun_2004_cleaned.txt,BAB IV: PENYELESAIAN PERSELISIHAN,PASAL 91,"(1) Barang siapa yang diminta keterangannya oleh Majelis Hakim guna penyelidikan untuk penyelesaian perselisihan  hubungan industrial berdasarkan undang- undang ini wajib memberikannya tanpa syarat, termasuk membukakan buku dan  memperlihatkan surat-surat yang diperlukan.  (2) Dalam hal keterangan yang diminta Majelis Hakim terkait dengan seseorang yang karena jabatannya harus menjaga  kerahasian, maka harus ditempuh prosedur sebagaimana diatur dalam peraturan perundang- undangan yang berlaku.  (3) Hakim wajib merahasiakan semua keterangan yang diminta sebagaimana dimaksud dalam ayat (1)."
UU_No_2_Tahun_2004_cleaned.txt,BAB IV: PENYELESAIAN PERSELISIHAN,PASAL 92,Sidang sah apabila dilakukan oleh Majelis Hakim sebagaimana dimaksud dalam Pasal 88 ayat (1).
UU_No_2_Tahun_2004_cleaned.txt,BAB IV: PENYELESAIAN PERSELISIHAN,PASAL 93,"(1) Dalam hal salah satu pihak atau para pihak tidak dapat menghadiri sidang tanpa alasan yang dapat dipertanggung  jawabkan, Ketua Majelis Hakim menetapkan hari sidang berikutnya.  (2) Hari sidang berikutnya sebagaimana dimaksud dalam ayat (1) ditetapkan dalam waktu selambat -lambatnya 7 (tujuh) hari  kerja terhitung sejak tanggal penundaan.  (3) Penundaan sidang karena ketidakhadiran salah satu atau para pihak diberikan sebanyak -banyaknya 2 (dua) kali  penundaan."
UU_No_2_Tahun_2004_cleaned.txt,BAB IV: PENYELESAIAN PERSELISIHAN,PASAL 94,"(1) Dalam hal penggugat atau kuasa hukumnya yang sah setelah dipanggil secara patut sebagaimana dimaksud dalam Pasal  89 tidak datang menghadap Pengadilan pada sidang penundaan terakhir sebagaimana dimaksud dalam Pasal 93 ayat (3),  maka gugatannya dianggap gugur, akan tetapi penggugat berhak mengajukan gugatannya sekali lagi.  (2) Dalam hal tergugat atau kuasa hukumnya yang sah setelah dipanggil secara patut sebagaimana dimaksud dalam Pasal 89  tidak datang menghadap Pengadilan pada sidang penundaan terakhir sebagaimana dimaksud dalam Pasal 93 ayat (3),  maka Majelis Hakim dapat memeriksa dan memutus perselisihan tanpa dihadiri tergugat."
UU_No_2_Tahun_2004_cleaned.txt,BAB IV: PENYELESAIAN PERSELISIHAN,PASAL 95,"(1) Sidang Majelis Hakim terbuka untuk umum, kecuali Majelis Hakim menetapkan lain.   (2) Setiap orang yang hadir dalam persidangan wajib menghormati tata tertib persidangan.   (3) Setiap orang yang tidak mentaati tata tertib persidangan sebagaimana dimaksud dalam ayat (2), setelah mendapat  peringatan dari atau atas perintah Ketua Majelis Hakim, dapat dikeluarkan dari ruang sidang."
UU_No_2_Tahun_2004_cleaned.txt,BAB IV: PENYELESAIAN PERSELISIHAN,PASAL 96,"(1) Apabila dalam persidangan pertama, secara nyata -nyata pihak pengusaha terbukti tidak melaksanakan kewajibannya  sebagaimana dimaksud dalam Pasal 155 ayat (3) Undang- undang Nomor 13 Tahun 2003 tentang Ketenagakerjaan,  Hakim Ketua Sidang harus segera menjatuhkan Putusan Sela berupa perintah kepada pengusaha untuk membayar upah  beserta hak-hak lainnya yang biasa diterima pekerja/buruh yang bersangkutan.  (2) Putusan Sela sebagaimana dimaksud dalam ayat (1) dapat dijatuhkan pada hari persidangan itu juga atau pada hari  persidangan kedua.  (3) Dalam hal selama pemeriksaan sengketa masih berlangsung dan Putusan Sela sebagaimana dimaksud dalam ayat (1)  tidak juga dilaksanakan oleh pengusaha, Hakim Ketua Sidang memerintahkan Sita Jaminan dalam sebuah Penetapan  Pengadilan Hubungan Industrial.  diajukan perlawanan dan/atau tidak dapat digunakan upaya hukum."
UU_No_2_Tahun_2004_cleaned.txt,BAB IV: PENYELESAIAN PERSELISIHAN,PASAL 97,Dalam putusan Pengadilan Hubungan Industrial ditetapkan kewajiban yang harus dilakukan dan/atau hak yang harus diterima  oleh para pihak atau salah satu pihak atas setiap penyelesaian perselisihan hubungan industrial.    Paragraf 3  Pemeriksaan Dengan Acara Cepat
UU_No_2_Tahun_2004_cleaned.txt,BAB IV: PENYELESAIAN PERSELISIHAN,PASAL 98,"(1) Apabila terdapat kepentingan para pihak dan/atau salah satu pihak yang cukup mendesak yang harus dapat disimpulkan  dari alasan- alasan permohonan dari yang berkepentingan, para pihak dan/atau salah satu pihak dapat memohon kepada  Pengadilan Hubungan Industrial supaya pemeriksaan sengketa dipercepat.  (2) Dalam jangka waktu 7 (tujuh) hari kerja setelah diterimanya permohonan sebagaimana dimaksud dalam ayat (1), Ketua  Pengadilan Negeri mengeluarkan penetapan tentang dikabulkan atau tidak dikabulkannya permohonan tersebut.  (3) Terhadap penetapan sebagaimana dimaksud dalam ayat (2) tidak dapat digunakan upaya hukum."
UU_No_2_Tahun_2004_cleaned.txt,BAB IV: PENYELESAIAN PERSELISIHAN,PASAL 99,"(1) Dalam hal permohonan sebagaimana dimaksud dalam Pasal 98 ayat (1) dikabulkan, Ketua Pengadilan Negeri dalam  jangka waktu 7 (tujuh) hari kerja setelah dikeluarkannya penetapan sebagaimana dimaksud dalam Pasal 98 ayat (2),  menentukan Majelis Hakim, hari, tempat, dan waktu sidang tanpa melalui prosedur pemeriksaan.   (2) Tenggang waktu untuk jawaban dan pembuktian kedua belah pihak, masing -masing ditentukan tidak melebihi 14 (empat  belas) hari kerja.    Paragraf 4  Pengambilan Putusan"
UU_No_2_Tahun_2004_cleaned.txt,BAB IV: PENYELESAIAN PERSELISIHAN,PASAL 100,"Dalam mengambil putusan, Majelis Hakim mempertimbangkan hukum, perjanjian yang ada, kebiasaan, dan keadilan."
UU_No_2_Tahun_2004_cleaned.txt,BAB IV: PENYELESAIAN PERSELISIHAN,PASAL 101,"(1) Putusan Mejelis Hakim dibacakan dalam sidang terbuka untuk umum.   (2) Dalam hal salah satu pihak tidak hadir dalam sidang sebagaimana dimaksud dalam ayat (1), Ketua Majelis Hakim  memerintahkan kepada Panitera Pengganti untuk menyampaikan pemberitahuan putusan kepada pihak yang tidak hadir  tersebut.  (3) Putusan Majelis Hakim sebagaimana dimaksud dalam ayat (1) sebagai putusan Pengadilan Hubungan Industrial.   (4) Tidak dipenuhinya ketentuan sebagaimana dimaksud dalam ayat (1) berakibat putusan Pengadilan tidak sah dan tidak  mempunyai kekuatan hukum."
UU_No_2_Tahun_2004_cleaned.txt,BAB IV: PENYELESAIAN PERSELISIHAN,PASAL 102,"(1) Putusan Pengadilan harus memuat:   a. kepala putusan berbunyi: ""DEMI KEADILAN BERDASARKAN KETUHANAN YANG MAHA ESA"";  b. nama, jabatan, kewarganegaraan, tempat kediaman atau tempat kedudukan para pihak yang berselisih;  c. ringkasan pemohon/penggugat dan jawaban termohon/tergugat yang jelas;  d. pertimbangan terhadap setiap bukti dan data yang diajukan hal yang terjadi dalam persidangan selama sengketa itu  diperiksa;  e. alasan hukum yang menjadi dasar putusan;  f. amar putusan tentang sengketa;  g. hari, tanggal putusan, nama Hakim, Hakim Ad- Hoc yang memutus, nama Panitera, serta keterangan tentang hadir atau  tidak hadirnya para pihak.  (2) Tidak dipenuhinya salah satu ketentuan sebagaimana dimaksud dalam ayat (1) dapat menyebabkan batalnya putusan  Pengadilan Hubungan Industrial."
UU_No_2_Tahun_2004_cleaned.txt,BAB IV: PENYELESAIAN PERSELISIHAN,PASAL 103,Majelis Hakim wajib memberikan putusan penyelesaian perselisihan hubungan industrial dalam waktu selambat- lambatnya 50  (lima puluh) hari kerja terhitung sejak sidang pertama.
UU_No_2_Tahun_2004_cleaned.txt,BAB IV: PENYELESAIAN PERSELISIHAN,PASAL 104,"Putusan Pengadilan Hubungan Industrial sebagaimana dimaksud dalam Pasal 103 ditandatangani oleh Hakim, Hakim Ad- Hoc  dan Panitera Pengganti."
UU_No_2_Tahun_2004_cleaned.txt,BAB IV: PENYELESAIAN PERSELISIHAN,PASAL 105,"Panitera Pengganti Pengadilan Hubungan Industrial dalam waktu selambat- lambatnya 7 (tujuh) hari kerja setelah putusan  Majelis Hakim dibacakan, harus sudah menyampaikan pemberitahuan putusan kepada pihak yang tidak hadir dalam sidang  sebagaimana dimaksud dalam Pasal 101 ayat (2).      Selambat-lambatnya 14 (empat belas) hari kerja setelah putusan ditanda- tangani, Panitera Muda harus sudah menerbitkan  salinan putusan."
UU_No_2_Tahun_2004_cleaned.txt,BAB IV: PENYELESAIAN PERSELISIHAN,PASAL 107,Panitera Pengadilan Negeri dalam waktu selambat- lambatnya 7 (tujuh) hari kerja setelah salinan putusan diterbitkan harus  sudah mengirimkan salinan putusan kepada para pihak.
UU_No_2_Tahun_2004_cleaned.txt,BAB IV: PENYELESAIAN PERSELISIHAN,PASAL 108,"Ketua Majelis Hakim Pengadilan Hubungan Industrial dapat mengeluarkan putusan yang dapat dilaksanakan lebih dahulu,  meskipun putusannya diajukan perlawanan atau kasasi."
UU_No_2_Tahun_2004_cleaned.txt,BAB IV: PENYELESAIAN PERSELISIHAN,PASAL 109,Putusan Pengadilan Hubungan Industrial pada Pengadilan Negeri mengenai perselisihan kepentingan dan perselisihan antar  serikat pekerja/serikat buruh dalam satu perusahaan merupakan putusan akhir dan bersifat tetap.
UU_No_2_Tahun_2004_cleaned.txt,BAB IV: PENYELESAIAN PERSELISIHAN,PASAL 110,"Putusan Pengadilan Hubungan Industrial pada Pengadilan Negeri mengenai perselisihan hak dan perselisihan pemutusan  hubungan kerja mempunyai kekuatan hukum tetap apabila tidak diajukan permohonan kasasi kepada Mahkamah Agung  dalam waktu selambat-lambatnya 14 (empat belas) hari kerja :   a. bagi pihak yang hadir, terhitung sejak putusan dibacakan dalam sidang majelis hakim;   b. bagi pihak yang tidak hadir, terhitung sejak tanggal menerima pemberitahuan putusan."
UU_No_2_Tahun_2004_cleaned.txt,BAB IV: PENYELESAIAN PERSELISIHAN,PASAL 111,Salah satu pihak atau para pihak yang hendak mengajukan permohonan kasasi harus menyampaikan secara tertulis melalui  Sub Kepaniteraan Pengadilan Hubungan Industrial pada Pengadilan Negeri setempat.
UU_No_2_Tahun_2004_cleaned.txt,BAB IV: PENYELESAIAN PERSELISIHAN,PASAL 112,Sub Kepaniteraan Pengadilan Hubungan Industrial pada Pengadilan Negeri dalam waktu selambat- lambatnya 14 (empat  belas) hari kerja terhitung sejak tanggal penerimaan permohonan kasasi harus sudah menyampaikan berkas perkara kepada  Ketua Mahkamah Agung.    Bagian Kedua  Penyelesaian Perselisihan Oleh Hakim Kasasi
UU_No_2_Tahun_2004_cleaned.txt,BAB IV: PENYELESAIAN PERSELISIHAN,PASAL 113,Majelis Hakim Kasasi terdiri atas satu orang Hakim Agung dan dua orang Hakim Ad- Hoc yang ditugasi memeriksa dan  mengadili perkara perselisihan hubungan industrial pada Mahkamah Agung yang ditetapkan oleh Ketua Mahkamah Agung.
UU_No_2_Tahun_2004_cleaned.txt,BAB IV: PENYELESAIAN PERSELISIHAN,PASAL 114,Tata cara permohonan kasasi serta penyelesaian perselisihan hak dan perselisihan pemutusan hubungan kerja oleh Hakim  Kasasi dilaksanakan sesuai dengan peraturan perundang-undangan yang berlaku.
UU_No_2_Tahun_2004_cleaned.txt,BAB IV: PENYELESAIAN PERSELISIHAN,PASAL 115,Penyelesaian perselisihan hak atau perselisihan pemutusan hubungan kerja pada Mahkamah Agung selambat-  lambatnya 30  (tiga puluh) hari kerja terhitung sejak tanggal penerimaan permohonan kasasi.     BAB V : SANKSI ADMINISTRASI DAN KETENTUAN PIDANA   Bagian Kesatu  Sanksi Administratif
UU_No_2_Tahun_2004_cleaned.txt,BAB V: SANKSI ADMINISTRASI DAN KETENTUAN PIDANA,PASAL 116,(1) Mediator yang tidak dapat menyelesaikan perselisihan hubungan industrial dalam waktu selambat - lambatnya 30 (tiga  puluh) hari kerja tanpa alasan yang sah sebagaimana dimaksud dalam Pasal 15 dapat dikenakan sanksi administratif  berupa hukuman disiplin sesuai dengan peraturan perundang-undangan yang berlaku bagi Pegawai Negeri Sipil.  (2) Panitera Muda yang tidak menerbitkan salinan putusan dalam waktu selambat -lambatnya 14 (empat belas) hari kerja  setelah putusan ditanda- tangani sebagaimana dimaksud dalam Pasal 106 dan Panitera yang tidak mengirimkan salinan  kepada para pihak paling lambat 7 (tujuh) hari kerja sebagaimana dimaksud dalam Pasal 107 dapat dikenakan sanksi  administratif sesuai dengan peraturan perundang-undangan yang berlaku.
UU_No_2_Tahun_2004_cleaned.txt,BAB V: SANKSI ADMINISTRASI DAN KETENTUAN PIDANA,PASAL 117,"(1) Konsiliator yang tidak menyampaikan anjuran tertulis dalam waktu selambat -lambatnya 14 (empat belas) hari kerja  sebagaimana dimaksud dalam Pasal 23 ayat (2) butir b atau tidak membantu para pihak membuat Perjanjian Bersama  dalam waktu selambat- lambatnya 3 (tiga) hari kerja sebagaimana dimaksud dalam Pasal 23 ayat (2) huruf e dapat  dikenakan sanksi administratif berupa teguran tertulis.  (2) Konsiliator yang telah mendapatkan teguran tertulis sebanyak 3 (tiga) kali sebagaimana dimaksud dalam ayat (1), dapat  dikenakan sanksi adminis-tratif berupa pencabutan sementara sebagai konsiliator.  perselisihan yang sedang ditanganinya.  (4) Sanksi administratif pencabutan sementara sebagai konsiliator diberikan untuk jangka waktu paling lama 3 (tiga) bulan."
UU_No_2_Tahun_2004_cleaned.txt,BAB V: SANKSI ADMINISTRASI DAN KETENTUAN PIDANA,PASAL 118,Konsiliator dapat dikenakan sanksi administratif berupa pencabutan tetap sebagai konsiliator dalam hal:  a. konsiliator telah dijatuhi sanksi administratif berupa pencabutan sementara sebagai konsiliator sebagaimana dimaksud  dalam Pasal 117 ayat (2) sebanyak 3 (tiga) kali;  b. terbukti melakukan tindak pidana kejahatan;   c. menyalahgunakan jabatan; dan/atau   d. membocorkan keterangan yang diminta sebagaimana dimaksud dalam Pasal 22 ayat (3).
UU_No_2_Tahun_2004_cleaned.txt,BAB V: SANKSI ADMINISTRASI DAN KETENTUAN PIDANA,PASAL 119,"(1) Arbiter yang tidak dapat menyelesaikan perselisihan hubungan industrial dalam waktu selambat -lambatnya 30 (tiga puluh)  hari kerja dan dalam jangka waktu perpanjangan sebagaimana dimaksud dalam Pasal 40 ayat (1) dan ayat (3) atau tidak  membuat berita acara kegiatan pemeriksaan sebagaimana dimaksud dalam Pasal 48, dapat dikenakan sanksi  administratif berupa teguran   (2) Arbiter yang telah mendapat teguran tertulis 3 (tiga) kali sebagaimana dimaksud dalam ayat (1) dapat dikenakan sanksi  administratif berupa pencabutan sementara sebagai arbiter.  (3) Sanksi sebagaimana yang dimaksud dalam ayat (2), baru dapat dijatuhkan setelah yang bersangkutan menyelesaikan  perselisihan yang sedang ditanganinya.  (4) Sanksi administratif pencabutan sementara sebagai arbiter diberikan untuk jangka waktu paling lama 3 (tiga) bulan."
UU_No_2_Tahun_2004_cleaned.txt,BAB V: SANKSI ADMINISTRASI DAN KETENTUAN PIDANA,PASAL 120,"(1) Arbiter dapat dikenakan sanksi administratif berupa pencabutan tetap sebagai arbiter dalam hal:   a. arbiter paling sedikit telah 3 (tiga) kali mengambil keputusan arbitrase perselisihan hubungan industrial melampaui  kekuasaannya, bertentangan dengan peraturan perundang- undangan sebagaimana dimaksud dalam Pasal 52 ayat (1)  huruf d dan e dan Mahkamah Agung telah mengabulkan permohonan peninjauan kembali atas putusan- putusan arbiter  tersebut;  b. terbukti melakukan tindak pidana kejahatan;   c. menyalahgunakan jabatan;  d. arbiter telah dijatuhi sanksi administratif berupa pencabutan sementara sebagai arbiter sebagaimana dimaksud dalam  Pasal 119 ayat (2) sebanyak 3 (tiga) kali.  (2) Sanksi administratif berupa pencabutan tetap sebagai arbiter sebagaimana dimaksud dalam ayat (1) mulai berlaku sejak  tanggal arbiter menyelesaikan perselisihan yang sedang ditanganinya."
UU_No_2_Tahun_2004_cleaned.txt,BAB V: SANKSI ADMINISTRASI DAN KETENTUAN PIDANA,PASAL 121,"(1) Sanksi administratif sebagaimana dimaksud dalam Pasal 117, Pasal 118, Pasal 119 dan Pasal 120 dijatuhkan oleh Menteri  atau pejabat yang ditunjuk.  (2) Tata cara pemberian dan pencabutan sanksi akan diatur lebih lanjut dengan Keputusan Menteri.     Bagian Kedua  Ketentuan Pidana"
UU_No_2_Tahun_2004_cleaned.txt,BAB V: SANKSI ADMINISTRASI DAN KETENTUAN PIDANA,PASAL 122,"(1) Barang siapa yang melanggar ketentuan sebagaimana dimaksud dalam Pasal 12 ayat (1), Pasal 22 ayat (1) dan ayat (3),  Pasal 47 ayat (1) dan ayat (3), Pasal 90 ayat (2), Pasal 91 ayat (1) dan ayat (3), dikenakan sanksi pidana kurungan paling  singkat 1 (satu) bulan dan paling lama 6 (enam) bulan dan/atau denda paling sedikit Rp 10.000.000,00 (sepuluh juta  rupiah) dan paling banyak Rp 50.000.000,00 (lima puluh juta rupiah).  (2) Perbuatan sebagaimana dimaksud dalam ayat (1) merupakan tindak pidana pelanggaran.     BAB VI : KETENTUAN LAIN-LAIN"
UU_No_2_Tahun_2004_cleaned.txt,BAB VI: KETENTUAN LAIN-LAIN,PASAL 123,"Dalam hal terjadi perselisihan hubungan industrial pada usaha-usaha sosial dan usaha- usaha lain yang tidak berbentuk  perusahaan tetapi mempunyai pengurus dan mempekerjakan orang lain dengan membayar upah, maka perselisihannya  diselesaikan sesuai dengan ketentuan undang-undang ini.    BAB VII : KETENTUAN PERALIHAN"
UU_No_2_Tahun_2004_cleaned.txt,BAB VII: KETENTUAN PERALIHAN,PASAL 124,"(1) Sebelum terbentuk Pengadilan Hubungan Industrial sebagaimana dimaksud dalam Pasal 59, Panitia Penyelesaian  Perselisihan Perburuhan Daerah dan Panitia Penyelesaian Perselisihan Perburuhan Pusat tetap melaksanakan fungsi dan  tugasnya sesuai dengan ketentuan peraturan perundang-undangan yang berlaku.  (2) Dengan terbentuknya Pengadilan Hubungan Industrial berdasarkan undang -undang ini, perselisihan hubungan industrial  dan pemutusan hubungan kerja yang telah diajukan kepada:  perselisihan hubungan industrial atau pemutusan hubungan kerja dan belum diputuskan, maka diselesaikan oleh  Pengadilan Hubungan Industrial pada Pengadilan Negeri setempat;  b. Putusan Panitia Penyelesaian Perselisihan Perburuhan Daerah atau lembaga- lembaga lain sebagaimana dimaksud  pada huruf a yang ditolak dan diajukan banding oleh salah satu pihak atau para pihak dan putusan tersebut diterima  masih dalam tenggang waktu 14 (empat belas) hari, maka diselesaikan oleh Mahkamah Agung;  c. Panitia Penyelesaian Perselisihan Perburuhan Pusat atau lembaga- lembaga lain yang setingkat yang menyelesaikan  perselisihan hubungan industrial atau pemutusan hubungan kerja dan belum diputuskan, maka diselesaikan oleh  Mahkamah Agung;  d. Putusan Panitia Penyelesaian Perselisihan Perburuhan Pusat atau lembaga- lembaga lain sebagaimana dimaksud pada  huruf c yang ditolak dan diajukan banding oleh salah satu pihak atau para pihak dan putusan tersebut diterima masih  dalam tenggang waktu 90 (sembilan puluh) hari, maka diselesaikan oleh Mahkamah Agung.    BAB VIII : KETENTUAN PENUTUP"
UU_No_2_Tahun_2004_cleaned.txt,BAB VIII: KETENTUAN PENUTUP,PASAL 125,"(1) Dengan berlakunya undang -undang ini, maka:  a. Undang- undang Nomor 22 Tahun 1957 tentang Penyelesaian Perselisihan Perburuhan (Lembaran Negara Tahun 1957  Nomor 42, Tambahan Lembaran Negara Nomor 1227); dan   b. Undang- undang Nomor 12 Tahun 1964 tentang Pemutusan Hubungan Kerja Di Perusahaan Swasta (Lembaran Negara  Tahun 1964 Nomor 93, Tambahan Lembaran Negara Nomor 2686);  dinyatakan tidak berlaku lagi.  (2) Pada saat undang -undang ini mulai berlaku, semua Peraturan Perundang- undangan yang merupakan Peraturan  Pelaksanaan dari Undang- undang Nomor 22 Tahun 1957 tentang Penyelesaian Perselisihan Perburuhan (Lembaran  Negara Tahun 1957 Nomor 42, Tambahan Lembaran Negara Nomor 1227) dan Undang- undang Nomor 12 Tahun 1964  tentang Pemutusan Hubungan Kerja Di Perusahaan Swasta (Lembaran Negara Tahun 1964 Nomor 93, Tambahan  Lembaran Negara Nomor 2686) dinyatakan tetap berlaku sepanjang tidak bertentangan dengan ketentuan dalam undang- undang ini."
UU_No_2_Tahun_2004_cleaned.txt,BAB VIII: KETENTUAN PENUTUP,PASAL 126,Undang-undang ini mulai berlaku 1 (satu) tahun setelah diundangkan.
UU_No_40_Tahun_2004_cleaned.txt,BAB I: KETENTUAN UMUM,PASAL 1,"Dalam Undang-Undang ini yang dimaksud dengan:   1. Jaminan sosial adalah salah satu be ntuk perlindungan sosial untuk menjamin  seluruh rakyat agar dapat memenuhi kebutuhan dasar hidupnya yang layak.   2. Sistem Jaminan Sosial Nasional ad alah suatu tata cara penyelenggaraan  program jaminan sosial oleh beberapa  badan penyelenggara jaminan sosial.   3. Asuransi sosial adalah suatu me kanisme pengumpulan dana yang bersifat  wajib yang berasal dari iuran guna me mberikan perlindungan atas risiko  sosial ekonomi yang menimpa peserta dan/atau anggota keluarganya.   4. Tabungan wajib adalah simpanan yang bersifat wajib bagi peserta program  jaminan sosial.   5. Bantuan iuran adalah iuran yan g dibayar oleh Pem erintah bagi fakir  miskin dan orang tidak mampu sebaga i peserta program jaminan sosial.   6. Badan Penyelenggara Jaminan Sosial adalah badan hukum yang dibentuk  untuk menyelenggarakan program jaminan sosial.   7. Dana Jaminan Sosial adalah dana amanat milik seluruh peserta yang  merupakan himpunan iuran beserta ha sil pengembangannya yang dikelola  oleh Badan Penyelenggara Jaminan Sosial untuk pembayaran manfaat  kepada peserta dan pembiayaan op erasional penyelen ggaraan program  jaminan sosial.   8. Peserta adalah setiap orang, termasuk orang asing yang bekerja paling  singkat 6 (enam) bulan di Indone sia, yang telah membayar iuran.                                   9. Manfaat adalah faedah jaminan sosi al yang menjadi hak peserta dan/atau  anggota keluarganya.   10. Iuran adalah sejumlah uang yang dibayar secara teratur oleh peserta,  pemberi kerja, dan/atau Pemerintah.   11. Pekerja adalah setiap orang yang be kerja dengan menerima gaji, upah, atau  imbalan dalam bentuk lain.   12. Pemberi kerja adalah orang perseorangan, pengusaha, badan hukum, atau  badan-badan lainnya yang mempekerjakan tenaga kerja atau  penyelenggara negara yang mempek erjakan pegawai negeri dengan  membayar gaji, upah, atau im balan dalam bentuk lainnya.   13. Gaji atau upah adalah hak pekerj a yang diterima dan dinyatakan dalam  bentuk uang sebagai im balan dari pemberi kerj a kepada pekerja yang  ditetapkan dan dibayar menurut suatu p erjanjian kerja, kesepakatan, atau  peraturan perundang-undangan, term asuk tunjangan bagi pekerja dan  keluarganya atas suatu pekerjaan dan /atau jasa yang telah atau akan  dilakukan.   14. Kecelakaan kerja adalah kecelakaan  yang terjadi dalam hubungan kerja,  termasuk kecelakaan yang terjadi da lam perjalanan dari rumah menuju  tempat kerja atau sebaliknya, dan penyakit yang disebabkan oleh lingkungan kerja.   15. Cacat adalah keadaan berkurang atau hilangnya fungsi tubuh atau  hilangnya anggota badan yang secara langsung atau tidak langsung  mengakibatkan berkurang atau hilangnya kemampua n pekerja untuk  menjalankan pekerjaannya.   16. Cacat total tetap adalah caca t yang mengakibatkan ketidak-mampuan  seseorang untuk melakukan pekerjaan.    BAB II : ASAS, TUJUAN, DAN PRINSIP PENYELENGGARAAN"
UU_No_40_Tahun_2004_cleaned.txt,"BAB II: ASAS, TUJUAN, DAN PRINSIP PENYELENGGARAAN",PASAL 2,"Sistem Jaminan Sosial Nasional diselenggarakan berdasarkan asas  kemanusiaan, asas manfaat, dan asas ke adilan sosial bagi seluruh rakyat  Indonesia."
UU_No_40_Tahun_2004_cleaned.txt,"BAB II: ASAS, TUJUAN, DAN PRINSIP PENYELENGGARAAN",PASAL 3,Sistem Jaminan Sosial Nasional bertujuan untuk memberikan jaminan  terpenuhinya kebutuhan dasar hidup yang layak bagi setiap peserta dan/atau  anggota keluarganya.
UU_No_40_Tahun_2004_cleaned.txt,"BAB II: ASAS, TUJUAN, DAN PRINSIP PENYELENGGARAAN",PASAL 4,Sistem Jaminan Sosial Nasional dise lenggarakan berdasarkan pada prinsip :   a. kegotong-royongan;    b. nirlaba;   c. keterbukaan;    d. kehati-hatian;    e. akuntabilitas;    f. portabilitas;    g. kepesertaan bersifat wajib;    h. dana amanat; dan   i. hasil pengelolaan Dana Jaminan Sosial dipergunakan seluruhnya untuk  pengembangan program dan untuk se besar-besar kepentingan peserta.   BAB III : BADAN PENYELENGGARA JAMINAN SOSIAL
UU_No_40_Tahun_2004_cleaned.txt,BAB III: BADAN PENYELENGGARA JAMINAN SOSIAL,PASAL 5,"(1) Badan Penyelenggara Jaminan Sosi al harus dibentuk dengan Undang- Undang.   (2) Sejak berlakunya Undang-Undan g ini, badan penyelenggara jaminan  sosial yang ada dinyatakan sebagai Badan Penyelenggara Jaminan Sosial  menurut Undang-Undang ini.   (3) Badan Penyelenggara Jaminan Sosial sebagaimana dimaksud pada   ayat  (1) adalah:    a. Perusahaan Perseroan (Persero)  Jaminan Sosial Tenaga Kerja  (JAMSOSTEK);    b. Perusahaan Perseroan (Persero) Da na Tabungan dan Asuransi Pegawai  Negeri (TASPEN);    c. Perusahaan Perseroan (Persero) Asuransi Sosial Angkatan Bersenjata  Republik Indonesia (ASABRI); dan    d. Perusahaan Perseroan (Persero) Asuransi Kesehatan Indonesia  (ASKES).   (4)  Dalam hal diperlukan Badan Pen yelenggara Jaminan Sosial selain  dimaksud pada ayat (3), dapat dibe ntuk yang baru dengan Undang- Undang.   BAB IV : DEWAN JAMINAN SOSIAL NASIONAL"
UU_No_40_Tahun_2004_cleaned.txt,BAB IV: DEWAN JAMINAN SOSIAL NASIONAL,PASAL 6,Untuk penyelenggaraan Sistem Jamina n Sosial Nasional dengan Undang- Undang ini dibentuk Dewan Jaminan Sosial Nasional.
UU_No_40_Tahun_2004_cleaned.txt,BAB IV: DEWAN JAMINAN SOSIAL NASIONAL,PASAL 7,(1) Dewan Jaminan Sosial Nasional bertanggung jawab kepada Presiden.    (2) Dewan Jaminan Sosial Nasional berfungsi merumuskan kebijakan umum  dan sinkronisasi penyelenggaraan Si stem Jaminan Sosial Nasional.    (3) Dewan Jaminan Sosial Nasional bertugas :     a. melakukan kajian dan penelitian yang berkaitan dengan  penyelenggaraan jaminan sosial;     b. mengusulkan kebijakan investasi  Dana Jaminan Sosial Nasional; dan    c. mengusulkan anggaran jaminan sosial bagi penerima bantuan iuran  dan tersedianya anggaran operasional kepada Pemerintah.   (4) Dewan Jaminan Sosial Nasional berwenang melakukan monitoring dan  evaluasi penyelenggaraan program jaminan sosial.
UU_No_40_Tahun_2004_cleaned.txt,BAB IV: DEWAN JAMINAN SOSIAL NASIONAL,PASAL 8,"(1) Dewan Jaminan Sosial Nasional beranggotakan 15 (lima belas) orang,  yang terdiri dari unsur Pemerintah, tokoh dan/atau ahli yang memahami  bidang jaminan sosial, or ganisasi pemberi kerja, dan organisasi pekerja.   (2) Dewan Jaminan Sosial Nasional di pimpin oleh seorang Ketua merangkap  anggota dan anggota lainnya diangkat dan diberhentikan oleh Presiden.    (3) Ketua sebagaimana dimaksud pa da ayat (2) berasal dari unsur  Pemerintah.   (4) Dalam melaksanakan tugasnya, Dewan Jaminan Sosial Nasional dibantu  oleh Sekretariat Dewan yang dipimpin oleh seorang sekretaris yang  diangkat dan diberhentikan oleh Ketua Dewan Jaminan Sosial Nasional.    (5) Masa jabatan anggota Dewan Jamina n Sosial Nasional adalah 5 (lima)  tahun, dan dapat diangkat kembali untuk satu kali masa jabatan.    (6) Untuk dapat diangkat menjadi an ggota Dewan Jaminan Sosial Nasional  harus memenuhi syarat sebagai berikut :    a.  Warga Negara Indonesia;    b. bertaqwa kepada Tuhan Yang Maha Esa;    c. sehat jasmani dan rohani;    d. berkelakuan baik;    e. berusia  sekurang-kurangnya 40 (empat puluh) tahun dan setinggi- tingginya 60 (enam puluh) tahu n pada saat menjadi anggota;    f. lulusan pendidikan paling rendah jenjang strata 1 (satu);    g. memiliki keahlian di bidang jaminan sosial;     h. memiliki kepedulian terhadap bidang jaminan sosial; dan    i. tidak pernah dipidana berdasarkan keputusan pengadilan yang telah  memperoleh kekuatan hukum tetap karena melakukan tindak pidana  kejahatan."
UU_No_40_Tahun_2004_cleaned.txt,BAB IV: DEWAN JAMINAN SOSIAL NASIONAL,PASAL 9,"Dalam melaksanakan tugasnya, Dewan Jaminan Sosial Nasional dapat  meminta masukan dan bantuan tenaga ahli sesuai dengan kebutuhan."
UU_No_40_Tahun_2004_cleaned.txt,BAB IV: DEWAN JAMINAN SOSIAL NASIONAL,PASAL 10,"Susunan organisasi dan tata kerja Dewa n Jaminan Sosial Na sional sebagaimana  dimaksud dalam Pasal 6, Pasal 7, Pasa l 8, dan Pasal 9 diatur lebih lanjut  dengan Peraturan Presiden."
UU_No_40_Tahun_2004_cleaned.txt,BAB IV: DEWAN JAMINAN SOSIAL NASIONAL,PASAL 11,Anggota Dewan Jaminan So sial Nasional dapat berh enti atau diberhentikan  sebelum berakhir masa jabatan karena :     a. meninggal dunia;     b. berhalangan tetap;   c. mengundurkan diri;   d. tidak memenuhi syarat sebagaimana di maksud dalam Pasal 8    ayat (6).
UU_No_40_Tahun_2004_cleaned.txt,BAB IV: DEWAN JAMINAN SOSIAL NASIONAL,PASAL 12,"(1) Untuk pertama kali, Ketua dan an ggota Dewan Jaminan Sosial Nasional  diusulkan oleh Menteri yang bida ng tugasnya meliputi kesejahteraan  sosial.   (2)  Tata cara pengangkatan, penggantian, dan pemberhentian anggota  Dewan Jaminan Sosial Nasional diat ur lebih lanjut dalam Peraturan  Presiden.    BAB V : KEPESERTAAN DAN IURAN"
UU_No_40_Tahun_2004_cleaned.txt,BAB V: KEPESERTAAN DAN IURAN,PASAL 13,"(1) Pemberi kerja secara bertahap  wajib mendaftarkan dirinya dan  pekerjanya sebagai pes erta kepada Badan Penyele nggara Jaminan Sosial,  sesuai dengan program jami nan sosial yang diikuti.   (2) Pentahapan sebagaimana dimaksud pa da ayat (1), diatur lebih lanjut  dengan Peraturan Presiden."
UU_No_40_Tahun_2004_cleaned.txt,BAB V: KEPESERTAAN DAN IURAN,PASAL 14,(1) Pemerintah secara bertahap mendaftarkan penerima bantuan iuran  sebagai peserta kepada Badan Penyelenggara Jaminan Sosial.     (2) Penerima bantuan iuran sebagaimana dimaksud pada ayat (1) adalah  fakir miskin dan orang tidak mampu.   (3) Ketentuan sebagaimana dimaksud pa da ayat (1) dan ayat (2) diatur lebih  lanjut dengan Peraturan Pemerintah.
UU_No_40_Tahun_2004_cleaned.txt,BAB V: KEPESERTAAN DAN IURAN,PASAL 15,(1) Badan Penyelenggara Jaminan Sosi al wajib memberikan nomor identitas  tunggal kepada setiap peserta dan anggota keluarganya.   (2) Badan Penyelenggara Jaminan Sosial wajib memberikan informasi  tentang hak dan kewajiban kepada peserta untuk mengikuti ketentuan  yang berlaku.
UU_No_40_Tahun_2004_cleaned.txt,BAB V: KEPESERTAAN DAN IURAN,PASAL 16,Setiap peserta berhak memperoleh manf aat dan informasi tentang pelaksanaan  program jaminan sosial yang diikuti.
UU_No_40_Tahun_2004_cleaned.txt,BAB V: KEPESERTAAN DAN IURAN,PASAL 17,"(1) Setiap peserta wajib membayar iuran yang besarnya ditetapkan  berdasarkan persentase dari upah atau suatu jumlah nominal tertentu.    (2) Setiap pemberi kerja wajib memungut iuran dari pekerjanya,  menambahkan iuran yang menjadi kewajibannya dan membayarkan  iuran tersebut kepada Badan Penyelenggara Jaminan Sosial secara berkala.   (3) Besarnya iuran sebag aimana dimaksud pada ayat (1) dan ayat (2)  ditetapkan untuk setiap jenis program secara berkala sesuai dengan perkembangan sosial, ekonomi dan kebutuhan dasar hidup yang layak.   (4) Iuran program jaminan sosial bagi  fakir miskin dan orang yang tidak  mampu dibayar oleh Pemerintah.   (5) Pada tahap pertama, iuran sebagaimana dimaksud pada ayat (4) dibayar  oleh Pemerintah untuk prog ram jaminan kesehatan.   (6) Ketentuan sebagaimana dimaksud pa da ayat (4) dan ayat (5) diatur lebih  lanjut dengan Peraturan Pemerintah.   BAB VI : PROGRAM JAMINAN SOSIAL Bagian Kesatu  Jenis Program Jaminan Sosial"
UU_No_40_Tahun_2004_cleaned.txt,BAB VI: PROGRAM JAMINAN SOSIAL,PASAL 18,Jenis program jaminan sosial meliputi :   a. jaminan kesehatan;   b. jaminan kecelakaan kerja;   c. jaminan hari tua;     d. jaminan pensiun; dan   e. jaminan kematian.    Bagian Kedua   Jaminan Kesehatan
UU_No_40_Tahun_2004_cleaned.txt,BAB VI: PROGRAM JAMINAN SOSIAL,PASAL 19,(1) Jaminan kesehatan diselenggarakan secara nasional berdasarkan prinsip  asuransi sosial dan prinsip ekuitas.   (2) Jaminan kesehatan diselenggara kan dengan tujuan menjamin agar  peserta memperoleh manfaat pemelihar aan kesehatan dan perlindungan  dalam memenuhi kebutuhan dasar kesehatan.
UU_No_40_Tahun_2004_cleaned.txt,BAB VI: PROGRAM JAMINAN SOSIAL,PASAL 20,(1) Peserta jaminan kesehatan adalah setiap orang yang telah membayar  iuran atau iurannya dibayar oleh Pemerintah.   (2) Anggota keluarga peserta berhak menerima manfaat ja minan kesehatan.   (3) Setiap peserta dapat mengikutsertak an anggota keluarga yang lain yang  menjadi tanggungannya deng an penambahan iuran.
UU_No_40_Tahun_2004_cleaned.txt,BAB VI: PROGRAM JAMINAN SOSIAL,PASAL 21,"(1) Kepesertaan jaminan kesehatan teta p berlaku paling lama 6 (enam) bulan  sejak seorang peserta mengalami pemutusan hubungan kerja.    (2) Dalam hal peserta sebagaimana dima ksud pada ayat (1) setelah 6 (enam)  bulan belum memperoleh pekerjaan dan tidak mampu, iurannya dibayar  oleh Pemerintah.    (3) Peserta yang mengalami cacat tota l tetap dan tidak mampu, iurannya  dibayar oleh Pemerintah.   (4) Ketentuan sebagaimana dimaksud pa da ayat (1), ayat (2), dan ayat (3)  diatur lebih lanjut dengan Peraturan Presiden."
UU_No_40_Tahun_2004_cleaned.txt,BAB VI: PROGRAM JAMINAN SOSIAL,PASAL 22,"(1) Manfaat jaminan kesehatan bersifat pelayanan perseorangan berupa  pelayanan kesehatan yang mencakup  pelayanan promotif, preventif,  kuratif dan rehabilitatif, termasuk ob at dan bahan medis habis pakai yang  diperlukan.   (2) Untuk jenis pelayanan yang dapat menimbulkan penyalah-gunaan  pelayanan, peserta dikenakan urun biaya.   (3) Ketentuan mengenai pelayanan kesehatan dan urun biaya sebagaimana  dimaksud pada ayat (1) dan ayat (2) diatur lebih lanjut dalam Peraturan  Presiden."
UU_No_40_Tahun_2004_cleaned.txt,BAB VI: PROGRAM JAMINAN SOSIAL,PASAL 23,"(1) Manfaat jaminan kesehatan seba gaimana dimaksud dalam Pasal 22  diberikan pada fasilitas kesehatan mi lik Pemerintah atau swasta yang  menjalin kerjasama dengan Bada n Penyelenggara Jaminan Sosial.    (2) Dalam keadaan darurat, pelayanan sebagaimana dimaksud pada      ayat  (1), dapat diberikan pada fasilitas kesehatan yang tidak menjalin kerja  sama dengan Badan Penyelenggara Jaminan Sosial.   (3) Dalam hal di suatu daerah belum tersedia fasilitas kesehatan yang  memenuhi syarat guna memenuhi ke butuhan medik sejumlah peserta,  Badan Penyelenggara Jaminan Sosial  wajib memberikan kompensasi.   (4) Dalam hal peserta membutuhkan rawa t inap di rumah sakit, maka kelas  pelayanan di rumah sakit diberi kan berdasarkan kelas standar.   (5) Ketentuan sebagaimana dimaksud pa da ayat (3) dan ayat (4) diatur lebih  lanjut dalam Peraturan Presiden."
UU_No_40_Tahun_2004_cleaned.txt,BAB VI: PROGRAM JAMINAN SOSIAL,PASAL 24,"(1) Besarnya pembayaran kepada fasi litas kesehatan untuk setiap wilayah  ditetapkan berdasarkan kesepaka tan antara Badan Penyelenggara  Jaminan Sosial dan asosiasi fasili tas kesehatan di wilayah tersebut.   (2) Badan Penyelenggara Jaminan Sosial  wajib membayar fa silitas kesehatan  atas pelayanan yang diberikan kepada peserta paling    lambat 15 (lima  belas) hari sejak permintaan pembayaran diterima.   (3) Badan Penyelenggara Jaminan Sosi al mengembangkan sistem pelayanan  kesehatan, sistem kendali mutu pe layanan, dan sistem pembayaran  pelayanan kesehatan untuk meningka tkan efisiensi dan efektivitas  jaminan kesehatan."
UU_No_40_Tahun_2004_cleaned.txt,BAB VI: PROGRAM JAMINAN SOSIAL,PASAL 25,"Daftar dan harga tertinggi obat-obatan , serta bahan medis habis pakai yang  dijamin oleh Badan Penyele nggara Jaminan Sosial di tetapkan sesuai dengan  peraturan perundang-undangan."
UU_No_40_Tahun_2004_cleaned.txt,BAB VI: PROGRAM JAMINAN SOSIAL,PASAL 26,Jenis-jenis pelayanan yang tidak dijami n Badan Penyelenggara  Jaminan Sosial  akan diatur lebih lanjut dalam Peraturan Presiden.
UU_No_40_Tahun_2004_cleaned.txt,BAB VI: PROGRAM JAMINAN SOSIAL,PASAL 27,"(1) Besarnya iuran jaminan kesehatan untuk peserta penerima upah  ditentukan berdasarkan persentase dari upah sampai batas tertentu, yang  secara bertahap ditanggung bersam a oleh pekerja dan pemberi kerja.   (2) Besarnya iuran jaminan kesehata n untuk peserta yang tidak menerima  upah ditentukan berdasarkan nomina l yang ditinjau secara berkala.   (3) Besarnya iuran jaminan kesehatan untuk penerima bantuan iuran  ditentukan berdasarkan nominal yang ditetapkan secara berkala.   (4) Batas upah sebagaimana dimaksud pada ayat (1), ditinjau secara berkala.   (5) Besarnya iuran sebagaimana dimaksud pada ayat (1), ayat  (2), dan  ayat  (3), serta batas upah sebagaimana di maksud pada ayat (4) diatur lebih  lanjut dalam Peraturan Presiden."
UU_No_40_Tahun_2004_cleaned.txt,BAB VI: PROGRAM JAMINAN SOSIAL,PASAL 28,(1) Pekerja yang memiliki anggota keluarga  lebih dari 5 (lim a) orang dan ingin  mengikutsertakan anggota keluarga ya ng lain wajib membayar tambahan  iuran.     (2) Tambahan iuran sebagaimana dimaksud  pada ayat (1) diatur lebih lanjut  dalam Peraturan Presiden.    Bagian Ketiga  Jaminan Kecelakaan Kerja
UU_No_40_Tahun_2004_cleaned.txt,BAB VI: PROGRAM JAMINAN SOSIAL,PASAL 29,(1) Jaminan kecelakaan kerja diseleng garakan secara nasional berdasarkan  prinsip asuransi sosial.   (2) Jaminan kecelakaan kerja diseleng garakan dengan tujuan menjamin agar  peserta memperoleh manfaat pelayana n kesehatan dan santunan uang  tunai apabila seorang pekerja me ngalami kecelakaan kerja atau  menderita penyakit akibat kerja.
UU_No_40_Tahun_2004_cleaned.txt,BAB VI: PROGRAM JAMINAN SOSIAL,PASAL 30,Peserta jaminan kecelaka an kerja adalah seseorang yang telah membayar  iuran.
UU_No_40_Tahun_2004_cleaned.txt,BAB VI: PROGRAM JAMINAN SOSIAL,PASAL 31,"(1)  Peserta yang mengalami kecelaka an kerja berhak mendapatkan manfaat  berupa pelayanan kesehatan sesuai dengan kebutuhan medisnya dan  mendapatkan manfaat berupa uang tuna i apabila terjadi cacat total tetap  atau meninggal dunia.   (2)  Manfaat jaminan kecelakaan ke rja yang berupa uang  tunai diberikan  sekaligus kepada ahli waris pekerja yang meninggal dunia atau pekerja  yang cacat sesuai dengan  tingkat kecacatan.   (3) Untuk jenis-jenis pelayanan terten tu atau kecelakaan tertentu, pemberi  kerja dikenakan urun biaya."
UU_No_40_Tahun_2004_cleaned.txt,BAB VI: PROGRAM JAMINAN SOSIAL,PASAL 32,"(1) Manfaat jaminan kecela kaan kerja sebagaimana dima ksud dalam     Pasal  31 ayat (1) diberikan pada fasilitas kesehatan milik Pemerintah atau  swasta yang memenuhi syarat dan menjalin kerja sama dengan Badan Penyelenggara Jaminan Sosial.   (2) Dalam keadaan darurat, pelayanan sebagaimana dimaksud pada      ayat  (1) dapat diberikan pada fasilitas ke sehatan yang tidak menjalin kerja  sama dengan Badan Penyelenggara Jaminan Sosial.   (3) Dalam hal kecelakaan kerja terjad i di suatu daerah yang belum tersedia  fasilitas kesehatan yang memenuhi syarat, maka gu na memenuhi  kebutuhan medis bagi peserta, Badan Penyelenggara Jaminan Sosial wajib memberikan kompensasi.    (4)   Dalam hal peserta membutuhkan ra wat inap di rumah sakit, maka kelas  perawatan di rumah sakit diberikan kelas standar."
UU_No_40_Tahun_2004_cleaned.txt,BAB VI: PROGRAM JAMINAN SOSIAL,PASAL 33,"Ketentuan lebih lanjut mengenai besarn ya manfaat uang tunai, hak ahli waris,  kompensasi, dan pelayanan medis sebaga imana dimaksud dalam Pasal 31 dan  Pasal 32 diatur lebih lanjut  dalam Peraturan Pemerintah."
UU_No_40_Tahun_2004_cleaned.txt,BAB VI: PROGRAM JAMINAN SOSIAL,PASAL 34,(1) Besarnya iuran jami nan kecelakaan kerja adalah sebesar persentase  tertentu dari upah atau penghasilan yang ditanggung seluruhnya oleh pemberi kerja.    (2) Besarnya iuran jaminan kecelak aan kerja untuk peserta yang tidak  menerima upah adalah jumlah nomina l yang ditetapkan secara berkala  oleh Pemerintah.   (3) Besarnya iuran sebagaimana dima ksud pada ayat (1) bervariasi untuk  setiap kelompok pekerja sesuai dengan risiko lingkungan kerja.    (4) Ketentuan sebagaimana dimaksud pa da ayat (2) dan ayat (3) diatur lebih  lanjut dalam Peraturan Pemerintah.  Bagian Keempat  Jaminan Hari Tua
UU_No_40_Tahun_2004_cleaned.txt,BAB VI: PROGRAM JAMINAN SOSIAL,PASAL 35,"(1) Jaminan hari tua diselenggarakan secara nasional berdasarkan prinsip  asuransi sosial atau  tabungan wajib.   (2) Jaminan hari tua diselenggarakan dengan tujuan untuk menjamin agar  peserta menerima uang tunai apabila memasuki masa pensiun,  mengalami cacat total tetap,  atau meninggal dunia."
UU_No_40_Tahun_2004_cleaned.txt,BAB VI: PROGRAM JAMINAN SOSIAL,PASAL 36,Peserta jaminan hari tua adalah peserta yang telah membayar iuran.
UU_No_40_Tahun_2004_cleaned.txt,BAB VI: PROGRAM JAMINAN SOSIAL,PASAL 37,"(1) Manfaat jaminan hari tua berupa uang tunai dibayarkan sekaligus pada  saat peserta memasuki usia pensiun, meninggal dunia, atau mengalami cacat total tetap.   (2) Besarnya manfaat jaminan hari tua ditentukan berdasarkan seluruh  akumulasi iuran yang telah disetorkan ditambah hasil pengembangannya.   (3) Pembayaran manfaat jaminan hari tua dapat diberikan sebagian sampai  batas tertentu setelah kepesertaan menc apai minimal 10 (sepuluh) tahun.    (4) Apabila peserta meninggal dunia, ahli warisnya yang sah berhak  menerima manfaat jaminan hari tua.   (5) Ketentuan sebagaimana dimaksud pa da ayat (3) dan ayat (4) diatur lebih  lanjut dalam Peraturan Pemerintah."
UU_No_40_Tahun_2004_cleaned.txt,BAB VI: PROGRAM JAMINAN SOSIAL,PASAL 38,(1) Besarnya iuran jaminan hari tua unt uk peserta penerima upah ditetapkan  berdasarkan persentase tertentu dari upah atau penghasilan tertentu yang  ditanggung bersama oleh pemberi kerja dan pekerja.   (2) Besarnya iuran jaminan hari tu a untuk peserta yang tidak menerima  upah ditetapkan berdasarkan jumlah  nominal yang ditetapkan secara  berkala oleh Pemerintah.   (3) Ketentuan sebagaimana dimaksud pa da ayat (1) dan ayat (2) diatur lebih  lanjut dalam Peraturan Pemerintah.  Bagian Kelima  Jaminan Pensiun
UU_No_40_Tahun_2004_cleaned.txt,BAB VI: PROGRAM JAMINAN SOSIAL,PASAL 39,(1) Jaminan pensiun diselenggarakan secara nasional berdasarkan prinsip  asuransi sosial atau tabungan wajib.    (2) Jaminan pensiun diselenggara kan untuk mempertahankan derajat  kehidupan yang layak pada saat peserta kehilangan atau berkurang  penghasilannya karena memasuki us ia pensiun atau mengalami cacat  total tetap.    (3) Jaminan pensiun diselenggara kan berdasarkan manfaat pasti.   (4) Usia pensiun ditetapkan menu rut ketentuan peraturan perundang- undangan.
UU_No_40_Tahun_2004_cleaned.txt,BAB VI: PROGRAM JAMINAN SOSIAL,PASAL 40,Peserta jaminan pensiun adalah pekerja yang telah membayar iuran.
UU_No_40_Tahun_2004_cleaned.txt,BAB VI: PROGRAM JAMINAN SOSIAL,PASAL 41,"(1) Manfaat jaminan pensiun berwujud  uang tunai yang diterima setiap  bulan sebagai :     a. Pensiun hari tua, diterima pe serta setelah pensiun sampai meninggal  dunia;    b. Pensiun cacat, diterima pesert a yang cacat akibat kecelakaan atau  akibat penyakit sampai meninggal dunia;    c. Pensiun janda/duda, diterima janda/duda ahli waris peserta sampai  meninggal dunia at au menikah lagi;    d. Pensiun anak, diterima anak ah li waris peserta sampai mencapai usia  23 (dua puluh tiga) tahun, be kerja, atau menikah; atau    e.  Pensiun orang tua, diterima oran g tua ahli waris peserta lajang sampai  batas waktu tertentu sesuai dengan peraturan perundang-undangan.   (2) Setiap peserta atau ahli warisnya berhak mendapatkan pembayaran uang  pensiun berkala setiap bulan setelah memenuhi masa iur minimal 15  (lima belas) tahun, kecuali ditetapk an lain oleh peraturan perundang- undangan.   (3) Manfaat jaminan pensiun dibay arkan kepada peserta yang telah  mencapai usia pensiun sesuai formula yang ditetapkan.   (4)  Apabila peserta meninggal dunia sebelum mencapai usia pensiun atau  belum memenuhi masa iur 15 (lima be las) tahun, ahli warisnya tetap  berhak mendapatkan manfaat jaminan pensiun.   (5) Apabila peserta mencapai usia pe nsiun sebelum memenuhi masa iur 15  (lima belas) tahun, peserta ters ebut berhak mendapatkan seluruh  akumulasi iurannya ditambah hasil pengembangannya.   (6) Hak ahli waris atas manfaat pensiun anak berakhir apabila anak tersebut  menikah, bekerja tetap, atau mencap ai usia 23 (dua puluh tiga) tahun.   (7) Manfaat pensiun cacat dibayarkan kepada peserta yang mengalami cacat  total tetap meskipun peserta tersebut  belum memasuki usia pensiun.    (8)  Ketentuan mengenai manfaat pensiu n sebagaimana dimaksud pada   ayat  (3), diatur lebih lanjut  dalam Peraturan Presiden."
UU_No_40_Tahun_2004_cleaned.txt,BAB VI: PROGRAM JAMINAN SOSIAL,PASAL 42,(1) Besarnya iuran jaminan pensiun unt uk peserta penerima upah ditentukan  berdasarkan persentase tertentu dari  upah atau penghasilan atau suatu  jumlah nominal tertentu yang ditanggung bersam a antara pemberi kerja  dan pekerja.   (2)  Ketentuan sebagaimana dimaksud pa da ayat (1) diatur lebih lanjut dalam  Peraturan Pemerintah.  Bagian Keenam  Jaminan Kematian
UU_No_40_Tahun_2004_cleaned.txt,BAB VI: PROGRAM JAMINAN SOSIAL,PASAL 43,(1) Jaminan kematian diselenggarakan secara nasional b erdasarkan prinsip  asuransi sosial.   (2) Jaminan kematian diselenggara kan dengan tujuan untuk memberikan  santunan kematian yang dibayarkan kepada ahli waris peserta yang  meninggal dunia.
UU_No_40_Tahun_2004_cleaned.txt,BAB VI: PROGRAM JAMINAN SOSIAL,PASAL 44,Peserta jaminan kematian adalah setiap  orang yang telah membayar iuran.
UU_No_40_Tahun_2004_cleaned.txt,BAB VI: PROGRAM JAMINAN SOSIAL,PASAL 45,(1) Manfaat jaminan kematian berupa  uang tunai dibaya rkan paling     lambat 3 (tiga) hari kerja setelah klaim diterima dan disetujui Badan  Penyelenggara Jaminan Sosial.   (2) Besarnya manfaat jaminan kema tian ditetapkan berdasarkan suatu  jumlah nominal tertentu.    (3) Ketentuan mengenai manfaat sebaga imana dimaksud pada ayat (2) diatur  lebih lanjut dalam Peraturan Pemerintah.
UU_No_40_Tahun_2004_cleaned.txt,BAB VI: PROGRAM JAMINAN SOSIAL,PASAL 46,"(1) Iuran jaminan kematian di tanggung oleh pemberi kerja.   (2)  Besarnya iuran jaminan kematian bagi peserta penerima upah ditentukan  berdasarkan persentase tertentu dari upah atau penghasilan.   (3) Besarnya iuran jaminan kematian  bagi peserta bukan penerima upah  ditentukan berdasarkan jumlah nomina l tertentu dibayar oleh peserta.   (4) Ketentuan sebagaimana dimaksud pa da ayat (1), ayat (2), dan ayat (3)  diatur lebih lanjut dalam Peraturan Pemerintah.  BAB VII : PENGELOLAAN DANA JAMINAN SOSIAL"
UU_No_40_Tahun_2004_cleaned.txt,BAB VII: PENGELOLAAN DANA JAMINAN SOSIAL,PASAL 47,"(1) Dana Jaminan Sosial wajib dikelola dan dikembangkan oleh Badan  Penyelenggara Jaminan Sosial secara optimal dengan mempertimbangkan  aspek likuiditas, solvabilitas, kehati-hatian, keamanan dana, dan hasil yang memadai.   (2) Tata cara pengelolaan dan pe ngembangan Dana Jaminan Sosial  sebagaimana dimaksud pada ayat (1) di atur lebih lanjut dalam Peraturan  Pemerintah."
UU_No_40_Tahun_2004_cleaned.txt,BAB VII: PENGELOLAAN DANA JAMINAN SOSIAL,PASAL 48,Pemerintah dapat melakukan tindakan-tindakan khusus guna menjamin  terpeliharanya tingkat kesehatan keua ngan Badan Penyelenggara Jaminan  Sosial.
UU_No_40_Tahun_2004_cleaned.txt,BAB VII: PENGELOLAAN DANA JAMINAN SOSIAL,PASAL 49,"(1) Badan Penyelenggar a Jaminan Sosial mengel ola pembukuan sesuai  dengan standar akuntansi yang berlaku.    (2)  Subsidi silang antarprogram dengan membayarkan manfaat suatu  program dari dana program lain tidak diperkenankan.   (3) Peserta berhak setiap saat mempero leh informasi tentang akumulasi iuran  dan hasil pengembangannya serta ma nfaat dari jenis program jaminan  hari tua, jaminan pensi un, dan jaminan kematian.   (4) Badan Penyelenggara Jaminan Sosial wajib memberikan informasi  akumulasi iuran berikut hasil pengembangannya kepada setiap peserta  jaminan hari tua sekurang-kuran gnya sekali dalam satu tahun."
UU_No_40_Tahun_2004_cleaned.txt,BAB VII: PENGELOLAAN DANA JAMINAN SOSIAL,PASAL 50,(1) Badan Penyelenggara Jaminan Sosial wajib membentuk cadangan teknis  sesuai dengan standar praktek aktu aria yang lazim dan berlaku umum.   (2) Ketentuan sebagaimana dimaksud pada ayat (1) diatur lebih lanjut dalam  Peraturan Pemerintah.
UU_No_40_Tahun_2004_cleaned.txt,BAB VII: PENGELOLAAN DANA JAMINAN SOSIAL,PASAL 51,Pengawasan terhadap pengelolaan ke uangan Badan Penyelenggara Jaminan  Sosial dilakukan oleh instansi yang berwenang sesuai dengan peraturan  perundangan-undangan.    BAB VIII : KETENTUAN PERALIHAN
UU_No_40_Tahun_2004_cleaned.txt,BAB VIII: KETENTUAN PERALIHAN,PASAL 52,"(1) Pada saat Undang-Undang ini mulai berlaku:     a. Perusahaan Perseroan (Persero)  Jaminan Sosial Tenaga Kerja  (JAMSOSTEK) yang dibentuk dengan Pe raturan Pemerintah       Nomor  36 Tahun 1995 tentang Penetapan  Badan Penyelenggara Program  Jaminan Sosial Tenaga Kerja (Lem baran Negara Republik Indonesia  Tahun 1995 Nomor 59), berdas arkan Undang-Undang Nomor 3  Tahun 1992 tentang Jaminan Sosial Tenaga Kerja (Lembaran Negara  Republik Indonesia Tahun 1992 Nomor 14, Tambahan Lembaran Negara Nomor 3468);    b. Perusahaan Perseroan (Persero) Da na Tabungan dan Asuransi Pegawai  Negeri (TASPEN) yang dibentuk deng an Peraturan Pemerintah Nomor  26 Tahun 1981 tentang Pengalihan Be ntuk Perusahaan Umum Dana  Tabungan dan Asuransi Pegawai Negeri Menjadi Perusahaan Perseroan (Persero) (Lembaran Negara Republik Indonesia Tahun 1981 Nomor 38), berdasarkan Un dang-Undang Nomor 11 Tahun  1969 tentang Pensiun Pegawai da n Pensiun Janda/Duda Pegawai  (Lembaran Negara Republik In donesia Tahun 1969 Nomor 42,  Tambahan Lembaran Negara Nomo r 2906), Undang-Undang Nomor  8 Tahun 1974 tentang Po kok-pokok Kepegawaia n (Lembaran Negara  Republik Indonesia Tahun 1974 Nomor 55, Tambahan Lembaran Negara Nomor 3014) sebagaimana telah diubah dengan Undang-Undang Nomor 43 Tahun 1999 (Lembaran Negara Republik  Indonesia Tahun 1999 Nomor 169,  Tambahan Lembaran Negara  Nomor 3890), dan Peraturan Pemeri ntah Nomor 25 Tahun 1981  tentang Asuransi Sosial Pegawai Negeri Sipil (Lembaran Negara Republik Indonesia Tahun 1981 Nomor 37, Tambahan Lembaran Negara Nomor 3200);     c. Perusahaan Perseroan (Persero) Asuransi Sosial Angkatan Bersenjata  Republik Indonesia (ASABRI) yang dibentuk dengan Peraturan  Pemerintah Nomor 68 Tahun 19 91 tentang Pengalihan Bentuk  Perusahaan Umum (Perum) Asuransi Sosial Angkatan Bersenjata Republik Indonesia menjadi Perusahaan Perseroan (Persero)  (Lembaran Negara Republik Indonesia Tahun 1991 Nomor 88);    d. Perusahaan Perseroan (Persero) Asuransi Kesehatan Indonesia (ASKES)  yang dibentuk dengan Peraturan Pemerintah Nomor 6 Tahun 1992  tentang Pengalihan Bent uk Perusahaan Umum (Perum) Husada Bhakti  menjadi Perusahaan Perseroan (Pers ero) (Lembaran Negara Republik  Indonesia Tahun 1992 Nomor 16);    tetap berlaku sepanjang belum dise suaikan dengan Undang-Undang ini.   (2) Semua ketentuan yang mengat ur mengenai Badan Penyelenggara  Jaminan Sosial sebagaimana dimaksud pada ayat (1) disesuaikan dengan Undang-Undang ini paling lambat 5 (lima) tahun sejak Undang-Undang  ini diundangkan.        BAB IX : KETENTUAN PENUTUP"
UU_No_40_Tahun_2004_cleaned.txt,BAB IX: KETENTUAN PENUTUP,PASAL 53,Undang-Undang ini mulai berlak u sejak tanggal diundangkan.
UU_No_40_Tahun_2007_cleaned.txt,"BAB IV: RENCANA KERJA, LAPORAN TAHUNAN,",PASAL 63,(1) Direksi menyusun rencana kerja tahunan sebelum  dimulainya tahun buku yang akan datang.    (2) Rencana . . .  -  32  -  (2) Rencana kerja sebagaimana dimaksud pada ayat (1)  memuat juga anggaran tahunan Perseroan untuk tahun  buku yang akan datang.
UU_No_40_Tahun_2007_cleaned.txt,"BAB IV: RENCANA KERJA, LAPORAN TAHUNAN,",PASAL 64,"(1) Rencana kerja sebagaimana dimaksud dalam Pasal 63 disampaikan kepada Dewan Komisaris atau RUPS  sebagaimana ditentukan dalam anggaran dasar.   (2) Anggaran dasar dapat menentukan rencana kerja yang  disampaikan oleh Direksi sebagaimana dimaksud pada  ayat (1) harus mendapat persetujuan Dewan Komisaris atau RUPS, kecuali ditentukan lain dalam peraturan  perundang-undangan.  (3) Dalam hal anggaran dasar menentukan rencana kerja  harus mendapat persetujuan RUPS, rencana kerja tersebut terlebih dahulu harus ditelaah Dewan Komisaris."
UU_No_40_Tahun_2007_cleaned.txt,"BAB IV: RENCANA KERJA, LAPORAN TAHUNAN,",PASAL 65,"(1) Dalam hal Direksi tidak menyampaikan rencana kerja  sebagaimana dimaksud dalam Pasal 64,  rencana kerja  tahun yang lampau diberlakukan.  (2) Rencana kerja tahun yang  lampau berlaku juga bagi  Perseroan yang rencana kerjanya belum memperoleh persetujuan sebagaimana ditentukan dalam anggaran  dasar atau peraturan perundang-undangan.      Bagian Kedua  Laporan Tahunan"
UU_No_40_Tahun_2007_cleaned.txt,"BAB IV: RENCANA KERJA, LAPORAN TAHUNAN,",PASAL 66,"(1) Direksi menyampaikan laporan tahunan kepada RUPS  setelah ditelaah oleh Dewan Komisaris dalam jangka waktu paling lambat 6 (enam) bulan setelah tahun buku Perseroan berakhir.  (2) Laporan tahunan sebagaimana dimaksud pada ayat (1)  harus memuat sekurang-kurangnya:    a. laporan . . .  -  33  -  a. laporan keuangan yang terdiri atas sekurang- kurangnya neraca akhir tahun buku yang baru  lampau dalam perbandingan dengan tahun buku sebelumnya, laporan laba rugi dari tahun buku yang  bersangkutan, laporan arus kas, dan laporan  perubahan ekuitas, serta catatan atas laporan  keuangan tersebut;  b. laporan mengenai kegiatan Perseroan;  c. laporan pelaksanaan Tanggung Jawab Sosial dan  Lingkungan;  d. rincian masalah yang timbul selama tahun buku yang  mempengaruhi kegiatan usaha Perseroan;  e. laporan mengenai tugas pengawasan yang telah  dilaksanakan oleh Dewan Komisaris selama tahun  buku yang baru lampau;  f. nama anggota Direksi dan anggota Dewan  Komisaris;   g. gaji dan tunjangan bagi anggota Direksi dan gaji atau  honorarium dan tunjangan bagi anggota Dewan Komisaris Perseroan untuk tahun yang baru lampau.  (3) Laporan keuangan sebagaimana dimaksud pada ayat (2)  huruf a disusun berdasarkan standar akuntansi  keuangan.   (4) Neraca dan laporan laba rugi dari tahun buku yang  bersangkutan sebagaimana dimaksud pada ayat (2) huruf  a bagi Perseroan yang wajib diaudit, harus disampaikan kepada Menteri sesuai dengan ketentuan peraturan  perundang-undangan."
UU_No_40_Tahun_2007_cleaned.txt,"BAB IV: RENCANA KERJA, LAPORAN TAHUNAN,",PASAL 67,"(1) Laporan tahunan sebagaimana dimaksud dalam Pasal 66  ayat (1) ditandatangani oleh semua anggota Direksi dan  semua anggota Dewan Komisaris yang menjabat pada tahun buku yang bersangkutan dan disediakan di kantor  Perseroan sejak tanggal panggilan RUPS untuk dapat  diperiksa oleh pemegang saham.  (2) Dalam hal terdapat anggota Direksi atau anggota Dewan  Komisaris yang tidak menandatangani laporan tahunan  sebagaimana dimaksud pada ayat (1), yang bersangkutan  harus menyebutkan alasannya secara tertulis, atau alasan  tersebut dinyatakan oleh Direksi dalam surat tersendiri  yang dilekatkan dalam laporan tahunan.  (3) Dalam . . .  -  34  -  (3) Dalam hal terdapat anggota Direksi atau anggota Dewan  Komisaris yang tidak menandatangani laporan tahunan   sebagaimana dimaksud pada ayat (1) dan tidak memberi  alasan secara tertulis, yang bersangkutan dianggap telah   menyetujui isi laporan tahunan."
UU_No_40_Tahun_2007_cleaned.txt,"BAB IV: RENCANA KERJA, LAPORAN TAHUNAN,",PASAL 68,"(1) Direksi wajib menyerahkan laporan keuangan Perseroan  kepada akuntan publik untuk diaudit apabila:  a. kegiatan usaha Perseroan adalah menghimpun dan/  atau mengelola dana masyarakat;  b. Perseroan menerbitkan surat pengakuan utang kepada  masyarakat;   c. Perseroan merupakan Perseroan Terbuka;  d. Perseroan  merupakan persero;   e. Perseroan mempunyai aset dan/atau jumlah   peredaran usaha dengan jumlah nilai paling sedikit  Rp50.000.000.000,00 (lima puluh miliar rupiah); atau  f. diwajibkan oleh peraturan perundang-undangan.  (2) Dalam hal kewajiban sebagaimana dimaksud pada ayat (1 )  tidak dipenuhi, laporan keuangan tidak disahkan oleh   RUPS.  (3) Laporan atas hasil audit akuntan publik sebagaimana  dimaksud pada ayat (1) disampaikan secara tertulis  kepada RUPS melalui Direksi.  (4) Neraca dan laporan laba rugi dari laporan keuangan   sebagaimana dimaksud pada ayat (1) huruf a, huruf b,  dan hur uf c se telah mendapat pengesahan RUPS   diumumkan dalam 1 (satu) Surat Kabar.  (5) Pengumuman neraca dan laporan laba rugi sebagaimana  dimaksud pada ayat (4) dilakukan paling lambat 7 (tujuh)   hari setelah mendapat pengesahan RUPS.  (6) Pengurangan besarnya jumlah nilai sebagaimana  dimaksud pada ayat (1) hu ruf  e ditetapkan dengan  Peraturan Pemerintah."
UU_No_40_Tahun_2007_cleaned.txt,"BAB IV: RENCANA KERJA, LAPORAN TAHUNAN,",PASAL 69,"(1) Persetujuan laporan tahunan termasuk pengesahan  laporan keuangan serta laporan tugas pengawasan Dewan  Komisaris dilakukan oleh RUPS.    (2) Keputusan . . .  -  35  -  (2) Keputusan atas pengesahan laporan keuangan dan  persetujuan laporan tahunan sebagaimana dimaksud  pada ayat (1) ditetapkan berdasarkan ketentuan dalam Undang-Undang ini dan/atau anggaran dasar.  (3) Dalam hal laporan keuangan yang disediakan ternyata  tidak benar dan/atau menyesatkan, anggota Direksi dan anggota Dewan Komisaris secara tanggung renteng bertanggung jawab terhadap pihak yang dirugikan.  (4) Anggota Direksi dan anggota Dewan Komisaris dibebaskan  dari tanggung jawab sebagaimana dimaksud pada ayat (3)  apabila terbukti bahwa keadaan tersebut bukan karena  kesalahannya.      Bagian Ketiga  Penggunaan Laba"
UU_No_40_Tahun_2007_cleaned.txt,"BAB IV: RENCANA KERJA, LAPORAN TAHUNAN,",PASAL 70,(1) Perseroan wajib menyisihkan jumlah tertentu dari laba  bersih setiap tahun buku untuk cadangan.  (2) Kewajiban penyisihan untuk cadangan sebagaimana  dimaksud pada ayat (1) berlaku apabila Perseroan  mempunyai saldo laba yang positif.  (3) Penyisihan laba bersih sebagaimana  dimaksud pada ayat  (1) dilakukan sampai cadangan mencapai paling sedikit 20  % (dua puluh persen) dari jumlah modal yang  ditempatkan dan disetor.  (4) Cadangan  sebagaimana  dimaksud pada ayat (1) yang  belum mencapai jumlah sebagaimana dimaksud pada ayat  (3) hanya boleh dipergunakan untuk  menutup kerugian  yang tidak dapat dipenuhi oleh cadangan lain.
UU_No_40_Tahun_2007_cleaned.txt,"BAB IV: RENCANA KERJA, LAPORAN TAHUNAN,",PASAL 71,"(1) Penggunaan laba bersih termasuk penentuan jumlah  penyisihan untuk cadangan sebagaimana  dimaksud  dalam Pasal 70 ayat (1) diputuskan oleh RUPS.  (2) Seluruh laba bersih setelah dikurangi penyisihan untuk  cadangan sebagaimana dimaksud dalam Pasal 70 ayat (1)  dibagikan kepada pemegang saham sebagai dividen,  kecuali ditentukan lain dalam RUPS.  (3) Dividen . . .  -  36  -  (3) Dividen sebagaimana dimaksud pada ayat (2) hanya boleh  dibagikan apabila Perseroan mempunyai saldo laba yang  positif."
UU_No_40_Tahun_2007_cleaned.txt,"BAB IV: RENCANA KERJA, LAPORAN TAHUNAN,",PASAL 72,"(1) Perseroan dapat membagikan dividen interim sebelum  tahun buku Perser oan bera khir sepanjang diatur dalam  anggaran dasar Perseroan.  (2) Pembagian dividen interim sebagaimana dimaksud pada  ayat (1) dapat dilakukan apabila jumlah kekayaan bersih  Perseroan tidak me njadi lebih kecil daripada jumlah modal   ditempatkan dan disetor ditambah cadangan wajib.   (3) Pembagian dividen interim sebagaimana dimaksud pada  ayat (2) tidak boleh meng ganggu atau menyebabkan   Perseroan tidak dapat memenuhi kewajibannya  pada   kreditor atau mengganggu kegiatan Perseroan.  (4) Pembagian dividen interim ditetapkan berdasarkan  keputusan Direksi setelah memperoleh persetujuan  Dewan Komisaris, dengan memperhatikan ketentuan pad a  ayat (2) dan ayat (3).  (5) Dalam hal setelah tahun buku berakhir ternyata   Perseroan menderita kerugian, dividen interim yang telah   dibagikan harus dikembalikan oleh pemegang saham  kepada Perseroan.  (6) Direksi dan Dewan Komisaris bertanggung jawab secara  tanggung renteng atas kerugian Perseroan,  dalam hal   pemegang saham tidak dapat mengembalikan dividen   interim sebagaimana dimaksud pada ayat (5)."
UU_No_40_Tahun_2007_cleaned.txt,"BAB IV: RENCANA KERJA, LAPORAN TAHUNAN,",PASAL 73,"(1) Dividen yang tidak diambil setelah 5 (li ma) tahun  terhitung sejak tanggal yang ditetapkan untuk  pembayaran dividen lampau, dimasukkan ke dalam  cadangan khusus.  (2) RUPS mengatur tata cara pe ngambilan dividen yang telah  dimasukkan ke dalam cadangan khusus sebagaimana  dimaksud pada ayat (1).  (3) Dividen yang telah dimasukkan dalam cadangan khusus  sebagaimana dimaksud pada ayat (1) dan tidak diambil  dalam jangka waktu 10 (sepuluh) tahun akan menjadi hak   Perseroan.   BAB  V  . . .  -  37  -  BAB V : TANGGUNG JAWAB SOSIAL DAN LINGKUNGAN"
UU_No_40_Tahun_2007_cleaned.txt,BAB V: TANGGUNG JAWAB SOSIAL DAN LINGKUNGAN,PASAL 74,(1) Perseroan  yang menjalankan kegiatan usahanya di bidang  dan/atau berkaitan dengan sumber daya alam wajib  melaksanakan Tanggung Jawab Sosial dan Lingkungan.  (2) Tanggung Jawab Sosial dan Lingkungan sebagaimana  dimaksud pada ayat (1)  merupakan kewajiban Perseroan  yang dianggarkan dan diperhitungkan sebagai biaya  Perseroan yang pelaksanaannya dilakukan dengan  memperhatikan kepatutan dan kewajaran.  (3) Perseroan yang tidak melaksanakan kewajiban  sebagaimana dimaksud pada ayat (1) dikenai sanksi  sesuai dengan ketentuan peraturan perundang-undangan.  (4) Ketentuan lebih lanjut mengenai Tanggung Jawab Sosial  dan Lingkungan diatur dengan Peraturan Pemerintah.        BAB VI : RAPAT UMUM PEMEGANG SAHAM
UU_No_40_Tahun_2007_cleaned.txt,BAB VI: RAPAT UMUM PEMEGANG SAHAM,PASAL 75,"(1) RUPS mempunyai wewenang yang tidak diberikan kepada  Direksi atau Dewan Komisaris, dalam batas yang ditentukan dalam Undang-Undang ini dan/atau anggaran dasar.  (2) Dalam forum RUPS, pemegang saham berhak memperoleh  keterangan yang berkaitan dengan Perseroan dari Direksi dan/atau Dewan Komisaris, sepanjang berhubungan dengan mata acara rapat dan tidak bertentangan dengan  kepentingan Perseroan.  (3) RUPS dalam mata acara lain-lain tidak berhak mengambil  keputusan, kecuali semua pemegang saham hadir dan/atau diwakili dalam RUPS dan menyetujui  penambahan mata acara rapat.  (4) Keputusan atas mata acara rapat yang ditambahkan  harus disetujui dengan suara bulat.    Pasal 76 . . .  -  38  -"
UU_No_40_Tahun_2007_cleaned.txt,BAB VI: RAPAT UMUM PEMEGANG SAHAM,PASAL 76,"(1) RUPS diadakan di tempat kedudukan Perseroan atau di   tempat Perseroan melakukan  kegiatan usahanya yang  utama  sebagaimana ditentukan dalam anggaran dasar.  (2) RUPS Perseroan Terbuka dapat diadakan di tempat  kedudukan bursa di mana saham Perseroan dicatatkan.  (3) Tempat RUPS sebagaimana dimaksud pada ayat (1) dan   ayat (2) harus terletak di wilayah negara Republik   Indonesia.  (4) Jika dalam RUPS hadir dan/atau diwakili semua  pemegang saham dan semua pemegang saham menyetujui   diadakannya RUPS dengan agenda tertentu, RUPS dapat  diadakan di manapun dengan memperhatikan ketentuan  sebagaimana dimaksud pada ayat (3).  (5) RUPS sebagaimana dimaksud pada ayat (4) dapat  mengambil keputusan jika keputusan tersebut disetujui   dengan suara bulat."
UU_No_40_Tahun_2007_cleaned.txt,BAB VI: RAPAT UMUM PEMEGANG SAHAM,PASAL 77,"(1) Selain penyelenggaraan RUPS sebagaimana dimaksud  dalam Pasal 76, RUPS dapat juga dilakukan melalui media  telekonferensi, video konferensi, atau sarana media  elektronik lainnya yang memungkinkan semua peserta  RUPS saling melihat dan mendengar secara langsung serta  berpartisipasi dalam rapat.  (2) Persyaratan kuorum dan persyaratan pengambilan  keputusan adalah persyaratan sebagaimana diatur dalam   Undang-Undang ini dan/atau sebagaimana diatur dalam   anggaran dasar Perseroan.   (3) Persyaratan sebagaimana dimaksud pada ayat (2) dihitung  berdasarkan keikutsertaan peserta RUPS sebagaimana  dimaksud pada ayat (1).  (4) Setiap penyelenggaraan RUPS sebagaimana dimaksud  pada ayat (1) harus dibuatkan risalah rapat yang disetujui   dan ditandatangani oleh semua peserta RUPS."
UU_No_40_Tahun_2007_cleaned.txt,BAB VI: RAPAT UMUM PEMEGANG SAHAM,PASAL 78,"(1) RUPS terdiri atas RUPS tahunan dan RUPS lainnya.  (2) RUPS tahunan wajib diadakan dalam j angka waktu paling   lambat 6 (enam) bulan setelah tahun buku berakhir.  (3) Dalam . . .  -  39  -  (3) Dalam RUPS tahunan, harus diajukan semua dokumen  dari laporan tahunan Perseroan sebagaimana dimaksud  dalam Pasal 66 ayat (2).  (4) RUPS lainnya dapat diadakan setiap waktu berdasarkan  kebutuhan untuk kepentingan Perseroan."
UU_No_40_Tahun_2007_cleaned.txt,BAB VI: RAPAT UMUM PEMEGANG SAHAM,PASAL 79,"(1) Direksi menyelenggarakan RUPS tahunan sebagaimana  dimaksud dalam Pasal 78 ayat (2) dan RUPS lainnya  sebagaimana dimaksud dalam Pasal 78 ayat (4) dengan  didahului pemanggilan RUPS.  (2) Penyelenggaraan RUPS sebagaimana dimaksud pada ayat  (1) dapat dilakukan atas permintaan:  a. 1 (satu) orang atau lebih pemegang saham yang  bersama-sama mewakili 1/10 (satu persepuluh) atau  lebih dari jumlah seluruh saham dengan hak suara,  kecuali anggaran dasar menentukan suatu jumlah  yang lebih kecil; atau  b. Dewan Komisaris.  (3) Permintaan sebagaimana dimaksud pada ayat (2) diajukan  kepada Direksi dengan Surat Tercatat disertai alasannya.  (4) Surat Tercatat sebagaimana dimaksud pada ayat (3) yang  disampaikan oleh pemegang saham tembusannya  disampaikan kepada Dewan Komisaris.  (5) Direksi wajib melakukan pemanggilan RUPS dalam jangka  waktu paling lambat 15 (lima belas) hari terhitung sejak  tanggal permintaan penyelenggaraan RUPS diterima.  (6) Dalam hal Direksi tidak melakukan pemanggilan RUPS  sebagaimana dimaksud pada ayat (5),  a. permintaan penyelenggaraan RUPS sebagaimana  dimaksud pada ayat (2) huruf a diajukan kembali  kepada Dewan Komisaris; atau  b. Dewan Komisaris melakukan pemanggilan sendiri  RUPS, sebagaimana dimaksud pada ayat (2) huruf b.  (7) Dewan Komisaris wajib melakukan pemanggilan RUPS  sebagaimana dimaksud pada ayat (6) huruf a dalam  jangka waktu paling lambat 15 (lima belas) hari terhitung  sejak tanggal permintaan penyelenggaraan RUPS diterima.    (8) RUPS . . .  -  40  -  (8) RUPS yang diselenggarakan Direksi berdasarkan  panggilan RUPS sebagaimana dimaksud pada ayat (5)  membicarakan masalah yang berkaitan dengan alasan sebagaimana dimaksud pada ayat (3) dan mata acara  rapat lainnya yang dipandang perlu oleh Direksi.  (9) RUPS yang diselenggarakan Dewan Komisaris  berdasarkan panggilan RUPS sebagaimana dimaksud pada ayat (6) huruf b dan ayat (7) hanya membicarakan  masalah yang berkaitan dengan alasan sebagaimana dimaksud pada ayat (3).   (10) Penyelenggaraan RUPS Perseroan Terbuka tunduk pada  ketentuan Undang-Undang ini sepanjang ketentuan  peraturan perundang-undangan di bidang pasar modal  tidak menentukan lain."
UU_No_40_Tahun_2007_cleaned.txt,BAB VI: RAPAT UMUM PEMEGANG SAHAM,PASAL 80,"(1) Dalam hal Direksi atau Dewan Komisaris tidak melakukan  pemanggilan RUPS dalam jangka waktu sebagaimana dimaksud dalam Pasal 79 ayat (5) dan ayat (7),  pemegang saham yang meminta penyelenggaraan RUPS dapat  mengajukan permohonan kepada ketua pengadilan negeri  yang daerah hukumnya meliputi tempat kedudukan  Perseroan untuk menetapkan pemberian izin kepada  pemohon melakukan sendiri pemanggilan RUPS tersebut.  (2) Ketua pengadilan negeri setelah memanggil dan   mendengar pemohon, Direksi dan/atau Dewan Komisaris,  menetapkan pemberian izin untuk menyelenggarakan  RUPS apabila pemohon secara sumir telah membuktikan  bahwa persyaratan telah dipenuhi dan pemohon  mempunyai kepentingan yang wajar untuk  diselenggarakannya RUPS.  (3) Penetapan ketua pengadilan negeri sebagaimana  dimaksud pada ayat (2) memuat juga ketentuan mengenai:  a. bentuk RUPS, mata acara RUPS sesuai dengan  permohonan pemegang saham, jangka waktu  pemanggilan RUPS, kuorum kehadiran, dan/atau ketentuan tentang persyaratan pengambilan  keputusan RUPS, serta penunjukan ketua rapat,  sesuai dengan atau tanpa terikat pada ketentuan  Undang-Undang ini atau anggaran dasar; dan/atau    b. perintah . . .  -  41  -  b. perintah yang mewajibkan Direksi dan/atau Dewan  Komisaris untuk hadir dalam RUPS.  (4) Ketua pengadilan negeri menolak permohonan dalam hal  pemohon tidak dapat membuktikan secara sumir  bahwa  persyaratan  telah dipenuhi dan pemohon mempunyai  kepentingan yang wajar untuk diselenggarakannya RUPS.  (5) RUPS sebagaimana dimaksud pada ayat (1) hanya boleh  membicarakan mata acara rapat sebagaimana ditetapkan  oleh ketua pengadilan  negeri.  (6) Penetapan ketua pengadilan negeri mengenai pemberian  izin sebagaimana dimaksud pada ayat (3) bersifat final dan  mempunyai kekuatan hukum tetap.  (7) Dalam hal penetapan ketua pengadilan negeri menolak  permohonan sebagaimana dimaksud pada ayat (4), upaya  hukum yang dapat diajukan hanya kasasi.  (8) Ketentuan sebagaimana dimaksud pada ayat (1) berlaku  juga bagi Perseroan Terbuka dengan memperhatikan  persyaratan pengumuman akan diadakannya RUPS dan  persyaratan lainnya untuk penyelenggaraan RUPS  sebagaimana diatur dalam peraturan perundang- undangan di bidang pasar modal."
UU_No_40_Tahun_2007_cleaned.txt,BAB VI: RAPAT UMUM PEMEGANG SAHAM,PASAL 81,"(1) Direksi melakukan pemanggilan kepada pemegang saham  sebelum menyelenggarakan RUPS.  (2) Dalam hal tertentu, pemanggilan RUPS sebagaimana  dimaksud pada ayat (1) dapat dilakukan oleh Dewan Komisaris atau pemegang saham berdasarkan penetapan ketua pengadilan negeri."
UU_No_40_Tahun_2007_cleaned.txt,BAB VI: RAPAT UMUM PEMEGANG SAHAM,PASAL 82,"(1) Pemanggilan RUPS dilakukan dalam jangka waktu paling  lambat 14 (empat belas) hari sebelum tanggal RUPS  diadakan, dengan tidak memperhitungkan tanggal  pemanggilan dan tanggal RUPS.  (2) Pemanggilan RUPS dilakukan dengan Surat Tercatat  dan/atau dengan iklan dalam Surat Kabar.    (3) Dalam . . .  -  42  -  (3) Dalam panggilan RUPS  dicantumkan tanggal, waktu,  tempat, dan mata acara rapat disertai pemberitahuan  bahwa bahan yang akan dibicarakan dalam RUPS tersedia di kantor Perseroan sejak tanggal dilakukan pemanggilan  RUPS sampai dengan tanggal RUPS diadakan.  (4) Perseroan wajib memberikan salinan bahan sebagaimana  dimaksud pada ayat (3) kepada pemegang saham secara cuma-cuma jika diminta.  (5) Dalam hal pemanggilan tidak sesuai dengan ketentuan  sebagaimana dimaksud pada ayat (1) dan ayat (2), dan  panggilan  tidak sesuai dengan ketentuan ayat (3),  keputusan RUPS tetap sah jika semua pemegang saham  dengan hak suara hadir atau diwakili dalam RUPS dan  keputusan tersebut disetujui dengan suara bulat."
UU_No_40_Tahun_2007_cleaned.txt,BAB VI: RAPAT UMUM PEMEGANG SAHAM,PASAL 83,"(1) Bagi Perseroan Terbuka, sebelum pemanggilan RUPS  dilakukan wajib didahului dengan pengumuman  mengenai akan diadakan pemanggilan RUPS dengan memperhatikan peraturan perundang-undangan di bidang  pasar modal.  (2) Pengumuman sebagaimana  dimaksud pada ayat (1)  dilakukan dalam jangka waktu paling lambat 14 (empat  belas) hari sebelum pemanggilan RUPS."
UU_No_40_Tahun_2007_cleaned.txt,BAB VI: RAPAT UMUM PEMEGANG SAHAM,PASAL 84,"(1) Setiap saham yang dikeluarkan mempunyai satu hak  suara, kecuali anggaran dasar menentukan lain.  (2) Hak suara sebagaimana dimaksud pada ayat (1) tidak  berlaku untuk:  a. saham Perseroan yang dikuasai sendiri oleh Perseroan;  b. saham induk Perseroan yang dikuasai oleh anak  perusahaannya secara langsung atau tidak langsung;  atau  c. saham Perseroan yang dikuasai oleh Perseroan lain  yang sahamnya secara langsung atau tidak langsung  telah dimiliki oleh Perseroan.         Pasal 85 . . .  -  43  -"
UU_No_40_Tahun_2007_cleaned.txt,BAB VI: RAPAT UMUM PEMEGANG SAHAM,PASAL 85,"(1) Pemegang saham, baik sendiri maupun diwakili   berdasarkan surat kuasa berhak menghadiri RUPS dan  menggunakan  hak suaranya sesuai dengan jumlah   saham yang dimilikinya.  (2) Ketentuan sebagaimana dimaksud pada ayat (1) tidak  berlaku bagi pemegang saham dari saham tanpa hak  suara.  (3) Dalam pemungutan suara, suara yang dikeluarkan ole h  pemegang saham berlaku untuk seluruh saham yang   dimilikinya dan pemegang saham tidak berhak  memberikan kuasa kepada lebih dari seorang kuasa untuk  sebagian dari jumlah saham yang dimilikinya dengan   suara yang berbeda.  (4) Dalam pemungutan suara, anggota Direksi, anggota  Dewan Komisaris, dan karyawan  Perseroan yang  bersangkutan dilarang bertindak sebagai kuasa dari  pemegang saham sebagaimana dimaksud pada ayat (1).  (5) Dalam hal pemegang saham hadir se ndiri dalam RUPS ,  surat kuasa yang telah diberikan tidak berlaku untuk  rapat tersebut.  (6) Ketua rapat berhak menentukan siapa yang berhak hadir  dalam RUPS dengan memperhatikan ketentuan Undang - Undang ini dan  anggaran dasar Perseroan.   (7) Terhadap Perseroan Terbuka selain berlaku ketentuan    sebagaimana dimaksud pada ayat (3) dan ayat (6) berlaku   juga ketentuan peraturan perundang-undangan di bidang  pasar modal."
UU_No_40_Tahun_2007_cleaned.txt,BAB VI: RAPAT UMUM PEMEGANG SAHAM,PASAL 86,"(1) RUPS dapat dilangsungkan jika dalam RUPS lebih dari  1/2 (satu perdua) bagian dari jumlah seluruh saham  dengan hak suara hadir atau diwakili, kecuali Undang- Undang dan/atau anggaran dasar menentukan jumlah   kuorum yang lebih besar.  (2) Dalam hal kuorum sebagaimana dimaksud pada ayat (1)   tidak tercapai, dapat  diadakan pemanggilan RUPS kedua.   (3) Dalam pemanggilan RUPS kedua harus disebutkan bahwa  RUPS pertama telah dilangsungkan dan tidak mencapai  kuorum.   (4) RUPS . . .  -  44  -  (4) RUPS kedua sebagaimana dimaksud pada ayat (2)  sah  dan berhak mengambil keputusan jika dalam RUPS paling  sedikit 1/3 (satu pertiga) bagian dari jumlah seluruh saham dengan hak suara hadir atau diwakili, kecuali  anggaran dasar menentukan jumlah kuorum yang lebih  besar.  (5) Dalam hal kuorum RUPS kedua sebagaimana dimaksud  pada ayat (4) tidak tercapai, Perseroan dapat memohon  kepada ketua pengadilan negeri yang daerah hukumnya  meliputi tempat kedudukan Perseroan atas permohonan  Perseroan agar ditetapkan kuorum untuk RUPS ketiga.  (6) Pemanggilan RUPS ketiga harus menyebutkan bahwa  RUPS kedua telah dilangsungkan dan tidak mencapai  kuorum dan RUPS ketiga akan dilangsungkan dengan  kuorum yang telah ditetapkan oleh ketua pengadilan  negeri.  (7) Penetapan ketua pengadilan negeri mengenai kuorum  RUPS sebagaimana dimaksud pada ayat (5) bersifat final  dan mempunyai kekuatan hukum tetap .  (8) Pemanggilan RUPS kedua dan ketiga dilakukan dalam  jangka waktu paling lambat 7 (tujuh) hari sebelum RUPS  kedua atau ketiga dilangsungkan.  (9) RUPS kedua dan ketiga dilangsungkan  dalam jangka  waktu paling cepat 10 (sepuluh) hari dan paling lambat 21  (dua puluh satu) hari setelah RUPS yang mendahuluinya dilangsungkan."
UU_No_40_Tahun_2007_cleaned.txt,BAB VI: RAPAT UMUM PEMEGANG SAHAM,PASAL 87,"(1) Keputusan RUPS diambil berdasarkan musyawarah untuk  mufakat.  (2) Dalam hal keputusan berdasarkan musyawarah untuk  mufakat sebagaimana dimaksud pada ayat (1) tidak  tercapai, keputusan adalah sah jika disetujui lebih dari  1/2 (satu perdua) bagian dari jumlah suara yang   dikeluarkan  kecuali Undang-Undang dan/atau anggaran  dasar menentukan bahwa keputusan adalah sah jika  disetujui oleh jumlah  suara setuju yang lebih besar."
UU_No_40_Tahun_2007_cleaned.txt,BAB VI: RAPAT UMUM PEMEGANG SAHAM,PASAL 88,
UU_No_40_Tahun_2007_cleaned.txt,BAB VI: RAPAT UMUM PEMEGANG SAHAM,PASAL 88,"(1) RUPS untuk mengubah anggaran dasar dapat  dilangsungkan jika dalam rapat paling sedikit 2/3 (dua  pertiga) bagian dari jumlah seluruh saham dengan hak  suara hadir atau diwakili dalam RUPS dan keputusan  adalah sah jika  disetujui paling sedikit 2/3 (dua pertiga)  bagian dari jumlah suara yang dikeluarkan, kecuali anggaran dasar menentukan kuorum kehadiran dan/atau  ketentuan tentang pengambilan keputusan RUPS yang  lebih besar.  (2) Dalam hal kuorum kehadiran sebagaimana dimaksud  pada ayat (1) tidak tercapai, dapat diselenggarakan RUPS  kedua.  (3) RUPS kedua sebagaimana dimaksud pada ayat (2) sah dan  berhak mengambil keputusan jika dalam rapat paling  sedikit 3/5 (tiga perlima) bagian dari jumlah seluruh  saham  dengan hak suara hadir atau diwakili dalam RUPS  dan keputusan adalah sah jika disetujui paling sedikit 2/3  (dua pertiga) bagian dari jumlah suara yang dikeluarkan, kecuali anggaran dasar menentukan kuorum kehadiran  dan/atau ketentuan tentang pengambilan keputusan  RUPS yang lebih besar.  (4) Ketentuan sebagaimana dimaksud dalam Pasal 86 ayat  (5), ayat (6), ayat (7), ayat (8), dan ayat (9) mutatis  mutandis berlaku bagi RUPS sebagaimana dimaksud pada  ayat (1).  (5) Ketentuan sebagaimana dimaksud pada ayat (1), ayat (2),  dan ayat (3) mengenai kuorum kehadiran dan ketentuan  tentang persyaratan pengambilan keputusan RUPS  berlaku juga bagi Perseroan Terbuka sepanjang tidak  diatur lain dalam peraturan perundang-undangan di  bidang pasar modal.          Pasal 89 . . .  -  46  -"
UU_No_40_Tahun_2007_cleaned.txt,BAB VI: RAPAT UMUM PEMEGANG SAHAM,PASAL 89,"(1) RUPS untuk menyetujui Penggabungan, Peleburan,  Pengambilalihan, atau Pemisahan, pengajuan permohonan  agar Perseroan dinyatakan pailit, perpanjangan jangka  waktu berdirinya, dan pembubaran Perseroan dapat  dilangsungkan jika dalam rapat paling sedikit 3/4 (tiga  perempat) bagian dari jumlah seluruh saham dengan hak suara hadir atau diwakili dalam RUPS dan keputusan  adalah sah jika  disetujui paling sedikit 3/4 (tiga  perempat) bagian dari jumlah suara yang dikeluarkan,  kecuali anggaran dasar menentukan kuorum kehadiran  dan/atau ketentuan tentang persyaratan pengambilan keputusan RUPS yang lebih besar.  (2) Dalam hal kuorum kehadiran sebagaimana dimaksud  pada ayat (1) tidak tercapai, dapat diadakan RUPS kedua.  (3) RUPS kedua sebagaimana dimaksud pada ayat (2) sah dan  berhak mengambil keputusan jika dalam rapat paling  sedikit 2/3 (dua pertiga) bagian dari jumlah seluruh  saham  dengan hak suara hadir atau diwakili dalam RUPS  dan  keputusan adalah sah jika disetujui oleh paling  sedikit 3/4 (tiga perempat) bagian dari jumlah suara yang dikeluarkan, kecuali anggaran dasar menentukan kuorum  kehadiran dan/atau ketentuan tentang persyaratan  pengambilan keputusan RUPS yang lebih besar.  (4) Ketentuan sebagaimana dimaksud dalam Pasal 86 ayat  (5), ayat (6), ayat (7), ayat (8), dan ayat (9) mutatis  mutandis berlaku bagi RUPS sebagaimana dimaksud pada  ayat (1).  (5) Ketentuan sebagaimana dimaksud pada ayat (1), ayat (2),  dan ayat (3) mengenai kuorum kehadiran dan/atau  ketentuan tentang persyaratan pengambilan keputusan  RUPS berlaku juga bagi Perseroan Terbuka sepanjang  tidak diatur lain dalam peraturan perundang-undangan di  bidang pasar modal."
UU_No_40_Tahun_2007_cleaned.txt,BAB VI: RAPAT UMUM PEMEGANG SAHAM,PASAL 90,"(1) Setiap penyelenggaraan RUPS, risalah RUPS wajib dibuat dan ditandatangani oleh ketua rapat dan paling sedikit 1  (satu) orang pemegang saham yang ditunjuk  dari dan oleh  peserta RUPS.    (2) Tanda . . .  -  47  -  (2) Tanda tangan sebagaimana dimaksud pada ayat (1) tidak  disyaratkan apabila risalah RUPS tersebut dibuat dengan  akta notaris."
UU_No_40_Tahun_2007_cleaned.txt,BAB VI: RAPAT UMUM PEMEGANG SAHAM,PASAL 91,Pemegang saham dapat juga mengambil keputusan yang mengikat di luar RUPS dengan syarat semua pemegang saham  dengan hak suara menyetujui secara tertulis dengan  menandatangani usul yang bersangkutan.      BAB VII : DIREKSI DAN DEWAN KOMISARIS   Bagian Kesatu  Direksi
UU_No_40_Tahun_2007_cleaned.txt,BAB VII: DIREKSI DAN DEWAN KOMISARIS,PASAL 92,"(1) Direksi menjalankan pengurusan Perseroan untuk  kepentingan Perseroan dan sesuai dengan maksud dan  tujuan Perseroan.   (2) Direksi berwenang menjalankan pengurusan sebagaimana  dimaksud pada ayat (1) sesuai dengan kebijakan yang dipandang tepat, dalam batas yang ditentukan dalam  Undang-Undang ini dan/atau anggaran dasar.  (3) Direksi Perseroan terdiri atas 1 (satu) orang anggota  Direksi atau lebih.  (4) Perseroan yang kegiatan usahanya berkaitan dengan  menghimpun dan/atau mengelola dana masyarakat,  Perseroan yang menerbitkan surat  pengakuan utang  kepada masyarakat, atau  Perseroan Terbuka wajib  mempunyai  paling  sedikit 2 (dua) orang anggota Direksi.  (5 ) Dalam hal Direksi terdiri atas 2 (dua) anggota Direksi atau  lebih, pembagian tugas dan wewenang pengurusan di  antara anggota Direksi ditetapkan berdasarkan keputusan RUPS.  (6) Dalam hal RUPS sebagaimana dimaksud pada ayat (5)  tidak menetapkan, pembagian tugas dan wewenang  anggota Direksi  ditetapkan berdasarkan keputusan  Direksi.    Pasal 93 . . .  -  48  -"
UU_No_40_Tahun_2007_cleaned.txt,BAB VII: DIREKSI DAN DEWAN KOMISARIS,PASAL 93,"(1) Yang dapat diangkat menjadi anggota Direksi adalah   orang  perseorangan yang cakap me lakukan perbuatan   hukum, kecuali dalam waktu 5 (lima) tahun sebelum   pengangkatannya pernah:  a. dinyatakan pailit;  b.  menjadi anggota Direksi atau anggota Dewan  Komisaris  yang dinyatakan bersalah menyebabkan   suatu Perseroan dinyatakan pailit; atau   c. dihukum karena melakukan tindak pidana yang  merugikan keuangan negara dan/atau yang berkaitan  dengan sektor keuangan.  (2) Ketentuan persyaratan sebagaimana dimaksud pada ayat  (1) tidak mengurangi kemungkinan instansi teknis yang  berwenang menetapkan persyaratan tambahan   berdasarkan peraturan perundang-undangan.  (3) Pemenuhan persyaratan sebagaimana dimaksud pada   ayat (1) dan ayat (2) dibuktikan dengan surat yang   disimpan oleh Perseroan."
UU_No_40_Tahun_2007_cleaned.txt,BAB VII: DIREKSI DAN DEWAN KOMISARIS,PASAL 94,"(1) Anggota Direksi diangkat oleh RUPS.  (2) Untuk pertama  kali pengangkatan anggota Direksi  dilakukan oleh pendiri dalam akta pendirian sebagaimana  dimaksud dalam Pasal  8 ayat (2) huruf b .   (3) Anggota  Direksi diangkat untuk jangka waktu tertentu   dan dapat diangkat kembali.  (4) Anggaran dasar mengatur tata cara pengangkatan,   penggantian, dan pemberhentian anggota Direksi dan  dapat juga mengatur tentang tata cara pencalonan   anggota Direksi.  (5) Keputusan RUPS mengenai pengangkatan, penggantian,   dan pemberhentian anggota Direksi juga menetapkan saat  mulai berlakunya pengangkatan, penggantian, dan  pemberhentian tersebut.    (6) Dalam hal RUPS tidak menetapkan saat mulai be rlakunya  pengangkatan, penggantian, dan pemberhentian anggota  Direksi, pengangkatan, penggantian, dan pemberhentian  anggota Direksi tersebut mulai berlaku sejak ditutupnya  RUPS.    (7) Dalam . . .  -  49  -  (7) Dalam hal terjadi pengangkatan, penggantian, dan  pemberhentian anggota Direksi, Direksi wajib  memberitahukan perubahan anggota Direksi kepada Menteri untuk dicatat dalam daftar Perseroan dalam  jangka waktu paling lambat 30 (tiga puluh) hari terhitung  sejak tanggal keputusan RUPS tersebut.  (8) Dalam hal pemberitahuan sebagaimana dimaksud pada  ayat (7) belum dilakukan, Menteri menolak setiap  permohonan yang diajukan atau pemberitahuan yang  disampaikan kepada Menteri oleh Direksi yang belum  tercatat dalam daftar Perseroan.   (9) Pemberitahuan sebagaimana dimaksud pada ayat (8) tidak  termasuk pemberitahuan yang disampaikan oleh Direksi  baru atas pengangkatan dirinya sendiri."
UU_No_40_Tahun_2007_cleaned.txt,BAB VII: DIREKSI DAN DEWAN KOMISARIS,PASAL 95,"(1) Pengangkatan anggota Direksi yang tidak memenuhi  persyaratan sebagaimana dimaksud dalam Pasal 93 batal  karena hukum sejak saat anggota Direksi lainnya atau Dewan Komisaris mengetahui tidak terpenuhinya  persyaratan tersebut.  (2) Dalam jangka waktu paling lambat 7 (tujuh) hari terhitung  sejak diketahui, anggota Direksi lainnya atau Dewan  Komisaris harus mengumumkan batalnya pengangkatan anggota Direksi yang bersangkutan dalam Surat Kabar  dan memberitahukannya  kepada Menteri untuk dicatat  dalam daftar Perseroan.   (3) Perbuatan hukum yang telah dilakukan untuk dan atas  nama Perseroan oleh anggota Direksi sebagaimana  dimaksud pada ayat (1) sebelum pengangkatannya  batal,  tetap mengikat dan menjadi tanggung jawab Perseroan.  (4) Perbuatan hukum yang dilakukan untuk dan atas nama  Perseroan oleh anggota Direksi sebagaimana dimaksud  pada ayat (1) setelah pengangkatannya batal, adalah tidak  sah dan menjadi tanggung jawab pribadi anggota Direksi  yang bersangkutan.  (5) Ketentuan sebagaimana dimaksud pada ayat (3) tidak  mengurangi tanggung jawab anggota Direksi yang bersangkutan terhadap kerugian Perseroan sebagaimana  dimaksud dalam Pasal 97 dan Pasal 104.      Pasal 96 . . .  -  50  -"
UU_No_40_Tahun_2007_cleaned.txt,BAB VII: DIREKSI DAN DEWAN KOMISARIS,PASAL 96,"(1) Ketentuan tentang besarnya gaji dan tunjangan anggota  Direksi ditetapkan berdasarkan keputusan RUPS.  (2) Kewenangan RUPS sebagaimana dimaksud pada ayat (1),  dapat dilimpahkan kepada Dewan Komisaris.  (3) Dalam hal kewenangan RUPS dilimpahkan kepada Dewan  Komisaris sebagaimana dimaksud pada ayat (2), besarnya  gaji dan tunjangan sebagaimana dimaksud pada ayat (1)  ditetapkan berdasarkan keputusan rapat Dewan  Komisaris."
UU_No_40_Tahun_2007_cleaned.txt,BAB VII: DIREKSI DAN DEWAN KOMISARIS,PASAL 97,"(1) Direksi bertanggung jawab atas pengurusan Perseroan  sebagaimana dimaksud dalam Pasal 92 ayat (1).  (2) Pengurusan sebagaimana dimaksud pada ayat (1), wajib  dilaksanakan setiap anggota Direksi dengan itikad baik dan penuh tanggung jawab.   (3) Setiap anggota Direksi bertanggung jawab penuh secara  pribadi atas kerugian Perseroan apabila yang  bersangkutan bersalah atau lalai menjalankan tugasnya  sesuai dengan ketentuan sebagaimana dimaksud pada  ayat (2).   (4)    Dalam hal Direksi terdiri atas 2 (dua) anggota Direksi atau  lebih, tanggung jawab sebagaimana dimaksud pada ayat  (3) berlaku secara tanggung renteng bagi setiap anggota  Direksi.  (5) Anggota Direksi tidak dapat dipertanggungjawabkan atas  kerugian sebagaimana dimaksud pada ayat (3) apabila  dapat membuktikan:  a. kerugian tersebut bukan karena kesalahan atau  kelalaiannya;  b. telah melakukan pengurusan dengan itikad baik dan  kehati-hatian untuk kepentingan dan sesuai dengan  maksud dan tujuan Perseroan;  c. tidak mempunyai benturan kepentingan baik langsung  maupun tidak langsung atas tindakan pengurusan  yang mengakibatkan kerugian; dan   d. telah mengambil tindakan untuk mencegah timbul  atau berlanjutnya  kerugian tersebut.  (6) Atas . . .  -  51  -  (6) Atas nama Perseroan, pemegang saham yang mewakili  paling sedikit 1/10 (satu persepuluh) bagian dari jumlah  seluruh saham dengan hak suara dapat mengajukan gugatan melalui pengadilan negeri terhadap anggota  Direksi yang karena kesalahan atau kelalaiannya  menimbulkan kerugian pada Perseroan.  (7) Ketentuan sebagaimana dimaksud pada ayat (5) tidak  mengurangi hak anggota Direksi lain dan/atau anggota  Dewan Komisaris untuk mengajukan gugatan atas nama  Perseroan."
UU_No_40_Tahun_2007_cleaned.txt,BAB VII: DIREKSI DAN DEWAN KOMISARIS,PASAL 98,"(1) Direksi mewakili Perseroan baik di dalam maupun di luar  pengadilan.  (2) Dalam hal anggota Direksi terdiri lebih dari 1 (satu) orang,  yang berwenang mewakili Perseroan adalah setiap anggota  Direksi,  kecuali ditentukan lain dalam anggaran dasar.  (3) Kewenangan Direksi untuk mewakili Perseroan  sebagaimana dimaksud pada ayat (1) adalah tidak terbatas dan tidak bersyarat, kecuali ditentukan lain  dalam Undang-Undang ini, anggaran dasar, atau keputusan RUPS.  (4) Keputusan RUPS sebagaimana dimaksud pada ayat (3)  tidak boleh bertentangan dengan ketentuan Undang- Undang ini dan/atau anggaran dasar Perseroan."
UU_No_40_Tahun_2007_cleaned.txt,BAB VII: DIREKSI DAN DEWAN KOMISARIS,PASAL 99,"(1) Anggota Direksi tidak berwenang  mewakili Perseroan  apabila:  a. terjadi perkara di pengadilan antara Perseroan dengan  anggota Direksi yang bersangkutan; atau  b. anggota Direksi yang bersangkutan mempunyai  benturan kepentingan dengan Perseroan.  (2) Dalam hal terdapat keadaan sebagaimana dimaksud pada  ayat (1), yang berhak mewakili Perseroan adalah:  a. anggota Direksi lainnya yang tidak mempunyai  benturan kepentingan dengan Perseroan;      b. Dewan . . .  -  52  -  b. Dewan Komisaris dalam hal seluruh anggota Direksi  mempunyai  benturan kepentingan dengan Perseroan;  atau  c. pihak lain yang ditunjuk oleh RUPS dalam hal seluruh  anggota Direksi atau Dewan Komisaris mempunyai  benturan kepentingan dengan Perseroan."
UU_No_40_Tahun_2007_cleaned.txt,BAB VII: DIREKSI DAN DEWAN KOMISARIS,PASAL 100,"(1) Direksi Wajib:  a. membuat daftar pemegang saham, daftar khusus,  risalah RUPS, dan risalah rapat Direksi;  b. membuat laporan tahunan sebagaimana dimaksud  dalam Pasal 66 dan dokumen keuangan Perseroan sebagaimana dimaksud dalam Undang-Undang  tentang Dokumen Perusahaan; dan  c.  memelihara seluruh daftar, risalah, dan dokumen  keuangan Perseroan sebagaimana dimaksud pada  huruf a dan huruf b dan dokumen Perseroan lainnya.  (2) Seluruh daftar, risalah, dokumen keuangan Perseroan,  dan dokumen Perseroan lainnya sebagaimana dimaksud  pada ayat (1) disimpan di tempat kedudukan Perseroan.  (3) Atas permohonan tertulis dari pemegang  saham, Direksi  memberi izin kepada pemegang saham untuk memeriksa  daftar pemegang saham, daftar khusus,  risalah RUPS sebagaimana dimaksud pada ayat (1) dan  laporan  tahunan, serta mendapatkan salinan risalah RUPS dan  salinan laporan tahunan.  (4) Ketentuan sebagaimana dimaksud pada ayat (3) tidak  menutup kemungkinan peraturan perundang-undangan di  bidang pasar modal menentukan lain."
UU_No_40_Tahun_2007_cleaned.txt,BAB VII: DIREKSI DAN DEWAN KOMISARIS,PASAL 101,"(1) Anggota Direksi wajib melaporkan  kepada Perseroan   mengenai saham yang dimiliki anggota Direksi yang  bersangkutan dan/atau keluarganya dalam Perseroan dan Perseroan lain untuk selanjutnya dicatat dalam daftar  khusus.  (2) Anggota Direksi yang tidak melaksanakan kewajiban  sebagaimana dimaksud pada ayat (1) dan menimbulkan  kerugian bagi Perseroan, bertanggung jawab secara pribadi atas kerugian Perseroan tersebut.  Pasal 102 . . .  -  53  -"
UU_No_40_Tahun_2007_cleaned.txt,BAB VII: DIREKSI DAN DEWAN KOMISARIS,PASAL 102,"(1) Direksi wajib meminta persetujuan RUPS untuk:  a. mengalihkan kekayaan Perseroan; atau  b. menjadikan jaminan utang kekayaan Perseroan;    yang merupakan l ebih dari 50% (li ma puluh persen)   jumlah kekayaan bersih Perseroan dalam 1 (satu)  transaksi atau lebih, baik yang berkaitan satu sama lain  maupun tidak.  (2) Transaksi  sebagaimana dimaksud pada ayat (1) huruf  a  adalah transaksi pengalihan kekayaan bersih Perseroan  yang terjadi dalam jangka waktu 1 (satu) tahun buku atau  jangka waktu yang lebih lama sebagaimana diatur dalam  anggaran dasar Perseroan.  (3) Ketentuan sebagaimana dimaksud pada ayat (1), tidak  berlaku terhadap tindakan pengalihan atau penjaminan   kekayaan Perseroan yang dilakukan oleh Direksi sebagai  pelaksanaan kegiatan usaha Perseroan sesuai dengan  anggaran dasarnya.  (4) Perbuatan hukum sebagaimana dimaksud pada ayat (1)   tanpa persetujuan RUPS, tetap mengikat Perseroan   sepanjang pihak lain dalam perbuatan hukum tersebut   beritikad baik.  (5) Ketentuan kuorum kehadiran dan/atau ketentuan tentang  pengambilan keputusan RUPS sebagaimana dimaksud  dalam Pasal 89 mu tatis mutandis berlaku bagi keputusan  RUPS untuk menyetujui tindakan Direksi sebagaimana  dimaksud pada ayat (1)."
UU_No_40_Tahun_2007_cleaned.txt,BAB VII: DIREKSI DAN DEWAN KOMISARIS,PASAL 103,Direksi dapat memberi kuasa tertulis kepada 1 (satu) orang  karyawan Perseroan atau lebih  atau kepada orang lain untuk  dan atas nama Perseroan melakukan perbuatan hukum   tertentu sebagaimana yang diuraikan dalam surat kuasa.
UU_No_40_Tahun_2007_cleaned.txt,BAB VII: DIREKSI DAN DEWAN KOMISARIS,PASAL 104,"(1) Direksi tidak berwenang mengajukan permohonan paili t  atas Perseroan sendiri  kepada pengadilan niaga sebelum  memperoleh persetujuan RUPS, dengan tidak mengurangi   ketentuan sebagaimana diatur dalam Undang-Undang   tentang Kepailitan dan Penundaan Kewajiban Pembayaran  Utang.  (2) Dalam . . .  -  54  -  (2) Dalam hal kepailitan sebagaimana dimaksud pada ayat (1)  terjadi karena  kesalahan atau kelalaian Direksi dan harta  pailit tidak cukup untuk membayar seluruh kewajiban Perseroan dalam kepailitan tersebut, setiap anggota  Direksi secara tanggung renteng  bertanggung jawab  atas  seluruh kewajiban yang tidak terlunasi dari harta pailit  tersebut.  (3) Tanggung jawab sebagaimana dimaksud pada ayat (2)  berlaku juga bagi anggota Direksi yang salah atau lalai  yang pernah menjabat sebagai anggota Direksi dalam  jangka waktu 5 (lima) tahun sebelum putusan pernyataan  pailit diucapkan.  (4) Anggota Direksi tidak bertanggungjawab atas kepailitan  Perseroan sebagaimana dimaksud pada ayat (2) apabila  dapat membuktikan:  a. kepailitan tersebut bukan karena kesalahan atau  kelalaiannya;  b. telah melakukan pengurusan dengan itikad baik,  kehati-hatian, dan penuh tanggungjawab untuk  kepentingan Perseroan dan sesuai dengan maksud dan tujuan Perseroan;  c. tidak mempunyai benturan kepentingan baik langsung  maupun tidak langsung atas tindakan pengurusan  yang dilakukan; dan   d. telah mengambil tindakan untuk mencegah terjadinya  kepailitan.  (5) Ketentuan sebagaimana dimaksud pada ayat (2), ayat (3),  dan ayat (4) berlaku juga bagi Direksi dari Perseroan yang  dinyatakan pailit berdasarkan gugatan pihak ketiga."
UU_No_40_Tahun_2007_cleaned.txt,BAB VII: DIREKSI DAN DEWAN KOMISARIS,PASAL 105,"(1) Anggota Direksi dapat diberhentikan sewaktu-waktu  berdasarkan keputusan RUPS dengan menyebutkan  alasannya.  (2) Keputusan untuk memberhentikan anggota Direksi  sebagaimana dimaksud pada ayat (1) diambil setelah yang bersangkutan  diberi kesempatan untuk membela diri  dalam RUPS.      (3) Dalam . . .  -  55  -  (3) Dalam hal keputusan untuk memberhentikan anggota  Direksi sebagaimana dimaksud pada ayat (2) dilakukan  dengan keputusan di luar RUPS sesuai dengan ketentuan sebagaimana dimaksud dalam Pasal 91, anggota Direksi  yang bersangkutan diberi tahu terlebih dahulu tentang  rencana pemberhentian dan diberikan kesempatan untuk  membela diri sebelum diambil keputusan pemberhentian.  (4) Pemberian kesempatan untuk membela diri sebagaimana  dimaksud pada ayat (2) tidak diperlukan dalam hal yang  bersangkutan tidak berkeberatan atas pemberhentian  tersebut.  (5) Pemberhentian anggota Direksi berlaku sejak:  a. ditutupnya RUPS sebagaimana dimaksud pada ayat  (1);   b. tanggal keputusan sebagaimana dimaksud pada ayat  (3);   c. tanggal  lain  yang ditetapkan dalam keputusan RUPS  sebagaimana  dimaksud  pada ayat (1); atau   d. tanggal lain yang ditetapkan dalam keputusan  sebagaimana dimaksud pada ayat (3)."
UU_No_40_Tahun_2007_cleaned.txt,BAB VII: DIREKSI DAN DEWAN KOMISARIS,PASAL 106,"(1) Anggota Direksi dapat diberhentikan untuk  sementara  oleh Dewan Komisaris dengan menyebutkan  alasannya.  (2) Pemberhentian sementara sebagaimana dimaksud pada  ayat (1) diberitahukan secara tertulis  kepada anggota  Direksi yang bersangkutan.  (3) Anggota Direksi  yang diberhentikan sementara   sebagaimana dimaksud  pada ayat (1) tidak berwenang  melakukan  tugas  sebagaimana dimaksud dalam Pasal 92  ayat (1) dan Pasal 98 ayat (1).  (4) Dalam jangka waktu paling lambat 30 (tiga puluh) hari  setelah tanggal pemberhentian sementara harus  diselenggarakan RUPS.  (5) Dalam RUPS sebagaimana dimaksud pada ayat (4) anggota  Direksi yang bersangkutan  diberi kesempatan untuk  membela diri.  (6) RUPS mencabut atau menguatkan keputusan  pemberhentian sementara tersebut.    (7) Dalam . . .  -  56  -  (7) Dalam hal RUPS  menguatkan keputusan pemberhentian  sementara,  anggota Direksi yang bersangkutan   diberhentikan untuk seterusnya.  (8) Dalam hal jangka waktu 30 (tiga puluh) hari telah lewa t  RUPS sebagaimana  dimaksud pada ayat (4) tidak  diselenggarakan, atau RUPS tidak dapat mengambil   keputusan, pemberhentian sementara tersebut menjadi   batal.  (9) Bagi Perseroan Terbuka penyelenggaraan RUPS  sebagaimana dimaksud pada ayat (4) dan ayat (8) berlaku   ketentuan peraturan perundang-undangan di bidang   pasar modal."
UU_No_40_Tahun_2007_cleaned.txt,BAB VII: DIREKSI DAN DEWAN KOMISARIS,PASAL 107,Dalam anggaran dasar diatur ketentuan mengenai:  a. tata cara pengunduran diri anggota Direksi;  b. tata cara pengisian jabatan anggota Direksi yang lowong;  dan  c. pihak yang berwenang menjalankan pengurusan dan  mewakili Perseroan dalam hal seluruh anggota Direksi  berhalangan atau diberhentikan untuk sementara.      Bagian Kedua  Dewan Komisaris
UU_No_40_Tahun_2007_cleaned.txt,BAB VII: DIREKSI DAN DEWAN KOMISARIS,PASAL 108,"(1) Dewan Komisaris melakukan pengawasan atas kebijakan   pengurusan, jalannya pengurusan pada umumnya, bai k  mengenai Perseroan maupun usaha Perseroan, dan   memberi nasihat kepada Direksi.  (2) Pengawasan dan pemberian nasihat sebagaimana  dimaksud pada ayat (1) dilakukan untuk kepentingan  Perseroan dan sesuai dengan maksud dan tujuan  Perseroan.   (3) Dewan Komisaris terdiri atas 1 (satu) orang anggota atau  lebih.  (4) Dewan Komisaris yang terdiri atas lebih dari 1 (satu) orang   anggota merupakan majelis dan setiap anggota Dewan   Komisaris tidak dapat bertindak sendiri-sendiri,   melainkan berdasarkan keputusan Dewan Komisaris.  (5) Perseroan . . .  -  57  -  (5) Perseroan yang kegiatan usahanya berkaitan dengan  menghimpun dan/atau mengelola dana masyarakat,  Perseroan yang menerbitkan surat pengakuan utang kepada masyarakat atau Perseroan Terbuka wajib  mempunyai paling sedikit 2 (dua) orang anggota Dewan  Komisaris."
UU_No_40_Tahun_2007_cleaned.txt,BAB VII: DIREKSI DAN DEWAN KOMISARIS,PASAL 109,(1) Perseroan yang menjalankan kegiatan usaha berdasarkan  prinsip syariah selain mempunyai Dewan Komisaris wajib  mempunyai Dewan Pengawas Syariah.  (2) Dewan Pengawas Syariah sebagaimana dimaksud pada  ayat (1) terdiri atas seorang ahli syariah atau lebih yang  diangkat oleh RUPS atas rekomendasi Majelis Ulama  Indonesia.  (3) Dewan Pengawas Syariah sebagaimana dimaksud pada  ayat (1) bertugas memberikan nasihat dan saran kepada  Direksi serta mengawasi kegiatan Perseroan agar sesuai  dengan prinsip syariah.
UU_No_40_Tahun_2007_cleaned.txt,BAB VII: DIREKSI DAN DEWAN KOMISARIS,PASAL 110,"(1) Yang dapat diangkat menjadi anggota Dewan Komisaris  adalah orang  perseorangan yang cakap melakukan  perbuatan hukum, kecuali dalam waktu 5 (lima) tahun  sebelum pengangkatannya pernah:  a. dinyatakan pailit;  b. menjadi anggota Direksi atau anggota Dewan  Komisaris yang dinyatakan bersalah menyebabkan  suatu Perseroan dinyatakan pailit; atau   c. dihukum karena melakukan tindak pidana yang  merugikan  keuangan negara dan/atau yang berkaitan dengan sektor keuangan.  (2) Ketentuan persyaratan sebagaimana dimaksud pada ayat  (1) tidak mengurangi kemungkinan instansi teknis yang  berwenang menetapkan persyaratan tambahan berdasarkan peraturan perundang-undangan.  (3) Pemenuhan persyaratan sebagaimana dimaksud pada  ayat (1) dan ayat (2) dibuktikan dengan surat yang  disimpan oleh Perseroan.      Pasal 111 . . .  -  58  -"
UU_No_40_Tahun_2007_cleaned.txt,BAB VII: DIREKSI DAN DEWAN KOMISARIS,PASAL 111,"(1)  Anggota Dewan Komisaris diangkat oleh RUPS.  (2) Untuk  pertama kali  pengangkatan anggota Dewan  Komisaris dilakukan oleh pendiri dalam akta pendirian  sebagaimana dimaksud dalam Pasal  8 ayat (2) huruf b.  (3) Anggota Dewan Komisaris diangkat untuk  jangka waktu  tertentu dan dapat diangkat kembali.  (4) Anggaran dasar mengatur tata cara pengangkatan,  penggantian, dan pemberhentian anggota Dewan Komisaris serta dapat juga mengatur tentang pencalonan anggota Dewan Komisaris.  (5) Keputusan RUPS mengenai pengangkatan, penggantian,  dan pemberhentian anggota Dewan Komisaris juga menetapkan saat mulai berlakunya pengangkatan, penggantian, dan pemberhentian tersebut.    (6) Dalam hal RUPS tidak menentukan saat mulai berlakunya  pengangkatan, penggantian, dan pemberhentian anggota Dewan Komisaris, pengangkatan, penggantian, dan pemberhentian mulai berlaku sejak ditutupnya RUPS.  (7) Dalam hal terjadi pengangkatan, penggantian, dan  pemberhentian anggota Dewan Komisaris, Direksi wajib  memberitahukan perubahan tersebut  kepada Menteri  untuk dicatat dalam daftar Perseroan dalam jangka waktu  paling lambat 30 (tiga puluh) hari terhitung sejak tanggal  keputusan RUPS tersebut.  (8) Dalam hal pemberitahuan sebagaimana dimaksud pada  ayat (7) belum dilakukan, Menteri menolak setiap  pemberitahuan tentang perubahan susunan Dewan  Komisaris selanjutnya yang disampaikan kepada Menteri  oleh Direksi."
UU_No_40_Tahun_2007_cleaned.txt,BAB VII: DIREKSI DAN DEWAN KOMISARIS,PASAL 112,"(1) Pengangkatan anggota Dewan Komisaris yang tidak  memenuhi persyaratan sebagaimana dimaksud dalam  Pasal 110 ayat (1) dan ayat (2) batal karena hukum sejak  saat anggota Dewan Komisaris lainnya atau Direksi mengetahui tidak terpenuhinya persyaratan tersebut.      (2) Dalam . . .  -  59  -  (2) Dalam jangka waktu paling lambat 7 (tujuh) hari terhitung  sejak diketahui, Direksi harus mengumumkan batalnya  pengangkatan anggota Dewan Komisaris yang bersangkutan dalam Surat Kabar dan  memberitahukannya  kepada Menteri untuk dicatat dalam  daftar Perseroan.   (3) Perbuatan hukum yang telah dilakukan oleh anggota  Dewan Komisaris sebagaimana dimaksud pada ayat (1)  untuk dan atas nama Dewan Komisaris sebelum  pengangkatannya  batal, tetap mengikat dan menjadi  tanggung jawab Perseroan.  (4) Ketentuan sebagaimana dimaksud pada ayat (2) tidak  mengurangi tanggung jawab anggota Dewan Komisaris  yang bersangkutan terhadap kerugian Perseroan  sebagaimana dimaksud  dalam Pasal 114  dan Pasal 115."
UU_No_40_Tahun_2007_cleaned.txt,BAB VII: DIREKSI DAN DEWAN KOMISARIS,PASAL 113,Ketentuan tentang besarnya gaji atau honorarium dan  tunjangan bagi anggota Dewan Komisaris ditetapkan oleh  RUPS.
UU_No_40_Tahun_2007_cleaned.txt,BAB VII: DIREKSI DAN DEWAN KOMISARIS,PASAL 114,"(1) Dewan Komisaris bertanggung jawab atas pengawasan  Perseroan sebagaimana dimaksud dalam Pasal 108 ayat (1)   (2) Setiap anggota Dewan Komisaris wajib dengan itikad baik,  kehati-hatian, dan bertanggung jawab dalam menjalankan tugas pengawasan dan pemberian nasihat kepada Direksi  sebagaimana dimaksud dalam Pasal 108 ayat (1) untuk  kepentingan Perseroan dan sesuai dengan maksud dan  tujuan Perseroan.  (3) Setiap anggota Dewan Komisaris ikut bertanggung jawab  secara pribadi atas kerugian Perseroan apabila yang  bersangkutan bersalah atau lalai menjalankan tugasnya  sebagaimana dimaksud pada ayat (2).   (4) Dalam hal Dewan Komisaris terdiri atas 2 (dua) anggota  Dewan Komisaris atau lebih, tanggung jawab sebagaimana  dimaksud pada ayat (3) berlaku secara tanggung renteng  bagi setiap anggota Dewan Komisaris.    (5) Anggota . . .  -  60  -  (5) Anggota Dewan Komisaris tidak dapat  dipertanggungjawabkan atas kerugian sebagaimana  dimaksud pada ayat (3) apabila dapat membuktikan:  a. telah melakukan pengawasan dengan itikad baik dan  kehati-hatian untuk kepentingan Perseroan dan sesuai  dengan maksud dan tujuan Perseroan;  b. tidak mempunyai kepentingan pribadi baik langsung  maupun tidak langsung atas tindakan pengurusan  Direksi yang mengakibatkan kerugian; dan   c. telah memberikan nasihat kepada Direksi untuk  mencegah timbul atau berlanjutnya  kerugian  tersebut.  (6) Atas nama Perseroan, pemegang saham yang mewakili  paling sedikit 1/10 (satu persepuluh) bagian dari jumlah  seluruh saham dengan hak suara dapat menggugat  anggota Dewan Komisaris yang karena kesalahan atau  kelalaiannya menimbulkan kerugian pada Perseroan ke  pengadilan negeri."
UU_No_40_Tahun_2007_cleaned.txt,BAB VII: DIREKSI DAN DEWAN KOMISARIS,PASAL 115,"(1) Dalam hal terjadi kepailitan karena  kesalahan atau  kelalaian Dewan Komisaris dalam melakukan pengawasan  terhadap pengurusan yang dilaksanakan oleh Direksi dan  kekayaan Perseroan  tidak cukup untuk membayar  seluruh kewajiban Perseroan akibat kepailitan tersebut,  setiap anggota Dewan Komisaris secara tanggung renteng   ikut bertanggung jawab  dengan anggota Direksi atas  kewajiban yang belum dilunasi.  (2) Tanggung jawab sebagaimana dimaksud pada ayat (1)  berlaku juga bagi anggota Dewan Komisaris yang sudah  tidak menjabat 5 (lima) tahun sebelum putusan  pernyataan pailit diucapkan.  (3) Anggota Dewan Komisaris tidak dapat dimintai  pertanggungjawaban atas kepailitan Perseroan  sebagaimana dimaksud pada ayat (1) apabila dapat  membuktikan:  a. kepailitan tersebut bukan karena kesalahan atau  kelalaiannya;  b. telah melakukan tugas pengawasan dengan itikad baik  dan kehati-hatian untuk kepentingan Perseroan dan sesuai dengan maksud dan tujuan Perseroan;    c. tidak . . .  -  61  -  c. tidak mempunyai kepentingan pribadi, baik langsung  maupun tidak langsung atas tindakan pengurusan  oleh Direksi yang mengakibatkan kepailitan; dan   d. telah memberikan nasihat kepada Direksi untuk  mencegah terjadinya kepailitan."
UU_No_40_Tahun_2007_cleaned.txt,BAB VII: DIREKSI DAN DEWAN KOMISARIS,PASAL 116,Dewan Komisaris wajib :  a. membuat risalah rapat Dewan Komisaris dan menyimpan  salinannya;    b. melaporkan kepada Perseroan mengenai kepemilikan  sahamnya dan/atau keluarganya pada Perseroan tersebut  dan Perseroan  lain; dan  c. memberikan laporan tentang tugas pengawasan yang telah  dilakukan selama tahun buku yang baru lampau kepada RUPS.
UU_No_40_Tahun_2007_cleaned.txt,BAB VII: DIREKSI DAN DEWAN KOMISARIS,PASAL 117,"(1) Dalam anggaran dasar dapat ditetapkan pemberian   wewenang kepada Dewan Komisaris untuk memberikan persetujuan atau bantuan kepada Direksi dalam  melakukan perbuatan hukum tertentu.  (2) Dalam hal anggaran dasar menetapkan persyaratan  pemberian persetujuan atau bantuan sebagaimana  dimaksud pada ayat (1), tanpa persetujuan atau bantuan  Dewan Komisaris, perbuatan hukum tetap mengikat  Perseroan sepanjang pihak lainnya dalam perbuatan  hukum tersebut beritikad baik."
UU_No_40_Tahun_2007_cleaned.txt,BAB VII: DIREKSI DAN DEWAN KOMISARIS,PASAL 118,"(1) Berdasarkan anggaran dasar atau keputusan RUPS,  Dewan Komisaris dapat melakukan tindakan pengurusan  Perseroan dalam keadaan tertentu untuk jangka waktu  tertentu.  (2) Dewan Komisaris yang dalam keadaan tertentu untuk  jangka waktu tertentu melakukan tindakan pengurusan  sebagaimana dimaksud pada ayat (1) berlaku semua  ketentuan mengenai hak, wewenang, dan kewajiban  Direksi terhadap Perseroan dan pihak ketiga.  Pasal 119 . . .  -  62  -"
UU_No_40_Tahun_2007_cleaned.txt,BAB VII: DIREKSI DAN DEWAN KOMISARIS,PASAL 119,Ketentuan mengenai pemberhentian  anggota Direksi  sebagaimana  dimaksud dalam Pasal 105 mutatis mutandis  berlaku bagi pemberhentian anggota Dewan Komisaris.
UU_No_40_Tahun_2007_cleaned.txt,BAB VII: DIREKSI DAN DEWAN KOMISARIS,PASAL 120,"(1) Anggaran dasar Perseroan dapat mengatur adanya 1 (satu)  orang atau lebih komisaris independen dan 1 (satu) orang  komisaris utusan.  (2) Komisaris independen sebagaimana dimaksud pada ayat  (1) diangkat berdasarkan keputusan RUPS dari pihak yang  tidak terafiliasi dengan pemegang saham utama, anggota  Direksi dan/atau anggota Dewan Komisaris lainnya.  (3) Komisaris utusan sebagaimana dimaksud pada ayat (1)  merupakan anggota Dewan Komisaris yang ditunjuk  berdasarkan keputusan rapat Dewan Komisaris.  (4) Tugas dan wewenang komisaris utusan ditetapkan dalam  anggaran dasar Perseroan  dengan ketentuan tidak bertentangan dengan tugas dan wewenang Dewan  Komisaris dan tidak mengurangi tugas pengurusan yang dilakukan Direksi."
UU_No_40_Tahun_2007_cleaned.txt,BAB VII: DIREKSI DAN DEWAN KOMISARIS,PASAL 121,"(1) Dalam menjalankan tugas pengawasan sebagaimana  dimaksud dalam Pasal 108, Dewan Komisaris dapat membentuk komite, yang anggotanya seorang atau lebih adalah anggota Dewan Komisaris.  (2) Komite sebagaimana dimaksud pada ayat (1) bertanggung  jawab kepada Dewan Komisaris.     BAB VIII : PENGGABUNGAN, PELEBURAN, PENGAMBILALIHAN, DAN PEMISAHAN"
UU_No_40_Tahun_2007_cleaned.txt,"BAB VIII: PENGGABUNGAN, PELEBURAN,",PASAL 122,"(1) Penggabungan dan Peleburan mengakibatkan Perseroan  yang menggabungkan atau meleburkan diri berakhir  karena hukum.  (2) Berakhirnya . . .  -  63  -  (2) Berakhirnya Perseroan sebagaimana dimaksud pada ayat  (1) terjadi tanpa dilakukan likuidasi terlebih dahulu.  (3) Dalam hal berakhirnya Perseroan sebagaimana dimaksud  pada ayat (2),  a. aktiva dan pasiva Perseroan yang menggabungkan  atau meleburkan diri beralih karena hukum kepada  Perseroan yang menerima Penggabungan atau Perseroan hasil Peleburan;   b. pemegang saham  Perseroan yang menggabungkan  atau meleburkan diri karena hukum menjadi  pemegang saham Perseroan yang menerima  Penggabungan atau Perseroan hasil Peleburan; dan  c. Perseroan yang menggabungkan atau meleburkan diri   berakhir karena hukum terhitung sejak tanggal  Penggabungan atau Peleburan mulai berlaku."
UU_No_40_Tahun_2007_cleaned.txt,"BAB VIII: PENGGABUNGAN, PELEBURAN,",PASAL 123,"(1) Direksi Perseroan yang akan menggabungkan diri dan  menerima Penggabungan menyusun rancangan  Penggabungan.  (2) Rancangan Penggabungan sebagaimana dimaksud pada  ayat (1) memuat sekurang-kurangnya:  a. nama dan tempat kedudukan dari setiap Perseroan  yang akan melakukan Penggabungan;  b. alasan serta penjelasan Direksi Perseroan yang akan  melakukan Penggabungan dan persyaratan  Penggabungan;  c. tata cara penilaian dan konversi saham Perseroan  yang menggabungkan diri terhadap saham Perseroan  yang menerima Penggabungan;  d. rancangan perubahan anggaran dasar Perseroan yang  menerima Penggabungan apabila ada;  e. laporan keuangan sebagaimana dimaksud dalam Pasal  66 ayat (2) huruf a yang meliputi 3 (tiga) tahun buku  terakhir dari setiap Perseroan yang akan melakukan  Penggabungan;   f. rencana kelanjutan atau pengakhiran kegiatan usaha  dari Perseroan yang akan melakukan Penggabungan;      g. neraca . . .  -  64  -  g. neraca proforma Perseroan yang menerima  Penggabungan sesuai dengan prinsip akuntansi yang  berlaku umum di Indonesia;  h. cara penyelesaian status, hak dan kewajiban anggota  Direksi, Dewan Komisaris, dan kar yawan Perseroan  yang akan melakukan Penggabungan diri;  i. cara penyelesaian hak dan kewajiban Perseroan yang   akan menggabungkan diri terhadap  pihak ketiga;  j. cara penyelesaian hak pemegang saham yang tidak  setuju terhadap Penggabungan Perseroan;  k. nama anggota Direksi dan Dewan Komisaris serta gaji,   honorarium  dan t unjangan bagi ang gota Direksi dan  Dewan Komisaris Perseroan yang menerima   Penggabungan;  l. perkiraan jangka waktu pelaksanaan Penggabungan;  m. laporan mengenai keadaan, perkembangan, dan hasi l  yang dicapai dari setiap Perseroan yang akan  melakukan Penggabungan;  n. kegiatan utama setiap Perseroan yang melakukan  Penggabungan dan perubahan yang terjadi selama  tahun buku yang sedang berjalan; dan  o. rincian masalah yang timbul selama t ahun buk u yang   sedang berjalan yang mempengaruhi kegiatan  Perseroan yang akan melakukan Penggabungan.  (3) Rancangan Penggabungan sebagaimana dimaksud pada  ayat (2) setelah mendapat persetujuan Dewan Komisaris  dari setiap Perseroan diajukan kepada RUPS masing- masing untuk mendapat persetujuan.  (4) Bagi Perseroan tertentu yang akan melakukan  Penggabungan selain berlaku ketentuan dalam Undang- Undang ini, perlu mendapat persetujuan terlebih dahulu   dari instansi terkait sesuai dengan ketentuan peraturan   perundang-undangan.  (5) Ketentuan sebagaimana dimaksud pada ayat (1) sampai   dengan ayat (4) berlaku juga bagi Perseroan Terbuka  sepanjang tidak diatur lain dalam peraturan perundang- undangan di bidang pasar modal."
UU_No_40_Tahun_2007_cleaned.txt,"BAB VIII: PENGGABUNGAN, PELEBURAN,",PASAL 124,Ketentuan sebagaimana dimaksud dalam Pasal 123 mutatis  mutandis berlaku bagi Perseroan yang akan meleburkan diri.  Pasal 125 . . .  -  65  -
UU_No_40_Tahun_2007_cleaned.txt,"BAB VIII: PENGGABUNGAN, PELEBURAN,",PASAL 125,"(1) Pengambilalihan dilakukan dengan cara pengambilalihan  saham yang telah dikeluarkan dan/atau akan dikeluarkan  oleh Perseroan melalui Direksi Perseroan atau langsung  dari pemegang saham.  (2) Pengambilalihan dapat dilakukan oleh badan hukum atau  orang perseorangan.  (3) Pengambilalihan sebagaimana dimaksud pada ayat (1)  adalah pengambilalihan saham yang mengakibatkan  beralihnya pengendalian terhadap Perseroan tersebut.  (4) Dalam hal Pengambilalihan dilakukan oleh badan hukum  berbentuk Perseroan, Direksi sebelum melakukan  perbuatan hukum Pengambilalihan harus berdasarkan  keputusan RUPS yang memenuhi kuorum kehadiran dan  ketentuan tentang persyaratan pengambilan keputusan  RUPS sebagaimana dimaksud dalam Pasal 89.  (5) Dalam hal Pengambilalihan dilakukan melalui Direksi,  pihak yang akan mengambil alih menyampaikan maksudnya untuk melakukan Pengambilalihan kepada Direksi Perseroan yang akan diambil alih.  (6) Direksi Perseroan yang akan diambil alih dan Perseroan  yang akan mengambil alih dengan persetujuan Dewan  Komisaris masing-masing menyusun rancangan  Pengambilalihan yang memuat sekurang-kurangnya:  a. nama dan tempat kedudukan dari Perseroan yang  akan mengambil alih dan Perseroan yang akan diambil  alih;  b. alasan serta penjelasan Direksi Perseroan yang akan  mengambil alih dan Direksi Perseroan yang akan  diambil alih;   c. laporan keuangan sebagaimana dimaksud dalam Pasal  66 ayat (2) huruf a untuk tahun buku terakhir dari Perseroan yang akan mengambil alih dan Perseroan  yang akan diambil alih;  d. tata cara penilaian dan konversi saham dari Perseroan  yang akan diambil alih terhadap saham  penukarnya  apabila pembayaran Pengambilalihan dilakukan  dengan saham;  e. jumlah saham yang akan diambil alih;    f. kesiapan . . .  -  66  -  f. kesiapan pendanaan;  g. neraca konsolidasi proforma Perseroan yang akan   mengambil alih sete lah Pengambilalihan yang di susun  sesuai dengan prinsip akuntansi yang berlaku umum  di Indonesia;  h. cara penyelesaian hak pemegang saham yang tidak  setuju terhadap Pengambilalihan;  i. cara penyelesaian status, hak dan kewajiban anggota  Direksi, Dewan Komisaris, dan karyawan dari  Perseroan yang akan diambil alih;  j. perkiraan jangka waktu pelaksanaan Pengambilalihan ,  termasuk jangka waktu pemberian kuasa pengalihan   saham dari pemegang saham kepada Direksi   Perseroan;  k. rancangan perubahan anggaran dasar Perseroan hasil  Pengambilalihan apabila ada.  (7) Dalam hal Pengambilalihan saham dilakukan langsung   dari pemegang saham, ketentuan sebagaimana dimaksud  pada ayat (5) dan ayat (6) tidak berlaku.  (8) Pengambilalihan saham sebagaimana dimaksud pada ayat  (7) wajib memperhatikan ketentuan anggaran dasar  Perseroan yang diambil alih tentang pemindahan hak atas  saham dan perjanjian yang telah dibuat oleh Perseroan   dengan pihak lain."
UU_No_40_Tahun_2007_cleaned.txt,"BAB VIII: PENGGABUNGAN, PELEBURAN,",PASAL 126,"(1) Perbuatan hukum Penggabungan, Peleburan,   Pengambilalihan, atau Pemisahan wajib memperhatikan  kepentingan:  a. Perseroan, pemegang saham minoritas, karyawan  Perseroan;   b.  kreditor dan mitra usaha lainnya dari Perseroan; dan  c. masyarakat dan persaingan  sehat dalam melakukan  usaha.  (2) Pemegang saham yang tidak setuju terhadap keputusan  RUPS mengenai Penggabungan, Peleburan,  Pengambilalihan, atau Pemisahan sebagaimana dimaksud  pada ay at (1) hanya boleh menggunakan hakny a  sebagaimana dimaksud dalam Pasal 62.  (3) Pelaksanaan hak sebagaimana dimaksud pada ayat (2)  tidak menghentikan proses pelaksanaan Penggabungan,   Peleburan, Pengambilalihan, atau Pemisahan.  Pasal 127 . . .  -  67  -"
UU_No_40_Tahun_2007_cleaned.txt,"BAB VIII: PENGGABUNGAN, PELEBURAN,",PASAL 127,"(1) Keputusan RUPS mengenai Penggabungan, Peleburan,  Pengambilalihan, atau Pemisahan sah apabila diambil   sesuai dengan ketentuan Pasal 87 ayat (1) dan Pasal 89.  (2) Direksi Perseroan yang akan melakukan Penggabungan,  Peleburan, Pengambilalihan, atau Pemisahan wajib mengumumkan ringkasan rancangan paling sedikit dalam  1 (satu) Surat Kabar  dan mengumumkan secara tertulis kepada karyawan dari Perseroan yang akan melakukan  Penggabungan, Peleburan, Pengambilalihan, atau  Pemisahan dalam jangka waktu paling lambat 30 (tiga  puluh) hari sebelum pemanggilan RUPS.  (3) Pengumuman sebagaimana dimaksud pada ayat (2)  memuat juga pemberitahuan bahwa pihak yang  berkepentingan dapat memperoleh rancangan Penggabungan, Peleburan, Pengambilalihan, atau  Pemisahan di kantor Perseroan terhitung sejak tanggal  pengumuman sampai tanggal RUPS diselenggarakan .  (4) Kreditor dapat mengajukan keberatan kepada Perseroan  dalam jangka waktu paling lambat 14 (empat belas) hari  setelah pengumuman sebagaimana dimaksud pada ayat  (2) mengenai Penggabungan, Peleburan, Pengambilalihan,  atau Pemisahan sesuai dengan rancangan tersebut.  (5) Apabila dalam jangka waktu sebagaimana dimaksud pada  ayat (4) kreditor tidak mengajukan keberatan, kreditor  dianggap menyetujui Penggabungan, Peleburan,  Pengambilalihan, atau Pemisahan.  (6) Dalam hal keberatan kreditor sebagaimana dimaksud  pada ayat (4) sampai dengan tanggal diselenggarakan  RUPS tidak dapat diselesaikan oleh Direksi, keberatan  tersebut harus disampaikan dalam RUPS guna mendapat  penyelesaian.  (7) Selama penyelesaian sebagaimana dimaksud pada ayat (6)  belum tercapai, Penggabungan, Peleburan,  Pengambilalihan, atau Pemisahan tidak dapat  dilaksanakan.  (8) Ketentuan sebagaimana dimaksud pada ayat (2), ayat (4),  ayat (5), ayat (6), dan ayat (7) mutatis mutandis berlaku  bagi pengumuman dalam rangka Pengambilalihan saham  yang dilakukan langsung dari pemegang saham dalam  Perseroan sebagaimana dimaksud dalam Pasal 125.  Pasal 128 . . .  -  68  -"
UU_No_40_Tahun_2007_cleaned.txt,"BAB VIII: PENGGABUNGAN, PELEBURAN,",PASAL 128,"(1) Rancangan Penggabungan, Peleburan, Pengambilalihan,  atau Pemisahan  yang telah disetujui RUPS dituangkan ke  dalam akta Penggabungan, Peleburan, Pengambilalihan,  atau Pemisahan yang dibuat di hadapan notaris dalam  bahasa Indonesia.  (2) Akta Pengambilalihan saham yang dilakukan langsung  dari  pemegang saham wajib dinyatakan dengan akta notaris dalam bahasa Indonesia  (3) Akta Peleburan sebagaimana dimaksud pada ayat (1)  menjadi dasar pembuatan akta pendirian Perseroan hasil Peleburan."
UU_No_40_Tahun_2007_cleaned.txt,"BAB VIII: PENGGABUNGAN, PELEBURAN,",PASAL 129,"(1) Salinan akta Penggabungan Perseroan dilampirkan pada:  a. pengajuan permohonan untuk mendapatkan  persetujuan Menteri sebagaimana dimaksud dalam  Pasal 21 ayat (1); atau  b. penyampaian pemberitahuan kepada Menteri tentang  perubahan anggaran dasar sebagaimana dimaksud  dalam Pasal 21 ayat (3).  (2) Dalam hal Penggabungan Perseroan tidak disertai  perubahan anggaran dasar, salinan akta Penggabungan harus disampaikan kepada Menteri untuk dicatat dalam  daftar Perseroan."
UU_No_40_Tahun_2007_cleaned.txt,"BAB VIII: PENGGABUNGAN, PELEBURAN,",PASAL 130,Salinan akta Peleburan dilampirkan pada pengajuan  permohonan untuk mendapatkan Keputusan Menteri  mengenai pengesahan badan hukum Perseroan hasil Peleburan sebagaimana dimaksud dalam Pasal 7 ayat (4).
UU_No_40_Tahun_2007_cleaned.txt,"BAB VIII: PENGGABUNGAN, PELEBURAN,",PASAL 131,"(1) Salinan akta Pengambilalihan Perseroan wajib dilampirkan  pada penyampaian pemberitahuan kepada Menteri  tentang perubahan anggaran dasar sebagaimana  dimaksud dalam Pasal 21 ayat (3).      (2) Dalam . . .  -  69  -  (2) Dalam hal Pengambilalihan saham dilakukan secara   langsung dari pemegang saham, salinan akta pemindahan  hak atas saham wajib dilampirkan pada penyampaian  pemberitahuan kepada Menteri tentang perubahan  susunan pemegang saham."
UU_No_40_Tahun_2007_cleaned.txt,"BAB VIII: PENGGABUNGAN, PELEBURAN,",PASAL 132,"Ketentuan sebagaimana dimaksud dalam Pasal 29 dan Pasal  30 berlaku  juga bagi Penggabungan, Peleburan, atau  Pengambilalihan."
UU_No_40_Tahun_2007_cleaned.txt,"BAB VIII: PENGGABUNGAN, PELEBURAN,",PASAL 133,(1) Direksi Perseroan yang menerima Penggabungan atau   Direksi Perseroan hasil Peleburan wajib mengumumka n  hasil Penggabungan  atau Pel eburan  dalam 1 (satu) Surat  Kabar atau lebih dalam jangka waktu paling lambat 30  (tiga puluh) hari terhitung sejak tanggal berlakunya   Penggabungan atau Peleburan.  (2) Ketentuan sebagaimana dimaksud pada ayat (1) berlaku   juga terhadap Direksi dari Perseroan yang sahamnya  diambil alih.
UU_No_40_Tahun_2007_cleaned.txt,"BAB VIII: PENGGABUNGAN, PELEBURAN,",PASAL 134,"Ketentuan lebih lanjut mengenai Penggabungan, Peleburan,  atau Pengambilalihan diatur dengan Peraturan Pemerintah."
UU_No_40_Tahun_2007_cleaned.txt,"BAB VIII: PENGGABUNGAN, PELEBURAN,",PASAL 135,"(1)  Pemisahan dapat dilakukan dengan cara:  a. Pemisahan murni; atau  b. Pemisahan tidak murni.  (2) Pemisahan murni sebagaimana dimaksud pada ayat (1)   huruf a  mengakibatkan seluruh aktiva dan pasiva  Perseroan beralih karena hukum kepada 2 (dua) Perseroan   lain atau lebih yang menerima peralihan dan Perseroan  yang melakukan Pemisahan  tersebut berakhir karena  hukum.   (3) Pemisahan tidak murni sebagaimana dimaksud pada ayat  (1) huruf b meng akibatkan sebagian aktiva dan pasiva  Perseroan beralih karena hukum  kepada 1 (sat u)  Perseroan lain atau lebih yang menerima peralihan, dan  Perseroan yang melakukan Pemisahan tersebut tetap ada.  Pasal 136 . . .  -  70  -"
UU_No_40_Tahun_2007_cleaned.txt,"BAB VIII: PENGGABUNGAN, PELEBURAN,",PASAL 136,Ketentuan lebih lanjut mengenai Pemisahan diatur dengan  Peraturan Pemerintah.
UU_No_40_Tahun_2007_cleaned.txt,"BAB VIII: PENGGABUNGAN, PELEBURAN,",PASAL 137,"Dalam hal peraturan perundang-undangan di bidang pasar modal tidak mengatur lain, ketentuan sebagaimana dimaksud  dalam Bab VIII berlaku juga bagi Perseroan Terbuka.        BAB IX : PEMERIKSAAN TERHADAP PERSEROAN"
UU_No_40_Tahun_2007_cleaned.txt,BAB IX: PEMERIKSAAN TERHADAP PERSEROAN,PASAL 138,"(1) Pemeriksaan terhadap Perseroan dapat dilakukan dengan  tujuan untuk mendapatkan data atau keterangan dalam hal terdapat dugaan bahwa:  a. Perseroan melakukan perbuatan melawan hukum  yang merugikan pemegang saham atau pihak ketiga;  atau  b. anggota Direksi atau Dewan Komisaris melakukan  perbuatan melawan hukum yang merugikan Perseroan  atau pemegang saham atau pihak ketiga.  (2) Pemeriksaan sebagaimana dimaksud pada ayat (1)  dilakukan dengan mengajukan permohonan secara tertulis beserta alasannya  ke pengadilan negeri yang  daerah hukumnya meliputi tempat kedudukan Perseroan.  (3) Permohonan sebagaimana dimaksud pada ayat (2) dapat  diajukan oleh :  a. 1 (satu) pemegang saham atau lebih yang mewakili paling sedikit 1/10 (satu persepuluh) bagian dari  jumlah seluruh saham dengan hak suara;  b. pihak lain yang berdasarkan peraturan perundang- undangan, anggaran dasar Perseroan atau perjanjian  dengan Perseroan diberi wewenang untuk mengajukan  permohonan pemeriksaan; atau  c. kejaksaan untuk kepentingan umum.      (4) Permohonan . . .  -  71  -  (4) Permohonan sebagaimana dimaksud pada ayat (3) huruf a  diajukan setelah pemohon  terlebih dahulu meminta data  atau keterangan kepada Perseroan dalam RUPS dan Perseroan tidak memberikan data atau keterangan  tersebut.     (5) Permohonan untuk mendapatkan data atau keterangan  tentang Perseroan atau permohonan pemeriksaan untuk mendapatkan data atau keterangan tersebut harus  didasarkan atas alasan yang wajar dan itikad baik.  (6) Ketentuan sebagaimana dimaksud pada ayat (2), ayat (3)  huruf a, dan ayat (4) tidak menutup kemungkinan peraturan perundang-undangan di bidang pasar modal menentukan lain."
UU_No_40_Tahun_2007_cleaned.txt,BAB IX: PEMERIKSAAN TERHADAP PERSEROAN,PASAL 139,"(1) Ketua pengadilan negeri dapat menolak atau mengabulkan  permohonan sebagaimana dimaksud dalam Pasal 138.  (2) Ketua pengadilan negeri sebagaimana dimaksud pada ayat  (1) menolak permohonan apabila permohonan tersebut  tidak didasarkan atas alasan yang wajar dan/atau tidak  dilakukan dengan itikad baik.  (3)  Dalam hal permohonan dikabulkan, ketua pengadilan  negeri mengeluarkan penetapan pemeriksaan dan mengangkat paling banyak 3 (tiga) orang ahli untuk melakukan pemeriksaan dengan tujuan untuk  mendapatkan data atau keterangan yang diperlukan.  (4) Setiap anggota Direksi, anggota Dewan Komisaris,  karyawan Perseroan, konsultan, dan akuntan publik yang telah ditunjuk oleh Perseroan tidak dapat diangkat sebagai  ahli sebagaimana dimaksud pada ayat (3).  (5) Ahli sebagaimana dimaksud pada ayat (3) berhak  memeriksa semua dokumen dan kekayaan Perseroan yang  dianggap perlu oleh ahli tersebut untuk diketahui.  (6) Setiap anggota Direksi, anggota Dewan Komisaris, dan  semua karyawan Perseroan wajib memberikan segala  keterangan yang diperlukan untuk pelaksanaan pemeriksaan.  (7) Ahli sebagaimana dimaksud pada ayat (3) wajib  merahasiakan hasil pemeriksaan yang telah dilakukan.      Pasal 140 . . .  -  72  -"
UU_No_40_Tahun_2007_cleaned.txt,BAB IX: PEMERIKSAAN TERHADAP PERSEROAN,PASAL 140,(1) Laporan hasil pemeriksaan disampaikan oleh ahli  sebagaimana dimaksud dalam Pasal 139 kepada ketua  pengadilan negeri dalam jangka waktu sebagaimana   ditentukan dalam penetapan pengadilan untuk  pemeriksaan paling lambat 90 (sembilan puluh) hari   terhitung sejak tanggal pengangkatan ahli tersebut.  (2) Ketua pengadilan negeri memberikan salinan laporan hasil   pemeriksaan kepada pemohon dan Perseroan yan g  bersangkutan dalam jangka waktu paling lambat 14  (empat belas) hari terhitung sejak tanggal laporan hasil  pemeriksaan diterima.
UU_No_40_Tahun_2007_cleaned.txt,BAB IX: PEMERIKSAAN TERHADAP PERSEROAN,PASAL 141,"(1) Dalam hal permohonan untuk melakukan pemeriksaan  dikabulkan, ketua pengadilan negeri  menentukan jumlah  maksimum biaya pemeriksaan.  (2) Biaya pemeriksaan sebagaimana dimaksud pada ayat (1)  dibayar oleh Perseroan.  (3) Ketua pengadilan negeri atas permohonan Perseroan dapat   membebankan penggantian seluruh atau sebagian biaya  pemeriksaan sebagaimana dimaksud pada ayat (2) kepada  pemohon, anggota Direksi, dan/atau anggota Dewan  Komisaris.      BAB X : PEMBUBARAN, LIKUIDASI, DAN BERAKHIRNYA STATUS BAD AN HUKUM   PERSEROAN"
UU_No_40_Tahun_2007_cleaned.txt,"BAB X: PEMBUBARAN, LIKUIDASI, DAN",PASAL 142,"(1) Pembubaran Perseroan terjadi:  a. berdasarkan keputusan RUPS;  b. karena jangka waktu berdirinya yang ditetapkan   dalam anggaran dasar telah berakhir;  c. berdasarkan penetapan pengadilan;  d.   dengan dicabutnya kepailitan berdasarkan putusan   pengadilan niaga yang telah mempunyai kekuatan   hukum tetap, harta pailit Perseroan tidak cukup   untuk membayar biaya kepailitan;  e. karena . . .  -  73  -  e.  karena harta pailit Perseroan yang telah dinyatakan  pailit berada dalam keadaan insolvensi sebagaimana  diatur dalam Undang-Undang tentang Kepailitan dan Penundaan Kewajiban Pembayaran Utang; atau  f. karena dicabutnya izin usaha Perseroan sehingga  mewajibkan Perseroan melakukan likuidasi sesuai dengan ketentuan peraturan perundang-undangan .  (2) Dalam hal terjadi pembubaran Perseroan sebagaimana  dimaksud pada ayat (1),  a. wajib diikuti dengan likuidasi yang dilakukan oleh   likuidator atau kurator; dan  b. Perseroan tidak dapat melakukan perbuatan hukum,  kecuali diperlukan untuk membereskan semua urusan  Perseroan dalam rangka likuidasi.  (3) Dalam hal pembubaran terjadi berdasarkan keputusan  RUPS, jangka waktu berdirinya yang ditetapkan dalam anggaran dasar telah berakhir atau dengan dicabutnya  kepailitan berdasarkan keputusan pengadilan niaga dan  RUPS tidak menunjuk likuidator, Direksi bertindak selaku  likuidator.  (4) Dalam hal pembubaran Perseroan terjadi dengan  dicabutnya kepailitan sebagaimana dimaksud pada ayat  (1) huruf d, pengadilan niaga sekaligus memutuskan  pemberhentian kurator dengan memperhatikan ketentuan  dalam Undang-Undang tentang Kepailitan dan Penundaan  Kewajiban Pembayaran Utang.   (5) Dalam hal ketentuan sebagaimana dimaksud pada ayat (2)  huruf b dilanggar, anggota Direksi, anggota Dewan Komisaris, dan Perseroan bertanggung jawab secara tanggung renteng.  (6) Ketentuan mengenai pengangkatan, pemberhentian  sementara, pemberhentian, wewenang, kewajiban, tanggung jawab, dan pengawasan  terhadap Direksi mutatis mutandis berlaku bagi likuidator."
UU_No_40_Tahun_2007_cleaned.txt,"BAB X: PEMBUBARAN, LIKUIDASI, DAN",PASAL 143,(1) Pembubaran Perseroan tidak mengakibatkan Perseroan  kehilangan status badan hukum sampai dengan  selesainya likuidasi dan pertanggungjawaban likuidator  diterima oleh RUPS atau pengadilan.    (2) Sejak . . .  -  74  -  (2) Sejak saat pembubaran pada setiap surat keluar  Perseroan dicantumkan kata “dalam likuidasi” di belakang  nama Perseroan.
UU_No_40_Tahun_2007_cleaned.txt,"BAB X: PEMBUBARAN, LIKUIDASI, DAN",PASAL 144,"(1) Direksi, Dewan Komisaris atau 1 (satu) pemegang saham  atau lebih yang mewakili paling sedikit 1/10 (satu  persepuluh) bagian dari jumlah seluruh saham dengan  hak suara,  dapat mengajukan usul pembubaran  Perseroan kepada RUPS.  (2) Keputusan RUPS tentang pembubaran Perseroan sah  apabila diambil sesuai dengan ketentuan sebagaimana  dimaksud dalam  Pasal 87 ayat (1) dan Pasal 89.  (3) Pembubaran Perseroan dimulai sejak saat yang ditetapkan  dalam keputusan RUPS."
UU_No_40_Tahun_2007_cleaned.txt,"BAB X: PEMBUBARAN, LIKUIDASI, DAN",PASAL 145,(1) Pembubaran Perseroan terjadi karena hukum apabila  jangka waktu berdirinya Perseroan yang ditetapkan dalam anggaran dasar berakhir.  (2) Dalam jangka waktu paling lambat 30 (tiga puluh) hari  setelah jangka waktu berdirinya Perseroan berakhir RUPS  menetapkan penunjukan likuidator.  (3) Direksi tidak boleh melakukan perbuatan hukum baru  atas nama Perseroan setelah jangka waktu berdirinya  Perseroan yang ditetapkan dalam anggaran dasar  berakhir.
UU_No_40_Tahun_2007_cleaned.txt,"BAB X: PEMBUBARAN, LIKUIDASI, DAN",PASAL 146,"(1) Pengadilan negeri dapat membubarkan Perseroan atas:  a. permohonan kejaksaan berdasarkan alasan Perseroan  melanggar kepentingan umum atau Perseroan  melakukan perbuatan yang melanggar peraturan  perundang-undangan;  b. permohonan pihak yang berkepentingan berdasarkan  alasan adanya cacat hukum dalam akta pendirian;  c. permohonan pemegang saham, Direksi atau Dewan  Komisaris berdasarkan alasan Perseroan tidak  mungkin untuk dilanjutkan.    (2) Dalam . . .  -  75  -  (2) Dalam penetapan pengadilan ditetapkan juga penunjukan  likuidator."
UU_No_40_Tahun_2007_cleaned.txt,"BAB X: PEMBUBARAN, LIKUIDASI, DAN",PASAL 147,"(1) Dalam jangka waktu paling lambat 30 (tiga puluh) hari  terhitung sejak tanggal pembubaran Perseroan, likuidator  wajib memberitahukan:  a. kepada semua kreditor mengenai pembubaran   Perseroan dengan cara mengumumkan pembubaran  Perseroan dalam Surat  Kabar dan Berita Negara  Republik Indonesia; dan  b.  pembubaran Perseroan kepada Menteri untuk dicatat  dalam daftar Perseroan bahwa Perseroan dalam  likuidasi.  (2) Pemberitahuan kepada kreditor dalam Surat Kabar dan  Berita Negara Republik Indonesia sebagaimana dimaksud  pada ayat (1) huruf a memuat:  a. pembubaran Perseroan dan dasar hukumnya;   b. nama dan alamat likuidator;  c. tata cara pengajuan tagihan; dan  d. jangka waktu pengajuan tagihan.  (3) Jangka waktu pengajuan tagihan sebagaimana dimaksud  pada ayat (2) huruf d adalah 60 (enam puluh) hari  terhitung sejak tanggal pengumuman sebagaimana dimaksud pada ayat (1).  (4) Pemberitahuan kepada Menteri sebagaimana dimaksud  pada ayat (1) huruf b wajib dilengkapi dengan bukti:  a. dasar hukum pembubaran  Perseroan; dan  b. pemberitahuan kepada kreditor dalam Surat Kabar  sebagaimana dimaksud pada ayat (1) huruf a."
UU_No_40_Tahun_2007_cleaned.txt,"BAB X: PEMBUBARAN, LIKUIDASI, DAN",PASAL 148,"(1) Dalam hal pemberitahuan kepada kreditor dan Menteri  sebagaimana dimaksud dalam Pasal 147 belum dilakukan, pembubaran Perseroan tidak berlaku bagi pihak ketiga.  (2) Dalam hal likuidator lalai melakukan pemberitahuan  sebagaimana  dimaksud pada ayat (1), likuidator secara  tanggung  renteng  dengan Perseroan bertanggung jawab  atas kerugian yang diderita pihak ketiga.    Pasal 149 . . .  -  76  -"
UU_No_40_Tahun_2007_cleaned.txt,"BAB X: PEMBUBARAN, LIKUIDASI, DAN",PASAL 149,"(1)  Kewajiban likuidator dalam melakukan pemberesan harta  kekayaan Perseroan dalam proses likuidasi meliputi  pelaksanaan:  a. pencatatan  dan pengumpulan  kekayaan dan utang  Perseroan;  b. pengumuman dalam Surat Kabar dan Berita Negara  Republik Indonesia mengenai rencana pembagian kekayaan hasil likuidasi;  c.  pembayaran  kepada para kreditor;  d. pembayaran sisa kekayaan hasil likuidasi kepada  pemegang  saham; dan  e. tindakan lain yang perlu dilakukan dalam  pelaksanaan pemberesan kekayaan.  (2) Dalam hal likuidator memperkirakan bahwa utang  Perseroan lebih besar daripada kekayaan Perseroan, likuidator wajib mengajukan permohonan pailit Perseroan,  kecuali peraturan perundang-undangan menentukan lain,  dan semua kreditor yang diketahui identitas dan  alamatnya, menyetujui pemberesan dilakukan di luar kepailitan.  (3)  Kreditor dapat mengajukan keberatan atas rencana  pembagian kekayaan hasil likuidasi dalam jangka waktu paling lambat 60 (enam) puluh hari terhitung sejak tanggal pengumuman sebagaimana dimaksud pada ayat  (1) huruf b.  (4) Dalam hal pengajuan keberatan sebagaimana dimaksud  pada ayat (3) ditolak oleh likuidator, kreditor dapat mengajukan gugatan ke pengadilan negeri dalam jangka  waktu paling lambat 60 (enam puluh) hari terhitung sejak  tanggal penolakan."
UU_No_40_Tahun_2007_cleaned.txt,"BAB X: PEMBUBARAN, LIKUIDASI, DAN",PASAL 150,"(1) Kreditor yang mengajukan tagihan sesuai dengan jangka  waktu  sebagaimana dimaksud dalam Pasal 147 ayat (3),  dan kemudian ditolak oleh likuidator dapat mengajukan  gugatan ke pengadilan negeri dalam jangka waktu paling lambat 60 (enam puluh) hari terhitung sejak tanggal  penolakan.    (2) Kreditor . . .  -  77  -  (2) Kreditor yang belum mengajukan tagihannya dapat  mengajukan melalui pengadilan negeri dalam jangka  waktu 2 (dua) tahun terhitung sejak pembubaran Perseroan diumumkan sebagaimana dimaksud dalam  Pasal 147 ayat (1).  (3) Tagihan yang diajukan kreditor sebagaimana dimaksud  pada ayat (2) dapat dilakukan dalam hal terdapat sisa kekayaan hasil likuidasi yang diperuntukkan bagi  pemegang saham.  (4) Dalam hal sisa kekayaan hasil likuidasi telah dibagikan  kepada pemegang saham dan terdapat tagihan kreditor sebagaimana dimaksud pada ayat (2), pengadilan negeri memerintahkan  likuidator untuk menarik kembali sisa   kekayaan hasil likuidasi yang telah dibagikan kepada  pemegang saham.  (5) Pemegang saham wajib mengembalikan sisa kekayaan  hasil likuidasi sebagaimana dimaksud pada ayat (4) secara  proporsional dengan jumlah yang diterima terhadap  jumlah tagihan."
UU_No_40_Tahun_2007_cleaned.txt,"BAB X: PEMBUBARAN, LIKUIDASI, DAN",PASAL 151,"(1) Dalam hal likuidator tidak dapat melaksanakan  kewajibannya sebagaimana dimaksud dalam Pasal 149,  atas permohonan pihak  yang berkepentingan atau atas permohonan kejaksaan, ketua pengadilan negeri dapat  mengangkat likuidator baru dan memberhentikan  likuidator lama.  (2) Pemberhentian likuidator sebagaimana dimaksud pada  ayat (1), dilakukan setelah yang bersangkutan dipanggil  untuk didengar keterangannya."
UU_No_40_Tahun_2007_cleaned.txt,"BAB X: PEMBUBARAN, LIKUIDASI, DAN",PASAL 152,"(1) Likuidator bertanggung jawab kepada RUPS atau  pengadilan yang mengangkatnya atas likuidasi Perseroan  yang dilakukan.  (2) Kurator bertanggung jawab kepada hakim pengawas atas  likuidasi Perseroan yang dilakukan.      (3) Likuidator . . .  -  78  -  (3) Likuidator wajib memberitahukan kepada Menteri dan  mengumumkan hasil akhir proses likuidasi dalam Surat   Kabar setelah RUPS memberikan pelunasan dan   pembebasan kepada likuidator atau setelah pengadilan  menerima pertanggungjawaban likuidator yang  ditunjuknya.   (4) Ketentuan sebagaimana dimaksud pada ayat (3) berlaku   juga bagi kurator yang pertanggungjawabannya telah  diterima oleh hakim pengawas.  (5) Menteri mencatat berakhirnya status badan hukum   Perseroan dan menghapus nama Perseroan dari daftar   Perseroan, setelah ketentuan sebagaimana dimaksud pada  ayat (3) dan ayat (4) dipenuhi.  (6) Ketentuan sebagaimana dimaksud pada ayat (5) berlaku   juga bagi berakhirnya status badan hukum Perseroan   karena Penggabungan, Peleburan, atau Pemisahan.  (7) Pemberitahuan dan pengumuman sebagaimana dimaksud  pada ayat (3) dan ayat (4) dilakukan dalam jangka waktu  paling lambat 30 (tiga puluh) hari terhitung sejak tanggal  pertanggungjawaban likuidator atau kurator diterima oleh  RUPS, pengadilan atau hakim pengawas.   (8) Menteri mengumumkan berakhirnya status badan hukum   Perseroan dalam Berita Negara Republik Indonesia.        BAB XI : B I A Y A"
UU_No_40_Tahun_2007_cleaned.txt,BAB XI: B I A Y A,PASAL 153,Ketentuan mengenai biaya untuk:  a. memperoleh persetujuan pemakaian nama Perseroan;  b. memperoleh keputusan pengesahan badan hukum   Perseroan;  c. memperoleh keputusan persetujuan perubahan anggaran  dasar;  d. memperoleh informasi tentang data Perseroan dalam  daftar Perseroan;   e. pengumuman yang diwajibkan dalam Undang-Undang ini   dalam Berita Negara Republik Indonesia dan Tambahan   Berita Negara Republik Indonesia; dan  f. memperoleh . . .  -  79  -  f. memperoleh salinan Keputusan Menteri mengenai  pengesahan badan hukum Perseroan atau persetujuan  perubahan anggaran dasar Perseroan   diatur dengan Peraturan Pemerintah.        BAB  XII : KETENTUAN  LAIN-LAIN
UU_No_40_Tahun_2007_cleaned.txt,BAB XII: KETENTUAN  LAIN-LAIN,PASAL 154,(1) Bagi Perseroan Terbuka berlaku ketentuan Undang- Undang ini jika tidak diatur lain dalam peraturan  perundang-undangan di bidang pasar modal.  (2) Peraturan perundang-undangan di bidang pasar modal  yang mengecualikan ketentuan Undang-Undang ini tidak  boleh bertentangan dengan asas hukum Perseroan dalam  Undang-Undang ini.
UU_No_40_Tahun_2007_cleaned.txt,BAB XII: KETENTUAN  LAIN-LAIN,PASAL 155,Ketentuan mengenai tanggung jawab Direksi dan/atau Dewan  Komisaris atas kesalahan dan kelalaiannya yang diatur dalam  Undang-Undang ini tidak mengurangi ketentuan yang diatur  dalam Undang-Undang tentang Hukum Pidana.
UU_No_40_Tahun_2007_cleaned.txt,BAB XII: KETENTUAN  LAIN-LAIN,PASAL 156,"(1) Dalam rangka pelaksanaan dan perkembangan Undang- Undang ini dibentuk tim ahli pemantauan hukum  Perseroan.  (2) Keanggotaan tim sebagaimana dimaksud pada ayat (1)  terdiri atas unsur:  a.  pemerintah;  b.  pakar/akademisi;  c.  profesi; dan  d.  dunia usaha.      (3) Tim . . .  -  80  -  (3) Tim ahli berwenang mengkaji akta pendirian dan  perubahan anggaran dasar yang diperoleh atas inisiatif  sendiri dari tim atau atas permintaan pihak yang  berkepentingan, serta memberikan pendapat atas hasil  kajian tersebut kepada Menteri.  (4) Ketentuan lebih lanjut mengenai kewenangan, susunan  organisasi dan tata kerja tim ahli  diatur dengan Peraturan  Menteri.         BAB XIII : KETENTUAN PERALIHAN"
UU_No_40_Tahun_2007_cleaned.txt,BAB XIII: KETENTUAN PERALIHAN,PASAL 157,"(1) Anggaran dasar dari Perseroan yang telah memperoleh  status badan hukum dan perubahan anggaran dasar yang telah disetujui atau dilaporkan kepada Menteri dan  didaftarkan dalam daftar perusahaan sebelum Undang- Undang ini berlaku tetap berlaku jika tidak bertentangan  dengan Undang-Undang ini.  (2) Anggaran dasar dari Perseroan yang belum memperoleh  status badan hukum atau anggaran dasar yang  perubahannya belum disetujui atau dilaporkan kepada  Menteri pada saat Undang-Undang ini mulai berlaku,  wajib disesuaikan dengan Undang-Undang ini.  (3) Perseroan yang telah memperoleh status badan hukum  berdasarkan peraturan perundang-undangan, dalam  jangka waktu 1 (satu) tahun setelah berlakunya Undang- Undang ini wajib menyesuaikan anggaran dasarnya  dengan ketentuan Undang-Undang ini.  (4) Perseroan yang tidak menyesuaikan anggaran dasarnya  dalam jangka waktu sebagaimana dimaksud pada ayat (3)  dapat dibubarkan berdasarkan putusan pengadilan negeri atas permohonan kejaksaan atau pihak yang  berkepentingan.      Pasal 158 . . .  -  81  -"
UU_No_40_Tahun_2007_cleaned.txt,BAB XIII: KETENTUAN PERALIHAN,PASAL 158,"Pada saat Undang-Undang ini mulai berlaku, Perseroan yang  tidak memenuhi  ketentuan sebagaimana dimaksud dalam  Pasal 36, dalam jangka waktu 1 (satu) tahun harus menyesuaikan dengan ketentuan Undang-Undang ini.          BAB XIV : KETENTUAN PENUTUP"
UU_No_40_Tahun_2007_cleaned.txt,BAB XIV: KETENTUAN PENUTUP,PASAL 159,Peraturan pelaksanaan dari Undang-Undang Nomor 1 Tahun 1995 tentang Perseroan Terbatas dinyatakan tetap berlaku  sepanjang tidak bertentangan atau belum diganti dengan yang  baru berdasarkan Undang-Undang ini.
UU_No_40_Tahun_2007_cleaned.txt,BAB XIV: KETENTUAN PENUTUP,PASAL 160,"Pada saat Undang-Undang  ini mulai berlaku,  Undang- Undang Nomor 1 Tahun 1995 tentang Perseroan Terbatas  (Lembaran Negara Republik Indonesia Tahun 1995 Nomor 13,  Tambahan Lembaran Negara Republik Indonesia Nomor 3587),  dicabut dan dinyatakan tidak berlaku ."
UU_No_40_Tahun_2007_cleaned.txt,BAB XIV: KETENTUAN PENUTUP,PASAL 161,Undang-Undang ini mulai berlaku pada tanggal diundangkan.          Agar . . .
UU_No_5_Tahun_1999_cleaned.txt,BAB III: PBRJANJIAN YANG DILARANG,PASAL 4,"(l) Petaku usaha dilarang membuat perjanjian dengan polaku usaha lain untuk $ecara bersama-canra rrrelakukan pengunsaan produksi dnn fltflu pemasrrfln buang dan atau jasa yflng dapnt mengakibatkan terjadinya praktek monopoli dan atau persaingan usaha tidak sehst. (2i Felaku usaha pfltut didugfl atflu dianggap sccara bcrsamn*snmn melakukan penguffiaan proeluksi dnn atau pema$arfiIl htrang dan atau j*sa, sebagaimana dimaksud ayat (l), apabila 2 tdua) atau 3 (tiga) pelaku usaha rtau kelompok pelaku usaht rnenguasai lebih dsri ?5 % (tujuh puluh lima persen) pangsa paser satu jenis barang atau jasa tertentu, Baginn Kedua Penetapan Harga Paral 5 (l) Pelaku usaha dilarang ntembuat perjanjian dengan grel*u usaha pesaingnyn untuk menetapkan harga atas suatu hnrang dan atau jusa yang hnru* dihnyar oleh konsumen atau pclanggan pada pflsar bcrrnngkutan yang sama. (2) Ketentuan ..* Frttt rlllt-N hLPUTILII1' IhIDT}NE 5IA I (2) Kctenluan schagaimanr dimaksud dalnrn ftyat tl) tid*k br'rlaku bagi: fl. $uatu perjnnjian yang dibuat dalanr $uatu usflha pe(ungaq atau b. suatu perjanjian yang didasarkan undaug-undnng ynng berlaku."
UU_No_5_Tahun_1999_cleaned.txt,BAB III: PBRJANJIAN YANG DILARANG,PASAL 6,"Pelakrr urahn tlilarnng membuat nerianiinn yflng nrcngakibntkan pembeli yang satu harus menrbayar dengnn hargu yang bertreda dari huga yang harus dibtynr oleh pembeli lain untuk trnrang *lan ntau jasa yong sflrnfl. Fssal 7 Pelaku ucahn dilarang nrembuat perjanjian dengan pelaku usaha pesaingnyn untuk menetapkan harga di bawah hargn pasflr, ynng dapat mengakibatkan terjadinya persaingan usnha tidak sehat. Pnsal I Pclaku useh$ dilarang membuat perjanjian dengan plnku usuht lain yang memuet porsyaratan bahwa penerimn bsrang dan ntau jusa tidak akan menjurrl atnu memssok kernbali barang clan atau jasa yang diterimanya, dengan hnrga yang lebih rendah daripada hlrga yang telsh diprjanjiknn schingg* dapat urengakib*then terjadiny* perr*ingan usflha tidrk sehat. BagianFItr !'4FHt c:IDU N Rf l'LJFll-lR INDr)Nl,]:rlA I Bagian Ketiga Pcnrhagian Vilayah Fasal 9 Pclaku usHtu dilarang m*rlbuat trrcriaujian tlcngan pelaku uselu pesaingnya yang bsr{ujuen untuk tnemhagi wilayah per}tflsaran ateu alokasi pasar terhadap harnng dan atau jasa schingga dapm nrengakibatkan terjadinya praktek tnonopoli dan flt&u persaingen usaha tidak sehat. Bagian Kccnrpal. Penrboikrtan Pasal ltl (l) Pelaku usaha dilarang menrtruat perjanjian, dengan pclaku usaha pesaingnyar yang dapat nrcnghalangi pelaku usaha lain untuk melakukan usahn y&ng liiltila, haik untuk tujuan pasar dalam negeri maupun pssflr luar nrg*ri. p) Pelaku usaha dilarang mcnrbuat perjanjian dengan pclaku usflha pesaingnya, untuk menolak nrcnjual $etirp harang dan ntau jasn dari pelaku usaha lain sehinggit pcrbuatafl tersebut: a. nrerugikrn atau dapflt diduga akan merugikan pelaku useha lilin; ;rtiur b. nternbntasi pcluku usaha lain dalam nrenjual atau tmcrnbcli seliap barang dalr atau jasa dari pas$r hersangkutan. Bagiannr,.. AW ['H[ (:ll ]l N RII t'LJLlt.^lK llrll'l()fi[':l/- - l(l - fiagian Kelirna Kartel Fasal I I Pelaku usah& dilarang nrenrhuat pcrjanjian. dcngan pelaku usaha pesaingnya, ysng bcrrnaksud untuk urcnrpengaruhi harga dengan mengatur produksi dnn atau pr:nlssararr suatu barang dan fltau jess, yang dapat mengakibatkan terjadinya praktek rnonopoli dan atau persaingan usnha titlak s*hnt, Bagian Ker:rrarrr Trust Ptsal I2 Felaku usahn dilarang nternbuat pcrjanjian dengan pelaku usaha lain untuk melakukan kerja sanlfi, rlengan mcmbentuk gabungan perusahaan atau perseroan yailg lclrih hcsar, dengan tetap menjega dan menrpertahankarr kclangsungan hidult masing-masing pcrusahaan atau Ferseroen ulggotanya. yang hertujuan untuk mengonlrol produkri dan atau lxnrasflran atas barartg dan atau jasa, schirrgga dapat nrengakibatkan ter.iadinya praktck rnon*poli dan atau persaingan usaha tidak sehat. Bagian ..rlF.tr,:)l[]Lp{ RF rlrJf3Llll rNDrlN[-3tA - lt Bagian Kctujuh CIligop*oni Pssal 13 (l) Pelaku u$sha dilarang membuat pcrjanjian dengan pelaku usrrhe lain ysng hcrtujunn untuk sccarfl bersama-sama meuguasai pembelian atau penerimaan pasokan agfir dapat mengendalikan hnrga atns barang dan atnu jnsa dalam pfl$ilr bcrsangkutan, yang dnpat mengahibatkan terjadinya praktek monopoli dan atau persaingar usaha tidak sehat. (?) Pelaku u*aha patut diduga ntsu dianggap $ecflra bsrunrna-sama rncnguasai pembelian atau penerimaan pasokan scbagnimnna dimakxud dalom nynt (l) apabila 2 (dua) atau 3 (tigs) pelaku usaha atau kelompok pelaku usaha menguasai lehih dari ?5% {tujuh puluh Iima persen) pnngsa pnser rntu jenis harang ntau jasa tertcntu. Bagian Kedclapan Integrasi Vertikal"
UU_No_5_Tahun_1999_cleaned.txt,BAB III: PBRJANJIAN YANG DILARANG,PASAL 14,"Pelaku usnha dilarang membunt perjanjian dengan pl*u usflha lain yang bertujuan untuk mengua*ai pruluksi sejumlah pruluk yang (ermasuk dalam rangkaian produksi barang dan a{nu jasn tertentu yang mane xeti*p rangkaian produksi merupakan hnril pe*golnhan atau proses lanjutan, haik dalam satu rangkaian langsung maupun tidak langsung, yang dapat rnengakibatkan terjadinys persaingun usaha tidak sehnt dan atau merugiknn nrasyarakat. Bagian\ pH t.5lf1f. N RL PU[.tLl l( rNt-]Ul',lt* 1]iA  Sagiun Kesenrtrilan Ftlrjanjian Tertutup Pasal l5 (l) Pelaku usaha dilarang nrcrnbual perj*njinn dengan pelaku usahe lain yang mcmuat per$ynratnn halrwa pihuk yang menerima barang dan atau ja*a hnnya Rkarr lnclnarok atau tidak rnemasnk kcrnbali barang dan atau jasa ter*r;trut kepada pihak tertentu dan atau pada tf,mpat tertcntu. (2) Pelaku usahn dilarang memtruat prrjanjian dcngan pihak lain yeIIB nlsmuat persyaratan bahwa pihak yang nrenerima barang dan atau jarn tcrtcntu harus bersedia nremheli barang rlan atnu jasa ltin dari pclaku usnha lrernasok. (3) Pelaku usaha dilarang lnenrtruirt perjanjian mengenai harga atau potongan harga tertcnlu fita$ b&rflng dan atnu jflsa, yang nremuat persyeratan bahwa pelaku usaha yilng tncnerima barang dan atau jaea dnri pelaktr usrha pcrmasok: a. harus bersedia mcnrbcli barang dan ntau jasa lnin dari pelaku usnha penrasok; atau b. tidak akan mcnrheli barang dan atau jasn yolrg snma alru scjenis clari pelakrr usaha lain yang mcnjadi pesaing dari pclaku usahu perrtasok. Bagian\EIffi P.rl t- r,l1) t_ N til.t)r,t-J[.rR tND(]Nf 5t/r -t3- Bngian l{esepuluh Perjanji*n Dengan Pihak Luar Negeri Fasnl 16 Pelaku usaftfl dilarang membuat perjanjian dengan pihak lain di lunr negeri yang men)uat ketentuan ysng dapat nrengakibrtkan tcrjadinya prnktek monopoli dan atau persaingan usaha tidak sehat. BAB IV : KEGIATAN YANO DILARANG Bagian Pcrtnma Moneipoli Fnsd l? (l) Fclnku usaha dilarang melakukan penguasfferi *tas produk*i dan fitsu pemnsaran bamng dan atau jasa yang dapat mcngfikibatkan terjadinya prnktek monopoli dan atau persaingan u*ahn tidak sshst. (2) Pelaku usaha patut diduga atau dianggap melakukan penguasnan alfls produksi dan atau pemasaran bnrang dan atffu jasa sebngaimnna dimaksud dalam ayat (l) apabila: a. barnng dan atau jasa yang hersangkutan belum nds sub*titusinya; atnu b. rnengnkibatkan pelaku usaha lain tidak dnpat masuk ke daltm per*tringan usaha bnrang dnn atau jasa yang sanla; filau c., satu pclaku usahn atail $atu kelompok plaku usahn menguusai lsbih dari 50S (lirna puluh persen) pangsa paser satu jenis barang atau jasn tertentu. Bagiauffi [,1.]r5]t)l_Nr{t r.ruiJL il.{ tND(JNf illt -t4- Bagian Ksdua Monopsoni"
UU_No_5_Tahun_1999_cleaned.txt,BAB IV: KEGIATAN YANO DILARANG,PASAL 18,"(l) Pelaku u$rhe dilarnng menguasai pcncrimflfln p&soknrt fiteu rnenjadi pembeli tunggal atas barang dan atau jasa dnlarn pfl$ar bersrngkutan yang dapat mengakibatkan terjadinya praktek mnnopoli dan atau persaingan rrsaha tidak sehat, (2) Pelaku usahe patut diduga ntau dianggap mengun$ai penerirn*an pa$oken atau menjadi pernhcli tunggal sehagaimana dimaksurl tlal*m ayat (l) apabila satu pelaku usaha atsu satu kclornpok pelrku usflhfl menguasai lebih dari 50% (linra puluh perxen) Fangsn pflsar satu jenis barang atau jasa tertcntu. Eagian Ketiga Penguasaan Pasar Pasal l9 Peloku usaha dilnrang melakukan satu atau beberapa kegiatan, baik scndiri mflupun bersalna grlaku usahn lain, y$ng dapat mengakihatkan terjadinyn praktek monopoli dan atau persaingan u$rhs tidak sehat berupa: a. menols,k dm atnu menghalangi pclaku usaha tertentu untuk melnkuknn kegiatnn usahs yang $ailra pacla pasar bersangkutan; atau b. menghalangi..e rrHr-"";lriL NIrf F[JBl tK lNf)()Nt-1t/r -15 b. rnenghala'gi konsurnen arau peranggan pcraku usahs pcsaingnya untuk tidak nrelakukan lrubungan usrha dcngan plaku usaha pesaingmya itu; ilttu c. mcrnbatasi pereclnran tlan atau penjuaran harang drn atau jasa pada pasar bersnngkutfln: fltilu d^ melakukan praktek tiiskrirninnsi rerhaclap pelaku usaha te rtentu. Pasal 3U Pelaku usaha dilarang nrelakukarr pcrrra.sokan barang clan atau jasa dengan cara melakukan juat nrgi alau menstapkan harga yang $fingat rertdah dengan rnaksuil untuk nrenyingkirkun atau nrematikan usaha pesaingnya di pa$rr bersangkutan schingga dnpot nrcngakihatkan terjadinya praktek nronopoli dan atnu pcrsaingarr usaha tid*k sehat. Pnsal 2l Pelaku usaha dilarang nrelskukan kecurangan tlalam menetapknn biaya produksi dan biaya hinnyn ylng rncniacli bagian dari komponen harga barang dan atau jrrsa yang d*1lat nrengakibatkan terjadinya persaingan usaha tidak sehat. Bagian Kccnrpat Persekongkr.rlalr Fasal ?2 Pelaku usaha dilarnng hrrsukongkol dcngan pihak lain uutuk mcngalur dan atau rncnuntukan p*lnlenang tender schingga dapat mengakibatkan teriiadinya pur*aing*n usahn tidak sctrat."
UU_No_5_Tahun_1999_cleaned.txt,BAB IV: KEGIATAN YANO DILARANG,PASAL 23,"FifrrStDrN t'(t: trLJHL. lK lf'i {-}(JNL rrl rr  Fasnl 33 Pelaku usalm dilarang bersekongkol tlengan pihak lnin mendepirtkiln infcrrrnasi kr:giatan usaha pe$aio&nya diklasilikasikan sehagai ratrasia perusnhaan sehingga msngakibatkan tcrjrrlirry* pcrsaingan usaha tidak schat. Pasal t5untuk yilr1g dapat Pas-rl 24 Pelaku usaha dilarang bersckongkol tlengan pihak lain untuk menghanlbat produksi dan atflu psmasaran harang dan atau jasa pelaku us{rha pesaingnya derrgan maksud agar harang dan aku jasa yong ditawarkan afau dipnsok di passr bcr.rangkutan menjadi berkurang baik dari junrlah. kualitas, nrflupun ketepatan waktu yang dipcrryaratkan. BAB V : POSISI DON,IINAN Bngian Pcrtarrra Urtrurrr (l) Pelaku usflhn dilarang rncnggurrakan posisi dorninan baik s*cara langsung maupun tirlak langsung untuk: a. ntenctnpkan syarat-.ryarat perdflgflngfln deng*n tujuan untuk nionr;*gah dtn fltau rnenghalangi konsuln*n nrr:*ry:rrleh tr*r*ng dan ntau jasa yang bcrsaing. buik dari scgi hargr rrrflupun kunlitas; ntau b. rnembatasi*iffi I-!Hr{itt1t'N l{1 I'U[.j1""-lK rNDCrl''lt- l,lA -17 b. memhatfl$i pasar dnrr peng*mtrangrrn teknologi; atau c. menghanrtrat pelaku usaha lain yang berpotrnsi rn*njadi pcsning untuk rncmasuki pasar bersangkutan, (?) Pelaku usnha urenriliki posisi rlominan sebagaimana diuraksud ayat (l) apabila: ,t. satu pelaku usaha atau satu kelompok pelaku usaha msngua$iti 50% (linra puluh pcrsen) alau lchih pangsa pasar tntu jenir harang atau jasa tertcnlu; atau b. dua atau tiga pclaku usnha atau kelonrpok pelaku usahn mengumai 75% (tujuh puluh linra persen) rtau lebih pangsa pfi$ffr satu jenis barung atau jn$a tcrtentu. Bagian Kedua Jaba(an Rangkap"
UU_No_5_Tahun_1999_cleaned.txt,"BAB V: POSISI DON,IINAN",PASAL 26,"Seseorang yeng menduduki jahatan sebagai direksi atau komisnris dari suatu perusahaan. pada waktu yang bersarnaan dilarang merangkap menjadi dircksi atflu kornisaris pada pcrusahaan lainn apabila perusahaan*pcrusahaan tcr$chut : a. berada dalam pa$ar bersangkutan yang sarna; atau b. memiliki keterkaitan yang erilt dalam bidang dan atau jenit usaha; atau c, secara hersama dapat nrcnguasai pangsa pasar harang dan atau jasa tertentu, yang dapat nrengakibstkan terjadinya praktek ntonopoli dan alau persaingan usaha tidak sehat. Bagianffi t,tiF.5tDE N t""l t- lrUl-]Ll K tN D()t',1f"" :)l A - lll - Ilaginn Ketiga Penrilikan Silharn Paral 27 Pelaku u$flha rlilararrg rneuliliki saharn rnay$rita$ pltdfl h*berapa perusahaan scjenis yarrg rrrelakukiur kegiatan usahq dalam bidang yong sama pada pasar b*rsangkutarr yang satna, ntau rnendirikan beberapa perusahran yang nrcnliliki kegiatan usaha yang *anra pada pss&r bersangkutan ynng s&nra. apabila kepernilikan tersebut mengakibatkun: &. sntu pelaku usaha &tau satu kclornpok pclaku usalra msnguasai lchih drri Sfi% llirua puluh persen) pilngsa pnsar satu jenis barang atau j*srt tcrtcntu: h. dua atflu tiga pelaku usaha atiru kelompok pelaku usahs menguasai lubilr d.lri 75 % (tujuh puluh linu pcrsen) psng$a pas,rr satu jcnis hnrang atau jasa tertrntu. Bagiarr Kcr;ltrpnt Penggnbungan, Pelctruran. tlan Pcngrunbilalihan"
UU_No_5_Tahun_1999_cleaned.txt,"BAB V: POSISI DON,IINAN",PASAL 28,"(l) Pelaku usaha dilnrang rrrclakukan penggabungan fltau pelcburan badan usahR yafig dapat nrungakibatkan tcrjudinya praltt*k monopoli dan atuu pcrsaingan usaha titlak sehat. (2) Pelaku usnha dilnrang rnelakukan l)Bnganrbilalihnx saharn perusahaan lain apatrila tindakan tcrscbut dapat nrerrgakibatknn terjadinya praktek nronopoli dan ateru persaingan usaha tidsk sehat. (3) Ketentuan ."",#l  (3) Ketcntunn lebih lanjut mengcnai penggnbungan atau pctehurnn hsdan usaha yang dilarong sebagaimana dirnaksud nyat {l), dm ketrntuan mengenai pengarnbilnlihan sallnm pcruschaan sebaguimana dimaksud dalrrn ayat (2), diatur dalarn Psraturan Pcnrcrintaft. Pssal 29 (l) Penggnbungan atnu pclcburan badan usaha, ntau pengambilalihan saham sebagaimnna dimaksutl dnlam Pasnl 2S yang bcrakibat nilai sset dan atsu nilai penjualnnnya melebihi jumlah tertentu, wajib diberitahukm kcpada Komisi, selanrbrt-lamhatnya 30 {tigr puluh) hari sejrk tanggal pcnggabungan, peleburan fltflu pengambilalihan tsrsebut. (2) Ketentufir tentang peiletapan nilni aset dan atru nilai penjualan serta tata cflra prmberitahuan sehagairnana dirnaksud dnlam ayat (l), diatur dalam Feraturnn PEmcrintah. BAB VI : KOMISI PENGAWAS PER$AINGAN USAHA Bngiun Pertama Status"
UU_No_5_Tahun_1999_cleaned.txt,BAB VI: KOMISI PENGAWAS PER$AINGAN USAHA,PASAL 30,"(l) Untuk mensnwe$i pelnksanaan Undang-undnng ini etib,entuk Idornisi Pengnwar Persaingan Usaha yang sela*jutnya disebut Komisi. !tsHFSiri\|N Rt"" F5rJt Lll{ NtJ(JNthl{\ ?0 (2) Knnrisi adalah $ilatu lenrbaga indelrcndcn y*rlg tcrlcpas dari pengarult dan kr:kuasaan Pcrncrintah serta pihak lairr. (3) Komisi bcrtanggung jawnb kepada Presidcn. Bagian Kechrn Kcanggotaan"
UU_No_5_Tahun_1999_cleaned.txt,BAB VI: KOMISI PENGAWAS PER$AINGAN USAHA,PASAL 3,"(l) Komisi tcrdiri flta$ scorang K*tu;r nrcrangkap anggota, sesr&ng Wakil Ketua rnerangkirll rngguta. dnn sekurang-kurangnya ? (tujuh) urang flnggatrr. (2) Anggota Honrisi cliangkat dan dibcrhentikan oleh Pr*sidrn atns psrse.tujunn Dewan Perwakilarr Rakyat. (3) Masa jatratarr qnggotir Korrri.si adnlnh 5 {lima) rahun dan dapat diangkat kenrtrali untuk I (satu) kali nrasa jabatrn herikutnya. (4) Apabiln karclra brrakhirnya nrasa jabatan akan terjadi kekosongan dalam keanggotaan Konrisi, rnaka masa jsbatan anggota dapat diperparrjang sarrrpai ;xng'angkatan anggota baru."
UU_No_5_Tahun_1999_cleaned.txt,BAB VI: KOMISI PENGAWAS PER$AINGAN USAHA,PASAL 32,"Persyaratan keanggotasn Kotllisi adalnh : a. wirrgfl ncgara Republik Indone.ria. lrcrusia *ckurang-kurilngnya 30 {tig* puluh) tahun dan sctinggi-tingginya 60 (enrm puluh) tahun pada snal pengangkatan; b. setia k*pada Pancasila riarr Uldarrg-Undang Dasar Ig45; c. berirnan dan bertaqwa kcpada Tuhan Yang Maha Esn; d. jujur, adil, dan berk*lakunn traik; f""'RE 5lt1LN F+t. rruFlL-lK rN$rlNr 5l11 1l e. hcrtempat tinggal di wilay.rh n*gilra Republik Indonexia: f. brrpengakman dalanr hidang usaha atau mernpuny:ri ;rerrgu{ahuan dan ku-ahlinn di bidang hukurn dan arau ekononrit g. tidak pernah dipirlana: h"" tidak pernnh dinyatakan pnilit olch pengadilan; dan i. tidak terafiliasi dengan suatu badan usalra."
UU_No_5_Tahun_1999_cleaned.txt,BAB VI: KOMISI PENGAWAS PER$AINGAN USAHA,PASAL 33,"Kcanggotaan Konrisi berlre nti, karc*u : t. meninggal duniu; b. mcngurulurkan diri atas perntintaan scndiri; c. bertr:rnpat tinggal di luar wilayah negara Republik Intloneria; d. sakit jasmani atau ruhiuri tcrus rnenerus; e. berakhirny& flnftsa jabatan keanggotann Konrisi; atau f. diberhentikan."
UU_No_5_Tahun_1999_cleaned.txt,BAB VI: KOMISI PENGAWAS PER$AINGAN USAHA,PASAL 34,"{l} Pembentukan Kornisi scrt* f;usunan urganisasi, tugas, dau fungsinya ditetapkan dcngarr Kcputussn Pr*riden. (2) Untuk kelancaran pel*ksanaan tugas. Kornisi dibantu olsh sckretariaf. (3) Kornisi dnpat rnemberrtuk kck:nrpok kcrja. (4) Ketentuan nrengrrrui $uriunlrl organisasi. lugas, dan fungsi se krcl.ariat dan kclurnprrk kur.ja diatur lchih lanjut dengrn kqputusan Komisi"" Bagian$# PFlr-.5rDEhl HE PUtfI-,K IhJD(.]NL5iA Bagian Ketiga Tugas Pnsal 35 Tugas Komisi rncliputi: a. melakukan penilnian tcrlradap perjanjian yang dapat mengakibatkan terjarlinya praktck nronop*li dan atau persaingarr usaha tidak sehat sctragainrnna diatur dalaln Pasal 4 sarnpai dengan Pasal I6; b. mslakuhan pcnilaian tcrhndap kcgiatan usahfi dnn atau tind*kan pelaku usaha y&ng dapnt rrrengakibatkan terjndinya praktek nranopoli dan atau pcrsairrgan usaha tidak sehal sebagaimitnn diatur dalnnr Far*l l? sanrpai dengan Pasal ?4; c. mckkukan pnilaian tcrhaclap nda atau tidak adanyu pcnynlntrgunaan posisi donrinan yang rlapat nrengnkihatkan terjadinya praktek monopoli dan atau pers*irrgan u*aha tidak sehat sebagaimana diatur dalam Pasal 25 sarnpai clcngnn Pn.ral 381 d. mengarnbil tindakan scsuai d*rrgan wewenrrng Kornisi sebagairnana diatur dalurn Fasal 30: a. mcmbe""rikan .snran dnn pc.rtirnbangnn tcrhadap kcbijakan Pernerinlah yang b*rkiltan dcrrgan praktck monopoli dan atau persaingan usaha tidak schat; f. nlenyilsun pedonr*rt dan atau putllrkasi yang bcrkaita* derrgarr Undang-undang ini: g. nrenrherikar l*lrorun secflra hcrkaln atas h*sil k*rja Koffiisi kepadn Presiden dan Dewan Perwakilan Rakyat.2: Bagian ..""q I' U. FtrF$l{ri. hJ Rt"" trUtill-lK 1f9D(}NI bli\  Bagialr K*c'rrrpat Wewcnang"
UU_No_5_Tahun_1999_cleaned.txt,BAB VI: KOMISI PENGAWAS PER$AINGAN USAHA,PASAL 35,"Wewenang Knnrisi nrcliputi ; E. menerima lapnran dari lnasyarakat dan atau dari pelaku usahs tentang dugaan tcrjadirrya prnktek nronopoli dan atau persaingan usaha tidak sehat; b. ntelakukan penelitian terrtung dugaitn ndanyn kegiatan usaha dm atau lindaka* pelaku usaha yarrg rlalrat rrrcngnkibalkan terjndinya praktek monopoli dan atau persaingan u$aha tidnk sehat; c. melakuknn penyelidiktn dan atau pcmeriksaan tcrhadap kasus dugaan praktck mon*poli dan atnu persaingan usaht tidak sehnt yang ttilaporkan al*h nrnsyarakat atau *leh pelaku usaha atau yang ditcrrrukarr oleh Korrrisi sebagai hasil dari penelitiannya: d. mcnyinrpulkan hasil penyelidih*n dnn ntau pemcriksaan tentang ada atau tidak adarrya praktek nlCIn*poli dan atau persaingan usaha tidak sehat; e. mcmanggil pclaku usaha yang tliduga telah melakuknn pelanggaran terhadap kctentuan undarg-undnng ini ; f, nrenranggil dan rrr*rrglradirkan saksi"" saksi ahli, dan *etiap orang yans dianggap rnengctahui pclarrggaran tcrhadap kefenturn undang-undang ini; g. nrenrinta,../1i::i'. t F}EE S ,TN f-tI t""t.JHI_tK rND()Nf 5lA ?4 B. meminta ti*ntuan pcnyitlik untuk menghadirkan pelaku usahs, saksi, riak*i ahli, atnu sctiap orans s*bagairnana dirrraksud huruf e tlan huruf f"" yang tidirk hr;rseclia rncrnenuhi panggilnn Komisi; h. m*ntinta kcterangalr tlari instnnsi Penrcrintah dnlanr kaitannya dengan pcnyelietikan dan iltelu pcntcriksaan terhadap pclaku usahn ynng nr*langgar ketentuan urilang-undang ini; i. mendapatkan, nsneliti, dan atau ntcnilai surat, dokunren, atau alat hukti lain guna pcnyelidikan dan atau perncriksaan; j. memutuskan dan menetapkan ada atau tidak adanya kcrugian di pihak pelaku usalra lain atau nrasyarakat; k. nrenrtrcritahukan []utusan Konrisi kepada pelaku usaha yans didrrgn rnelnkrrkan prakt*.k rnnnopnli rlan Rfau prrc*ingan rrrrha tidah xchat; l. menjatuhkflr sank$i herupa tinrlakan adnrinistratif kcpatla pclaku usaha yang melangsar kctentuan Undang-undang ini. Bagitn Kelima Penrhiayaan"
UU_No_5_Tahun_1999_cleaned.txt,BAB VI: KOMISI PENGAWAS PER$AINGAN USAHA,PASAL 37,"Eiayn untuk pcl*ksanaan tuglils \ dihehankan kepaela Anggaran Pendapatan dan Belarr.ia Nr:garn rlan atan suntber-sunrbcr lain yrng dipcrbalehk*n oleh peraturtn ;rcrurrdarrg-undangan yang berlaku. BAB VII .""4 i.tl F,frt Srut r',J t.rt lrrJBLlK tNDr)Nt"" 5i A 25 BAB YTI TATA CARA PEHANGANAN PERKARA Pasal 38 (l) Setiap orang yang mengetahui tclah tcrjadi atau putut diduga telah terjadi pelanggaran terhadap Undang-undong ini dnpal melaporkan sscsra tertulis kepada Komisi dengnn keterangnn yflng jclas tentang telah terjadinya yxlanggarnn- dengan menycrtaknn identitas trxlnpor. (?) Pihek yeng dirugikm sebagai akibat terjndinya pelanggaran terhadnp Undang-undang ini dapat melaporkan sscara tertulis keprdn Kornisi dengan keterangan yang lcngkap dan jelas tentang telnh terjadinya pelonggaran serta kerugian ymg ditiurbulkan, dcngan menycrtakan idcntitas pelapor. (3) Identitns pclapor sebagaimana dimnksud dalam aynt (l) wajib dirahasisknn oleh Komisi. (4) Tata cilra llcnyampaian laporan scbagaimana dinraksud dalam ayat (l) dan ayat (2) diatur lebih lanjut oleh Konriri-"
UU_No_5_Tahun_1999_cleaned.txt,"BAB VII: .""4",PASAL 39,"(I) Burdasarksn laporan sebagainrana dirnaksud dalam Fasrrl 38 ayat (1) dan ny6t (2), Komisi wajib nrclakukan perneriksnan pendahulunn, dn* dalnm wnktu selarnbnt-lanrbatnyn 30 {tigfl puluh) hsri $stelah menerirna laporan, Konrisi wajib mun*tnpkan 'l'7'-'r"" \\,:iffi --Tir{---"" (2) Dalam ..ffib FrHt strlrfit RI PUHL-IK INN{JNf, 9iA 76 (2) Dalam pemrriksaan lanjuten, Kornisi wajitr nrclakukan pemeriksaan terhadnp pelaku usaha yang dilnporkan. (3) Knrni*i wajih menjaga kerahnsiaan infarnrasi yang diperoleh dnri pelahu usrha ynng dikategorikan acbagai rahasia perusuhaan. (a) Apabila dipordang perlu Komisi dapat mendengrr ketcrangnn saksi, saksi nhli, dan atau pihnk lain. (5) Dalam melukukan kegiatan sebagaimnna dimaksud dalam ayat (2) dan ayat (4), anggota Komisi dilengknpi dengan surat tugar. Pasal 4O (1) Komi*i dapat melakukan pemeriksaan terhudap pelaku usaha apabila ada dugaan terjadi pelanggaran Undang*undnng ini walaupun tflnpf, adanya laporrn. (?) Pemeriksaan sehagoinrana dimaksud dalarn tynt (l) dilnksanaknn sesuai dcngan trta cara *ehagainrana diatur dalam Pasal 39. Fasal 4l (1) Pelaku usaha dan nt6u pihak lain ynng diperiksa wajih rnenyerahkan alat bukti yang diperlukan dalarn penyelidikan dnn atau pemeriksaan. (2) Pclaku usaha dilarang rnenolnk diperiksa, nrenolak menrbsrihan inforrnasi yarg diperlukan dalanr penyelidikan dnn Risu pemeriks*an, f,tflu menghanrbet prose$ penyelidikan dan ntnu pemeriksaan. (3) Pelanggaran.,.ffi PRt^ "",tL-lf N tr{'pr11t.],_,,a rNi)()Nf 5iA -2? - (3) Pelanggarnn terhadnp ketentuan ayat (2). oleh Konrisi tliserahktn kepad* penyidik untuk dilakukan penyidikan s$$uni dengan ketentusn ynng berlaku."
UU_No_5_Tahun_1999_cleaned.txt,"BAB VII: .""4",PASAL 42,"Alat-alnt bukti pemeriksaan Komisi berupn: &. ketcrangan seksi, b keterangan ahli, c. ourat drn atru dokumen, d. petunjuk, e. kcterangan pclaku us*ha."
UU_No_5_Tahun_1999_cleaned.txt,"BAB VII: .""4",PASAL 43,"{l) Komisi wnjib mcnyelesaikan pemeriks*an lanjur,an sclarnhat- lnmbatnya 60 {enarn puluh} hari sejnk dilakukqn pemeriksran Ianjntan sebagnimana dimaksud dalanr Pasal 39 aya{ (t). (2) Bikmana diperlukan, jangkn waktu pemcriksaan lanjutan scbagaimana dimaksud dalam aynt (1) dapat dipcrpnnjnng paling Irma 30 (tiga puluh) hari. (3) Kornisi wajib memutuskan telah terjadi atau tidnk tcrjadi pelanggaran terhadap undang-undang ini sclambat-lnmhatnya 30 (tiga puluh) hari tcrhitung sejak selcsninya pemeriksaan larrjutan eebagaimona dimaksud dalam nyat (l) atau ayat (2). (4) Putusan Kornisi aebagaimana dimaksud dakm eyal {3} harus dih*cakan dalam suatu sidang yang dinyatakan tcrhukn untuk umum clan regera dibcritahukan kepada pclaku ucaha, Pasnl 44 ..""ffi i.Hl 5,li[.NQr t){JtJl-- l}( .P.t p#Nt ..it.a -;E-"
UU_No_5_Tahun_1999_cleaned.txt,"BAB VII: .""4",PASAL 44,"(l) Dnlam waktu 30 (tiga puluh) hari sejak pelaku usaha rnrnerinra penrberilrhuan putusan Konrisi sebagairnaua dinrnksud dalanr Prsnl 43 ayat (4), pelaku usahn wajib mekksanakan putu$en tersehut dsn mcnyarnpaikan laporan pelaksanaannya kcpada Komisi. (2) Pelaku usaha dapat nrengajukan keberatan kepada pengadilan Negeri selambat*lambatnya I4 {empat belas) hari setelah menerima pemberitahufl n putu$arr lErscbut"" (3) Felaku usaha ynng tidek mengqiukrn kehernran dulam jnngka waktu scbagaimnna dimaksud dnlnm ayat (2) dianggap menerimu Futus*n Komisi, (4) Annbila ketentuan sebasaimana dimsk*ud dal*rn synt (l\ dnn nyst (2) tidnk dijalankan oleh pelaku usaha, Koruisi menyerahkxn putusan tersebut kepada penyidik untuk dilakuhan penyidikan sesuai dengan ketentuan peratilran perundang-undnngan ya$g bedaku. (5) Putusan Kornisi s*bagaimana dimaksud dalunr Posal 43 ayut (41 merupnkan bukti pcrmulaan yang cukup bagi pnyidik untuk melakukan penyidikan. Paeal 45 (l) Pengadiltn Negeri harus memeriksa kebcratar pctaku usaha sehagdrnnna dinraksud dalam Pasal 44 aynt (2), dalam waktil 14 (enrpat helns) hari mjak diterimanya kebcratan terscbut"" (2) Pengadilan Negeri herus memheriknn putusan dal*m waktu 30 (tiga puluh) hmi sejnk dimulainya pemeriksaan keberatan teruebut, (3) Pihak ., -ffil t.Ht ltr)f .NHI tsULiL""IK INTJO\L5 A 29 (3) Pihek yans keberattn turhadap putusan pengadilan Negeri uebagairnana dimaksud dalam ayat (2), dalam waktu 14 (empat belar) hari dapat mengnjukan kasasi kepada Mahknrnnh Agung Rcpublik Indonesia. (4) rvlahknmnh Agung harus rnemberikan putusan dalam waktu 30 (tiga puluh) hari sejak permohonan kasasi diterirna."
UU_No_5_Tahun_1999_cleaned.txt,"BAB VII: .""4",PASAL 46,"(l) Apabila tidak terdapat keberatan, purusan Komisi sehagainrana dimnksud dalam Pasal 43 ayat (3) telah mcmpunyai kckuatan hukum yung tetap. (2) Putusan Knmisi sebagaimana dimaksutl dalam ayat (l) dimintnkan penetapan eksekusi kepada Pengadilan N*geri. BAB VIII : SANKSI Bagian Pertama Tindahan Administrati f"
UU_No_5_Tahun_1999_cleaned.txt,BAB VIII: SANKSI,PASAL 47,"(l) Kornisi berwenang menjatuhkan sanksi berupa tindaknn administratif terhadap pelaku usaha yang melanggsr ketentuan Undnng-undang ini. (?) Tindaksn administrarif mbagaimana dimnksud dalam ayat {l) dapat hcrupn: &. p*netapan pembatalan pcrjanjian rclragairnana dinraksud dal*m Paoal 4 srmpai dengan Pasal 13, Pasal 15, dan patal 16; dcn ntau ,?l f rt,lUt.llt NI*rr.)Ni^ 1:rzl 30 b. perintah kepada pelaftu usaha untuk nrcnghentiknn intcgrari vertiknl sebngainrann dirnalcsud dalarn pasal 14; dsn atau c. perinrnh kepada pelaku usaha untuk menghentikrn kegintan yeng terbukti menimbulkan praktek nronopoli dan ntfiu mcnyebabkan persaingan usaha tielak sehat dnn atau mcrugikan masyarakat; dan atnu d. perintah kcpada peluku usaha untuk nrenghenr^ikan penyalahguna&n posisi donrinan; rlan atau e. penetapan pembatnlan ata$ penggabungan slau peleburan hadan usaha dan penganrbilalihan saham rebagainrana dimaksud dalam Pasal 28; dan atau f. penctapan pembayaran ganti rugi; clan atau g. pengena*n denda serendah-rendahnya Rp 1.000.CI00.000,0fr (satu milinr rupiatr) dan seringgi-tingginya Rp 2$.CIfi).0()0""flX),00 (dua puluh lirnn miliar rupirh). Bagian Kedur Pidana Pokok Pasnl 48 (l) Pelanggaran terhadnp ketentuan Pusnl 4, pnsal g saurpai dengan Fnsal 14, Pasal 15 uampai dengan parnl Ig, pasttl 25, pasal Z?, dun Pasal 28 diancsm pidana denda serendflh-rendahnyr Rp 25,000.000.000,CI0 (dua puluh lima rniliar rupiah) dan retinggi-tingginya Rp 100.000.000,000,00 (seratus nriliar rupiah), atau pidana kurungan pcngganti denda sslama-tarnanya 6 (enam) bulan. -31 (2) Pelanggaran terhadap ketentuan Pasal 5 sampai dengan pasnr g, Paurl 15, Pasd 20 sanrpai dengan Prsal 24, dan pasal 26 undang'undang ini diancam pidnna denda serenduh-rendahnya Rp 5.000.000.000,00 ( lirna nriliar rupiah) dan uetinggi-ringginya Rp 25.00fi""000.000,00 (dua puluh lirna rniliar rupiah), ar*u pidana kurungan pengganti ds.nda sclama-lnmanya 5 {lirna} hulan, (31 Felanggeran terhadap kete.rluen Pasnl 4l Unclang-undang ini rliancam pidann denda ser*ndah-rendahnya Rp I .000.000.000,t10 (satu miliar rupiah) dan setinggi-tingginya Rp 5.000.000.000,00 (linra miliar rupiah), atau pidana kurungan pcnggnnti denda selama-lamanya 3 (tiga) bulan. Bagian Ketiga Pidana Tsmbahan"
UU_No_5_Tahun_1999_cleaned.txt,BAB VIII: SANKSI,PASAL 49,"Dengan menunjuk ketentuan Pasal l0 Kitab Undang-undung Hukum Pidanan terhadap pidana scbagaimena diatur dslam Pasal 48 dapat dijatuhkan pidana tambahan berupa: a- pencuhutan izin usaha; atau h. larangan kepada pelaku usnha yang telah lsrbulrti rnelakukan pelanggaran terhadap undrng-undang ini untuk rnenduduki jabatan direksi atnu komisaris sskurang-kurangnyn 2 (dua) tahun dan selarna*lamanya 5 (lima) tahun; atuu (. penghentian kegiatan rtau tinrlaknn tcrtentu ysng rncnycbabkan timbulnya kerugian pada pihak lain. BAB IX .""""ffie PH''-;t{)i:Fl l<[ 0uLJL.$\ trri{1}tJNL fi,rr -32 BAB IX : KI]TENTUAN LAIN"
UU_No_5_Tahun_1999_cleaned.txt,BAB IX: KI]TENTUAN LAIN,PASAL 50,"Yang diker;ualikan dari kctcnrurn unclang-undrng ini adalah: B. pcrbuatan dan at*u pcrjanjian y;ulgi bertujuan melaksanakan peraturan peruudang-urrdanglur yang Lrerlaku; atau b. perjanjian yang berkaitan tlcngan hak ntm kekayaan intelcktual scperti liscnsi, patc,r! lnerrk dagang, hak cipta, desain produk industri, rangkainn elektronik tcrpatru. dan ralrasia dagang, serta perjanii*n yang herknitan dcrrgarr waralabal atau c. pcrjanjian pcn*(apan srandar tcknis produk barang dan atau jasa yang tidak nrcngckang dan atau rrrenghalangi persaingan; atau d. perjnnjian dtlarn rangka keagenan yarrg isinya tidak nremuat ketsntuan untuk nrerrrasok kernlrari barang dan atau jasa dengan harga yang lebih rcniJah claripada harga yang telah diperjanjikan; atau e. perjanjian kerja sflrrln pcneliriarr untuk peningkatan atau perbnikan standar hidup rrrasyarakat luiis; atflu f"" perjanjian internasiorral yang tchlr diratifikasi olch pcmerintah Reprrblik lndoncsia; atau g. perjanjian dan atau perbuatan yang b*rtujuan untuk ek;por yrng tidak m*nggilnggu kebutuhan dan atau pasokan pasflr dalanr neg*ri; atau h, pelnku usaha yctng tcrgolong dalnu usaha kecil; atnu i. kegietan us*ha koperasi yflng secara khusus bcrtujuan untuk melayani anggofanya. Pasal 5lffi PHESIDI- N Rr t,utiLiK lt,l()()NE 5lr. -33 Pusal .51 Mnnnpoli dan ata$ peru*s*an kcgiat;rn yanx hcrkaitan dengan produksi dan atau pernflsaran barang dan atau jasa yang *rcnguasai hajat hitlup oraog tranyak scrln c{rbflng-cabang produksi ynng pentirrg bagi negtra diatur dcngan undang-unclang rlan diselenggarakan oleh Badan usrha Milik Negara tran ata, tradan rtnu lcnrbaga ynng dibentuk atau ditunjuk oleh perncrirrlah. BAB X : KETENTUAN FERALIHAN"
UU_No_5_Tahun_1999_cleaned.txt,BAB X: KETENTUAN FERALIHAN,PASAL 53,"(t) $ejak bcrlakunya uudang*undrrrg ini, seffiua lleraturen peruudang-undrrngan yang rlrerr$atur atau berk*itan dengan praktek nronolxrli dan atau persaingan ussha dinyalaknn tetap hcrlaku sepanjang tidak bertenlangan atau bclunr diganti dengan yang bnru herdasarkan Urrdang-undang ini. (2) Pelnku usalra yang tulah nrernbual perjanjian dan ntau nrplakukan kegiatan dan atau tindakan yilng ticlak sesuai dengan ketentuan undang-undarrg irri dihr.'ri waktu 6 (cnum) hulan sejak undang- undang ini diherlal(ukan unluk nrclakukan pcnyesuaian. BAB XI : KETENTUAN PENUTUP"
UU_No_5_Tahun_1999_cleaned.txt,BAB X: KETENTUAN FERALIHAN,PASAL 53,"undang-undang ini nrulai berlaku terhitung I (satu) tahun sejak tanggnl diuudangkan AgarPtt r ill]r't.rnrt,l,lI..ll{ tflt r{.rhlL Ltn -14 Agar rctiap o,'ang rrengctarruirrya, rrrclrrcrintahkan pcngunerangan Undang-undang ini denga, pcncnrpatannya darar, l.embaran Negara Republik Indoncsia. Ilisairkan di.fnkarta patln tanglal S Mare{ 1$gg I,KI;SIDUN RITUNI.IH INI)ON[IiIA ild trAcr TARUDOIN Jr.JSlJr HABr BII I)i undrrngkau rli .fr karta pada tanggal II Mar.ct II)Dg M[:N'T[RI NICA RA .q[KRilTARIIi NI,(;A RA RIJI'TJ I} I,I K IN T)t)NHSIA I ttl AKITAH .tANDJtrN(; I,};MIIARAN NX;ARA RIPTJBI,IK INIIT)rur:SIA l,AIIUN I f}99 NOMOR 33 Sirlintn scsuli rlerrgatr aslinya aIR['rAHtA't'lt^tltNr:'r Rt a l?irn ltcrrlurafi -rrndnngnn I '4,*,5.^ V. Nahattanils lr{ffi R r p',rf;:[""]lil;] *u =, ^ PENJELASAN ATAS UNDANG-UNDAhIG REPUBLIK INDONHSIA NfiMOR 5 ]'AHUN 1999 TENTANG LARANSAN PRAKTHK MONOPOLI DAN PERSATNOAN USAHA TIDAK SEHAT UMUM Pembangun*n ekonomi patla Pembangunan Jangka Panjang Pertama tclah menghasilkan banyak hemnjuan, nntara lain dengan meningkatnyn kescjalrtermn rakynt. Kemajuan pembangunan yflng telnh dicapai di atas"" didorong olch kcbijakan pembangunan di trerbagai bidang, termasuk kebijnkan Jrmbangunan bidang ekonomi y*ng tsrtu{ng dalarn Garis-Garis Bcsar H*luam Negura dan Rencana Pemtlnngun&n Lirnr Tnhunan, serta berbagni kebijakan ekcn*mi lainnya. Meskipun telah bnnyak kemaiuftn ynng dicapai selamu Pernbrngunnn Jangka Panjang Perlama, yang ditunjukkan olch pcrtumbuhan ekonomi yang tinggi, tetapi rnasih bany*k pula tantangan at*u per*oalnn, khususnya dnlarn pembangunnn ekonami yang belum tcrpecahkan, sciring dengan adanya kecenderungaa gl*balisasi perekonomian ssrta dinsmiks don perkembangan usaha $wa$ta sejrk awal tahun l$90-an. Peluang-peluang usaha yang tercipta selarna tiga dasawar*a yang lalu d$lam kenyataannya belum memhuat seluruh masyarakat marnpu dan dryat berpartisipnsi dalam pembangunnn di bcrbagni sektor ekonomi. Perkembangnn usaha swasta s*lama priode tersebut, disntu sisi diwarnai oleh berbagai bentuk kebijakan Pemerintah yang kurang tepnt sehingga pasar m*njndi terdistorsi. Di sisi lain, perkemhangnn ucnha swasta dalam kenyataannyn rebagian besar merupaknn perwujudan dcri knndisi persaingan ueflha yang tidak sehat. Fenomcn*."".2 Fenomena di rtns telah herkemhang dan didukung oleh *danya hubungan yang terkait antara pengambil keputusrn dengan para pelaku usaha. hetik secara langsung maupun tidek langsung, sehingga lchih mcmpcrbunrk kr'arlran. penyelenggarean ekonomi nasional kurang msngecu kepada amanat Pa.sal 33 l.Indlng-Undang Dasar Ig4S, serla cenderung menunjukkan corak ynng $angat rnonopolistik. Para pengusaha yang dekat dengan elit kekua.rnan nrcrulnpatkan kelrrudahan-k*mudahan yang bcrlehihan sehingga berdanrpak kepatla kese njangan sosia["" Munculnya konglomerasi dnn sekelornpok kccil pcrrgusnha kunt yang ticlak didukung ol*h semftngat kcwirausnhasn scjati merupakan salah crru faktor yeng mengakibatkan hetah*nan ekonomi menjadi $sftgn{ rapuh dan ridak mflmp* bcrsaing, Memperhatikan situasi dan kondisi tcrselrut di atas, rn*nuntut kils untuk menr,*nflti dan menata kcmbali kegiatnn usahn di Indorrr:sia. agar rlunia usaha dapat tumhuh sertr berkemban8 sscara sehst drrn bcnnr, sehingga trrr'ipta iklirn pcrsaingan usah* yang eehat, sertr terhindarnyt pemusittun kckuatan ekonorni pittla pcrorangan atau kelompok tertentu, antara lain dalam bentuk praktck nronopoli dan persaingan usaha tidak *ehat yang merugikan masyar*knt, yang bertentangan clengarr cita-cita keadilan s*rsint. Oleh karena itu, pcrlu disurun Undnng-Unclang tcntang Larangan praktek Manr:poli dan Pnrsaingan Us$a Tidak Sehat yang dinraksutlkarr untuk rnenegakkan aturan hukum dan membcrikan perlindungsn yang sanra bagi sctiayr yrclaku usahn di dxlam upry{r urttuk menciptakan percaingan usaha yang sr.hat. Undang*undang ini menrhcrilcan jaminan kcpaslian hukuur uutuk lehih mendorgng Ferc€F8tan pemhangunan ekononri dalanr upaya nreningkalkan kesejahteraan uruurn, serta rebagai implementari dari oflmflngat clarr jiwa Unclang-Untlang Dasar 1945. Agnr{ffi F'r""(L'rt[ir^hl r-{i frtl;.!: lt( lrvi-)()NL,:il:r -1 Agar implemcntasi undailg-undang ini scrta pcrntur.rn l)elaksfinanye dflpat herjalan efektif sesuei asas dsn tuju*nnya, nraka perlu dihcntuk lionrisi pengawus Fersaingnn Usrhn, yaitu lernbaga indcperdcn yang tcrtcp*s clari pengaruh penrerinkh rlnn pihalr lain. yang berwenang melakukan 1xnsawflsan pcrsaingan u.rahn clan rnenjatuhkan sanksi' Sanksi terwbut berupa tindakan atlnrinis{ratil. scdangkan sanksi pidana adalah wewenang pengadilan. Secarn umum, materi dnri Untlang-Undang Terrlang Larnngan praktek Monopoti dan Persaingan Usnha Tidak Sehat ini mrngamlung 6 (enflrlr) hngian pengaturen yrng terdiri dari : l. perjanjian yrns dilarang; 2. kegiatan ynng dilarang; 3. posisi dominan; 4"" Komisi Pengawas Persaingtn Usaha; 5. penegnkan hukum; 6. ketentuan lain-lain. Undang-undang ini disusun berdasarknn Pancasilt dan L.tndlng-Undang Dasnr 1fl4j, serta bcrasrukan kepadn denrokrasi ckonorni ilengan rncmperhatikan kpseimbarrgan sntsrE kepentingan pelaku usaha dan kcpentingan rrnruru dengan tujuan untuk : mcnj*ga kcpcntingan umum dan nrclinrJrrngi konsunren; rrrerrurrrhuhknrl iklim usahn yang kondusif melalui terciptanya persaingarr usalru yang sehat. ilan rnenjanrin kepastin' kesempatan berusaha yflng sat]ln bagi setiap orang: nrencegah praktek-praktck mouopCIli dan atflu persaingan urnhn tidak selrat yang clitinrbulkan plaku *saha; sr;rla menciptaknn efektivitas dan efisien*i tlalam kegintan usaira dalnrn rangka meninghatknn efisiensi ekonomi nasional sehtgai salrh satu ullaya rncnirrgkntkan kercjahtersnn rakyat. PASALl^ ri [^(;, r) F N Hr ilUlJi.tn rNI.,r)NE \ir\ 4 PASAL DEMI PASAL Pasal I Angkr I Cukup jelas Angka 2 Cukup jelas Angka 3 Cukup jelas Angka 4 Cukup jclas Angka 5 Cukup jelas Angka 6 Cukup jelas Angka 7 Cukup jelas Angka I Cukup jelas Angka 9 Cukup jelas Angke lO Cukup jelas Angka I I Cukup jelns Angka I?/1 -t. Jl'I Hl.t,,l)[ N trl. Pr.tl'll ,K l.{{ rr-,NI Slrr ""5 Angkn l2 Cukup jolas Angka 13 Cukup jelas Angka 14 Cukup jelas Angka 15 Cukup jelas Angkn 16 Cukup jclas Angka l7 Cukup jelas Angka l8 Cukup jelas Angka I9 Cukup jelas Panal 2 Cukup jelns Fnsal 3 Cukup jelas Pasd 4 Ayat (l) Cukup jelas I,W iri""tI tr{{.11.n, ftt PU,tL tK lt""lD(1l.Jt^ Si/- 6 Aynt (2) Cukup jelas"
UU_No_8_Tahun_1999_cleaned.txt,BAB I: KETENTUAN UMUM,PASAL 1,"Dalam Undang-undang ini yang dimaksud dengan:  1. Perlindungan konsumen adalah sega la upaya yang menjamin adanya  kepastian hukum untuk memberi perlindungan kepada konsumen.  2. Konsumen adalah setiap orang pemakai barang dan/atau jasa yang  tersedia dalam masyarakat, baik bagi kepentingan diri sendiri,  keluarga, orang lain, maupun ma khluk hidup lain dan tidak untuk  diperdagangkan.   3. Pelaku usaha adalah setiap ora ng perseorangan atau badan usaha,  baik yang berbentuk bada n hukum maupun bukan badan hukum  yang didirikan dan be rkedudukan atau melakuka n kegiatan dalam  wilayah hukum negara Republik Indonesia, baik sendiri maupun  bersama-sama melalui perjanjian penyelenggaraan kegiatan usaha  dalam berbagai bidang ekonomi.  4. Barang adalah setiap benda ba ik berwujud maupun tidak berwujud,  baik bergerak maupun tidak berg erak, dapat dihabiskan maupun  tidak dapat dihabiskan, yang dapa t untuk diperdagangkan, dipakai,  dipergunakan, atau dimanfaatkan oleh konsumen.  5. Jasa adalah setiap layanan yang berbentuk pekerjaan atau prestasi  yang disediakan bagi masyar akat untuk dimanfaatkan oleh  konsumen.  6. Promosi adalah kegiatan pengena lan atau penyebarluasan informasi  suatu barang dan/atau untuk menari k minat beli konsumen terhadap  barang dan atau jasa yang akan  dan sedang diperdagangkan.  7. Impor barang adalah kegiatan memasukkan barang ke dalam daerah  pabean.  8. Impor jasa adalah kegiatan penyediaan jasa as ing untuk digunakan  di dalam wilayah Republik Indonesia.  9. Lembaga Perlindungan Konsumen  Swadaya Masyarakat adalah  lembaga non-Pemerintah yang terdafta r dan diakui oleh Pemerintah  yang mempunyai kegiatan mena ngani perlindungan konsumen.  10. Klausula Baku adalah setiap aturan  atau ketentuan dan syarat-syarat  yang telah dipersiapkan dan dite tapkan terlebih dahulu secara  sepihak oleh pelaku usaha yang dituangkan dalam suatu dokumen  dan/atau perjanjian yang mengi kat dan wajib dipenuhi oleh  konsumen.  11. Badan Penyelesaian Sengketa Konsumen adalah badan yang  bertugas menangani dan menyelesaikan sengketa antara pelaku  usaha dan konsumen.  12. Badan Perlindungan Konsumen Nasional adalah badan yang  dibentuk untuk membantu upaya  pengembangan perlindungan  konsumen.    13. Menteri adalah menteri yang ruang lingkup tugas dan tanggung  jawabnya meliputi bidang perdagangan.     BAB II : ASAS DAN TUJUAN"
UU_No_8_Tahun_1999_cleaned.txt,BAB II: ASAS DAN TUJUAN,PASAL 2,"Perlindungan konsumen berasaskan manfaat, keadilan, keseimbangan,  keamanan dan keselamatan kons umen, serta kepastian hukum."
UU_No_8_Tahun_1999_cleaned.txt,BAB II: ASAS DAN TUJUAN,PASAL 3,"Perlindungan konsumen bertujuan:  a. meningkatkan kesadaran, kema mpuan dan kemandirian konsumen  untuk melindungi diri;  b. mengangkat harkat dan mart abat konsumen dengan cara  menghindarkannya dari ekses nega tif pemakaian barang dan/atau  jasa;  c. meningkatkan pemberdayaan konsumen dalam memilih,  menentukan, dan menuntut ha k-haknya sebagai konsumen;  d. menciptakan sistem pe rlindungan konsumen yang mengandung  unsur kepastian hukum da n keterbukaan informasi serta akses untuk  mendapatkan informasi;  e. menumbuhkan kesadaran pelaku usaha mengenai pentingnya  perlindungan konsumen sehingga tumbuh sikap yang jujur dan  bertanggungjawab dalam berusaha;  f. meningkatkan kualitas barang da n/atau jasa yang menjamin  kelangsungan usaha produks i barang dan/atau jasa, kesehatan,  kenyamanan, keamanan, dan keselamatan konsumen.   BAB III : HAK DAN KEWAJIBAN Bagian Pertama  Hak dan Kewajiban Konsumen"
UU_No_8_Tahun_1999_cleaned.txt,BAB III: HAK DAN KEWAJIBAN,PASAL 4,"Hak konsumen adalah:  a. hak atas kenyamanan, keam anan, dan keselamatan dalam  mengkonsumsi barang dan/atau jasa;  b. hak untuk memilih ba rang dan/atau jasa serta mendapatkan barang  dan/atau jasa tersebut sesuai dengan nilai tukar dan kondisi serta  jaminan yang dijanjikan;  c. hak atas informasi yang benar, je las, dan jujur mengenai konsidi dan  jaminan barang dan/atau jasa;  d. hak untuk didengar pe ndapat dan keluhannya at as barang dan/atau  jasa yang digunakan;  e. hak untuk mendapatkan advoka si, perlindungan, dan upaya  penyelesaian sengketa perli ndungan konsumen secara patut;  f. hak untuk mendapat pembinaan  dan pendidikan konsumen;  g. hak untuk diperlakukan atau dila yani secara benar dan jujur serta  tidak diskriminatif;  h. hak untuk mendapatkan kompens asi, ganti rugi dan/atau  penggantian, apabila barang dan/atau jasa yang diterima tidak sesuai  dengan perjanjian atau tidak sebagaimana mestinya;  i. hak-hak yang diatur  dalam ketentuan pera turan perundang-undangan  lainnya."
UU_No_8_Tahun_1999_cleaned.txt,BAB III: HAK DAN KEWAJIBAN,PASAL 5,"Kewajiban konsumen adalah:  a. membaca atau mengikuti pet unjuk informasi dan prosedur    pemakaian atau pemanfaatan barang dan/atau jasa, demi keamanan  dan keselamatan;  b. beritikad baik dalam melakukan transaksi pembelian barang  dan/atau jasa;  c. membayar sesuai dengan nilai tukar yang disepakati;  d. mengikuti upaya penyelesa ian hukum sengketa perlindungan  konsumen secara patut.    Bagian Kedua  Hak dan Kewajiban Pelaku Usaha"
UU_No_8_Tahun_1999_cleaned.txt,BAB III: HAK DAN KEWAJIBAN,PASAL 6,Hak pelaku usaha adalah:  a. hak untuk menerima pembayaran  yang sesuai dengan kesepakatan  mengenai kondisi dan nilai tukar barang dan/atau jasa yang  diperdagangkan;  b. hak untuk mendapat perlindungan hukum dari tindakan konsumen  yang beritikad tidak baik;  c. hak untuk melakukan pembelaan diri sepatutnya di dalam  penyelesaian hukum sengketa konsumen;  d. hak untuk rehabilitasi nama ba ik apabila terbukti secara hukum  bahwa kerugian konsumen tidak di akibatkan oleh barang dan/atau  jasa yang diperdagangkan;  e. hak-hak yang diatur  dalam ketentuan pera turan perundang-undangan  lainnya.
UU_No_8_Tahun_1999_cleaned.txt,BAB III: HAK DAN KEWAJIBAN,PASAL 7,"Kewajiban pelaku usaha adalah:  a. beritikad baik dalam melakukan kegiatan usahanya;  b. memberikan informasi yang bena r, jelas dan jujur mengenai kondisi  dan jaminan barang dan/atau ja sa serta memberi penjelasan  penggunaan, perbaikan dan pemeliharaan;  c. memperlakukan atau melayani konsumen secara benar dan jujur  serta tidak diskriminatif;  d. menjamin mutu barang dan/at au jasa yang diproduksi dan/atau  diperdagangkan berdasarkan ke tentuan standar mutu barang  dan/atau jasa yang berlaku;  e. memberi kesempatan kepada konsumen untuk menguji, dan/atau  mencoba barang dan/atau jasa te rtentu serta memberi jaminan  dan/atau garansi atas bara ng yang dibuat dan/atau yang  diperdagangkan;  f. memberi kompensasi, ganti rugi da n/atau penggantian atas kerugian  akibat penggunaan, pemakaian dan pemanfaatan barang dan/atau  jasa yang diperdagangkan;  g. memberi kompensasi, ganti r ugi dan/atau penggantian apabila  barang dan/atau jasa yang diterima atau dimanfaatkan tidak sesuai  dengan perjanjian.     BAB IV : PERBUATAN YANG DILARANG BAGI PELAKU USAHA"
UU_No_8_Tahun_1999_cleaned.txt,BAB IV: PERBUATAN YANG DILARANG,PASAL 8,"(1) Pelaku usaha dilarang mempr oduksi dan/atau memperdagangkan  barang dan/atau jasa yang:    a. tidak memenuhi atau tidak  sesuai dengan standar yang  dipersyaratkan dan ketentua n peraturan pe rundang-undangan;   b. tidak sesuai dengan berat bersih , isi bersih atau netto, dan jumlah  dalam hitungan sebagaimana yang dinyatakan dalam label atau  etiket barang tersebut;   c. tidak sesuai dengan ukuran, takaran, timbangan dan jumlah  dalam hitungan menurut ukuran yang sebenarnya;   d. tidak sesuai dengan kondisi , jaminan, keistimewaan atau  kemanjuran sebagaimana dinyataka n dalam label, etiket atau  keterangan barang dan/atau jasa tersebut;   e. tidak sesuai dengan mutu, tingkatan, komposisi, proses  pengolahan, gaya, mode, atau pe nggunaan tertentu sebagaimana  dinyatakan dalam label atau ke terangan barang dan/atau jasa  tersebut;   f. tidak sesuai dengan janji di nyatakan dalam label, etiket  keterangan, iklan atau promosi penjualan barang dan/atau jasa  tersebut;   g. tisak mencantumkan tanggal kadaluwarsa atau jangka waktu  penggunaan/pemanfaatan yang paling baik atas barang tertentu;   h. tidak mengikuti ketentuan berproduksi secara halal, sebagaimana  pernyataan ""halal"" yang dicantumkan dalam label;   i. tidak memasang label atau membuat penjelasan barang yang  memuat nama barang, ukuran, berat/isi bersih atau netto,  komposisi, aturan pakai, tanggal pembuatan, akibat sampingan,  nama dan alamat pelaku usah a serta keterangan lain untuk  penggunaan yang menurut ketent uan harus di pasang/dibuat;   j. tidak mencantumkan inform asi dan/atau petunjuk penggunaan  barang dalam bahasa Indonesi a sesuai dengan ketentuan  perundang-undangan yang berlaku.        (2) Pelaku usaha dilarang memperda gangkan barang yang rusak, cacat    atau bekas, dan tercemar tanpa memberikan informasi secara  lengkap dan benar atas  barang dimaksud.  (3) Pelaku usaha dilarang memper dagangkan sediaan farmasi dan  pangan yang rusak, cacat atau bekas dan tercemar, dengan atau tanpa  memberikan informasi secara lengkap dan benar.  (4) Pelaku usaha yang melakukan pela nggaran pada ayat (1) dan ayat  (2) dilarang memperdagangkan barang dan/atau jasa tersebut serta  wajib menariknya dari peredaran."
UU_No_8_Tahun_1999_cleaned.txt,BAB IV: PERBUATAN YANG DILARANG,PASAL 9,"(1) Pelaku usaha dilarang menawark an, mempromosikan, mengiklankan  suatu barang dan/atau jasa secara tidak benar, dan/atau seolah-olah:   a. barang tersebut telah meme nuhi dan/atau memiliki  potongan  harga, harga khusus, standar mutu  tertentu, gaya atau mode  tertentu, karakteristik tertentu , sejarah atau guna tertentu;   b. barang tersebut dalam ke adaan baik dan/atau baru;   c. barang dan/atau jasa terse but telah mendapatkan dan/atau  memiliki sponsor, persetujua n, perlengkapan tertentu,  keuntungan tertentu, ciri-ciri kerja atau aksesori tertentu;   d. barang dan/atau jasa terse but dibuat oleh perusahaan yang  mempunyai sponsor, persetujuan atau afiliasi;   e. barang dan/atau jasa tersebut tersedia;   f. barang tersebut tidak mengandung cacat tersembunyi;   g. barang tersebut merupakan kelengkapan dari barang tertentu;   h. barang tersebut berasal dari daerah tertentu;   i. secara langsung atau tidak langsung merendahkan barang  dan/atau jasa lain;       j. menggunakan kata-kata yang be rlebihan, seperti aman, tidak  berbahaya, tidak mengandung risiko atau efek sampingan tanpa    keterangan yang lengkap;   k. menawarkan sesuatu yang mengandung janji yang belum pasti.  (2) Barang dan/atau jasa sebagaimana dimaksud pada ayat (1) dilarang  untuk diperdagangkan.  (3) Pelaku usaha yang melakukan pe langgaran terhadap ayat (1)  dilarang melanjutkan penawaran, promosi, dan pe ngiklanan barang  dan/atau jasa tersebut."
UU_No_8_Tahun_1999_cleaned.txt,BAB IV: PERBUATAN YANG DILARANG,PASAL 10,"Pelaku usaha dalam menawarkan bara ng dan/atau jasa yang ditujukan  untuk diperdagangkan dilarang me nawarkan, mempromosikan,  mengiklankan atau membuat per nyataan yang tidak benar atau  menyesatkan mengenai:  a. harga atau tarif suatu barang dan/atau jasa;  b. kegunaan suatu barang dan/atau jasa;  c. kondisi, tanggungan, jamina n, hak atau ganti rugi atas suatu barang  dan/atau jasa;  d. tawaran potongan harga atau hadiah menarik yang ditawarkan;  e. bahaya penggunaan barang dan/atau jasa."
UU_No_8_Tahun_1999_cleaned.txt,BAB IV: PERBUATAN YANG DILARANG,PASAL 11,"Pelaku usaha dalam hal penjualan yang dilakukan melalui cara obral  atau lelang, dilarang mengelabu i/menyesatkan konsumen dengan:  a. menyatakan barang dan/atau ja sa tersebut seolah-olah telah  memenuhi standar mutu tertentu;  b. menyatakan barang dan/atau ja sa tersebut seolah-olah tidak  mengandung cacat tersembunyi;    c. tidak berniat untuk menjual ba rang yang ditawarkan melainkan  dengan maksud untuk menjual barang lain;    d. tidak menyediakan barang dalam ju mlah tertentu dan/atau jumlah  yang cukup dengan maksud me njual barang yang lain;  e. tidak menyediakan jasa dalam kapa sitas tertentu atau dalam jumlah  cukup dengan maksud menj ual jasa yang lain;  f. menaikkan harga atau tarif bara ng dan/atau jasa sebelum melakukan  obral."
UU_No_8_Tahun_1999_cleaned.txt,BAB IV: PERBUATAN YANG DILARANG,PASAL 12,"Pelaku usaha dilarang menawarkan, mempromosikan, atau  mengiklankan suatu barang dan/atau jasa dengan harga atau tarif khusus  dalam waktu dan jumlah tertentu, jika pelaku usaha tersebut tidak  bermaksud untuk melaksanakan sesu ai dengan waktu dan jumlah yang  ditawarkan, dipromosikan, atau diiklankan."
UU_No_8_Tahun_1999_cleaned.txt,BAB IV: PERBUATAN YANG DILARANG,PASAL 13,"(1) Pelaku usaha dilarang menawarkan, mempromosikan, atau  mengiklankan suatu bara ng dan/atau jasa dengan cara menjanjikan  pemberian hadiah ber upa barang dan/atau jasa lain secara  cuma-cuma dengan maksud tidak me mberikannya atau memberikan  tidak sebagaimana yang dijanjikannya.  (2) Pelaku usaha dilarang menawarkan, mempromosikan, atau  mengiklankan obat, obat tradisiona l, suplemen makanan, alat  kesehatan, dan jasa pelayanan kesehatan dengan cara menjanjikan  pemberian hadiah berupa bara ng dan/atau jasa dengan cara  menjanjikan pemberian hadiah ber upa barang dan/atau jasa lain."
UU_No_8_Tahun_1999_cleaned.txt,BAB IV: PERBUATAN YANG DILARANG,PASAL 14,"Pelaku usaha dalam menawarkan bara ng dan/atau jasa yang ditujukan    untuk diperdagangkan denga n memberikan hadiah melalui cara undian,  dilarang masuk:  a. tidak melakukan penarikan ha diah setelah batas waktu yang  dijanjikan;  b. mengumumkan hasilnya tidak melalui media massa;  c. memberikan hadiah tidak sesuai dengan yang dijanjikan;  d. mengganti hadiah yang tidak se tara dengan nilai hadiah yang  dijanjikan."
UU_No_8_Tahun_1999_cleaned.txt,BAB IV: PERBUATAN YANG DILARANG,PASAL 15,Pelaku usaha dalam menawarkan barang dan/atau jasa dilarang  melakukan dengan cara pemaksaa n atau cara lain yang dapat  menimbulkan gangguan baik fisik maupun psikis terhadap konsumen.
UU_No_8_Tahun_1999_cleaned.txt,BAB IV: PERBUATAN YANG DILARANG,PASAL 16,Pelaku usaha dalam menawarkan barang dan/atau jasa melalui pesanan  dilarang untuk:  a. tidak menepati pesanan dan/atau kesepakatan waktu penyelesaian  sesuai dengan yang dijanjikan;  b. tidak menepati janji atas suat u pelayanan dan/atau prestasi.
UU_No_8_Tahun_1999_cleaned.txt,BAB IV: PERBUATAN YANG DILARANG,PASAL 17,"(1) Pelaku usaha periklanan d ilarang memproduksi iklan yang:   a. mengelabui konsumen menge nai kualitas, kuantitas, bahan  kegunaan dan harga barang dan/atau tarif jasa serta ketepatan waktu penerimaan barang dan/atau jasa;   b. mengelabui jaminan/garansi terhadap barang dan/atau jasa;   c. memuat informasi yang keliru, salah, atau tidak tepat mengenai  barang dan/atau jasa;     d. tidak memuat informasi mengenai risiko pemakaian barang  dan/atau jasa;   e. mengeksploitasi kejadian dan/ atau seseorang tanpa seizin yang  berwenang atau perset ujuan yang bersangkutan;   f. melanggar etika dan/at au ketentuan peraturan  perundang-undangan menge nai periklanan.  (2) Pelaku usaha periklanan dilara ng melanjutkan pere daran iklan yang  telah melanggar ketentuan pada ayat (1).    BAB V : KETENTUAN PENCANTUMAN KLAUSULA BAKU"
UU_No_8_Tahun_1999_cleaned.txt,BAB V: KETENTUAN PENCANTUMAN KLAUSULA BAKU,PASAL 18,"(1) Pelaku usaha dalam menawark an barang dan/atau jasa yang  ditujukan untuk diperdagangka n dilarang membuat atau  mencantumkan klausula baku pada setiap dokumen dan/atau  perjanjian apabila:   a. menyatakan pengalihan tanggung jawab pelaku usaha;   b. menyatakan bahwa pelaku us aha berhak menolak penyerahan  kembali barang yang dibeli konsumen;   c. menyatakan bahwa pelaku us aha berhak menolak penyerahan  kembali uang yang dibayarkan at as barang dan/atau jasa yang  dibeli oleh konsumen;   d. menyatakan pemberian kuasa  dari konsumen kepada pelaku  usaha baik secara langs ung maupun tidak langsung untuk  melakukan segala tindakan se pihak yang berkaitan dengan  barang yang dibeli oleh kons umen secara angsuran;   e. mengatur perihal pembuktia n atas hilangnya kegunaan barang  atau pemanfaatan jasa yang dibeli oleh konsumen;     f. memberi hak kepada pelaku usaha untuk mengurangi manfaat  jasa atau mengurangi harta ke kayaan konsumen yang menjadi    obyek jual beli jasa;   g. menyatakan tunduknya konsumen kepada peraturan yang berupa  aturan baru, tambahan, lanjutan  dan/atau pengubahan lanjutan  yang dibuat sepihak oleh pela ku usaha dalam masa konsumen  memanfaatkan jasa yang dibelinya;   h. menyatakan bahwa konsumen memberi kuasa kepada pelaku  usaha untuk pembebanan hak ta nggungan, hak gada i, atau hak  jaminan terhadap barang yang dibeli oleh konsumen secara  angsuran.  (2) Pelaku usaha dilarang mencantumk an klausula baku yang letak atau  bentuknya sulit terlihat atau tidak dapat dibaca secara jelas, atau  yang pengungkapannya sulit dimengerti.  (3) Setiap klausula baku yang telah ditetapkan oleh pelaku usaha pada  dokumen atau perjanjian yang me menuhi ketentuan sebagaimana  dimaksud pada ayat (1) dan ayat  (2) dinyatakan batal demi hukum.  (4) Pelaku usaha wajib menyesuaika n klausula baku yang bertentangan  dengan Undang-undang ini.     BAB VI : TANGGUNG JAWAB PELAKU USAHA"
UU_No_8_Tahun_1999_cleaned.txt,BAB VI: TANGGUNG JAWAB PELAKU USAHA,PASAL 19,"(1) Pelaku usaha bertanggung jawab memberikan ganti rugi atas  kerusakan, pencemaran, dan/atau kerugian konsumen akibat  mengkonsumsi barang dan/atau ja sa yang dihasilkan atau  diperdagangkan.          (2) Ganti rugi sebagaimana dimaksud pada ayat (1) dapat berupa  pengembalian uang atau penggantia n barang dan/atau jasa yang    sejenis atau setara nilainya, at au perawatan kesehatan dan/atau  pemberian santunan yang sesuai  dengan ketentuan peraturan  perundang-undangan yang berlaku.  (3) Pemberian ganti rugi dilaksan akan dalam tenggang waktu 7 (tujuh)  hari setelah tanggal transaksi.  (4) Pemberian ganti rugi sebagaiman a dimaksud pada ayat (1) dan ayat  (2) tidak menghapuskan kemungkina n adanya tuntutan pidana  berdasarkan pembuktian lebih la njut mengenai adanya unsur  kesalahan.  (5) Ketentuan sebagaimana dimaksud pa da ayat (1) dan ayat (2) tidak  berlaku apabila pelaku usaha dapa t membuktikan bahwa kesalahan  tersebut merupakan kesalahan konsumen."
UU_No_8_Tahun_1999_cleaned.txt,BAB VI: TANGGUNG JAWAB PELAKU USAHA,PASAL 20,Pelaku usaha periklanan bertanggung jawab atas iklan yang diproduksi  dan segala akibat yang ditim bulkan oleh iklan tersebut.
UU_No_8_Tahun_1999_cleaned.txt,BAB VI: TANGGUNG JAWAB PELAKU USAHA,PASAL 21,(1) Importir barang bertanggung jawa b sebagai pembuat barang yang  diimpor apabila importasi barang te rsebut tidak dilakukan oleh agen  atau perwakilan produsen luar negeri.  (2) Importir jasa bertanggung jawab se bagai penyedia jasa asing apabila  penyediaan jasa asing tersebut tidak dilakukan oleh agen atau  perwakilan penyedia jasa asing.
UU_No_8_Tahun_1999_cleaned.txt,BAB VI: TANGGUNG JAWAB PELAKU USAHA,PASAL 22,"Pembuktian terhadap ada tidaknya uns ur kesalahan dalam kasus pidana    sebagaimana dimaksud dalam pasal 19 ayat (4), Pasal 20, dan Pasal 21  merupakan beban dan tanggung jawab pelaku usaha menutup  kemungkinan bagi jaksa unt uk melakukan pembuktian."
UU_No_8_Tahun_1999_cleaned.txt,BAB VI: TANGGUNG JAWAB PELAKU USAHA,PASAL 23,"Pelaku usaha yang menolak dan/atau tidak memberi tanggapan dan/atau  tidak memenuhi ganti rugi atas tuntutan konsumen sebagaimana  dimaksud dalam Pasal 19 aya t(1), ayat (2), ayat (3), dan ayat (4), dapat  digugat melalui badan penyelesa ian sengketa konsumen atau  mengajukan ke badan peradila n di tempat kedudukan konsumen."
UU_No_8_Tahun_1999_cleaned.txt,BAB VI: TANGGUNG JAWAB PELAKU USAHA,PASAL 24,"(1) Pelaku usaha yang menjual bara ng dan/atau jasa kepada pelaku  usaha lain bertanggung jawab atas tuntutan ganti rugi dan/atau  gugatan konsumen apabila:   a. pelaku usaha lain menjual kepada konsumen tanpa melakukan  perubahan apapun atas barang dan/atau jasa tersebut;   b. pelaku usaha lain, di dalam tr ansaksi jual beli tidak mengetahui  adanya perubahan barang dan/at au jasa yang dilakukan oleh  pelaku usaha atau tidak sesu ai dengan contoh, mutu, dan  komposisi.  (2) Pelaku usaha sebagaimana dimaksud pada ayat (1) dibebaskan dari  tanggung jawab atas tuntutan ganti rugi dan/atau gugatan konsumen  apabila pelaku usaha lain yang membeli barang dan/atau jasa  menjual kembali kepada konsum en dengan mela kukan perubahan  atas barang dan/atau jasa yang tersebut."
UU_No_8_Tahun_1999_cleaned.txt,BAB VI: TANGGUNG JAWAB PELAKU USAHA,PASAL 25,(1) Pelaku usaha yang memproduks i barang yang pemanfaatannya    berkelanjutan dalam batas waktu sekurang-kurangnya 1 (satu) tahun  wajib menyediakan suku cadang dan/atau fasilitas purna jual dan  wajib memenuhi jaminan atau garansi sesuai dengan yang  diperjanjikan.  (2) Pelaku usaha sebagaimana di maksud pada ayat (1) bertanggung  jawab atas tuntutan ganti rugi dan/atau gugatan konsumen apabila  pelaku usaha tersebut:   a. tidak menyediakan atau lala i menyediakan suku cadang dan/atau  fasilitas perbaikan;   b. tidak memenuhi atau gagal me menuhi jaminan atau garansi yang  diperjanjikan.
UU_No_8_Tahun_1999_cleaned.txt,BAB VI: TANGGUNG JAWAB PELAKU USAHA,PASAL 26,Pelaku usaha yang memperdagangkan jasa wajib memenuhi jaminan  dan/atau garansi yang disepaka ti dan/atau yang diperjanjikan.
UU_No_8_Tahun_1999_cleaned.txt,BAB VI: TANGGUNG JAWAB PELAKU USAHA,PASAL 27,"Pelaku usaha yang memproduksi ba rang dibebaskan dari tanggung  jawab atas kerugian yang diderita konsumen, apabila:  a. barang tersebut terbukti seharu snya tidak diedarkan atau tidak  dimaksudkan untuk diedarkan;  b. cacat barang timbul pada kemudian hari;  c. cacat timbul akibat ditaatinya  ketentuan mengenai kualifikasi  barang;  d. kelalaian yang diak ibatkan oleh konsumen;  e. lewatnya jangka wa ktu penuntutan 4 (emp at) tahun sejak barang  dibeli atau lewatnya jangka  waktu yang diperjanjikan."
UU_No_8_Tahun_1999_cleaned.txt,BAB VI: TANGGUNG JAWAB PELAKU USAHA,PASAL 28,"Pembuktian terhadap ada tidaknya uns ur kesalahan da lam gugatan ganti  rugi sebagaimana dimaksud dalam Pasal 19, Pasal 22, dan Pasal 23  merupakan beban dan tanggung jawab pelaku usaha.    BAB VII : PEMBINAAN DAN PENGAWASAN Bagian Pertama  Pembinaan"
UU_No_8_Tahun_1999_cleaned.txt,BAB VII: PEMBINAAN DAN PENGAWASAN,PASAL 29,(1) Pemerintah bertanggung jawab atas pembinaan penyelenggaraan  perlindungan konsumen yang menjamin diperolehnya hak konsumen  dan pelaku usaha serta dilaksan akannya kewajiban konsumen dan  pelaku usaha  (2) Pembinaan oleh pemerintah atas penyelenggaraan perlindungan  konsumen sebagaimana dimaksud pada  ayat (1) dilaksanakan oleh  Menteri dan/atau menteri teknis terkait.  (3) Menteri sebagaimana dimaksud pa da ayat (2) melakukan koordinasi  atas penyelenggaraan perlindungan konsumen.  (4) Pembinaan penyelenggaraan pe rlindungan konsumen sebagaimana  dimaksud pada ayat (2) meliputi upaya untuk:   a. terciptanya iklim usah a dan tumbuhnya hubungan yang sehat  antara pelaku usaha dan konsumen;   b. berkembangnya lembaga perlidungan konsumen swadaya  masyarakat;   c. meningkatkan kualitas sumber daya manusia serta meningkatnya  kegiatan penelitian dan pengemb angan di bida ng perlindungan  konsumen.      (5) Ketentuan lebih lanjut me ngenai pembinaan penyelenggaraan  perlindungan konsumen diatur de ngan Peraturan Pemerintah.    Bagian Kedua  Pengawasan
UU_No_8_Tahun_1999_cleaned.txt,BAB VII: PEMBINAAN DAN PENGAWASAN,PASAL 30,"(1) Pengawasan terhadap penye lenggaraan perlindungan konsumen  serta penerapan ketentuan peraturan per undang-undangannya  diselenggarakan oleh pemerint ah, masyarakat, dan lembaga  perlindungan konsumen swadaya masyarakat.  (2) Pengawasan oleh pemerintah se bagaimana dimaksud pada ayat (1)  dilaksanakan oleh Menteri dan/atau menteri teknis terkait.  (3) Pengawasan oleh masyarakat dan lembaga perlindungan konsumen  swadaya masyarakat dilakukan terhadap barang dan/atau jasa yang  beredar di pasar.  (4) Apabila hasil pengawasan seba gaimana dimaksud pada ayat (3)  ternyata menyimpang dari pe raturan perunda ng-undangan yang  berlaku dan membahayakan konsum en, Menteri dan/atau menteri  teknis mengambil tindakan se suai dengan peraturan  perundang-undangan yang berlaku.  (5) Hasil pengawasan yang diselengga rakan masyarakat dan lembaga  perlindungan konsumen swadaya masy arakat dapat disebarluaskan  kepada masyarakat dan dapat di sampaikan kepada Menteri dan  menteri teknis.  (6) Ketentuan pelaksanaan tugas pengawasan sebagaimana dimaksud  pada ayat (1), ayat (2), dan ayat  (3) ditetapkan dengan Peraturan  Pemerintah.             BAB VIII : BADAN PERLINDUNGAN KONSUMEN NASIONAL Bagian Pertama    Nama, Kedudukan, Fungsi, dan Tugas"
UU_No_8_Tahun_1999_cleaned.txt,BAB VIII: BADAN PERLINDUNGAN KONSUMEN NASIONAL,PASAL 31,Dalam rangka mengembangkan upaya  perlindungan kons umen dibentuk  Badan Perlindungan K onsumen Nasional.
UU_No_8_Tahun_1999_cleaned.txt,BAB VIII: BADAN PERLINDUNGAN KONSUMEN NASIONAL,PASAL 32,Badan Perlindungan Konsumen Nasi onal berkedudukan di Ibu Kota  Negara Republik Indonesia dan bertanggung jawab kepada Presiden.
UU_No_8_Tahun_1999_cleaned.txt,BAB VIII: BADAN PERLINDUNGAN KONSUMEN NASIONAL,PASAL 33,Badan Perlindungan Konsumen  Nasional mempunyai fungsi  memberikan saran dan pertimbangan kepada pemerintah dalam upaya  mengembangkan perlindungan konsumen di Indonesia.
UU_No_8_Tahun_1999_cleaned.txt,BAB VIII: BADAN PERLINDUNGAN KONSUMEN NASIONAL,PASAL 34,"(1) Untuk menjalankan fungsi se bgaimana dimaksud dalam Pasal 33  Badan Perlindungan Konsumen Nasional mempunyai tugas:   a. memberikan saran dan rekome ndasi kepada pemerintah dalam  rangka penyusunan kebijaksanaan di bida ng perlindungan  konsumen;   b. melakukan penelitian dan pe ngkajian terhadap peraturan  perundang-undangan ya ng berlaku di bi dang perlindungan  konsumen.   c. melakukan penelitian terhadap  barang dan/atau jasa yang  menyangkut keselamatan konsumen;     d. mendorong berkembangnya le mbaga perlindungan konsumen  swadaya masyarakat.   e. menyebarluaskan informasi melalui media mengenai    perlindungan konsumen dan memasyarakatkan sikap  keberpihakan kepada konsumen;   f. menerima pengaduan tenta ng perlindungan konsumen dari  masyarakat, lembaga perlindungan konsumen swadaya  masyarakat, atau pelaku usaha;   g. melakukan survei yang menyangkut kebutuhan konsumen.  (2) Dalam melaksanakan tugas seba gaimana dimaksud pada ayat (1),  Badan perlindungan Konsumen Nasi onal dapat bekerja sama dengan  organisasi konsumen internasional.    Bagian Kedua  Susunan Organisasi  dan Keanggotaan"
UU_No_8_Tahun_1999_cleaned.txt,BAB VIII: BADAN PERLINDUNGAN KONSUMEN NASIONAL,PASAL 35,"(1) Badan Perlindungan Konsumen Nasi onal terdiri atas seorang ketua  merangkap anggota, seorang wakil ketua merangkap anggota, serta  sekurang-kurangnya 15 (lima belas)  orang dan se banyak-banyaknya  25 (dua puluh lima) orang anggot a yang mewakili semua unsur.  (2) Anggota Badan perlindungan K onsumen Nasional diangkat dan  diberhentikan oleh Presiden atas usul Menteri, setelah  dikonsultasikan kepada Dewa n Perwakilan Rakyat Republik  Indonesia.  (3) Masa jabatan ketua, wakil ke tua, dan anggota Badan Perlindungan  Konsumen Nasional selama 3 ( tiga) tahun dan dapat diangkat  kembali untuk 1 (satu) kali masa jabatan berikutnya.  (4) Ketua dan wakil ketua Bada n Perlindungan Kons umen Nasional  dipilih oleh anggota."
UU_No_8_Tahun_1999_cleaned.txt,BAB VIII: BADAN PERLINDUNGAN KONSUMEN NASIONAL,PASAL 36,Anggota Badan Perlindungan Konsumen  Nasional terdiri atas unsur:    a. pemerintah;  b. pelaku usaha;  c. lembaga perlindungan konsumen swadaya masyarakat;  d. akademis; dan  e. tenaga ahli.
UU_No_8_Tahun_1999_cleaned.txt,BAB VIII: BADAN PERLINDUNGAN KONSUMEN NASIONAL,PASAL 37,Persyaratan keanggotaan Badan Perlindungan Konsumen Nasional  adalah:  a. warga negara Republik Indonesia;  b. berbadan sehat;  c. berkelakuan baik;  d. tidak pernah dihukum karena kejahatan;  e. memiliki pengetahuan dan pe ngalaman di bi dang perlindungan  konsumen; dan  f. berusia sekurang-kurangnya 30 (tiga puluh) tahun.
UU_No_8_Tahun_1999_cleaned.txt,BAB VIII: BADAN PERLINDUNGAN KONSUMEN NASIONAL,PASAL 38,Keanggotaan Badan Per lindungan Konsumen Nasional berhenti karena:  a. meninggal dunia;  b. mengundurkan diri atas permintaan sendiri;  c. bertempat tinggal di luar w ilayah negara Republik Indonesia;  d. sakit secara terus menerus;  e. berakhir masa jabatan sebagai anggota; atau    f. diberhentikan.
UU_No_8_Tahun_1999_cleaned.txt,BAB VIII: BADAN PERLINDUNGAN KONSUMEN NASIONAL,PASAL 39,"(1) Untuk kelancaran pelaksan aan tugas, Badan Perlindungan  Konsumen Nasional dibantu oleh sekretariat.  (2) Sekretariat sebagaimana dimaks ud pada ayat (1) dipimpin oleh  seorang sekretaris yang diangka t oleh Ketua Badan Perlindungan  Konsumen Nasional.  (3) Fungsi, tugas, dan tata kerja se kretariat sebagaimana dimaksud pada  ayat (1) diatur dalam keput usan Ketua Badan Perlindungan  Konsumen Nasional."
UU_No_8_Tahun_1999_cleaned.txt,BAB VIII: BADAN PERLINDUNGAN KONSUMEN NASIONAL,PASAL 40,(1) Apabila diperlukan Badan Per lindungan Konsumen Nasional dapat  membentuk Perwakilan di Ibu Kota Daerah Tingkat I untuk  membantu pelaksanaan tugasnya.  (2) Pembentukan perwakilan sebaga imana dimaksud pada ayat (1)  ditetapkan lebih lanjut dengan keputusan Ketua Badan Perlindungan  Konsumen Nasional.
UU_No_8_Tahun_1999_cleaned.txt,BAB VIII: BADAN PERLINDUNGAN KONSUMEN NASIONAL,PASAL 41,"Dalam pelaksanaan tugas, Bada n Perlindungan Kons umen Nasional  bekerja berdasarkan tata kerja ya ng diatur dengan keputusan Ketua  Badan Perlindungan K onsumen Nasional."
UU_No_8_Tahun_1999_cleaned.txt,BAB VIII: BADAN PERLINDUNGAN KONSUMEN NASIONAL,PASAL 42,Biaya untuk pelaksanaan tugas Badan Perlindungan Konsumen  Nasional dibebankan kepa da anggaran pendapatan dan belanja negara    dan sumber lain yang sesuai dengan peraturan perundang-undangan  yang berlaku.
UU_No_8_Tahun_1999_cleaned.txt,BAB VIII: BADAN PERLINDUNGAN KONSUMEN NASIONAL,PASAL 43,Ketentuan lebih lanjut mengena i pembentukan Badan Perlindungan  Konsumen Nasional diatur da lam Peraturan Pemerintah.    BAB IX : LEMBAGA PERLINDUNGAN KONSUMEN SWADAYA MASYARAKAT
UU_No_8_Tahun_1999_cleaned.txt,BAB IX: LEMBAGA PERLINDUNGAN KONSUMEN,PASAL 44,"(1) Pemerintah mengakui lembag a perlindungan konsumen swadaya  masyarakat yang memenuhi syarat.  (2) Lembaga perlindungan konsumen swadaya masyar akat memiliki  kesempatan untuk berperan aktif dalam mewuj udkan perlindungan  konsumen.  (3) Tugas lembaga perlindungan konsumen swadaya masyarakat  meliputi kegiatan:   a. menyebarkan informasi dalam rangka meningkatkan   kesadaran atas hak dan kewajib an dan kehati-hatian konsumen  dalam mengkonsumsi barang dan/atau jasa.   b. memberikan nasihat kepa da konsumen yang memerlukannya;   c. bekerja sama dengan instansi  terkait dalam upaya mewujudkan  perlindungan konsumen;   d. membantu konsumen dalam memperjuangkan haknya, termasuk  menerima keluhan atau pengaduan konsumen;     e. melakukan pengawasan bersam a pemerintah dan masyarakat  terhadap pelaksanaan perlindungan konsumen.    (4) Ketentuan lebih lanjut me ngenai tugas lembaga perlindungan  konsumen swadaya masyarakat seba gaimana dimaksud pada ayat (3)  diatur dalam Peraturan Pemerintah.     BAB X : PENYELESAIAN SENGKETA Bagian Pertama  Umum"
UU_No_8_Tahun_1999_cleaned.txt,BAB X: PENYELESAIAN SENGKETA,PASAL 45,"(1) Setiap konsumen yang dirugi kan dapat menggugat pelaku usaha  melalui lembaga yang bertugas me nyelesaikan sengketa antara  konsumen dan pelaku usaha atau me lalui peradilan yang berada di  lingkungan peradilan umum.  (2) Penyelesaian sengketa konsumen dapat ditempuh melalui pengadilan  atau di luar pengadilan berdasarkan pilihan sukarela  para pihak yang  bersengketa.  (3) Penyelesaian sengketa di luar  pengadilan sebagaimana dimaksud  pada ayat (2) tidak menghilangkan tanggung jawab pidana  sebagaimana diatur dalam Undang-undang.  (4) APabila telah dipilih upaya penye lesaian sengketa konsumen di luar  pengadilan, gugatan melalui pe ngadilan hanya dapat ditempuh  apabila upaya tersebut dinyatakan tidak berhasil oleh salah satu  pihak atau oleh para pihak yang bersengketa."
UU_No_8_Tahun_1999_cleaned.txt,BAB X: PENYELESAIAN SENGKETA,PASAL 46,"(1) Gugatan atas pelanggaran pe laku usaha dapat dilakukan oleh:   a. seorang konsumen yang di rugikan atau ahli waris yang  bersangkutan;     b. sekelompok konsumen ya ng mempunyai kepentingan yang  sama;     c. lembaga perlindungan konsumen swadaya masyarakat yang  memenuhi syarat, yaitu berbent uk badan hukum atau yayasan,  yang dalam anggaran dasarnya menyebutkan dengan tegas  bahwa tujuan didirikannya orga nisasi tersebut adalah untuk  kepentingan perli ndungan konsumen dan telah melaksanakan  kegiatan sesuai denga n anggaran dasarnya;   d. pemerintah dan/atau instansi terkait apabila barang dan/atau jasa  yang dikonsumsi atau dimanfaat kan mengakibatkan kerugian  materi yang besar dan/atau korban yang tidak sedikit.  (2) Gugatan yang diajukan oleh  kelompok konsumen, lembaga  perllindungan konsumen swadaya ma syarakat atau pemerintah  sebagaimana dimaksud pada ayat (1) huruf b, huruf c, atau huruf d  diajukan kepada peradilan umum.  (3) Ketentuan lebih lanjut menge nai kerugian materi yang besar  dan/atau korban yang tidak sedikit sebagaimana dimaksud pada ayat  (1) huruf d diatur denga n Peraturan Pemerintah.     Bagian Kedua  Penyelesaian Sengketa di luar Pengadilan"
UU_No_8_Tahun_1999_cleaned.txt,BAB X: PENYELESAIAN SENGKETA,PASAL 47,Penyelesaian sengketa konsumen di luar pengadilan diselenggarakan  untuk mencapai kesepakatan mengenai bentuk dan besarnya ganti rugi  dan/atau mengenai tindakan tertentu untuk menjamin tidak akan terjadi  kembali atau tidak akan terulang ke mbali kerugian yang diderita oleh  konsumen.                Bagian Ketiga  Penyelesaian Sengketa Melalui Pengadilan
UU_No_8_Tahun_1999_cleaned.txt,BAB X: PENYELESAIAN SENGKETA,PASAL 48,Penyelesaian sengketa konsumen me lalui pengadilan mengacu pada  ketentuan tentang pera dilan umum yang berlaku dengan memperhatikan  ketentuan dalam Pasal 45.    BAB XI : BADAN PENYELESAIAN SENGKETA KONSUMEN
UU_No_8_Tahun_1999_cleaned.txt,BAB XI: BADAN PENYELESAIAN SENGKETA KONSUMEN,PASAL 49,"(1) Pemerintah membentuk badan penyelesaian sengketa konsumen di  Daerah Tingkat II untuk penyelesaia n sengketa konsumen di luar  pengadilan.  (2) Untuk dapat diangkat menjadi anggota badan penye lesaian sengketa  konsumen, seseorang harus meme nuhi syarat sebagai berikut:   a. warga negara Republik Indonesia;   b. berbadan sehat;   c. berkelakuan baik;   d. tidak pernah dihukum karena kejahatan;   e. memiliki pengetahuan dan pe ngalaman di bi dang perlindungan  konsumen.   f. berusia sekurang-kura ngnya 30 (tiga puluh) tahun.  (3) Anggota sebagaimana dimaksud pada ayat (2) terdiri atas unsur  pemerintah, unsur konsumen, dan unsur pelaku usaha;  (4) Anggota setiap unsur sebagaim ana dimaksud pada ayat (3)  berjumlah sedikit-dikitnya 3 (tig a) orang, dan se banyak-banyaknya 5  (lima) orang.    (5) Pengangkatan dan pemberhen tian anggota badan penyelesaian  sengketa konsumen ditetapkan oleh Menteri."
UU_No_8_Tahun_1999_cleaned.txt,BAB XI: BADAN PENYELESAIAN SENGKETA KONSUMEN,PASAL 50,Badan penyelesaian se ngketa konsumen sebagaimana dimaksud dalam  Pasal 49 ayat (1) terdiri atas:  a. ketua merangkap anggota;  b. wakil ketua merangkap anggota;  c. anggota.
UU_No_8_Tahun_1999_cleaned.txt,BAB XI: BADAN PENYELESAIAN SENGKETA KONSUMEN,PASAL 51,(1) Badan penyelesaian sengketa  konsumen dalam menjalankan  tugasnya dibantu oleh sekretariat.  (2) Sekretariat badan penyelesaia n sengketa konsumen terdiri atas  kepala sekretariat dan anggota sekretariat.  (3) Pengangkatan dan pemberhentian kepala sekretariat dan anggota  sekretariat badan penyelesaian se ngketa konsumen ditetapkan oleh  Menteri.
UU_No_8_Tahun_1999_cleaned.txt,BAB XI: BADAN PENYELESAIAN SENGKETA KONSUMEN,PASAL 52,"Tugas dan wewenang badan penyele saian sengketa konsumen meliputi:  a. melaksanakan penanganan da n penyelesaian se ngketa konsumen  dengan cara melalui mediasi atau arbitrase atau konsiliasi;  b. memberikan konsultasi perlindungan konsumen;  c. melakukan pengawasan terhadap  pencantuman klausula baku;  d. melaporkan kepada penyidik umum apabila terjadi pelanggaran  ketentuan dalam Undang-undang ini;      e. menerima pengaduan baik tert ulis maupun tidak tertulis, dari  konsumen tentang terjadinya pe langgaran terhadap perlindungan    konsumen;  f. melakukan penelitian dan peme riksaan sengketa perlindungan  konsumen;  g. memanggil pelaku usaha yang di duga telah mela kukan pelanggaran  terhadap perlindungan konsumen;  h. memanggil dan menghadirkan saksi,  saksi ahli dan/atau setiap orang  yang dianggap mengetahui pela nggaran terhadap Undang-undang  itu;  i. meminta bantuan pe nyidik untuk menghadirkan pelaku usaha, saksi,  saksi ahli, atau setiap orang seba gaimana dimaksud pada huruf g dan  huruf h, yang tidak bersedia memenuhi panggilan badan  penyelesaian sengketa konsumen;  j. mendapatkan, meneliti dan/atau me nilai surat, dokumen, atau alat  bukti lain guna penyelidikan dan/atau pemeriksaan;  k. memutuskan dan menetapkan ada atau tidak adanya kerugian di  pihak konsumen;  l. memberitahukan putusan kepa da pelaku usaha yang melakukan  pelanggaran terhadap perlindungan konsumen;  m. menjatuhkan sanksi administra tif kepada pe laku usaha yang  melanggar ketentuan Undang-undang ini."
UU_No_8_Tahun_1999_cleaned.txt,BAB XI: BADAN PENYELESAIAN SENGKETA KONSUMEN,PASAL 53,Ketentuan lebih lanjut  mengenai pelaksanaa n tugas dan wewenang  badan penyelesaian sengke ta konsumen Daerah Tingkat II diatur dalam  surat keputusan menteri.
UU_No_8_Tahun_1999_cleaned.txt,BAB XI: BADAN PENYELESAIAN SENGKETA KONSUMEN,PASAL 54,"(1) Untuk menangani dan menyele saikan sengketa konsumen badan    penyelesaian sengketa konsumen membentuk majelis;  (2) Jumlah anggota majelis sebagaim ana dimaksud pada ayat (1) harus  ganjil dan sedikit-dikitnya 3 (tig a) orang yang mewakili semua unsur  sebagaimana dimaksud dalam Pasal 49 ayat (3), serta dibantu oleh  seorang panitera.  (3) Putusan majelis bersifat final dan mengikat;  (4) Ketentuan teknis lebih lanjut mengenai pelaksanaan tugas majelis  diatur dalam surat keputusan menteri."
UU_No_8_Tahun_1999_cleaned.txt,BAB XI: BADAN PENYELESAIAN SENGKETA KONSUMEN,PASAL 55,Badan penyelesaian se ngketa konsumen wajib mengeluarkan putusan  paling lambat dalam waktu 21 (dua  puluh satu) hari kerja setelah  gugatan diterima.
UU_No_8_Tahun_1999_cleaned.txt,BAB XI: BADAN PENYELESAIAN SENGKETA KONSUMEN,PASAL 56,"(1) Dalam waktu paling lambat 7 (t ujuh) hari kerja sejak menerima  putusan badan penyelesaian se ngketa konsumen sebagaimana  dimaksud dalam Pasal 55 pelaku usah a wajib melaksanakan putusan  tersebut.  (2) Para pihak dapat mengajukan ke beratan kepada Pengadilan Negeri  paling lambat 14 (empat belas) hari kerja setelah menerima  pemberitahuan putusan tersebut.  (3) Pelaku usaha yang tidak mengaj ukan keberatan da lam jangka waktu  sebagaimana dimaksud pada ayat (2) dianggap menerima putusan  badan penyelesaian sengketa konsumen.      (4) Apabila ketentuan sebagaimana di maksud pada ayat (1) dan ayat (3)  tidak dijalankan oleh pelaku usah a, badan penyelesaian sengketa  konsumen menyerahkan putusan te rsebut kepada  penyidik untuk  melakukan penyidikan sesuai dengan ketentuan    perundang-undangan yang berlaku.  (5) Putusan badan penyelesaian sengketa konsumen sebagaimana  dimaksud pada ayat (3) mer upakan bukti permulaan yang cukup  bagi penyidik untuk melakukan penyidikan."
UU_No_8_Tahun_1999_cleaned.txt,BAB XI: BADAN PENYELESAIAN SENGKETA KONSUMEN,PASAL 57,Putusan majelis sebagaimana di maksud dalam Pasal 54 ayat (3)  dimintakan penetapan eksekusinya ke pada Pengadilan Negeri di tempat  konsumen yang dirugikan.
UU_No_8_Tahun_1999_cleaned.txt,BAB XI: BADAN PENYELESAIAN SENGKETA KONSUMEN,PASAL 58,"(1) Pengadilan Negeri wajib menge luarkan putusan atas keberatan  sebagaimana dimaksud dalam Pasal 56 ayat (2) dalam waktu paling  lambat 21 (dua puluh satu) hari sejak diterimanya keberatan.  (2) Terhadap putusan Pengadilan Ne geri sebagaimana dimaksud pada  ayat (1), para pihak dalam waktu pa ling lambat 14 (empat belas) hari  dapat mengajukan kasasi ke Mahkamah Agung Republik Indonesia.  (3) Mahkamah Agung Republik Indonesi a wajib mengeluarkan putusan  dalam waktu paling lambat 30 (tig a puluh) hari sejak menerima  permohonan kasasi.     BAB XII : PENYIDIKAN"
UU_No_8_Tahun_1999_cleaned.txt,BAB XII: PENYIDIKAN,PASAL 59,"(1) Selain Pejabat Polisi Negara Republik Indonesie, Pejabat Pegawai  Negeri  Sipil tertentu di li ngkungan instansi pemerintah yang  lingkup   tugas dan tanggung jawabnya di  bidang perlindungan konsumen  juga diberi wewena ng khusus sebagai pe nyidik sebagaimana  dimaksud dalam Undang-undang Hukum Acara Pidana yang  berlaku.    (2) Penyidik Pejabat Pegawai Negeri  Sipil sebagaimana dimaksud pada  ayat (1) berwenang:   a. melakukan pemeriksaan atas kebenaran laporan  dan keterangan  berkenaan dengan tindak pida na di bida ng perlindungan  konsumen;   b. melakukan pemeriksaan terhad ap orang atau badan hukum yang  diduga melakukan tindak pida na di bida ng perlindungan  konsumen;   c. meminta keterangan dan baha n bukti dari orang atau badan  hukum sehubungan dengan peristiwa tindak pidana di bidang  perlindungan konsumen;   d. melakukan pemeriksaan atas  pembukuan, catatan, dan dokumen  lain berkenaan dengan tindak pidana di bi dang perlindungan  konsumen;   e. melakukan pemeriksaan di temp at tertentu yang diduga terdapat  bahan bukti serta melakukan peny itaan terhadap barang hasil  pelanggaran yang dapat dijadika n bukti dalam perkara tindak  pidana di bidang perlindungan konsumen;   f. meminta bantuan ahli dala m rangka pelaksanaan tugas  penyidikan tindak pidana di  bidang perlindungan konsumen.  (3) Penyidik Pejabat Pegawai Negeri  Sipil sebagaimana dimaksud pada  ayat (1) memberitahukan dimula inya penyidika n dan hasil  penyidikannya kepada Penyidik Pejabat Polis i Negara Republik  Indonesia.  (4) Penyidik Pejabat Pegawai Negeri  Sipil sebagaimana dimaksud pada  ayat (1) menyampaikan hasil pe nyidikan kepada Penuntut Umum  melalui Penyidik Pejabat Polisi Negara Republik Indonesia.       BAB XIII : SANKSI Bagian Pertama  Sanksi Administratif"
UU_No_8_Tahun_1999_cleaned.txt,BAB XIII: SANKSI,PASAL 60,"(1) Badan penyelesaian sengketa konsumen berwenang menjatuhkan  sanksi administratif terhadap pe laku usaha yang melanggar Pasal 19  ayat (2) dan ayat (3), Pasal 20, Pasal 25, dan Pasal 26.  (2) Sanksi administratif berupa pene tapan ganti rugi paling banyak Rp.  200.000.000,00 (dua ratus juta rupiah).  (3) Tata cara penetapan sanksi ad ministratif sebagaimana dimaksud  pada ayat (1) diatur lebi h lanjut dalam peraturan  perundang-undangan.     Bagian Kedua  Sanksi Pidana"
UU_No_8_Tahun_1999_cleaned.txt,BAB XIII: SANKSI,PASAL 61,Penuntutan pidana dapat dilakukan terhadap pelaku usaha dan/atau  pengurusnya.
UU_No_8_Tahun_1999_cleaned.txt,BAB XIII: SANKSI,PASAL 62,"(1) Pelaku usaha yang melanggar ke tentuan sebagaimana dimaksud  dalam Pasal 8, Pasal 9, Pasal 10, Pasal 13 ayat (2), Pasal 15, Pasal  17 ayat (1) huruf a, huruf b, huruf c, huruf e, ayat (2), dan Pasal 18  dipidana dengan pidana  penjara paling lama 5 (lima) tahun atau  pidana denda pali ng banyak Rp.2.000.000. 000,00 (dua miliar  rupiah).  (2) Pelaku usaha yang melanggar ke tentuan sebagaimana dimaksud  dalam Pasal 11, Pasal 12, Pasal 13 ayat (1), Pasal 14, Pasal 16 dan  Pasal 17 ayat (1) huruf d dan huruf f dipidana dengan pidana penjara  paling lama 2 (dua) tahun atau pidana denda pa ling banyak Rp.  500.000.000,00 (lima ratus juta rupiah).  (3) Terhadap pelanggaran yang mengakiba tkan luka berat, sakit berat,  cacat tetap atau kematian diberl akukan ketentua n pidana yang  berlaku."
UU_No_8_Tahun_1999_cleaned.txt,BAB XIII: SANKSI,PASAL 63,"Terhadap sanksi pidana sebagaiman a dimaksud dalam Pasal 62, dapat  dijadikan hukuman tambahan, berupa:  a. perampasan barang tertentu;  b. pengumuman keputusan hakim;  c. pembayaran ganti rugi;  d. perintah penghentian kegiat an tertentu yang menyebabkan  timbulnya kerugian konsumen;  e. kewajiban penarikan bara ng dari peredaran; atau  f. pencabutan izin usaha.     BAB XIV : KETENTUAN PERALIHAN"
UU_No_8_Tahun_1999_cleaned.txt,BAB XIV: KETENTUAN PERALIHAN,PASAL 64,"Segala ketentuan peraturan perundang-undangan yang bertujuan  melindungi konsumen yang telah ad a pada saat Undang-undang ini   diundangkan, dinyatakan te tap berlaku sepanjang tidak diatur secara  khusus dan/atau tidak berten tangan dengan ke tentuan dalam  Undang-undang ini.    BAB XV : KETENTUAN PENUTUP"
UU_No_8_Tahun_1999_cleaned.txt,BAB XV: KETENTUAN PENUTUP,PASAL 65,"Undang-undang ini mulai berlaku setelah 1 (satu) tahun sejak  diundangkan.   Agar setiap orang mengetahui nya, memerintahkan pengundangan  Undang-undang ini dengan penempata nnya dalam Lembaran Negara  Republik Indonesia."
UU_No_8_Tahun_2016_cleaned.txt,BAB I: KETENTUAN UMUM,PASAL 1,"Dalam Undang-Undang ini yang dimaksud dengan:  1. Penyandang Disabilitas adalah setiap orang yang  mengalami keterbatasan fisik, intelektual, mental,  dan/atau sensorik dalam jangka waktu lama yang dalam  berinteraksi dengan lingkungan dapat mengalami  hambatan dan kesulitan untuk berpartisipasi secara  penuh dan efektif dengan warga negara lainnya  berdasarkan kesamaan hak.  2. Kesamaan Kesempatan adalah keadaan yang  memberikan peluang dan/atau menyediakan akses  kepada Penyandang Disabilitas untuk menyalurkan  potensi dalam segala aspek penyelenggaraan negara dan  masyarakat.  3. Diskriminasi adalah setiap pembedaan, pengecualian  pembatasan, pelecehan, atau pengucilan atas dasar  disabilitas yang bermaksud atau berdampak pada  pembatasan atau peniadaan pengakuan, penikmatan,  atau pelaksanaan hak Penyandang Disabilitas.  4. Penghormatan adalah sikap menghargai atau menerima  keberadaan Penyandang Disabilitas dengan segala hak  yang melekat tanpa berkurang.   5. Pelindungan adalah upaya yang dilakukan secara sadar  untuk melindungi, mengayomi, dan memperkuat hak  Penyandang Disabilitas.  6. Pemenuhan adalah upaya yang dilakukan untuk  memenuhi, melaksanakan, dan mewujudkan hak  Penyandang Disabilitas.   7. Pemberdayaan adalah upaya untuk menguatkan  keberadaan Penyandang Disabilitas dalam bentuk  penumbuhan iklim dan pengembangan potensi sehingga  mampu tumbuh dan berkembang menjadi individu atau  kelompok Penyandang Disabilitas yang tangguh dan  mandiri.   8. Aksesibilitas adalah kemudahan yang disediakan untuk  Penyandang Disabilitas guna mewujudkan Kesamaan  Kesempatan.  9. Akomodasi yang Layak adalah modifikasi dan  penyesuaian yang tepat dan diperlukan untuk menjamin  penikmatan atau pelaksanaan semua hak asasi manusia  dan kebebasan fundamental untuk Penyandang  Disabilitas berdasarkan kesetaraan.  10. Alat Bantu adalah benda yang berfungsi membantu  kemandirian Penyandang Disabilitas dalam melakukan  kegiatan sehari-hari.  11. Alat Bantu Kesehatan adalah benda yang berfungsi  mengoptimalkan fungsi anggota tubuh Penyandang  Disabilitas berdasarkan rekomendasi dari tenaga medis.  12. Konsesi adalah segala bentuk potongan biaya yang  diberikan oleh Pemerintah, Pemerintah Daerah, dan/atau  setiap orang kepada Penyandang Disabilitas berdasarkan  kebijakan Pemerintah dan Pemerintah Daerah.  13. Pelayanan Publik adalah kegiatan atau rangkaian  kegiatan dalam rangka pemenuhan kebutuhan pelayanan  sesuai dengan ketentuan peraturan perundang- undangan bagi setiap warga negara dan penduduk atas  barang, jasa, dan/atau pelayanan administratif yang  disediakan oleh penyelenggara pelayanan publik.  14. Unit Layanan Disabilitas adalah bagian dari satu institusi  atau lembaga yang berfungsi sebagai penyedia layanan  dan fasilitas untuk Penyandang Disabilitas.  15. Pemberi Kerja adalah orang perseorangan, pengusaha,  badan hukum, atau badan lainnya yang mempekerjakan  tenaga kerja dengan membayar upah atau imbalan dalam  bentuk lain.   16. Komisi Nasional Disabilitas yang selanjutnya disingkat  KND adalah lembaga nonstruktural yang bersifat  independen.  17. Setiap Orang adalah orang perseorangan atau korporasi,  baik yang berbadan hukum maupun yang tidak berbadan  hukum.   18. Pemerintah Pusat yang selanjutnya disebut Pemerintah  adalah Presiden Republik Indonesia yang memegang  kekuasaan pemerintahan negara Republik Indonesia  yang dibantu oleh Wakil Presiden dan menteri  sebagaimana dimaksud dalam Undang-Undang Dasar  Negara Republik Indonesia Tahun 1945.  19. Pemerintah Daerah adalah kepala daerah sebagai unsur  penyelenggara Pemerintahan Daerah yang memimpin  pelaksanaan urusan pemerintahan yang menjadi  kewenangan daerah otonom.  20. Menteri adalah menteri yang menyelenggarakan urusan  pemerintahan di bidang sosial."
UU_No_8_Tahun_2016_cleaned.txt,BAB I: KETENTUAN UMUM,PASAL 2,Pelaksanaan dan Pemenuhan hak Penyandang Disabilitas  berasaskan:  a. Penghormatan terhadap martabat;  b. otonomi individu;  c. tanpa Diskriminasi;  d. partisipasi penuh;  e. keragaman manusia dan kemanusiaan;  f. Kesamaan Kesempatan;  g. kesetaraan;  h. Aksesibilitas;  i. kapasitas yang terus berkembang dan identitas anak;  j. inklusif; dan  k. perlakuan khusus dan Pelindungan lebih.
UU_No_8_Tahun_2016_cleaned.txt,BAB I: KETENTUAN UMUM,PASAL 3,"Pelaksanaan dan Pemenuhan hak Penyandang Disabilitas  bertujuan:   a. mewujudkan Penghormatan, pemajuan, Pelindungan,  dan Pemenuhan hak asasi manusia serta kebebasan  dasar Penyandang Disabilitas secara penuh dan setara;   b. menjamin upaya Penghormatan, pemajuan, Pelindungan,  dan Pemenuhan hak sebagai martabat yang melekat pada  diri Penyandang Disabilitas;  c. mewujudkan taraf kehidupan Penyandang Disabilitas  yang lebih berkualitas, adil, sejahtera lahir dan batin,  mandiri, serta bermartabat;   d. melindungi Penyandang Disabilitas dari penelantaran  dan eksploitasi, pelecehan dan segala tindakan  diskriminatif, serta pelanggaran hak asasi manusia; dan   e. memastikan pelaksanaan upaya Penghormatan,  pemajuan, Pelindungan, dan Pemenuhan hak  Penyandang Disabilitas untuk mengembangkan diri serta  mendayagunakan seluruh kemampuan sesuai bakat dan  minat yang dimilikinya untuk menikmati, berperan serta  berkontribusi secara optimal, aman, leluasa, dan  bermartabat dalam segala aspek kehidupan berbangsa,  bernegara, dan bermasyarakat.          BAB II : RAGAM PENYANDANG DISABILITAS"
UU_No_8_Tahun_2016_cleaned.txt,BAB II: RAGAM PENYANDANG DISABILITAS,PASAL 4,"(1) Ragam Penyandang Disabilitas meliputi:  a. Penyandang Disabilitas fisik;  b. Penyandang Disabilitas intelektual;  c. Penyandang Disabilitas mental; dan/atau  d. Penyandang Disabilitas sensorik.  (2) Ragam Penyandang Disabilitas sebagaimana dimaksud  pada ayat (1) dapat dialami secara tunggal, ganda, atau  multi dalam jangka waktu lama  yang ditetapkan oleh  tenaga medis sesuai dengan ketentuan peraturan  perundang-undangan.    BAB III : HAK PENYANDANG DISABILITAS   Bagian Kesatu  Umum"
UU_No_8_Tahun_2016_cleaned.txt,BAB III: HAK PENYANDANG DISABILITAS,PASAL 5,"(1) Penyandang Disabilitas memiliki hak:   a.  hidup;  b.   bebas dari stigma;  c.   privasi;  d.   keadilan dan perlindungan hukum;  e.   pendidikan;  f.   pekerjaan, kewirausahaan, dan koperasi;  g.   kesehatan;  h.   politik;  i.   keagamaan;  j.   keolahragaan;  k.   kebudayaan dan pariwisata;  l.   kesejahteraan sosial;  m. Aksesibilitas;  n.   Pelayanan Publik;  o.   Pelindungan dari bencana;  p.   habilitasi dan rehabilitasi;  q.   Konsesi;  r.   pendataan;  s.   hidup secara mandiri dan dilibatkan dalam  masyarakat;  t.   berekspresi, berkomunikasi, dan memperoleh  informasi;  u.   berpindah tempat dan kewarganegaraan; dan  v.   bebas dari tindakan Diskriminasi, penelantaran,  penyiksaan, dan eksploitasi.   (2) Selain hak Penyandang Disabilitas sebagaimana  dimaksud pada ayat (1), perempuan dengan disabilitas  memiliki hak:   a.  atas kesehatan reproduksi;  b.  menerima atau menolak penggunaan alat  kontrasepsi;  c.  mendapatkan Pelindungan lebih dari perlakuan  Diskriminasi berlapis; dan   d.  untuk mendapatkan Pelindungan lebih dari tindak  kekerasan, termasuk kekerasan dan eksploitasi  seksual.   (3) Selain hak Penyandang Disabilitas sebagaimana  dimaksud pada ayat (1), anak penyandang disabilitas  memiliki hak:  a.  mendapatkan Pelindungan khusus dari Diskriminasi,  penelantaran, pelecehan, eksploitasi, serta kekerasan  dan kejahatan seksual;  b.  mendapatkan perawatan dan pengasuhan keluarga  atau keluarga pengganti untuk tumbuh kembang  secara optimal;  c.  dilindungi kepentingannya dalam pengambilan  keputusan;  d.  perlakuan anak secara manusiawi sesuai dengan  martabat dan hak anak;  e.  Pemenuhan kebutuhan khusus;    f.  perlakuan yang sama dengan anak lain untuk  mencapai integrasi sosial dan pengembangan  individu; dan  g.  mendapatkan pendampingan sosial.     Bagian Kedua  Hak Hidup"
UU_No_8_Tahun_2016_cleaned.txt,BAB III: HAK PENYANDANG DISABILITAS,PASAL 6,"Hak hidup untuk Penyandang Disabilitas meliputi hak:  a. atas Penghormatan integritas;  b. tidak dirampas nyawanya;  c. mendapatkan perawatan dan pengasuhan yang menjamin  kelangsungan hidupnya;   d. bebas dari penelantaran, pemasungan, pengurungan, dan  pengucilan;   e. bebas dari ancaman dan berbagai bentuk eksploitasi; dan  f. bebas dari penyiksaan, perlakuan dan penghukuman lain  yang kejam, tidak manusiawi, dan merendahkan martabat  manusia.    Bagian Ketiga  Hak Bebas dari Stigma"
UU_No_8_Tahun_2016_cleaned.txt,BAB III: HAK PENYANDANG DISABILITAS,PASAL 7,"Hak bebas dari stigma untuk Penyandang Disabilitas meliputi  hak bebas dari pelecehan, penghinaan, dan pelabelan negatif  terkait kondisi disabilitasnya.     Bagian Keempat  Hak Privasi"
UU_No_8_Tahun_2016_cleaned.txt,BAB III: HAK PENYANDANG DISABILITAS,PASAL 8,"Hak privasi untuk Penyandang Disabilitas meliputi hak:  a. diakui sebagai manusia pribadi yang dapat menuntut dan  memperoleh perlakuan serta Pelindungan yang sama  sesuai dengan martabat manusia di depan umum;  b. membentuk sebuah keluarga dan melanjutkan keturunan  melalui perkawinan yang sah;   c. Penghormatan rumah dan keluarga;  d. mendapat Pelindungan terhadap kehidupan pribadi dan  keluarga; dan  e. dilindungi kerahasiaan atas data pribadi, surat-menyurat,  dan bentuk komunikasi pribadi lainnya, termasuk data  dan informasi kesehatan.    Bagian Kelima  Hak Keadilan dan Perlindungan Hukum"
UU_No_8_Tahun_2016_cleaned.txt,BAB III: HAK PENYANDANG DISABILITAS,PASAL 9,"Hak keadilan dan perlindungan hukum untuk Penyandang  Disabilitas meliputi hak:  a. atas perlakuan yang sama di hadapan hukum;  b. diakui sebagai subjek hukum;  c. memiliki dan mewarisi harta bergerak atau tidak bergerak;  d. mengendalikan masalah keuangan atau menunjuk orang  untuk mewakili kepentingannya dalam urusan keuangan;  e. memperoleh akses terhadap pelayanan jasa perbankan  dan nonperbankan;  f. memperoleh penyediaan Aksesibilitas dalam pelayanan  peradilan;  g. atas Pelindungan dari segala tekanan, kekerasan,  penganiayaan, Diskriminasi, dan/atau perampasan atau  pengambilalihan hak milik;  h. memilih dan menunjuk orang untuk mewakili  kepentingannya dalam hal keperdataan di dalam dan di  luar pengadilan; dan  i. dilindungi hak kekayaan intelektualnya.    Bagian Keenam  Hak Pendidikan"
UU_No_8_Tahun_2016_cleaned.txt,BAB III: HAK PENYANDANG DISABILITAS,PASAL 10,"Hak pendidikan untuk Penyandang Disabilitas meliputi hak:  a. mendapatkan pendidikan yang bermutu pada satuan  pendidikan di semua jenis, jalur, dan jenjang pendidikan  secara inklusif dan khusus;  b. mempunyai Kesamaan Kesempatan untuk menjadi  pendidik atau tenaga kependidikan pada satuan  pendidikan di semua jenis, jalur, dan jenjang pendidikan;   c. mempunyai Kesamaan Kesempatan sebagai penyelenggara  pendidikan yang bermutu pada satuan pendidikan di  semua jenis, jalur, dan jenjang pendidikan; dan  d. mendapatkan Akomodasi yang Layak sebagai peserta  didik.     Bagian  Ketujuh  Hak Pekerjaan, Kewirausahaan,   dan Koperasi"
UU_No_8_Tahun_2016_cleaned.txt,BAB III: HAK PENYANDANG DISABILITAS,PASAL 11,"Hak pekerjaan, kewirausahaan, dan koperasi untuk  Penyandang Disabilitas meliputi hak:   a. memperoleh pekerjaan yang diselenggarakan oleh  Pemerintah, Pemerintah Daerah, atau swasta tanpa  Diskriminasi;  b. memperoleh upah yang sama dengan tenaga kerja yang  bukan Penyandang Disabilitas dalam jenis pekerjaan dan  tanggung jawab yang sama;  c. memperoleh Akomodasi yang Layak dalam pekerjaan;  d. tidak diberhentikan karena alasan disabilitas;  e. mendapatkan program kembali bekerja;  f. penempatan kerja yang adil, proporsional, dan  bermartabat;  g. memperoleh kesempatan dalam mengembangkan jenjang  karier serta segala hak normatif yang melekat di  dalamnya; dan  h. memajukan usaha, memiliki pekerjaan sendiri,  wiraswasta, pengembangan koperasi, dan memulai usaha  sendiri.    Bagian Kedelapan  Hak Kesehatan"
UU_No_8_Tahun_2016_cleaned.txt,BAB III: HAK PENYANDANG DISABILITAS,PASAL 12,"Hak kesehatan untuk Penyandang Disabilitas meliputi hak:   a. memperoleh informasi dan komunikasi yang mudah  diakses dalam pelayanan kesehatan;  b. memperoleh kesamaan dan kesempatan akses atas  sumber daya di bidang kesehatan;  c. memperoleh kesamaan dan kesempatan pelayanan  kesehatan yang aman, bermutu, dan terjangkau;  d. memperoleh kesamaan dan kesempatan secara mandiri  dan bertanggung jawab menentukan sendiri pelayanan  kesehatan yang diperlukan bagi dirinya;  e. memperoleh Alat Bantu Kesehatan berdasarkan  kebutuhannya;  f. memperoleh obat yang bermutu dengan efek samping yang  rendah;   g. memperoleh Pelindungan dari upaya percobaan medis;  dan  h. memperoleh Pelindungan dalam penelitian dan  pengembangan kesehatan yang mengikutsertakan  manusia sebagai subjek.    Bagian  Kesembilan  Hak Politik"
UU_No_8_Tahun_2016_cleaned.txt,BAB III: HAK PENYANDANG DISABILITAS,PASAL 13,"Hak politik untuk Penyandang Disabilitas meliputi hak:  a. memilih dan dipilih dalam jabatan publik;  b. menyalurkan aspirasi politik baik tertulis maupun lisan;  c. memilih partai politik dan/atau individu yang menjadi  peserta dalam pemilihan umum;  d. membentuk, menjadi anggota, dan/atau pengurus  organisasi masyarakat dan/atau partai politik;  e. membentuk dan bergabung dalam organisasi Penyandang  Disabilitas dan untuk mewakili Penyandang Disabilitas  pada tingkat lokal, nasional, dan internasional;  f. berperan serta secara aktif dalam sistem pemilihan umum  pada semua tahap dan/atau bagian penyelenggaraannya;  g. memperoleh Aksesibilitas pada sarana dan prasarana  penyelenggaraan pemilihan umum, pemilihan gubernur,  bupati/walikota, dan pemilihan kepala desa atau nama  lain; dan  h. memperoleh pendidikan politik.    Bagian Kesepuluh  Hak Keagamaan"
UU_No_8_Tahun_2016_cleaned.txt,BAB III: HAK PENYANDANG DISABILITAS,PASAL 14,Hak keagamaan untuk Penyandang Disabilitas meliputi hak:  a. memeluk agama dan kepercayaan masing-masing dan  beribadat menurut agama dan kepercayaannya;  b. memperoleh kemudahan akses dalam memanfaatkan  tempat peribadatan;  c. mendapatkan kitab suci dan lektur keagamaan lainnya  yang mudah diakses berdasarkan kebutuhannya;  d. mendapatkan pelayanan sesuai dengan kebutuhan pada  saat menjalankan ibadat menurut agama dan  kepercayaannya; dan  e. berperan aktif dalam organisasi keagamaan.    Bagian Kesebelas  Hak Keolahragaan
UU_No_8_Tahun_2016_cleaned.txt,BAB III: HAK PENYANDANG DISABILITAS,PASAL 15,"Hak keolahragaan untuk Penyandang Disabilitas meliputi  hak:  a. melakukan kegiatan keolahragaan;  b. mendapatkan penghargaan yang sama dalam kegiatan  keolahragaan;  c. memperoleh pelayanan dalam kegiatan keolahragaan;  d. memperoleh sarana dan prasarana keolahragaan yang  mudah diakses;  e. memilih dan mengikuti jenis atau cabang olahraga;  f. memperoleh pengarahan, dukungan, bimbingan,  pembinaan, dan pengembangan dalam keolahragaan;  g. menjadi pelaku keolahragaan;   h. mengembangkan industri keolahragaan; dan  i. meningkatkan prestasi dan mengikuti kejuaraan di semua  tingkatan.    Bagian Kedua Belas  Hak Kebudayaan dan Pariwisata"
UU_No_8_Tahun_2016_cleaned.txt,BAB III: HAK PENYANDANG DISABILITAS,PASAL 16,"Hak kebudayaan dan pariwisata untuk Penyandang  Disabilitas meliputi hak:  a. memperoleh kesamaan dan kesempatan untuk  berpartisipasi secara aktif dalam kegiatan seni dan  budaya;  b. memperoleh Kesamaan Kesempatan untuk melakukan  kegiatan wisata, melakukan usaha pariwisata, menjadi  pekerja pariwisata, dan/atau berperan dalam proses  pembangunan pariwisata; dan  c. mendapatkan kemudahan untuk mengakses, perlakuan,  dan Akomodasi yang Layak sesuai dengan kebutuhannya  sebagai wisatawan.    Bagian Ketiga Belas  Hak Kesejahteraan Sosial"
UU_No_8_Tahun_2016_cleaned.txt,BAB III: HAK PENYANDANG DISABILITAS,PASAL 17,"Hak kesejahteraan sosial untuk Penyandang Disabilitas  meliputi hak rehabilitasi sosial, jaminan sosial, pemberdayaan  sosial, dan perlindungan sosial.              Bagian Keempat Belas  Hak Aksesibilitas"
UU_No_8_Tahun_2016_cleaned.txt,BAB III: HAK PENYANDANG DISABILITAS,PASAL 18,Hak Aksesibilitas untuk Penyandang Disabilitas meliputi hak:  a. mendapatkan Aksesibilitas untuk memanfaatkan fasilitas  publik; dan  b. mendapatkan Akomodasi yang Layak sebagai bentuk  Aksesibilitas bagi individu.    Bagian Kelima Belas  Hak Pelayanan Publik
UU_No_8_Tahun_2016_cleaned.txt,BAB III: HAK PENYANDANG DISABILITAS,PASAL 19,"Hak Pelayanan Publik untuk Penyandang Disabilitas meliputi  hak:  a. memperoleh Akomodasi yang Layak dalam Pelayanan  Publik secara optimal, wajar, bermartabat tanpa  Diskriminasi; dan  b. pendampingan, penerjemahan, dan penyediaan fasilitas  yang mudah diakses di tempat layanan publik tanpa  tambahan biaya.    Bagian Keenam Belas  Hak Pelindungan dari Bencana"
UU_No_8_Tahun_2016_cleaned.txt,BAB III: HAK PENYANDANG DISABILITAS,PASAL 20,"Hak Pelindungan dari bencana untuk Penyandang Disabilitas  meliputi hak:  a. mendapatkan informasi yang mudah diakses akan adanya  bencana;  b. mendapatkan pengetahuan tentang pengurangan risiko  bencana;  c. mendapatkan prioritas dalam proses penyelamatan dan  evakuasi dalam keadaan bencana;  d. mendapatkan fasilitas dan sarana penyelamatan dan  evakuasi yang mudah diakses; dan  e. mendapatkan prioritas, fasilitas, dan sarana yang mudah  diakses di lokasi pengungsian.    Bagian Ketujuh Belas  Hak Habilitasi dan Rehabilitasi"
UU_No_8_Tahun_2016_cleaned.txt,BAB III: HAK PENYANDANG DISABILITAS,PASAL 21,Hak habilitasi dan rehabilitasi untuk Penyandang Disabilitas  meliputi hak:  a. mendapatkan habilitasi dan rehabilitasi sejak dini dan  secara inklusif sesuai dengan kebutuhan;  b. bebas memilih bentuk rehabilitasi yang akan diikuti; dan  c. mendapatkan habilitasi dan rehabilitasi yang tidak  merendahkan martabat manusia.    Bagian Kedelapan Belas  Hak Pendataan
UU_No_8_Tahun_2016_cleaned.txt,BAB III: HAK PENYANDANG DISABILITAS,PASAL 22,Hak pendataan untuk Penyandang Disabilitas meliputi hak:  a. didata sebagai penduduk dengan disabilitas dalam  kegiatan pendaftaran penduduk dan pencatatan sipil;  b. mendapatkan dokumen kependudukan; dan  c. mendapatkan kartu Penyandang Disabilitas.    Bagian Kesembilan Belas  Hak Hidup Secara Mandiri   dan Dilibatkan dalam Masyarakat
UU_No_8_Tahun_2016_cleaned.txt,BAB III: HAK PENYANDANG DISABILITAS,PASAL 23,"Hak hidup secara mandiri dan dilibatkan dalam masyarakat  untuk Penyandang Disabilitas meliputi hak:  a. mobilitas pribadi dengan penyediaan Alat Bantu dan  kemudahan untuk mendapatkan akses;  b. mendapatkan kesempatan untuk hidup mandiri di tengah  masyarakat;    c. mendapatkan pelatihan dan pendampingan untuk hidup  secara mandiri;  d. menentukan sendiri atau memperoleh bantuan dari  Pemerintah dan Pemerintah Daerah untuk menetapkan  tempat tinggal dan/atau pengasuhan keluarga atau  keluarga pengganti;  e. mendapatkan akses ke berbagai pelayanan, baik yang  diberikan di dalam rumah, di tempat permukiman,  maupun dalam masyarakat; dan  f. mendapatkan akomodasi yang wajar untuk berperan serta  dalam kehidupan bermasyarakat.    Bagian Kedua Puluh  Hak Berekspresi, Berkomunikasi,   dan Memperoleh Informasi"
UU_No_8_Tahun_2016_cleaned.txt,BAB III: HAK PENYANDANG DISABILITAS,PASAL 24,"Hak berekspresi, berkomunikasi, dan memperoleh informasi  untuk Penyandang Disabilitas meliputi hak:   a. memiliki kebebasan berekspresi dan berpendapat;  b. mendapatkan informasi dan berkomunikasi melalui media  yang mudah diakses; dan  c. menggunakan dan memperoleh fasilitas informasi dan  komunikasi berupa bahasa isyarat, braille, dan  komunikasi augmentatif dalam interaksi resmi.    Bagian Kedua Puluh Satu  Hak Kewarganegaraan"
UU_No_8_Tahun_2016_cleaned.txt,BAB III: HAK PENYANDANG DISABILITAS,PASAL 25,"Hak kewarganegaraan untuk Penyandang Disabilitas meliputi  hak:  a. berpindah, mempertahankan, atau memperoleh  kewarganegaraan sesuai dengan ketentuan peraturan  perundang-undangan;  b. memperoleh, memiliki, dan menggunakan dokumen  kewarganegaraan sesuai dengan ketentuan peraturan  perundang-undangan; dan  c. keluar atau masuk wilayah Indonesia sesuai dengan  ketentuan peraturan perundang-undangan.    Bagian Kedua Puluh Dua  Hak Bebas dari Diskriminasi, Penelantaran,   Penyiksaan, dan Eksploitasi"
UU_No_8_Tahun_2016_cleaned.txt,BAB III: HAK PENYANDANG DISABILITAS,PASAL 26,"Hak bebas dari Diskriminasi, penelantaran, penyiksaan, dan  eksploitasi untuk Penyandang Disabilitas meliputi hak:  a. bersosialisasi dan berinteraksi dalam kehidupan  berkeluarga, bermasyarakat, dan bernegara tanpa rasa  takut; dan  b. mendapatkan Pelindungan dari segala bentuk kekerasan  fisik, psikis, ekonomi, dan seksual.    BAB IV : PELAKSANAAN PENGHORMATAN, PELINDUNGAN, DAN PEMENUHAN HAK PENYANDANG DISABILITAS    Bagian Kesatu  Umum"
UU_No_8_Tahun_2016_cleaned.txt,"BAB IV: PELAKSANAAN PENGHORMATAN, PELINDUNGAN,",PASAL 27,"(1) Pemerintah dan Pemerintah Daerah wajib melakukan  perencanaan, penyelenggaraan, dan evaluasi tentang  pelaksanaan Penghormatan, Pelindungan, dan Pemenuhan  hak Penyandang Disabilitas.  (2) Dalam hal efektivitas pelaksanaan Penghormatan,  Pelindungan, dan Pemenuhan hak Penyandang Disabilitas  sebagaimana dimaksud pada ayat (1), Pemerintah dan  Pemerintah Daerah wajib merumuskannya dalam rencana  induk.  (3) Ketentuan mengenai perencanaan, penyelenggaraan, dan  evaluasi diatur dengan Peraturan Pemerintah.      Bagian Kedua  Keadilan dan Perlindungan Hukum"
UU_No_8_Tahun_2016_cleaned.txt,"BAB IV: PELAKSANAAN PENGHORMATAN, PELINDUNGAN,",PASAL 28,Pemerintah dan Pemerintah Daerah wajib menjamin dan  melindungi hak Penyandang Disabilitas sebagai subjek  hukum untuk melakukan tindakan hukum yang sama dengan  lainnya.
UU_No_8_Tahun_2016_cleaned.txt,"BAB IV: PELAKSANAAN PENGHORMATAN, PELINDUNGAN,",PASAL 29,Pemerintah dan Pemerintah Daerah wajib menyediakan  bantuan hukum kepada Penyandang Disabilitas dalam setiap  pemeriksaan pada setiap lembaga penegak hukum dalam hal  keperdataan dan/atau pidana sesuai dengan ketentuan  peraturan perundang-undangan.
UU_No_8_Tahun_2016_cleaned.txt,"BAB IV: PELAKSANAAN PENGHORMATAN, PELINDUNGAN,",PASAL 30,(1) Penegak hukum sebelum memeriksa Penyandang  Disabilitas wajib meminta pertimbangan atau saran dari:  a. dokter atau tenaga kesehatan lainnya mengenai  kondisi kesehatan;   b. psikolog atau psikiater mengenai kondisi kejiwaan;  dan/atau  c. pekerja sosial mengenai kondisi psikososial.   (2) Dalam hal pertimbangan atau saran sebagaimana  dimaksud pada ayat (1) tidak memungkinkan dilakukan  pemeriksaan maka dilakukan penundaan hingga waktu  tertentu.
UU_No_8_Tahun_2016_cleaned.txt,"BAB IV: PELAKSANAAN PENGHORMATAN, PELINDUNGAN,",PASAL 31,Penegak hukum dalam melakukan pemeriksaan terhadap  anak Penyandang Disabilitas wajib mengizinkan kepada orang  tua atau keluarga anak dan pendamping atau penerjemah  untuk mendampingi anak Penyandang Disabilitas.
UU_No_8_Tahun_2016_cleaned.txt,"BAB IV: PELAKSANAAN PENGHORMATAN, PELINDUNGAN,",PASAL 32,Penyandang Disabilitas dapat dinyatakan tidak cakap  berdasarkan penetapan pengadilan negeri.
UU_No_8_Tahun_2016_cleaned.txt,"BAB IV: PELAKSANAAN PENGHORMATAN, PELINDUNGAN,",PASAL 33,"(1) Penetapan pengadilan negeri sebagaimana dimaksud  dalam Pasal 32 diajukan melalui permohonan kepada  pengadilan negeri tempat tinggal Penyandang Disabilitas  sesuai dengan ketentuan peraturan perundang- undangan.  (2) Permohonan penetapan sebagaimana dimaksud pada  ayat (1) didasarkan pada alasan yang jelas dan wajib  menghadirkan atau melampirkan bukti dari dokter,  psikolog, dan/atau psikiater.  (3) Keluarga Penyandang Disabilitas berhak menunjuk  seseorang untuk mewakili kepentingannya pada saat  Penyandang Disabilitas ditetapkan tidak cakap oleh  pengadilan negeri.  (4) Dalam hal seseorang sebagaimana dimaksud pada ayat  (3) ditunjuk mewakili kepentingan Penyandang Disabilitas  melakukan tindakan yang berdampak kepada bertambah,  berkurang, atau hilangnya hak kepemilikan Penyandang  Disabilitas wajib mendapat penetapan dari pengadilan  negeri."
UU_No_8_Tahun_2016_cleaned.txt,"BAB IV: PELAKSANAAN PENGHORMATAN, PELINDUNGAN,",PASAL 34,"(1) Penetapan pengadilan negeri sebagaimana dimaksud  dalam Pasal 32 dapat dibatalkan.   (2) Pembatalan penetapan pengadilan negeri sebagaimana  dimaksud pada ayat (1) diajukan ke pengadilan negeri  tempat tinggal Penyandang Disabilitas.  (3) Pembatalan sebagaimana dimaksud pada ayat (1)  diajukan oleh Penyandang Disabilitas atau keluarganya  dengan menghadirkan atau melampirkan bukti dari  dokter, psikolog, dan/atau psikiater bahwa yang  bersangkutan dinilai mampu dan cakap untuk  mengambil keputusan."
UU_No_8_Tahun_2016_cleaned.txt,"BAB IV: PELAKSANAAN PENGHORMATAN, PELINDUNGAN,",PASAL 35,Proses peradilan pidana bagi Penyandang Disabilitas  dilaksanakan sesuai dengan ketentuan hukum acara pidana.
UU_No_8_Tahun_2016_cleaned.txt,"BAB IV: PELAKSANAAN PENGHORMATAN, PELINDUNGAN,",PASAL 36,(1) Lembaga penegak hukum wajib menyediakan Akomodasi  yang Layak bagi Penyandang Disabilitas dalam proses  peradilan.  (2) Ketentuan mengenai Akomodasi yang Layak untuk  Penyandang Disabilitas dalam proses peradilan  sebagaimana dimaksud pada ayat (1) diatur dengan  Peraturan Pemerintah.
UU_No_8_Tahun_2016_cleaned.txt,"BAB IV: PELAKSANAAN PENGHORMATAN, PELINDUNGAN,",PASAL 37,"(1) Rumah tahanan negara dan lembaga permasyarakatan  wajib menyediakan Unit Layanan Disabilitas.  (2) Unit Layanan Disabilitas sebagaimana dimaksud pada  ayat (1) berfungsi:  a.   menyediakan pelayanan masa adaptasi bagi tahanan  Penyandang Disabilitas selama 6 (enam) bulan;  b.   menyediakan kebutuhan khusus, termasuk obat– obatan yang melekat pada Penyandang Disabilitas  dalam masa tahanan dan pembinaan; dan  c.   menyediakan layanan rehabilitasi untuk Penyandang  Disabilitas mental."
UU_No_8_Tahun_2016_cleaned.txt,"BAB IV: PELAKSANAAN PENGHORMATAN, PELINDUNGAN,",PASAL 38,Pembantaran terhadap Penyandang Disabilitas mental wajib  ditempatkan dalam layanan rumah sakit jiwa atau pusat  rehabilitasi.
UU_No_8_Tahun_2016_cleaned.txt,"BAB IV: PELAKSANAAN PENGHORMATAN, PELINDUNGAN,",PASAL 39,"(1) Pemerintah dan Pemerintah Daerah wajib melakukan  sosialisasi perlindungan hukum kepada masyarakat dan  aparatur negara tentang Pelindungan Penyandang  Disabilitas.    (2) Sosialisasi sebagaimana dimaksud pada ayat (1) meliputi:  a. pencegahan;  b. pengenalan tindak pidana; dan  c. laporan dan pengaduan kasus eksploitasi, kekerasan,  dan pelecehan.    Bagian Ketiga  Pendidikan"
UU_No_8_Tahun_2016_cleaned.txt,"BAB IV: PELAKSANAAN PENGHORMATAN, PELINDUNGAN,",PASAL 40,"(1) Pemerintah dan Pemerintah Daerah wajib  menyelenggarakan dan/atau memfasilitasi pendidikan  untuk Penyandang Disabilitas di setiap jalur, jenis, dan  jenjang pendidikan sesuai dengan kewenangannya.  (2) Penyelenggaraan dan/atau fasilitasi pendidikan untuk  Penyandang Disabilitas sebagaimana dimaksud pada ayat  (1) dilaksanakan dalam sistem pendidikan nasional  melalui pendidikan inklusif dan pendidikan khusus.   (3) Pemerintah dan Pemerintah Daerah wajib  mengikutsertakan anak penyandang disabilitas dalam  program wajib belajar 12 (dua belas) tahun.  (4) Pemerintah Daerah wajib mengutamakan anak  penyandang disabilitas bersekolah di lokasi yang dekat  tempat tinggalnya.  (5) Pemerintah Daerah memfasilitasi Penyandang Disabilitas  yang tidak berpendidikan formal untuk mendapatkan  ijazah pendidikan dasar dan menengah melalui program  kesetaraan.  (6) Pemerintah dan Pemerintah Daerah wajib menyediakan  beasiswa untuk peserta didik Penyandang Disabilitas  berprestasi yang orang tuanya tidak mampu membiayai  pendidikannya.   (7) Pemerintah dan Pemerintah Daerah wajib menyediakan  biaya pendidikan untuk anak dari Penyandang Disabilitas  yang tidak mampu membiayai pendidikannya."
UU_No_8_Tahun_2016_cleaned.txt,"BAB IV: PELAKSANAAN PENGHORMATAN, PELINDUNGAN,",PASAL 41,"(1) Pemerintah dan Pemerintah Daerah dalam  menyelenggarakan dan/atau memfasilitasi pendidikan  inklusif dan pendidikan khusus sebagaimana dimaksud  dalam Pasal 40 ayat (2) wajib memfasilitasi Penyandang  Disabilitas untuk mempelajari keterampilan dasar yang  dibutuhkan untuk kemandirian dan partisipasi penuh  dalam menempuh pendidikan dan pengembangan sosial.  (2) Keterampilan dasar sebagaimana dimaksud pada ayat (1)  meliputi:  a. keterampilan menulis dan membaca huruf braille  untuk Penyandang Disabilitas netra;  b. keterampilan orientasi dan mobilitas;  c. keterampilan sistem dukungan dan bimbingan sesama  Penyandang Disabilitas;   d. keterampilan komunikasi dalam bentuk, sarana, dan  format yang bersifat augmentatif dan alternatif; dan  e. keterampilan bahasa isyarat dan pemajuan identitas  linguistik dari komunitas Penyandang Disabilitas  rungu."
UU_No_8_Tahun_2016_cleaned.txt,"BAB IV: PELAKSANAAN PENGHORMATAN, PELINDUNGAN,",PASAL 42,"(1) Pemerintah Daerah wajib memfasilitasi pembentukan  Unit  Layanan Disabilitas untuk mendukung penyelenggaraan  pendidikan inklusif tingkat dasar dan menengah.  (2) Unit Layanan Disabilitas sebagaimana dimaksud pada  ayat (1) berfungsi:  a. meningkatkan kompetensi pendidik dan tenaga  kependidikan di sekolah reguler dalam menangani  peserta didik Penyandang Disabilitas;  b. menyediakan pendampingan kepada peserta didik  Penyandang Disabilitas untuk mendukung kelancaran  proses pembelajaran;  c. mengembangkan program kompensatorik;  d. menyediakan media pembelajaran dan Alat Bantu yang  diperlukan peserta didik Penyandang Disabilitas;     e. melakukan deteksi dini dan intervensi dini bagi peserta  didik dan calon peserta didik Penyandang Disabilitas;  f. menyediakan data dan informasi tentang disabilitas;  g. menyediakan layanan konsultasi; dan  h. mengembangkan kerja sama dengan pihak atau  lembaga lain dalam upaya meningkatkan kualitas  pendidikan peserta didik Penyandang Disabilitas.  (3) Setiap penyelenggara pendidikan tinggi wajib memfasilitasi  pembentukan Unit Layanan Disabilitas.  (4) Unit Layanan Disabilitas sebagaimana dimaksud pada  ayat (3) berfungsi:  a. meningkatkan kompetensi pendidik dan tenaga  kependidikan di pendidikan tinggi dalam menangani  peserta didik Penyandang Disabilitas;   b. mengoordinasikan setiap unit kerja yang ada di  perguruan tinggi dalam Pemenuhan kebutuhan  khusus peserta didik Penyandang Disabilitas;  c. mengawasi dan mengevaluasi pelaksanaan Akomodasi  yang Layak;  d. menyediakan layanan konseling kepada peserta didik  Penyandang Disabilitas;  e. melakukan deteksi dini bagi peserta didik yang  terindikasi disabilitas;  f. merujuk peserta didik yang terindikasi disabilitas  kepada dokter, psikolog, atau psikiater; dan  g. memberikan sosialisasi pemahaman disabilitas dan  sistem pendidikan inklusif kepada pendidik, tenaga  kependidikan, dan peserta didik.   (5) Penyediaan dan peningkatan kompetensi pendidik dan  tenaga kependidikan dalam menangani peserta didik  Penyandang Disabilitas sebagaimana dimaksud pada ayat  (2) huruf a dan ayat (4) huruf a dilakukan melalui program  dan kegiatan tertentu.   (6) Pemerintah dan Pemerintah Daerah memfasilitasi  pembentukan Unit Layanan Disabilitas di pendidikan  tinggi.    (7) Penyelenggara pendidikan tinggi yang tidak membentuk  Unit Layanan Disabilitas dikenai sanksi administratif  berupa:  a. teguran tertulis;  b. penghentian kegiatan pendidikan;  c. pembekuan izin penyelenggaraan pendidikan; dan  d. pencabutan izin penyelenggaraan pendidikan.  (8) Ketentuan mengenai mekanisme pemberian sanksi  administratif sebagaimana dimaksud pada ayat (7) diatur  dengan Peraturan Pemerintah."
UU_No_8_Tahun_2016_cleaned.txt,"BAB IV: PELAKSANAAN PENGHORMATAN, PELINDUNGAN,",PASAL 43,(1) Pemerintah dan Pemerintah Daerah wajib memfasilitasi  lembaga penyelenggara pendidikan dalam menyediakan  Akomodasi yang Layak.  (2) Ketentuan mengenai penyediaan Akomodasi yang Layak  untuk peserta didik Penyandang Disabilitas sebagaimana  dimaksud pada ayat (1) diatur dengan Peraturan  Pemerintah.  (3) Penyelenggara pendidikan yang tidak menyediakan  Akomodasi yang Layak untuk peserta didik Penyandang  Disabilitas dikenai sanksi administratif berupa:  a. teguran tertulis;  b. penghentian kegiatan pendidikan;  c. pembekuan izin penyelenggaraan pendidikan; dan  d. pencabutan izin penyelenggaraan pendidikan.  (4) Ketentuan mengenai mekanisme pemberian sanksi  administratif sebagaimana dimaksud pada ayat (3) diatur  dengan Peraturan Pemerintah.
UU_No_8_Tahun_2016_cleaned.txt,"BAB IV: PELAKSANAAN PENGHORMATAN, PELINDUNGAN,",PASAL 44,"Perguruan tinggi yang menyelenggarakan pendidikan  keguruan wajib memasukkan mata kuliah tentang pendidikan  inklusif dalam kurikulum.        Bagian Keempat  Pekerjaan, Kewirausahaan, dan Koperasi"
UU_No_8_Tahun_2016_cleaned.txt,"BAB IV: PELAKSANAAN PENGHORMATAN, PELINDUNGAN,",PASAL 45,"Pemerintah dan Pemerintah Daerah wajib menjamin proses  rekrutmen, penerimaan, pelatihan kerja, penempatan kerja,  keberlanjutan kerja, dan pengembangan karier yang adil dan  tanpa Diskriminasi kepada Penyandang Disabilitas."
UU_No_8_Tahun_2016_cleaned.txt,"BAB IV: PELAKSANAAN PENGHORMATAN, PELINDUNGAN,",PASAL 46,"(1)  Pemerintah dan Pemerintah Daerah wajib memberikan  kesempatan kepada Penyandang Disabilitas untuk  mengikuti pelatihan keterampilan kerja di lembaga  pelatihan kerja Pemerintah, Pemerintah Daerah, dan/atau  swasta.   (2) Lembaga pelatihan kerja sebagaimana dimaksud pada ayat  (1) harus bersifat inklusif dan mudah diakses."
UU_No_8_Tahun_2016_cleaned.txt,"BAB IV: PELAKSANAAN PENGHORMATAN, PELINDUNGAN,",PASAL 47,"Pemberi Kerja dalam proses rekrutmen tenaga kerja  Penyandang Disabilitas dapat:  a.   melakukan ujian penempatan untuk mengetahui minat,  bakat, dan kemampuan;  b.   menyediakan asistensi dalam proses pengisian formulir  aplikasi dan proses lainnya yang diperlukan;  c.   menyediakan alat dan bentuk tes yang sesuai dengan  kondisi disabilitas; dan  d.   memberikan keleluasaan dalam waktu pengerjaan tes  sesuai dengan kondisi Penyandang Disabilitas."
UU_No_8_Tahun_2016_cleaned.txt,"BAB IV: PELAKSANAAN PENGHORMATAN, PELINDUNGAN,",PASAL 48,"Pemberi Kerja dalam penempatan tenaga kerja Penyandang  Disabilitas dapat:  a. memberikan kesempatan untuk masa orientasi atau  adaptasi di awal masa kerja untuk menentukan apa yang  diperlukan, termasuk penyelenggaraan pelatihan atau  magang;  b. menyediakan tempat bekerja yang fleksibel dengan  menyesuaikan kepada ragam disabilitas tanpa mengurangi  target tugas kerja;  c. menyediakan waktu istirahat;  d. menyediakan jadwal kerja yang fleksibel dengan tetap  memenuhi alokasi waktu kerja;  e. memberikan asistensi dalam pelaksanaan pekerjaan  dengan memperhatikan kebutuhan khusus Penyandang  Disabilitas; dan  f. memberikan izin atau cuti khusus untuk pengobatan."
UU_No_8_Tahun_2016_cleaned.txt,"BAB IV: PELAKSANAAN PENGHORMATAN, PELINDUNGAN,",PASAL 49,Pemberi Kerja wajib memberi upah kepada tenaga kerja  Penyandang Disabilitas yang sama dengan tenaga kerja yang  bukan Penyandang Disabilitas dengan jenis pekerjaan dan  tanggung jawab yang sama.
UU_No_8_Tahun_2016_cleaned.txt,"BAB IV: PELAKSANAAN PENGHORMATAN, PELINDUNGAN,",PASAL 50,(1) Pemberi Kerja wajib menyediakan Akomodasi yang Layak  dan fasilitas yang mudah diakses oleh tenaga kerja  Penyandang Disabilitas.  (2) Pemberi Kerja wajib membuka mekanisme pengaduan atas  tidak terpenuhi hak Penyandang Disabilitas.  (3) Pemerintah dan Pemerintah Daerah wajib  menyosialisasikan penyediaan Akomodasi yang Layak dan  fasilitas yang mudah diakses oleh tenaga kerja  Penyandang Disabilitas.  (4) Pemberi Kerja yang tidak menyediakan Akomodasi yang  Layak dan fasilitas yang mudah diakses oleh tenaga kerja  Penyandang Disabilitas dikenai sanksi administratif  berupa:  a. teguran tertulis;  b. penghentian kegiatan operasional;  c. pembekuan izin usaha; dan  d. pencabutan izin usaha.
UU_No_8_Tahun_2016_cleaned.txt,"BAB IV: PELAKSANAAN PENGHORMATAN, PELINDUNGAN,",PASAL 51,Pemberi Kerja wajib menjamin agar Penyandang Disabilitas  dapat melaksanakan hak berserikat dan berkumpul dalam  lingkungan pekerjaan.
UU_No_8_Tahun_2016_cleaned.txt,"BAB IV: PELAKSANAAN PENGHORMATAN, PELINDUNGAN,",PASAL 52,Pemerintah dan Pemerintah Daerah wajib menjamin akses  yang setara bagi Penyandang Disabilitas terhadap manfaat  dan program dalam sistem jaminan sosial nasional di bidang  ketenagakerjaan.
UU_No_8_Tahun_2016_cleaned.txt,"BAB IV: PELAKSANAAN PENGHORMATAN, PELINDUNGAN,",PASAL 53,"(1) Pemerintah, Pemerintah Daerah, Badan Usaha Milik  Negara, dan Badan Usaha Milik Daerah wajib  mempekerjakan paling sedikit 2% (dua persen)  Penyandang Disabilitas dari jumlah pegawai atau pekerja.  (2) Perusahaan swasta wajib mempekerjakan paling sedikit  1% (satu persen) Penyandang Disabilitas dari jumlah  pegawai atau pekerja."
UU_No_8_Tahun_2016_cleaned.txt,"BAB IV: PELAKSANAAN PENGHORMATAN, PELINDUNGAN,",PASAL 54,(1) Pemerintah dan Pemerintah Daerah wajib memberikan  insentif kepada perusahaan swasta yang mempekerjakan  Penyandang Disabilitas.  (2) Ketentuan mengenai bentuk dan tata cara pemberian  insentif sebagaimana dimaksud pada ayat (1) diatur  dengan Peraturan Pemerintah.
UU_No_8_Tahun_2016_cleaned.txt,"BAB IV: PELAKSANAAN PENGHORMATAN, PELINDUNGAN,",PASAL 55,"(1) Pemerintah Daerah wajib memiliki Unit Layanan  Disabilitas pada dinas yang menyelenggarakan urusan  pemerintahan daerah di bidang ketenagakerjaan.  (2) Tugas Unit Layanan Disabilitas sebagaimana dimaksud  pada ayat (1) meliputi:  a. merencanakan Penghormatan, Pelindungan, dan  Pemenuhan hak atas pekerjaan Penyandang  Disabilitas;  b. memberikan informasi kepada Pemerintah, Pemerintah  Daerah, dan perusahaan swasta mengenai proses  rekrutmen, penerimaan, pelatihan kerja, penempatan  kerja, keberlanjutan kerja, dan pengembangan karier  yang adil dan tanpa Diskriminasi kepada Penyandang  Disabilitas;  c. menyediakan pendampingan kepada tenaga kerja  Penyandang Disabilitas;  d. menyediakan pendampingan kepada Pemberi Kerja  yang menerima tenaga kerja Penyandang Disabilitas;  dan  e. mengoordinasikan Unit Layanan Disabilitas, Pemberi  Kerja, dan tenaga kerja dalam Pemenuhan dan  penyediaan Alat Bantu kerja untuk Penyandang  Disabilitas.  (3) Anggaran pembentukan Unit Layanan Disabilitas berasal  dari anggaran pendapatan dan belanja daerah.  (4) Ketentuan lebih lanjut mengenai Unit Layanan Disabilitas  diatur dengan Peraturan Pemerintah."
UU_No_8_Tahun_2016_cleaned.txt,"BAB IV: PELAKSANAAN PENGHORMATAN, PELINDUNGAN,",PASAL 56,"Pemerintah dan Pemerintah Daerah wajib memberikan  jaminan, Pelindungan, dan pendampingan kepada  Penyandang Disabilitas untuk berwirausaha dan mendirikan  badan usaha sesuai dengan ketentuan peraturan perundang- undangan."
UU_No_8_Tahun_2016_cleaned.txt,"BAB IV: PELAKSANAAN PENGHORMATAN, PELINDUNGAN,",PASAL 57,"Pemerintah dan Pemerintah Daerah wajib memberikan  bantuan dan akses permodalan untuk usaha mandiri, badan  usaha, dan/atau koperasi yang diselenggarakan oleh  Penyandang Disabilitas."
UU_No_8_Tahun_2016_cleaned.txt,"BAB IV: PELAKSANAAN PENGHORMATAN, PELINDUNGAN,",PASAL 58,Pemerintah dan Pemerintah Daerah wajib memperluas  peluang dalam pengadaan barang dan jasa kepada unit usaha  mandiri yang diselenggarakan oleh Penyandang Disabilitas  sesuai dengan ketentuan peraturan perundang-undangan.
UU_No_8_Tahun_2016_cleaned.txt,"BAB IV: PELAKSANAAN PENGHORMATAN, PELINDUNGAN,",PASAL 59,Pemerintah dan Pemerintah Daerah wajib memfasilitasi  pemasaran produk yang dihasilkan oleh unit usaha mandiri  yang diselenggarakan oleh Penyandang Disabilitas.
UU_No_8_Tahun_2016_cleaned.txt,"BAB IV: PELAKSANAAN PENGHORMATAN, PELINDUNGAN,",PASAL 60,Pemerintah dan Pemerintah Daerah wajib memberikan  pelatihan kewirausahaan kepada Penyandang Disabilitas yang  menjalankan unit usaha mandiri.    Bagian Kelima  Kesehatan
UU_No_8_Tahun_2016_cleaned.txt,"BAB IV: PELAKSANAAN PENGHORMATAN, PELINDUNGAN,",PASAL 61,"(1) Pemerintah, Pemerintah Daerah, dan swasta wajib  memastikan fasilitas pelayanan kesehatan menerima  pasien Penyandang Disabilitas.  (2) Pemerintah, Pemerintah Daerah, dan swasta wajib  menyediakan fasilitas pelayanan kesehatan kepada  Penyandang Disabilitas tanpa Diskriminasi sesuai dengan  standar dan ketentuan peraturan perundang-undangan."
UU_No_8_Tahun_2016_cleaned.txt,"BAB IV: PELAKSANAAN PENGHORMATAN, PELINDUNGAN,",PASAL 62,"(1) Pemerintah, Pemerintah Daerah, dan swasta wajib  memberikan pelayanan kesehatan untuk Penyandang  Disabilitas tanpa Diskriminasi sesuai dengan standar dan  ketentuan peraturan perundang-undangan.  (2) Pelayanan kesehatan bagi Penyandang Disabilitas  sebagaimana dimaksud pada ayat (1) harus diberikan oleh  tenaga kesehatan yang memiliki kompetensi dan  kewenangan untuk melakukan pelayanan terhadap  Penyandang Disabilitas.  (3) Pemerintah menjamin pelayanan kesehatan bagi  Penyandang Disabilitas dalam program jaminan kesehatan  nasional sesuai dengan ketentuan peraturan perundang- undangan."
UU_No_8_Tahun_2016_cleaned.txt,"BAB IV: PELAKSANAAN PENGHORMATAN, PELINDUNGAN,",PASAL 63,"(1) Pemerintah dan Pemerintah Daerah wajib menyediakan  tenaga kesehatan yang memiliki kompetensi dan  kewenangan dalam pelayanan kesehatan bagi Penyandang  Disabilitas dari fasilitas kesehatan tingkat pertama sampai  ke tingkat lanjut.  (2) Dalam hal tenaga kesehatan yang memiliki kompetensi  dan kewenangan dalam pelayanan kesehatan bagi  Penyandang Disabilitas belum tersedia, tenaga kesehatan  yang ada di fasilitas pelayanan kesehatan tingkat pertama  wajib merujuk kepada tenaga kesehatan yang memiliki  kompetensi dan kewenangan dalam pelayanan kesehatan  bagi Penyandang Disabilitas pada fasilitas pelayanan  kesehatan lain.  (3) Merujuk Penyandang Disabilitas sebagaimana dimaksud  pada ayat (2) dapat dilakukan secara vertikal dan  horizontal.   (4) Rujukan sebagaimana dimaksud pada ayat (3) dapat  dilakukan dalam bentuk pengiriman pasien dan spesimen,  dan melalui telemedisin .   (5) Ketentuan mengenai mekanisme rujukan dilaksanakan  sesuai dengan ketentuan peraturan perundang-undangan."
UU_No_8_Tahun_2016_cleaned.txt,"BAB IV: PELAKSANAAN PENGHORMATAN, PELINDUNGAN,",PASAL 64,Pemerintah dan Pemerintah Daerah wajib menjamin  ketersediaan perbekalan kesehatan bagi Penyandang  Disabilitas.
UU_No_8_Tahun_2016_cleaned.txt,"BAB IV: PELAKSANAAN PENGHORMATAN, PELINDUNGAN,",PASAL 65,(1) Pemerintah dan Pemerintah Daerah wajib menjamin  ketersediaan pelayanan kesehatan yang dibutuhkan oleh  Penyandang Disabilitas sesuai dengan kebutuhan dan  ragam disabilitasnya.          (2) Ketersediaan pelayanan kesehatan yang dibutuhkan oleh  Penyandang Disabilitas sebagaimana dimaksud pada ayat  (1) dirancang untuk meminimalkan hambatan dan  mencegah terjadinya disabilitas lebih lanjut sesuai dengan  ketentuan peraturan perundang-undangan.
UU_No_8_Tahun_2016_cleaned.txt,"BAB IV: PELAKSANAAN PENGHORMATAN, PELINDUNGAN,",PASAL 66,Pemerintah dan Pemerintah Daerah wajib menjamin  ketersediaan pelayanan rehabilitasi medis sesuai dengan  kebutuhan dan ragam disabilitasnya.
UU_No_8_Tahun_2016_cleaned.txt,"BAB IV: PELAKSANAAN PENGHORMATAN, PELINDUNGAN,",PASAL 67,Pemerintah dan Pemerintah Daerah menjamin ketersediaan  alat nonkesehatan yang dibutuhkan oleh Penyandang  Disabilitas di fasilitas pelayanan kesehatan.
UU_No_8_Tahun_2016_cleaned.txt,"BAB IV: PELAKSANAAN PENGHORMATAN, PELINDUNGAN,",PASAL 68,Pemerintah dan Pemerintah Daerah wajib menyelenggarakan  pelatihan tenaga kesehatan di wilayahnya agar mampu  memberikan pelayanan kesehatan bagi Penyandang  Disabilitas.
UU_No_8_Tahun_2016_cleaned.txt,"BAB IV: PELAKSANAAN PENGHORMATAN, PELINDUNGAN,",PASAL 69,Tenaga kesehatan dalam melakukan tindakan medis wajib  mendapatkan persetujuan dari Penyandang Disabilitas sesuai  dengan ketentuan peraturan perundang-undangan.
UU_No_8_Tahun_2016_cleaned.txt,"BAB IV: PELAKSANAAN PENGHORMATAN, PELINDUNGAN,",PASAL 70,Rumah sakit jiwa maupun rumah sakit umum yang  menyediakan pelayanan psikiatri wajib memberikan  pelayanan kepada Penyandang Disabilitas sesuai dengan  standar.
UU_No_8_Tahun_2016_cleaned.txt,"BAB IV: PELAKSANAAN PENGHORMATAN, PELINDUNGAN,",PASAL 71,(1) Fasilitas perawatan untuk pasien Penyandang Disabilitas  mental harus dilaksanakan sesuai dengan prinsip  keselamatan dan kepuasan pasien.   (2) Prinsip keselamatan dan kepuasan pasien sebagaimana  dimaksud pada ayat (1) dilaksanakan sesuai dengan  ketentuan peraturan perundang-undangan.
UU_No_8_Tahun_2016_cleaned.txt,"BAB IV: PELAKSANAAN PENGHORMATAN, PELINDUNGAN,",PASAL 72,Segala tindakan medik kepada pasien Penyandang Disabilitas  mental dilaksanakan sesuai dengan standar.
UU_No_8_Tahun_2016_cleaned.txt,"BAB IV: PELAKSANAAN PENGHORMATAN, PELINDUNGAN,",PASAL 73,(1) Penyelenggara pelayanan kesehatan wajib menyediakan  pelayanan informasi tentang disabilitas.  (2) Layanan informasi sebagaimana dimaksud pada ayat (1)  termasuk memberikan informasi mengenai rujukan  rehabilitasi lanjutan yang tersedia bagi Penyandang  Disabilitas.
UU_No_8_Tahun_2016_cleaned.txt,"BAB IV: PELAKSANAAN PENGHORMATAN, PELINDUNGAN,",PASAL 74,(1) Pemerintah dan Pemerintah Daerah wajib menjamin akses  bagi Penyandang Disabilitas terhadap pelayanan air  bersih.  (2) Pemerintah dan Pemerintah Daerah wajib menjamin akses  terhadap fasilitas sanitasi yang layak.    Bagian Keenam  Politik
UU_No_8_Tahun_2016_cleaned.txt,"BAB IV: PELAKSANAAN PENGHORMATAN, PELINDUNGAN,",PASAL 75,(1) Pemerintah dan Pemerintah Daerah wajib menjamin agar  Penyandang Disabilitas dapat berpartisipasi secara efektif  dan penuh dalam kehidupan politik dan publik secara  langsung atau melalui perwakilan.  (2) Pemerintah dan Pemerintah Daerah wajib menjamin hak  dan kesempatan bagi Penyandang Disabilitas untuk  memilih dan dipilih.
UU_No_8_Tahun_2016_cleaned.txt,"BAB IV: PELAKSANAAN PENGHORMATAN, PELINDUNGAN,",PASAL 76,Penyandang Disabilitas berhak untuk menduduki jabatan  publik.
UU_No_8_Tahun_2016_cleaned.txt,"BAB IV: PELAKSANAAN PENGHORMATAN, PELINDUNGAN,",PASAL 77,"Pemerintah dan Pemerintah Daerah wajib menjamin hak  politik Penyandang Disabilitas dengan memperhatikan  keragaman disabilitas dalam pemilihan umum, pemilihan  gubernur, bupati/walikota, dan pemilihan kepala desa atau  nama lain, termasuk:  a. berpartisipasi langsung untuk ikut dalam kegiatan dalam  pemilihan umum, pemilihan gubernur, bupati/walikota,  dan pemilihan kepala desa atau nama lain;  b. mendapatkan hak untuk didata sebagai pemilih dalam  pemilihan umum, pemilihan gubernur, bupati/walikota,  dan pemilihan kepala desa atau nama lain;  c. memastikan bahwa prosedur, fasilitas, dan Alat Bantu  pemilihan bersifat layak, dapat diakses, serta mudah  dipahami dan digunakan;  d. melindungi hak Penyandang Disabilitas untuk memilih  secara rahasia tanpa intimidasi;  e. melindungi hak Penyandang Disabilitas untuk  mencalonkan diri dalam pemilihan, untuk memegang  jabatan, dan melaksanakan seluruh fungsi publik dalam  semua tingkat pemerintahan;  f. menjamin Penyandang Disabilitas agar dapat  memanfaatkan penggunaan teknologi baru untuk  membantu pelaksanaan tugas;  g. menjamin kebebasan Penyandang Disabilitas untuk  memilih pendamping sesuai dengan pilihannya sendiri;  h. mendapatkan informasi, sosialisasi, dan simulasi dalam  setiap tahapan dalam pemilihan umum, pemilihan  gubernur, bupati/walikota, dan pemilihan kepala desa  atau nama lain; dan  i. menjamin terpenuhinya hak untuk terlibat sebagai  penyelenggara dalam pemilihan umum, pemilihan  gubernur, bupati/walikota, dan pemilihan kepala desa  atau nama lain.  Bagian Ketujuh  Keagamaan"
UU_No_8_Tahun_2016_cleaned.txt,"BAB IV: PELAKSANAAN PENGHORMATAN, PELINDUNGAN,",PASAL 78,Pemerintah dan Pemerintah Daerah wajib melindungi  Penyandang Disabilitas dari tekanan dan Diskriminasi oleh  pihak mana pun untuk memeluk agama dan kepercayaan  masing-masing dan beribadat menurut agama dan  kepercayaannya.
UU_No_8_Tahun_2016_cleaned.txt,"BAB IV: PELAKSANAAN PENGHORMATAN, PELINDUNGAN,",PASAL 79,Pemerintah dan Pemerintah Daerah wajib melakukan  bimbingan dan penyuluhan agama terhadap Penyandang  Disabilitas.
UU_No_8_Tahun_2016_cleaned.txt,"BAB IV: PELAKSANAAN PENGHORMATAN, PELINDUNGAN,",PASAL 80,Pemerintah dan Pemerintah Daerah wajib mendorong  dan/atau membantu pengelola rumah ibadah untuk  menyediakan sarana dan prasarana yang mudah diakses oleh  Penyandang Disabilitas.
UU_No_8_Tahun_2016_cleaned.txt,"BAB IV: PELAKSANAAN PENGHORMATAN, PELINDUNGAN,",PASAL 81,Pemerintah dan Pemerintah Daerah wajib menyediakan kitab  suci dan lektur keagamaan lain yang mudah diakses  berdasarkan kebutuhan Penyandang Disabilitas.
UU_No_8_Tahun_2016_cleaned.txt,"BAB IV: PELAKSANAAN PENGHORMATAN, PELINDUNGAN,",PASAL 82,Pemerintah dan Pemerintah Daerah mengupayakan  ketersediaan penerjemah bahasa isyarat dalam kegiatan  peribadatan.                Bagian Kedelapan  Keolahragaan
UU_No_8_Tahun_2016_cleaned.txt,"BAB IV: PELAKSANAAN PENGHORMATAN, PELINDUNGAN,",PASAL 83,(1) Pemerintah dan Pemerintah Daerah wajib  mengembangkan sistem keolahragaan untuk Penyandang  Disabilitas yang meliputi:  a. keolahragaan pendidikan;   b. keolahragaan rekreasi; dan   c. keolahragaan prestasi.  (2) Pengembangan sistem keolahragaan untuk Penyandang  Disabilitas sebagaimana dimaksud pada ayat (1) dilakukan  berdasarkan jenis olahraga khusus untuk Penyandang  Disabilitas yang sesuai dengan kondisi dan ragam  disabilitasnya.
UU_No_8_Tahun_2016_cleaned.txt,"BAB IV: PELAKSANAAN PENGHORMATAN, PELINDUNGAN,",PASAL 84,"Pemerintah dan Pemerintah Daerah wajib membina dan  mengembangkan olahraga untuk Penyandang Disabilitas yang  dilaksanakan dan diarahkan untuk meningkatkan kesehatan,  rasa percaya diri, dan prestasi olahraga.    Bagian Kesembilan  Kebudayaan dan Pariwisata"
UU_No_8_Tahun_2016_cleaned.txt,"BAB IV: PELAKSANAAN PENGHORMATAN, PELINDUNGAN,",PASAL 85,"(1) Pemerintah dan Pemerintah Daerah wajib menjamin  Aksesibilitas bagi Penyandang Disabilitas untuk  mendapatkan layanan kebudayaan dan pariwisata.  (2) Layanan pariwisata yang mudah diakses bagi Penyandang  Disabilitas sebagaimana dimaksud pada ayat (1) meliputi:  a. tersedianya informasi pariwisata dalam bentuk audio,  visual, dan taktil; dan  b. tersedianya pemandu wisata yang memiliki  kemampuan untuk mendeskripsikan objek wisata bagi  wisatawan Penyandang Disabilitas netra, memandu  wisatawan Penyandang Disabilitas rungu dengan  bahasa isyarat, dan memiliki keterampilan  memberikan bantuan mobilitas."
UU_No_8_Tahun_2016_cleaned.txt,"BAB IV: PELAKSANAAN PENGHORMATAN, PELINDUNGAN,",PASAL 86,(1) Pemerintah dan Pemerintah Daerah wajib memberikan  insentif kepada perusahaan pariwisata yang  menyelenggarakan jasa perjalanan wisata yang mudah  diakses oleh Penyandang Disabilitas.  (2) Ketentuan mengenai bentuk dan tata cara pemberian  insentif sebagaimana dimaksud pada ayat (1) diatur  dengan Peraturan Pemerintah.
UU_No_8_Tahun_2016_cleaned.txt,"BAB IV: PELAKSANAAN PENGHORMATAN, PELINDUNGAN,",PASAL 87,(1) Pemerintah dan Pemerintah Daerah wajib  mengembangkan potensi dan kemampuan seni budaya  Penyandang Disabilitas.  (2) Pengembangan potensi dan kemampuan seni budaya  sebagaimana dimaksud pada ayat (1) meliputi:  a. memfasilitasi dan menyertakan Penyandang Disabilitas  dalam kegiatan seni budaya;  b. mengembangkan kegiatan seni budaya khusus  Penyandang Disabilitas; dan  c. memberikan penghargaan kepada seniman  Penyandang Disabilitas atas karya seni terbaik.
UU_No_8_Tahun_2016_cleaned.txt,"BAB IV: PELAKSANAAN PENGHORMATAN, PELINDUNGAN,",PASAL 88,Penyandang Disabilitas berhak untuk mendapatkan  pengakuan dan dukungan atas identitas budaya dan  linguistik.
UU_No_8_Tahun_2016_cleaned.txt,"BAB IV: PELAKSANAAN PENGHORMATAN, PELINDUNGAN,",PASAL 89,(1) Pemerintah dan Pemerintah Daerah wajib melindungi hak  kekayaan intelektual Penyandang Disabilitas.  (2) Pemerintah dan Pemerintah Daerah wajib melindungi dan  memajukan budaya masyarakat yang menjunjung tinggi  nilai kesetaraan hak Penyandang Disabilitas.    Bagian Kesepuluh  Kesejahteraan Sosial
UU_No_8_Tahun_2016_cleaned.txt,"BAB IV: PELAKSANAAN PENGHORMATAN, PELINDUNGAN,",PASAL 90,(1) Pemerintah dan Pemerintah Daerah wajib melakukan  penyelenggaraan kesejahteraan sosial untuk Penyandang  Disabilitas.  (2) Penyelenggaraan kesejahteraan sosial sebagaimana  dimaksud pada ayat (1) meliputi:  a. rehabilitasi sosial;  b. jaminan sosial;  c. pemberdayaan sosial; dan  d. perlindungan sosial.
UU_No_8_Tahun_2016_cleaned.txt,"BAB IV: PELAKSANAAN PENGHORMATAN, PELINDUNGAN,",PASAL 91,"Pemerintah dan Pemerintah Daerah wajib menjamin akses  bagi Penyandang Disabilitas untuk mendapatkan rehabilitasi  sosial, jaminan sosial, pemberdayaan sosial, dan perlindungan  sosial."
UU_No_8_Tahun_2016_cleaned.txt,"BAB IV: PELAKSANAAN PENGHORMATAN, PELINDUNGAN,",PASAL 92,"(1) Rehabilitasi sosial sebagaimana dimaksud dalam Pasal 91  diberikan oleh Pemerintah dan Pemerintah Daerah dalam  bentuk:  a. motivasi dan diagnosis psikososial;  b. perawatan dan pengasuhan;   c. pelatihan vokasional dan pembinaan kewirausahaan;  d. bimbingan mental spiritual;  e. bimbingan fisik;  f. bimbingan sosial dan konseling psikososial;  g. pelayanan Aksesibilitas;  h. bantuan dan asistensi sosial;  i. bimbingan resosialisasi;  j. bimbingan lanjut; dan/atau  k. rujukan.      (2) Rehabilitasi sosial sebagaimana dimaksud pada ayat (1)  dilaksanakan secara persuasif, motivatif, dan koersif oleh  keluarga, masyarakat, dan institusi sosial."
UU_No_8_Tahun_2016_cleaned.txt,"BAB IV: PELAKSANAAN PENGHORMATAN, PELINDUNGAN,",PASAL 93,"(1) Jaminan sosial sebagaimana dimaksud dalam Pasal 91  diberikan oleh Pemerintah dan Pemerintah Daerah untuk  Penyandang Disabilitas miskin atau yang tidak memiliki  penghasilan.   (2) Jaminan sosial sebagaimana dimaksud pada ayat (1)  diberikan dalam bentuk asuransi kesejahteraan sosial,  bantuan langsung berkelanjutan, dan bantuan khusus.  (3) Bantuan khusus sebagaimana dimaksud pada ayat (2)  mencakup pelatihan, konseling, perawatan sementara,  atau bantuan lain yang berkaitan."
UU_No_8_Tahun_2016_cleaned.txt,"BAB IV: PELAKSANAAN PENGHORMATAN, PELINDUNGAN,",PASAL 94,(1) Pemberdayaan sosial sebagaimana dimaksud dalam Pasal  91 dilakukan oleh Pemerintah dan Pemerintah Daerah  melalui:  a. peningkatan kemauan dan kemampuan;  b. penggalian potensi dan sumber daya;  c. penggalian nilai dasar;  d. pemberian akses; dan/atau  e. pemberian bantuan usaha.  (2) Pemberdayaan sosial sebagaimana dimaksud pada ayat (1)  diberikan dalam bentuk:  a. diagnosis dan pemberian motivasi;  b. pelatihan dan pendampingan;  c. pemberian stimulan;  d. peningkatan akses pemasaran hasil usaha;  e. penguatan kelembagaan dan kemitraan; dan  f. bimbingan lanjut.
UU_No_8_Tahun_2016_cleaned.txt,"BAB IV: PELAKSANAAN PENGHORMATAN, PELINDUNGAN,",PASAL 95,Perlindungan sosial sebagaimana dimaksud dalam Pasal 91  dilakukan oleh Pemerintah dan Pemerintah Daerah melalui:  a. bantuan sosial;  b. advokasi sosial; dan/atau  c. bantuan hukum.
UU_No_8_Tahun_2016_cleaned.txt,"BAB IV: PELAKSANAAN PENGHORMATAN, PELINDUNGAN,",PASAL 96,"Ketentuan lebih lanjut mengenai rehabilitasi sosial, jaminan  sosial, pemberdayaan sosial, dan perlindungan sosial, diatur  dalam Peraturan Pemerintah.    Bagian Kesebelas  Infrastruktur"
UU_No_8_Tahun_2016_cleaned.txt,"BAB IV: PELAKSANAAN PENGHORMATAN, PELINDUNGAN,",PASAL 97,(1) Pemerintah dan Pemerintah Daerah wajib menjamin  infrastruktur yang mudah diakses oleh Penyandang  Disabilitas.  (2) Infrastruktur yang mudah diakses oleh Penyandang  Disabilitas sebagaimana dimaksud pada ayat (1) meliputi:  a. bangunan gedung;  b. jalan;  c. permukiman; dan  d. pertamanan dan permakaman.    Paragraf 1  Bangunan Gedung
UU_No_8_Tahun_2016_cleaned.txt,"BAB IV: PELAKSANAAN PENGHORMATAN, PELINDUNGAN,",PASAL 98,"(1) Bangunan gedung yang mudah diakses oleh Penyandang  Disabilitas sebagaimana dimaksud dalam Pasal 97 ayat (2)  huruf a memiliki fungsi:  a. hunian;  b. keagamaan;  c. usaha;  d. sosial dan budaya;  e. olahraga; dan  f. khusus.    (2) Bangunan gedung yang mudah diakses oleh Penyandang  Disabilitas sebagaimana dimaksud pada ayat (1) harus  dilengkapi dengan fasilitas dan Aksesibilitas dengan  mempertimbangkan kebutuhan, fungsi, luas, dan  ketinggian bangunan gedung sesuai dengan ketentuan  peraturan perundang-undangan.  (3) Pemilik dan/atau pengelola bangunan gedung yang tidak  menyediakan fasilitas yang mudah diakses oleh  Penyandang Disabilitas sebagaimana dimaksud pada ayat  (2) dikenai sanksi administratif berupa:  a. peringatan tertulis;  b. pembatasan kegiatan pembangunan;  c. penghentian sementara atau tetap pada pekerjaan  pelaksanaan pembangunan;  d. penghentian sementara atau tetap pada pemanfaatan  bangunan gedung;  e. pembekuan izin mendirikan bangunan gedung;  f. pencabutan izin mendirikan bangunan gedung;  g. pembekuan sertifikat laik fungsi bangunan gedung;  h. pencabutan sertifikat laik fungsi bangunan gedung;  atau  i. perintah pembongkaran bangunan gedung.  (4) Pemberian sanksi administratif sebagaimana dimaksud  pada ayat (3) dilaksanakan sesuai dengan ketentuan  peraturan perundang-undangan."
UU_No_8_Tahun_2016_cleaned.txt,"BAB IV: PELAKSANAAN PENGHORMATAN, PELINDUNGAN,",PASAL 99,"(1) Pemerintah dan Pemerintah Daerah wajib mencantumkan  ketersediaan fasilitas yang mudah diakses oleh  Penyandang Disabilitas sebagai salah satu syarat dalam  permohonan izin mendirikan bangunan.  (2) Pemerintah dan Pemerintah Daerah wajib melakukan  audit terhadap ketersediaan fasilitas Aksesibilitas bagi  Penyandang Disabilitas pada setiap bangunan gedung.  (3) Pemeriksaan kelaikan fungsi terhadap ketersediaan  fasilitas dan Aksesibilitas untuk Penyandang Disabilitas  merupakan syarat dalam penerbitan dan perpanjangan  Sertifikat Laik Fungsi bangunan gedung.  (4) Dalam hal bangunan gedung sudah memenuhi syarat  audit sebagaimana dimaksud pada ayat (3), Pemerintah  wajib menerbitkan Sertifikat Laik Fungsi.  (5) Pemerintah wajib menyusun mekanisme audit fasilitas  Aksesibilitas bagi Penyandang Disabilitas.  (6) Pemeriksaan kelaikan fungsi fasilitas dan Aksesibilitas  bagi Penyandang Disabilitas dilaksanakan oleh penyedia  jasa pengawasan atau manajemen konstruksi bersertifikat.  (7) Pemeriksaan sebagaimana dimaksud pada ayat (6)  dilaksanakan dengan mengikutsertakan organisasi  Penyandang Disabilitas dan/atau Penyandang Disabilitas  yang memiliki keahlian di bidang bangunan gedung."
UU_No_8_Tahun_2016_cleaned.txt,"BAB IV: PELAKSANAAN PENGHORMATAN, PELINDUNGAN,",PASAL 100,Pemerintah dan Pemerintah Daerah dapat memfasilitasi  penyediaan fasilitas yang mudah diakses pada bangunan  rumah tinggal tunggal yang dihuni oleh Penyandang  Disabilitas.    Paragraf 2  Jalan
UU_No_8_Tahun_2016_cleaned.txt,"BAB IV: PELAKSANAAN PENGHORMATAN, PELINDUNGAN,",PASAL 101,(1) Pemerintah dan Pemerintah Daerah wajib menyediakan  fasilitas untuk pejalan kaki yang mudah diakses oleh  Penyandang Disabilitas.  (2) Fasilitas untuk pejalan kaki yang mudah diakses  sebagaimana dimaksud pada ayat (1) dilaksanakan sesuai  dengan ketentuan peraturan perundang-undangan.
UU_No_8_Tahun_2016_cleaned.txt,"BAB IV: PELAKSANAAN PENGHORMATAN, PELINDUNGAN,",PASAL 102,(1) Pemerintah dan Pemerintah Daerah wajib menyediakan  tempat penyeberangan pejalan kaki yang mudah diakses  oleh Penyandang Disabilitas.  (2) Persyaratan mengenai tempat penyeberangan pejalan kaki  yang mudah diakses oleh Penyandang Disabilitas  sebagaimana dimaksud pada ayat (1) dilaksanakan sesuai  dengan ketentuan peraturan perundang-undangan.   Paragraf 3  Pertamanan dan Permakaman
UU_No_8_Tahun_2016_cleaned.txt,"BAB IV: PELAKSANAAN PENGHORMATAN, PELINDUNGAN,",PASAL 103,(1) Pemerintah Daerah menyediakan fasilitas umum  lingkungan pertamanan dan permakaman umum yang  mudah diakses oleh Penyandang Disabilitas.  (2) Pertamanan dan permakaman yang mudah diakses  sebagaimana dimaksud pada ayat (1) dilengkapi dengan  fasilitas dan Aksesibilitas bagi Penyandang Disabilitas.    Paragraf 4  Permukiman
UU_No_8_Tahun_2016_cleaned.txt,"BAB IV: PELAKSANAAN PENGHORMATAN, PELINDUNGAN,",PASAL 104,(1) Pemerintah dan Pemerintah Daerah memfasilitasi  permukiman yang mudah diakses oleh Penyandang  Disabilitas.  (2) Pemerintah dan Pemerintah Daerah wajib  mengawasi dan  memastikan seluruh permukiman yang dibangun oleh  pengembang memiliki Aksesibilitas bagi Penyandang  Disabilitas.   (3) Pengembang sebagaimana dimaksud pada ayat (2)  termasuk pihak swasta dan Badan Usaha Milik Negara  atau Badan Usaha Milik Daerah.  (4) Ketentuan lebih lanjut mengenai permukiman yang mudah  diakses oleh Penyandang Disabilitas diatur dengan  Peraturan Pemerintah.    Bagian Kedua Belas  Pelayanan Publik
UU_No_8_Tahun_2016_cleaned.txt,"BAB IV: PELAKSANAAN PENGHORMATAN, PELINDUNGAN,",PASAL 105,"(1) Pemerintah dan Pemerintah Daerah wajib menyediakan  Pelayanan Publik yang mudah diakses oleh Penyandang  Disabilitas sesuai dengan ketentuan peraturan perundang- undangan.   (2) Pelayanan Publik sebagaimana dimaksud pada ayat (1)  termasuk pelayanan jasa transportasi publik.  (3) Pelayanan Publik yang mudah diakses sebagaimana  dimaksud pada ayat (1) diselenggarakan oleh institusi  penyelenggara negara, korporasi, lembaga independen  yang dibentuk berdasarkan undang-undang untuk  kegiatan Pelayanan Publik, dan badan hukum lain yang  dibentuk untuk Pelayanan Publik.  (4) Pendanaan Pelayanan Publik bagi Penyandang Disabilitas  bersumber dari:  a. Anggaran Pendapatan dan Belanja Negara;  b. anggaran dan pendapatan belanja daerah; dan/atau  c. anggaran korporasi atau badan hukum yang  menyelenggarakan Pelayanan Publik."
UU_No_8_Tahun_2016_cleaned.txt,"BAB IV: PELAKSANAAN PENGHORMATAN, PELINDUNGAN,",PASAL 106,(1) Pemerintah dan Pemerintah Daerah wajib  menyebarluaskan dan menyosialisasikan Pelayanan Publik  yang mudah diakses sebagaimana dimaksud dalam Pasal  105 kepada Penyandang Disabilitas dan masyarakat.  (2) Penyelenggara Pelayanan Publik wajib menyediakan  panduan Pelayanan Publik yang mudah diakses oleh  Penyandang Disabilitas.
UU_No_8_Tahun_2016_cleaned.txt,"BAB IV: PELAKSANAAN PENGHORMATAN, PELINDUNGAN,",PASAL 107,"(1) Pelayanan jasa transportasi sebagaimana dimaksud dalam  Pasal 105 ayat (2) terdiri dari pelayanan jasa transportasi  darat, transportasi kereta api, transportasi laut, dan  transportasi udara.  (2) Pemerintah dan Pemerintah Daerah dapat bekerja sama  dengan korporasi atau badan hukum dalam menyediakan  pelayanan jasa transportasi publik."
UU_No_8_Tahun_2016_cleaned.txt,"BAB IV: PELAKSANAAN PENGHORMATAN, PELINDUNGAN,",PASAL 108,Ketentuan lebih lanjut mengenai Pelayanan Publik yang  mudah diakses oleh Penyandang Disabilitas diatur dengan  Peraturan Pemerintah.  Bagian Ketiga Belas  Pelindungan dari Bencana
UU_No_8_Tahun_2016_cleaned.txt,"BAB IV: PELAKSANAAN PENGHORMATAN, PELINDUNGAN,",PASAL 109,"(1) Pemerintah dan Pemerintah Daerah wajib mengambil  langkah yang diperlukan untuk menjamin penanganan  Penyandang Disabilitas pada tahap prabencana, saat  tanggap darurat, dan pascabencana.  (2) Penanganan Penyandang Disabilitas sebagaimana  dimaksud pada ayat (1) harus memperhatikan Akomodasi  yang Layak dan Aksesibilitas untuk Penyandang  Disabilitas.  (3) Penyandang Disabilitas dapat berpartisipasi dalam  penanggulangan bencana.  (4) Ketentuan lebih lanjut mengenai penanganan Penyandang  Disabilitas sebagaimana dimaksud pada ayat (1) dan ayat  (2) serta partisipasi Penyandang Disabilitas sebagaimana  dimaksud pada ayat (3) diatur dengan Peraturan  Pemerintah.    Bagian Keempat Belas  Habilitasi dan Rehabilitasi"
UU_No_8_Tahun_2016_cleaned.txt,"BAB IV: PELAKSANAAN PENGHORMATAN, PELINDUNGAN,",PASAL 110,"(1) Pemerintah dan Pemerintah Daerah wajib menyediakan  atau memfasilitasi layanan habilitasi dan rehabilitasi  untuk Penyandang Disabilitas.    (2) Habilitasi dan rehabilitasi untuk Penyandang Disabilitas  sebagaimana dimaksud pada ayat (1) bertujuan:  a. mencapai, mempertahankan, dan mengembangkan  kemandirian, kemampuan fisik, mental, sosial, dan  keterampilan Penyandang Disabilitas secara maksimal;  dan  b. memberi kesempatan untuk berpartisipasi dan  berinklusi di seluruh aspek kehidupan."
UU_No_8_Tahun_2016_cleaned.txt,"BAB IV: PELAKSANAAN PENGHORMATAN, PELINDUNGAN,",PASAL 111,Habilitasi dan rehabilitasi untuk Penyandang Disabilitas  berfungsi sebagai:   a.   sarana pendidikan dan pelatihan keterampilan hidup;  b.   sarana antara dalam mengatasi kondisi disabilitasnya; dan  c.   sarana untuk mempersiapkan Penyandang Disabilitas  agar dapat hidup mandiri dalam masyarakat.
UU_No_8_Tahun_2016_cleaned.txt,"BAB IV: PELAKSANAAN PENGHORMATAN, PELINDUNGAN,",PASAL 112,Penanganan habilitasi dan rehabilitasi Penyandang Disabilitas  dilakukan dalam bentuk:  a.   layanan habilitasi dan rehabilitasi dalam keluarga dan  masyarakat; dan  b.   layanan habilitasi dan rehabilitasi dalam lembaga.
UU_No_8_Tahun_2016_cleaned.txt,"BAB IV: PELAKSANAAN PENGHORMATAN, PELINDUNGAN,",PASAL 113,Ketentuan lebih lanjut mengenai layanan habilitasi dan  rehabilitasi diatur dengan Peraturan Pemerintah.    Bagian Kelima Belas  Konsesi
UU_No_8_Tahun_2016_cleaned.txt,"BAB IV: PELAKSANAAN PENGHORMATAN, PELINDUNGAN,",PASAL 114,(1) Pemerintah dan Pemerintah Daerah wajib memberikan  Konsesi untuk Penyandang Disabilitas.  (2) Ketentuan mengenai besar dan jenis Konsesi sebagaimana  dimaksud pada ayat (1) diatur dengan Peraturan  Pemerintah.
UU_No_8_Tahun_2016_cleaned.txt,"BAB IV: PELAKSANAAN PENGHORMATAN, PELINDUNGAN,",PASAL 115,Pemerintah dan Pemerintah Daerah mengupayakan pihak  swasta untuk memberikan Konsesi untuk Penyandang  Disabilitas.
UU_No_8_Tahun_2016_cleaned.txt,"BAB IV: PELAKSANAAN PENGHORMATAN, PELINDUNGAN,",PASAL 116,(1) Pemerintah dan Pemerintah Daerah memberikan insentif  bagi perusahaan swasta yang memberikan Konsesi untuk  Penyandang Disabilitas.  (2) Ketentuan mengenai bentuk dan tata cara pemberian  insentif sebagaimana dimaksud pada ayat (1) diatur  dengan Peraturan Pemerintah.    Bagian Keenam Belas  Pendataan
UU_No_8_Tahun_2016_cleaned.txt,"BAB IV: PELAKSANAAN PENGHORMATAN, PELINDUNGAN,",PASAL 117,"(1) Penyelenggaraan pendataan terhadap Penyandang  Disabilitas dilakukan oleh kementerian yang  menyelenggarakan urusan pemerintahan di bidang sosial  secara mandiri atau bersama dengan lembaga yang  menyelenggarakan urusan pemerintahan di bidang  statistik berdasarkan ketentuan peraturan perundang- undangan.  (2) Pendataan terhadap Penyandang Disabilitas sebagaimana  dimaksud pada ayat (1) dilakukan untuk memperoleh data  akurat tentang karakteristik pokok dan rinci Penyandang  Disabilitas.  (3) Data akurat tentang Penyandang Disabilitas sebagaimana  dimaksud pada ayat (2) digunakan untuk:  a. mengidentifikasi dan mengatasi hambatan yang  dihadapi oleh Penyandang Disabilitas dalam  mendapatkan hak Penyandang Disabilitas; dan  b. membantu perumusan dan implementasi kebijakan  Penghormatan, Pelindungan, dan Pemenuhan hak  Penyandang Disabilitas."
UU_No_8_Tahun_2016_cleaned.txt,"BAB IV: PELAKSANAAN PENGHORMATAN, PELINDUNGAN,",PASAL 118,(1) Menteri melakukan verifikasi dan validasi terhadap hasil  pendataan Penyandang Disabilitas sebagaimana dimaksud  dalam Pasal 117 ayat (1).  (2) Verifikasi dan validasi sebagaimana dimaksud pada ayat  (1) dilakukan secara berkala paling sedikit 2 (dua) tahun  sekali.
UU_No_8_Tahun_2016_cleaned.txt,"BAB IV: PELAKSANAAN PENGHORMATAN, PELINDUNGAN,",PASAL 119,"(1) Penyandang Disabilitas yang belum terdata dalam  pendataan sebagaimana dimaksud dalam Pasal 117 dapat  secara aktif mendaftarkan diri kepada lurah atau kepala  desa atau nama lain di tempat tinggalnya.  (2) Lurah atau kepala desa atau nama lain wajib  menyampaikan pendaftaran atau perubahan data  sebagaimana dimaksud pada ayat (1) kepada  bupati/walikota melalui camat.   (3) Bupati/walikota menyampaikan pendaftaran atau  perubahan data sebagaimana dimaksud pada ayat (2)  kepada gubernur untuk diteruskan kepada Menteri.   (4) Dalam hal diperlukan, bupati/walikota dapat melakukan  verifikasi dan validasi terhadap pendaftaran atau  perubahan data sebagaimana dimaksud pada ayat (3)."
UU_No_8_Tahun_2016_cleaned.txt,"BAB IV: PELAKSANAAN PENGHORMATAN, PELINDUNGAN,",PASAL 120,(1) Data yang telah diverifikasi dan divalidasi harus berbasis  teknologi informasi dan dijadikan sebagai data nasional  Penyandang Disabilitas.  (2) Data sebagaimana dimaksud pada ayat (1) menjadi  tanggung jawab Menteri.   (3) Data nasional Penyandang Disabilitas sebagaimana  dimaksud pada ayat (1) dan ayat (2) dipergunakan oleh  kementerian/lembaga dan/atau Pemerintah Daerah dalam  Pemenuhan hak Penyandang Disabilitas dan dapat diakses  oleh masyarakat sesuai dengan ketentuan peraturan  perundang-undangan.     (4) Kementerian/lembaga dan/atau Pemerintah Daerah yang  menggunakan data nasional Penyandang Disabilitas  sebagaimana dimaksud pada ayat (3) menyampaikan hasil  pelaksanaannya kepada Menteri.
UU_No_8_Tahun_2016_cleaned.txt,"BAB IV: PELAKSANAAN PENGHORMATAN, PELINDUNGAN,",PASAL 121,(1) Penyandang Disabilitas yang telah terdapat dalam data  nasional Penyandang Disabilitas berhak mendapatkan  kartu Penyandang Disabilitas.  (2) Kartu Penyandang Disabilitas sebagaimana dimaksud  pada ayat (1) dikeluarkan oleh kementerian yang  menyelenggarakan urusan pemerintahan di bidang sosial.  (3) Ketentuan lebih lanjut mengenai penerbitan kartu  Penyandang Disabilitas diatur dengan Peraturan Menteri.     Bagian Ketujuh Belas  Komunikasi dan Informasi    Paragraf 1  Komunikasi
UU_No_8_Tahun_2016_cleaned.txt,"BAB IV: PELAKSANAAN PENGHORMATAN, PELINDUNGAN,",PASAL 122,"(1) Pemerintah dan Pemerintah Daerah wajib mengakui,  menerima, dan memfasilitasi komunikasi Penyandang  Disabilitas dengan menggunakan cara tertentu.  (2) Komunikasi dengan menggunakan cara tertentu  sebagaimana dimaksud pada ayat (1) dilakukan dengan  cara, alat, dan bentuk lainnya yang dapat dijangkau  sesuai dengan pilihan Penyandang Disabilitas dalam  berinteraksi.    Paragraf 2  Informasi"
UU_No_8_Tahun_2016_cleaned.txt,"BAB IV: PELAKSANAAN PENGHORMATAN, PELINDUNGAN,",PASAL 123,(1) Pemerintah dan Pemerintah Daerah wajib menjamin akses  atas informasi untuk Penyandang Disabilitas.  (2) Akses atas informasi untuk Penyandang Disabilitas  sebagaimana dimaksud pada ayat (1) dalam bentuk audio  dan visual.
UU_No_8_Tahun_2016_cleaned.txt,"BAB IV: PELAKSANAAN PENGHORMATAN, PELINDUNGAN,",PASAL 124,(1) Pemerintah dan Pemerintah Daerah wajib menyediakan  informasi dalam bentuk yang dapat dijangkau dan  dipahami sesuai dengan keragaman disabilitas dan kondisi  tempat tinggalnya.  (2) Informasi sebagaimana dimaksud pada ayat (1) didapatkan  secara tepat waktu dan tanpa biaya tambahan.    Bagian Kedelapan Belas  Perempuan dan Anak
UU_No_8_Tahun_2016_cleaned.txt,"BAB IV: PELAKSANAAN PENGHORMATAN, PELINDUNGAN,",PASAL 125,Pemerintah dan Pemerintah Daerah wajib menyediakan unit  layanan informasi dan tindak cepat untuk perempuan dan  anak penyandang disabilitas yang menjadi korban kekerasan.
UU_No_8_Tahun_2016_cleaned.txt,"BAB IV: PELAKSANAAN PENGHORMATAN, PELINDUNGAN,",PASAL 126,Pemerintah dan Pemerintah Daerah wajib memberikan  Pelindungan khusus terhadap perempuan dan anak  penyandang disabilitas sesuai dengan ketentuan peraturan  perundang-undangan.
UU_No_8_Tahun_2016_cleaned.txt,"BAB IV: PELAKSANAAN PENGHORMATAN, PELINDUNGAN,",PASAL 127,"Pemerintah dan Pemerintah Daerah wajib menyediakan  rumah aman yang mudah diakses untuk perempuan dan  anak penyandang disabilitas yang menjadi korban kekerasan.    Bagian Kesembilan Belas  Pelindungan dari Tindakan Diskriminasi,   Penelantaran, Penyiksaan, dan Eksploitasi"
UU_No_8_Tahun_2016_cleaned.txt,"BAB IV: PELAKSANAAN PENGHORMATAN, PELINDUNGAN,",PASAL 128,"(1) Pemerintah dan Pemerintah Daerah memfasilitasi  Penyandang Disabilitas untuk bersosialisasi dan  berinteraksi dalam kehidupan berkeluarga,  bermasyarakat, dan bernegara tanpa rasa takut.  (2) Pemerintah dan Pemerintah Daerah wajib menjamin  Penyandang Disabilitas bebas dari segala bentuk  kekerasan fisik, psikis, ekonomi, dan seksual.        BAB V : KOORDINASI"
UU_No_8_Tahun_2016_cleaned.txt,BAB V: KOORDINASI,PASAL 129,"(1) Pemerintah membentuk mekanisme koordinasi di tingkat  nasional dalam rangka melaksanakan Penghormatan,  Pelindungan, dan Pemenuhan hak Penyandang Disabilitas.  (2) Koordinasi di tingkat nasional dilakukan oleh Menteri  dengan kementerian dan lembaga pemerintah  nonkementerian yang terkait.   (3) Koordinasi sebagaimana dimaksud pada ayat (2) bertujuan  untuk menyelenggarakan dan menyinkronkan kebijakan,  program, dan anggaran pelaksanaan Penghormatan,  Pelindungan, dan Pemenuhan hak Penyandang Disabilitas.  (4) Dalam koordinasi sebagaimana dimaksud pada ayat (3),  Menteri melaksanakan tugas:  a. melakukan sinkronisasi program dan kebijakan dalam  rangka pelaksanaan Penghormatan, Pelindungan, dan  Pemenuhan hak Penyandang Disabilitas;   b. menjamin pelaksanaan Penghormatan, Pelindungan,  dan Pemenuhan hak Penyandang Disabilitas berjalan  dengan efektif;   c. mewujudkan anggaran pelaksanaan Penghormatan,  Pelindungan, dan Pemenuhan hak Penyandang  Disabilitas; dan  d. menyinkronkan penggunaan anggaran pelaksanaan  Penghormatan, Pelindungan, dan Pemenuhan hak  Penyandang Disabilitas agar berjalan dengan efisien."
UU_No_8_Tahun_2016_cleaned.txt,BAB V: KOORDINASI,PASAL 130,"(1) Pemerintah Daerah membentuk mekanisme koordinasi di  tingkat provinsi dan kabupaten/kota dalam rangka  melaksanakan Penghormatan, Pelindungan, dan  Pemenuhan hak Penyandang Disabilitas sesuai dengan  kewenangannya.  (2) Ketentuan mengenai mekanisme koordinasi di tingkat  nasional sebagaimana dimaksud dalam Pasal 129 ayat (1)  berlaku secara mutatis mutandis terhadap mekanisme  koordinasi di tingkat provinsi dan kabupaten/kota.     BAB VI : KOMISI NASIONAL DISABILITAS"
UU_No_8_Tahun_2016_cleaned.txt,BAB VI: KOMISI NASIONAL DISABILITAS,PASAL 131,"Dalam rangka pelaksanaan Penghormatan, Pelindungan, dan  Pemenuhan hak Penyandang Disabilitas dibentuk KND  sebagai lembaga nonstruktural yang bersifat independen."
UU_No_8_Tahun_2016_cleaned.txt,BAB VI: KOMISI NASIONAL DISABILITAS,PASAL 132,"(1) KND sebagaimana dimaksud dalam Pasal 131 mempunyai  tugas melaksanakan pemantauan, evaluasi, dan advokasi  pelaksanaan Penghormatan, Pelindungan, dan Pemenuhan  hak Penyandang Disabilitas.   (2) Hasil pemantauan, evaluasi, dan advokasi sebagaimana  dimaksud pada ayat (1) dilaporkan kepada Presiden."
UU_No_8_Tahun_2016_cleaned.txt,BAB VI: KOMISI NASIONAL DISABILITAS,PASAL 133,"Dalam melaksanakan tugas sebagaimana dimaksud dalam  Pasal 132, KND menyelenggarakan fungsi:  a.   penyusunan rencana kegiatan KND dalam upaya  pelaksanaan Penghormatan, Pelindungan, dan Pemenuhan  hak Penyandang Disabilitas;  b.   pemantauan dan evaluasi pelaksanaan Penghormatan,  Pelindungan, dan Pemenuhan hak Penyandang Disabilitas;   c.   advokasi pelaksanaan Penghormatan, Pelindungan, dan  Pemenuhan hak Penyandang Disabilitas; dan  d.   pelaksanaan kerja sama dalam penanganan Penyandang  Disabilitas dengan pemangku kepentingan terkait."
UU_No_8_Tahun_2016_cleaned.txt,BAB VI: KOMISI NASIONAL DISABILITAS,PASAL 134,Ketentuan mengenai organisasi dan tata kerja serta  keanggotaan KND diatur dengan Peraturan Presiden.      BAB VII : PENDANAAN
UU_No_8_Tahun_2016_cleaned.txt,BAB VII: PENDANAAN,PASAL 135,"(1) Pemerintah dan Pemerintah Daerah wajib menyediakan  anggaran bagi pelaksanaan Penghormatan, Pelindungan,  dan Pemenuhan hak Penyandang Disabilitas.   (2) Pendanaan pelaksanaan Penghormatan, Pelindungan, dan  Pemenuhan hak Penyandang Disabilitas sebagaimana  dimaksud pada ayat (1) bersumber dari:   a. Anggaran Pendapatan dan Belanja Negara;  b. anggaran pendapatan dan belanja daerah; dan  c. sumber dana lain yang sah dan tidak mengikat.  (3) Sumber dana lain yang sah dan tidak mengikat  sebagaimana dimaksud pada ayat (2) huruf c dikelola  sesuai dengan ketentuan peraturan perundang-undangan.    BAB VIII : KERJA SAMA INTERNASIONAL"
UU_No_8_Tahun_2016_cleaned.txt,BAB VIII: KERJA SAMA INTERNASIONAL,PASAL 136,"Pemerintah dapat menjalin kerja sama internasional dengan  negara yang mendukung usaha memajukan Penghormatan,  Pelindungan, dan Pemenuhan hak Penyandang Disabilitas."
UU_No_8_Tahun_2016_cleaned.txt,BAB VIII: KERJA SAMA INTERNASIONAL,PASAL 137,(1) Pemerintah wajib mengarusutamakan isu disabilitas  dalam menjalin kerja sama internasional.  (2) Kerja sama internasional sebagaimana dimaksud pada  ayat (1) dapat dilakukan dengan cara:  a. bertukar informasi dan pengalaman;  b. program pelatihan;  c. praktik terbaik;  d. penelitian;  e. ilmu pengetahuan; dan/atau  f. alih teknologi.    BAB IX : PENGHARGAAN
UU_No_8_Tahun_2016_cleaned.txt,BAB IX: PENGHARGAAN,PASAL 138,"Pemerintah dan Pemerintah Daerah dapat memberikan  penghargaan kepada orang perseorangan yang berjasa dalam  Penghormatan, Pelindungan, dan Pemenuhan hak  Penyandang Disabilitas."
UU_No_8_Tahun_2016_cleaned.txt,BAB IX: PENGHARGAAN,PASAL 139,Pemerintah dan Pemerintah Daerah dapat memberikan  penghargaan kepada badan hukum dan lembaga negara yang  mempekerjakan Penyandang Disabilitas.
UU_No_8_Tahun_2016_cleaned.txt,BAB IX: PENGHARGAAN,PASAL 140,Pemerintah dan Pemerintah Daerah dapat memberikan  penghargaan kepada penyedia fasilitas publik yang memenuhi  hak Penyandang Disabilitas.
UU_No_8_Tahun_2016_cleaned.txt,BAB IX: PENGHARGAAN,PASAL 141,"Ketentuan mengenai syarat dan tata cara pemberian  penghargaan sebagaimana dimaksud dalam Pasal 138, Pasal  139, dan Pasal 140 diatur dalam Peraturan Presiden.  BAB X : LARANGAN"
UU_No_8_Tahun_2016_cleaned.txt,BAB X: LARANGAN,PASAL 142,"Setiap Orang yang ditunjuk mewakili kepentingan  Penyandang Disabilitas dilarang melakukan tindakan yang  berdampak kepada bertambah, berkurang, atau hilangnya  hak kepemilikan Penyandang Disabilitas tanpa mendapat  penetapan dari pengadilan negeri."
UU_No_8_Tahun_2016_cleaned.txt,BAB X: LARANGAN,PASAL 143,"Setiap Orang dilarang menghalang-halangi dan/atau  melarang Penyandang Disabilitas untuk mendapatkan:  a. hak pendidikan sebagaimana dimaksud dalam Pasal 10;  b. hak pekerjaan, kewirausahaan, dan koperasi sebagaimana  dimaksud dalam Pasal 11;  c. hak kesehatan sebagaimana dimaksud dalam Pasal 12;  d. hak politik sebagaimana dimaksud dalam Pasal 13;  e. hak keagamaan sebagaimana dimaksud dalam Pasal 14;  f. hak keolahragaan sebagaimana dimaksud dalam Pasal 15;  g. hak kebudayaan dan pariwisata sebagaimana dimaksud  dalam Pasal 16;  h. hak kesejahteraan sosial sebagaimana dimaksud dalam pasal 17 i. hak Aksesibilitas sebagai mana dimaksud dalam Pasal 18;  j. hak Pelayanan Publik sebagaimana dimaksud dalam Pasal  19;  k. hak Pelindungan dari bencana sebagaimana dimaksud dalam Pasal 20;  l. hak habilitasi dan rehabilitasi sebagaimana dimaksud dalam Pasal 21;  m. hak pendataan sebagaimana dimaksud dalam Pasal 22;  n. hak hidup secara mandiri dan dilibatkan dalam  masyarakat sebagaimana dimaksud dalam Pasal 23;  o. hak berekspresi, berkomunikasi, dan memperoleh  informasi sebagaimana dimaksud dalam Pasal 24;    p. hak kewarganegaraan sebagaimana dimaksud dalam Pasal  25;   q. hak bebas dari Diskriminasi, penelantaran, penyiksaan,  dan eksploitasi sebagaimana dimaksud dalam Pasal 26;  dan  r. hak keadilan dan perlindungan hukum dalam memberikan  jaminan dan Pelindungan sebagai subjek hukum untuk  melakukan tindakan hukum yang sama dengan lainnya  sebagaimana dimaksud dalam Pasal 28.    "
UU_No_8_Tahun_2016_cleaned.txt,BAB XI: KETENTUAN PIDANA,PASAL 144,"Setiap Orang yang melakukan tindakan yang berdampak  kepada bertambah, berkurang, atau hilangnya hak  kepemilikan Penyandang Disabilitas tanpa mendapat  penetapan dari pengadilan negeri sebagaimana dimaksud  dalam Pasal 142 dipidana dengan pidana penjara paling lama  5 (lima) tahun dan denda paling banyak Rp500.000.000,00  (lima ratus juta rupiah)."
UU_No_8_Tahun_2016_cleaned.txt,BAB XI: KETENTUAN PIDANA,PASAL 145,"Setiap Orang yang menghalang-halangi dan/atau melarang  Penyandang Disabilitas untuk mendapatkan hak sebagaimana  dimaksud dalam Pasal 143 dipidana dengan pidana penjara  paling lama 2 (dua) tahun dan denda paling banyak  Rp200.000.000,00 (dua ratus juta rupiah).    BAB XII : KETENTUAN PERALIHAN"
UU_No_8_Tahun_2016_cleaned.txt,BAB XII: KETENTUAN PERALIHAN,PASAL 146,Kartu Penyandang Disabilitas sebagaimana dimaksud dalam  Pasal 121 ayat (1) berlaku sampai dengan diterbitkannya  kartu identitas kependudukan tunggal sesuai dengan  ketentuan peraturan perundang-undangan.
UU_No_8_Tahun_2016_cleaned.txt,BAB XII: KETENTUAN PERALIHAN,PASAL 147,"Tindakan hukum berdasarkan Undang-Undang Nomor 4  Tahun 1997 Tentang Penyandang Cacat (Lembaran Negara  Republik Indonesia Tahun 1997 Nomor 9, Tambahan  Lembaran Negara Republik Indonesia Nomor 3670) tetap  dilaksanakan sampai dengan tindakan hukum berakhir.          BAB XIII : KETENTUAN PENUTUP"
UU_No_8_Tahun_2016_cleaned.txt,BAB XIII: KETENTUAN PENUTUP,PASAL 148,"Istilah Penyandang Cacat yang dipakai dalam peraturan  perundang-undangan yang sudah ada sebelum Undang- Undang ini berlaku, harus dibaca dan dimaknai sebagai  Penyandang Disabilitas, sepanjang tidak bertentangan dengan  Undang-Undang ini."
UU_No_8_Tahun_2016_cleaned.txt,BAB XIII: KETENTUAN PENUTUP,PASAL 149,KND sebagaimana dimaksud dalam Pasal 131 harus sudah  dibentuk paling lama 3 (tiga) tahun terhitung sejak Undang- Undang ini diundangkan.
UU_No_8_Tahun_2016_cleaned.txt,BAB XIII: KETENTUAN PENUTUP,PASAL 150,"Pada saat Undang-Undang ini mulai berlaku, semua  peraturan perundang-undangan yang merupakan peraturan  pelaksanaan dari Undang-Undang Nomor 4 Tahun 1997  tentang Penyandang Cacat (Lembaran Negara Republik  Indonesia Tahun 1997 Nomor 9, Tambahan Lembaran Negara  Republik Indonesia Nomor 3670), dinyatakan masih tetap  berlaku sepanjang tidak bertentangan dengan ketentuan  dalam Undang-Undang ini."
UU_No_8_Tahun_2016_cleaned.txt,BAB XIII: KETENTUAN PENUTUP,PASAL 151,"Pada saat Undang-Undang ini mulai berlaku, Undang-Undang  Nomor 4 Tahun 1997 tentang Penyandang Cacat (Lembaran  Negara Republik Indonesia Tahun 1997 Nomor 9, Tambahan  Lembaran Negara Republik Indonesia Nomor 3670), dicabut  dan dinyatakan tidak berlaku."
UU_No_8_Tahun_2016_cleaned.txt,BAB XIII: KETENTUAN PENUTUP,PASAL 152,Peraturan pelaksanaan dari Undang-Undang ini harus  ditetapkan paling lama 2 (dua) tahun terhitung sejak Undang- Undang ini diundangkan.
UU_No_8_Tahun_2016_cleaned.txt,BAB XIII: KETENTUAN PENUTUP,PASAL 153,Undang-Undang ini mulai berlaku pada tanggal diundangkan.
