Pasal_id,text
200122201001,PERMEN BUMN No 12 Tahun 2022 PASAL 1
200122201002,PERMEN BUMN No 12 Tahun 2022 PASAL 2
200122201003,PERMEN BUMN No 12 Tahun 2022 PASAL 3
200122201004,PERMEN BUMN No 12 Tahun 2022 PASAL 4
200122201005,PERMEN BUMN No 12 Tahun 2022 PASAL 5
200122202006,PERMEN BUMN No 12 Tahun 2022 PASAL 6
200122202007,PERMEN BUMN No 12 Tahun 2022 PASAL 7
200122202008,PERMEN BUMN No 12 Tahun 2022 PASAL 8
200122202009,PERMEN BUMN No 12 Tahun 2022 PASAL 9
200122202010,PERMEN BUMN No 12 Tahun 2022 PASAL 10
200122203011,PERMEN BUMN No 12 Tahun 2022 PASAL 11
213202101001,PERMEN BUMN No 1320 Tahun 2021 PASAL 1
213202101002,PERMEN BUMN No 1320 Tahun 2021 PASAL 2
213202102003,PERMEN BUMN No 1320 Tahun 2021 PASAL 3
213202102004,PERMEN BUMN No 1320 Tahun 2021 PASAL 4
213202102005,PERMEN BUMN No 1320 Tahun 2021 PASAL 5
213202102006,PERMEN BUMN No 1320 Tahun 2021 PASAL 6
213202102007,PERMEN BUMN No 1320 Tahun 2021 PASAL 7
213202102008,PERMEN BUMN No 1320 Tahun 2021 PASAL 8
213202102009,PERMEN BUMN No 1320 Tahun 2021 PASAL 9
213202102010,PERMEN BUMN No 1320 Tahun 2021 PASAL 10
213202102011,PERMEN BUMN No 1320 Tahun 2021 PASAL 11
213202102012,PERMEN BUMN No 1320 Tahun 2021 PASAL 12
213202102013,PERMEN BUMN No 1320 Tahun 2021 PASAL 13
213202102014,PERMEN BUMN No 1320 Tahun 2021 PASAL 14
213202102015,PERMEN BUMN No 1320 Tahun 2021 PASAL 15
213202103016,PERMEN BUMN No 1320 Tahun 2021 PASAL 16
213791501001,PERMEN BUMN No 1379 Tahun 2015 PASAL 1
213791501002,PERMEN BUMN No 1379 Tahun 2015 PASAL 2
213791501003,PERMEN BUMN No 1379 Tahun 2015 PASAL 3
213791502004,PERMEN BUMN No 1379 Tahun 2015 PASAL 4
213791503005,PERMEN BUMN No 1379 Tahun 2015 PASAL 5
213791503006,PERMEN BUMN No 1379 Tahun 2015 PASAL 6
213791503007,PERMEN BUMN No 1379 Tahun 2015 PASAL 7
213791503008,PERMEN BUMN No 1379 Tahun 2015 PASAL 8
213791503009,PERMEN BUMN No 1379 Tahun 2015 PASAL 9
213791503010,PERMEN BUMN No 1379 Tahun 2015 PASAL 10
213791503011,PERMEN BUMN No 1379 Tahun 2015 PASAL 11
213791503012,PERMEN BUMN No 1379 Tahun 2015 PASAL 12
213791503013,PERMEN BUMN No 1379 Tahun 2015 PASAL 13
213791503014,PERMEN BUMN No 1379 Tahun 2015 PASAL 14
213791503015,PERMEN BUMN No 1379 Tahun 2015 PASAL 15
213791503016,PERMEN BUMN No 1379 Tahun 2015 PASAL 16
213791503017,PERMEN BUMN No 1379 Tahun 2015 PASAL 17
213791503018,PERMEN BUMN No 1379 Tahun 2015 PASAL 18
213791503019,PERMEN BUMN No 1379 Tahun 2015 PASAL 19
213791503020,PERMEN BUMN No 1379 Tahun 2015 PASAL 20
213791503021,PERMEN BUMN No 1379 Tahun 2015 PASAL 21
213791503022,PERMEN BUMN No 1379 Tahun 2015 PASAL 22
213791503023,PERMEN BUMN No 1379 Tahun 2015 PASAL 23
213791503024,PERMEN BUMN No 1379 Tahun 2015 PASAL 24
213791503025,PERMEN BUMN No 1379 Tahun 2015 PASAL 25
213791503026,PERMEN BUMN No 1379 Tahun 2015 PASAL 26
213791503027,PERMEN BUMN No 1379 Tahun 2015 PASAL 27
213791503028,PERMEN BUMN No 1379 Tahun 2015 PASAL 28
213791503029,PERMEN BUMN No 1379 Tahun 2015 PASAL 29
213791503030,PERMEN BUMN No 1379 Tahun 2015 PASAL 30
213791503031,PERMEN BUMN No 1379 Tahun 2015 PASAL 31
213791503032,PERMEN BUMN No 1379 Tahun 2015 PASAL 32
213791503033,PERMEN BUMN No 1379 Tahun 2015 PASAL 33
213791503034,PERMEN BUMN No 1379 Tahun 2015 PASAL 34
213791503035,PERMEN BUMN No 1379 Tahun 2015 PASAL 35
213791503036,PERMEN BUMN No 1379 Tahun 2015 PASAL 36
213791503037,PERMEN BUMN No 1379 Tahun 2015 PASAL 37
213791503038,PERMEN BUMN No 1379 Tahun 2015 PASAL 38
213791503039,PERMEN BUMN No 1379 Tahun 2015 PASAL 39
213791503040,PERMEN BUMN No 1379 Tahun 2015 PASAL 40
213791503041,PERMEN BUMN No 1379 Tahun 2015 PASAL 41
213791503042,PERMEN BUMN No 1379 Tahun 2015 PASAL 42
213791503043,PERMEN BUMN No 1379 Tahun 2015 PASAL 43
213791503044,PERMEN BUMN No 1379 Tahun 2015 PASAL 44
213791503045,PERMEN BUMN No 1379 Tahun 2015 PASAL 45
213791503046,PERMEN BUMN No 1379 Tahun 2015 PASAL 46
213791503047,PERMEN BUMN No 1379 Tahun 2015 PASAL 47
213791503048,PERMEN BUMN No 1379 Tahun 2015 PASAL 48
213791503049,PERMEN BUMN No 1379 Tahun 2015 PASAL 49
213791503050,PERMEN BUMN No 1379 Tahun 2015 PASAL 50
213791503051,PERMEN BUMN No 1379 Tahun 2015 PASAL 51
213791503052,PERMEN BUMN No 1379 Tahun 2015 PASAL 52
213791503053,PERMEN BUMN No 1379 Tahun 2015 PASAL 53
213791503054,PERMEN BUMN No 1379 Tahun 2015 PASAL 54
213791504055,PERMEN BUMN No 1379 Tahun 2015 PASAL 55
213791504056,PERMEN BUMN No 1379 Tahun 2015 PASAL 56
213791504057,PERMEN BUMN No 1379 Tahun 2015 PASAL 57
213791504058,PERMEN BUMN No 1379 Tahun 2015 PASAL 58
213791504059,PERMEN BUMN No 1379 Tahun 2015 PASAL 59
213791504060,PERMEN BUMN No 1379 Tahun 2015 PASAL 60
213791504061,PERMEN BUMN No 1379 Tahun 2015 PASAL 61
213791504062,PERMEN BUMN No 1379 Tahun 2015 PASAL 62
213791504063,PERMEN BUMN No 1379 Tahun 2015 PASAL 63
213791504064,PERMEN BUMN No 1379 Tahun 2015 PASAL 64
213791504065,PERMEN BUMN No 1379 Tahun 2015 PASAL 65
213791504066,PERMEN BUMN No 1379 Tahun 2015 PASAL 66
213791504067,PERMEN BUMN No 1379 Tahun 2015 PASAL 67
213791504068,PERMEN BUMN No 1379 Tahun 2015 PASAL 68
213791504069,PERMEN BUMN No 1379 Tahun 2015 PASAL 69
213791504070,PERMEN BUMN No 1379 Tahun 2015 PASAL 70
213791504071,PERMEN BUMN No 1379 Tahun 2015 PASAL 71
213791504072,PERMEN BUMN No 1379 Tahun 2015 PASAL 72
213791504073,PERMEN BUMN No 1379 Tahun 2015 PASAL 73
213791504074,PERMEN BUMN No 1379 Tahun 2015 PASAL 74
213791504075,PERMEN BUMN No 1379 Tahun 2015 PASAL 75
213791504076,PERMEN BUMN No 1379 Tahun 2015 PASAL 76
213791504077,PERMEN BUMN No 1379 Tahun 2015 PASAL 77
213791504078,PERMEN BUMN No 1379 Tahun 2015 PASAL 78
213791504079,PERMEN BUMN No 1379 Tahun 2015 PASAL 79
213791504080,PERMEN BUMN No 1379 Tahun 2015 PASAL 80
213791505081,PERMEN BUMN No 1379 Tahun 2015 PASAL 81
213791505082,PERMEN BUMN No 1379 Tahun 2015 PASAL 82
213791505083,PERMEN BUMN No 1379 Tahun 2015 PASAL 83
213791505084,PERMEN BUMN No 1379 Tahun 2015 PASAL 84
213791505085,PERMEN BUMN No 1379 Tahun 2015 PASAL 85
213791505086,PERMEN BUMN No 1379 Tahun 2015 PASAL 86
213791505087,PERMEN BUMN No 1379 Tahun 2015 PASAL 87
213791505088,PERMEN BUMN No 1379 Tahun 2015 PASAL 88
213791505089,PERMEN BUMN No 1379 Tahun 2015 PASAL 89
213791505090,PERMEN BUMN No 1379 Tahun 2015 PASAL 90
213791505091,PERMEN BUMN No 1379 Tahun 2015 PASAL 91
213791505092,PERMEN BUMN No 1379 Tahun 2015 PASAL 92
213791505093,PERMEN BUMN No 1379 Tahun 2015 PASAL 93
213791505094,PERMEN BUMN No 1379 Tahun 2015 PASAL 94
213791505095,PERMEN BUMN No 1379 Tahun 2015 PASAL 95
213791505096,PERMEN BUMN No 1379 Tahun 2015 PASAL 96
213791505097,PERMEN BUMN No 1379 Tahun 2015 PASAL 97
213791505098,PERMEN BUMN No 1379 Tahun 2015 PASAL 98
213791505099,PERMEN BUMN No 1379 Tahun 2015 PASAL 99
213791505100,PERMEN BUMN No 1379 Tahun 2015 PASAL 100
213791505101,PERMEN BUMN No 1379 Tahun 2015 PASAL 101
213791505102,PERMEN BUMN No 1379 Tahun 2015 PASAL 102
213791505103,PERMEN BUMN No 1379 Tahun 2015 PASAL 103
213791505104,PERMEN BUMN No 1379 Tahun 2015 PASAL 104
213791505105,PERMEN BUMN No 1379 Tahun 2015 PASAL 105
213791505106,PERMEN BUMN No 1379 Tahun 2015 PASAL 106
213791505107,PERMEN BUMN No 1379 Tahun 2015 PASAL 107
213791505108,PERMEN BUMN No 1379 Tahun 2015 PASAL 108
213791505109,PERMEN BUMN No 1379 Tahun 2015 PASAL 109
213791505110,PERMEN BUMN No 1379 Tahun 2015 PASAL 110
213791505111,PERMEN BUMN No 1379 Tahun 2015 PASAL 111
213791505112,PERMEN BUMN No 1379 Tahun 2015 PASAL 112
213791505113,PERMEN BUMN No 1379 Tahun 2015 PASAL 113
213791505114,PERMEN BUMN No 1379 Tahun 2015 PASAL 114
213791505115,PERMEN BUMN No 1379 Tahun 2015 PASAL 115
213791505116,PERMEN BUMN No 1379 Tahun 2015 PASAL 116
213791505117,PERMEN BUMN No 1379 Tahun 2015 PASAL 117
213791506118,PERMEN BUMN No 1379 Tahun 2015 PASAL 118
213791506119,PERMEN BUMN No 1379 Tahun 2015 PASAL 119
213791506120,PERMEN BUMN No 1379 Tahun 2015 PASAL 120
213791506121,PERMEN BUMN No 1379 Tahun 2015 PASAL 121
213791506122,PERMEN BUMN No 1379 Tahun 2015 PASAL 122
213791506123,PERMEN BUMN No 1379 Tahun 2015 PASAL 123
213791506124,PERMEN BUMN No 1379 Tahun 2015 PASAL 124
213791506125,PERMEN BUMN No 1379 Tahun 2015 PASAL 125
213791506126,PERMEN BUMN No 1379 Tahun 2015 PASAL 126
213791506127,PERMEN BUMN No 1379 Tahun 2015 PASAL 127
213791506128,PERMEN BUMN No 1379 Tahun 2015 PASAL 128
213791506129,PERMEN BUMN No 1379 Tahun 2015 PASAL 129
213791506130,PERMEN BUMN No 1379 Tahun 2015 PASAL 130
213791506131,PERMEN BUMN No 1379 Tahun 2015 PASAL 131
213791506132,PERMEN BUMN No 1379 Tahun 2015 PASAL 132
213791506133,PERMEN BUMN No 1379 Tahun 2015 PASAL 133
213791506134,PERMEN BUMN No 1379 Tahun 2015 PASAL 134
213791506135,PERMEN BUMN No 1379 Tahun 2015 PASAL 135
213791506136,PERMEN BUMN No 1379 Tahun 2015 PASAL 136
213791506137,PERMEN BUMN No 1379 Tahun 2015 PASAL 137
213791506138,PERMEN BUMN No 1379 Tahun 2015 PASAL 138
213791506139,PERMEN BUMN No 1379 Tahun 2015 PASAL 139
213791506140,PERMEN BUMN No 1379 Tahun 2015 PASAL 140
213791506141,PERMEN BUMN No 1379 Tahun 2015 PASAL 141
213791506142,PERMEN BUMN No 1379 Tahun 2015 PASAL 142
213791506143,PERMEN BUMN No 1379 Tahun 2015 PASAL 143
213791507144,PERMEN BUMN No 1379 Tahun 2015 PASAL 144
213791507145,PERMEN BUMN No 1379 Tahun 2015 PASAL 145
213791507146,PERMEN BUMN No 1379 Tahun 2015 PASAL 146
213791507147,PERMEN BUMN No 1379 Tahun 2015 PASAL 147
213791507148,PERMEN BUMN No 1379 Tahun 2015 PASAL 148
213791507149,PERMEN BUMN No 1379 Tahun 2015 PASAL 149
213791507150,PERMEN BUMN No 1379 Tahun 2015 PASAL 150
213791507151,PERMEN BUMN No 1379 Tahun 2015 PASAL 151
213791507152,PERMEN BUMN No 1379 Tahun 2015 PASAL 152
213791507153,PERMEN BUMN No 1379 Tahun 2015 PASAL 153
213791507154,PERMEN BUMN No 1379 Tahun 2015 PASAL 154
213791507155,PERMEN BUMN No 1379 Tahun 2015 PASAL 155
213791507156,PERMEN BUMN No 1379 Tahun 2015 PASAL 156
213791507157,PERMEN BUMN No 1379 Tahun 2015 PASAL 157
213791507158,PERMEN BUMN No 1379 Tahun 2015 PASAL 158
213791507159,PERMEN BUMN No 1379 Tahun 2015 PASAL 159
213791507160,PERMEN BUMN No 1379 Tahun 2015 PASAL 160
213791507161,PERMEN BUMN No 1379 Tahun 2015 PASAL 161
213791507162,PERMEN BUMN No 1379 Tahun 2015 PASAL 162
213791507163,PERMEN BUMN No 1379 Tahun 2015 PASAL 163
213791507164,PERMEN BUMN No 1379 Tahun 2015 PASAL 164
213791507165,PERMEN BUMN No 1379 Tahun 2015 PASAL 165
213791507166,PERMEN BUMN No 1379 Tahun 2015 PASAL 166
213791507167,PERMEN BUMN No 1379 Tahun 2015 PASAL 167
213791507168,PERMEN BUMN No 1379 Tahun 2015 PASAL 168
213791507169,PERMEN BUMN No 1379 Tahun 2015 PASAL 169
213791507170,PERMEN BUMN No 1379 Tahun 2015 PASAL 170
213791507171,PERMEN BUMN No 1379 Tahun 2015 PASAL 171
213791507172,PERMEN BUMN No 1379 Tahun 2015 PASAL 172
213791507173,PERMEN BUMN No 1379 Tahun 2015 PASAL 173
213791507174,PERMEN BUMN No 1379 Tahun 2015 PASAL 174
213791507175,PERMEN BUMN No 1379 Tahun 2015 PASAL 175
213791507176,PERMEN BUMN No 1379 Tahun 2015 PASAL 176
213791507177,PERMEN BUMN No 1379 Tahun 2015 PASAL 177
213791507178,PERMEN BUMN No 1379 Tahun 2015 PASAL 178
213791507179,PERMEN BUMN No 1379 Tahun 2015 PASAL 179
213791507180,PERMEN BUMN No 1379 Tahun 2015 PASAL 180
213791508181,PERMEN BUMN No 1379 Tahun 2015 PASAL 181
213791508182,PERMEN BUMN No 1379 Tahun 2015 PASAL 182
213791508183,PERMEN BUMN No 1379 Tahun 2015 PASAL 183
213791508184,PERMEN BUMN No 1379 Tahun 2015 PASAL 184
213791508185,PERMEN BUMN No 1379 Tahun 2015 PASAL 185
213791508186,PERMEN BUMN No 1379 Tahun 2015 PASAL 186
213791508187,PERMEN BUMN No 1379 Tahun 2015 PASAL 187
213791508188,PERMEN BUMN No 1379 Tahun 2015 PASAL 188
213791508189,PERMEN BUMN No 1379 Tahun 2015 PASAL 189
213791508190,PERMEN BUMN No 1379 Tahun 2015 PASAL 190
213791508191,PERMEN BUMN No 1379 Tahun 2015 PASAL 191
213791508192,PERMEN BUMN No 1379 Tahun 2015 PASAL 192
213791508193,PERMEN BUMN No 1379 Tahun 2015 PASAL 193
213791508194,PERMEN BUMN No 1379 Tahun 2015 PASAL 194
213791508195,PERMEN BUMN No 1379 Tahun 2015 PASAL 195
213791508196,PERMEN BUMN No 1379 Tahun 2015 PASAL 196
213791508197,PERMEN BUMN No 1379 Tahun 2015 PASAL 197
213791508198,PERMEN BUMN No 1379 Tahun 2015 PASAL 198
213791508199,PERMEN BUMN No 1379 Tahun 2015 PASAL 199
213791508200,PERMEN BUMN No 1379 Tahun 2015 PASAL 200
213791508201,PERMEN BUMN No 1379 Tahun 2015 PASAL 201
213791508202,PERMEN BUMN No 1379 Tahun 2015 PASAL 202
213791508203,PERMEN BUMN No 1379 Tahun 2015 PASAL 203
213791508204,PERMEN BUMN No 1379 Tahun 2015 PASAL 204
213791508205,PERMEN BUMN No 1379 Tahun 2015 PASAL 205
213791508206,PERMEN BUMN No 1379 Tahun 2015 PASAL 206
213791509207,PERMEN BUMN No 1379 Tahun 2015 PASAL 207
213791509208,PERMEN BUMN No 1379 Tahun 2015 PASAL 208
213791509209,PERMEN BUMN No 1379 Tahun 2015 PASAL 209
213791509210,PERMEN BUMN No 1379 Tahun 2015 PASAL 210
213791509211,PERMEN BUMN No 1379 Tahun 2015 PASAL 211
213791509212,PERMEN BUMN No 1379 Tahun 2015 PASAL 212
213791509213,PERMEN BUMN No 1379 Tahun 2015 PASAL 213
213791509214,PERMEN BUMN No 1379 Tahun 2015 PASAL 214
213791509215,PERMEN BUMN No 1379 Tahun 2015 PASAL 215
213791509216,PERMEN BUMN No 1379 Tahun 2015 PASAL 216
213791509217,PERMEN BUMN No 1379 Tahun 2015 PASAL 217
213791509218,PERMEN BUMN No 1379 Tahun 2015 PASAL 218
213791509219,PERMEN BUMN No 1379 Tahun 2015 PASAL 219
213791509220,PERMEN BUMN No 1379 Tahun 2015 PASAL 220
213791509221,PERMEN BUMN No 1379 Tahun 2015 PASAL 221
213791509222,PERMEN BUMN No 1379 Tahun 2015 PASAL 222
213791509223,PERMEN BUMN No 1379 Tahun 2015 PASAL 223
213791509224,PERMEN BUMN No 1379 Tahun 2015 PASAL 224
213791509225,PERMEN BUMN No 1379 Tahun 2015 PASAL 225
213791509226,PERMEN BUMN No 1379 Tahun 2015 PASAL 226
213791509227,PERMEN BUMN No 1379 Tahun 2015 PASAL 227
213791509228,PERMEN BUMN No 1379 Tahun 2015 PASAL 228
213791509229,PERMEN BUMN No 1379 Tahun 2015 PASAL 229
213791509230,PERMEN BUMN No 1379 Tahun 2015 PASAL 230
213791509231,PERMEN BUMN No 1379 Tahun 2015 PASAL 231
213791509232,PERMEN BUMN No 1379 Tahun 2015 PASAL 232
213791509233,PERMEN BUMN No 1379 Tahun 2015 PASAL 233
213791509234,PERMEN BUMN No 1379 Tahun 2015 PASAL 234
213791509235,PERMEN BUMN No 1379 Tahun 2015 PASAL 235
213791509236,PERMEN BUMN No 1379 Tahun 2015 PASAL 236
213791510237,PERMEN BUMN No 1379 Tahun 2015 PASAL 237
213791510238,PERMEN BUMN No 1379 Tahun 2015 PASAL 238
213791510239,PERMEN BUMN No 1379 Tahun 2015 PASAL 239
213791510240,PERMEN BUMN No 1379 Tahun 2015 PASAL 240
213791510241,PERMEN BUMN No 1379 Tahun 2015 PASAL 241
213791510242,PERMEN BUMN No 1379 Tahun 2015 PASAL 242
213791510243,PERMEN BUMN No 1379 Tahun 2015 PASAL 243
213791510244,PERMEN BUMN No 1379 Tahun 2015 PASAL 244
213791510245,PERMEN BUMN No 1379 Tahun 2015 PASAL 245
213791510246,PERMEN BUMN No 1379 Tahun 2015 PASAL 246
213791510247,PERMEN BUMN No 1379 Tahun 2015 PASAL 247
213791510248,PERMEN BUMN No 1379 Tahun 2015 PASAL 248
213791510249,PERMEN BUMN No 1379 Tahun 2015 PASAL 249
213791510250,PERMEN BUMN No 1379 Tahun 2015 PASAL 250
213791510251,PERMEN BUMN No 1379 Tahun 2015 PASAL 251
213791510252,PERMEN BUMN No 1379 Tahun 2015 PASAL 252
213791510253,PERMEN BUMN No 1379 Tahun 2015 PASAL 253
213791510254,PERMEN BUMN No 1379 Tahun 2015 PASAL 254
213791510255,PERMEN BUMN No 1379 Tahun 2015 PASAL 255
213791510256,PERMEN BUMN No 1379 Tahun 2015 PASAL 256
213791510257,PERMEN BUMN No 1379 Tahun 2015 PASAL 257
213791510258,PERMEN BUMN No 1379 Tahun 2015 PASAL 258
213791510259,PERMEN BUMN No 1379 Tahun 2015 PASAL 259
213791510260,PERMEN BUMN No 1379 Tahun 2015 PASAL 260
213791510261,PERMEN BUMN No 1379 Tahun 2015 PASAL 261
213791510262,PERMEN BUMN No 1379 Tahun 2015 PASAL 262
213791510263,PERMEN BUMN No 1379 Tahun 2015 PASAL 263
213791510264,PERMEN BUMN No 1379 Tahun 2015 PASAL 264
213791510265,PERMEN BUMN No 1379 Tahun 2015 PASAL 265
213791510266,PERMEN BUMN No 1379 Tahun 2015 PASAL 266
213791510267,PERMEN BUMN No 1379 Tahun 2015 PASAL 267
213791510268,PERMEN BUMN No 1379 Tahun 2015 PASAL 268
213791510269,PERMEN BUMN No 1379 Tahun 2015 PASAL 269
213791510270,PERMEN BUMN No 1379 Tahun 2015 PASAL 270
213791510271,PERMEN BUMN No 1379 Tahun 2015 PASAL 271
213791510272,PERMEN BUMN No 1379 Tahun 2015 PASAL 272
213791510273,PERMEN BUMN No 1379 Tahun 2015 PASAL 273
213791510274,PERMEN BUMN No 1379 Tahun 2015 PASAL 274
213791510275,PERMEN BUMN No 1379 Tahun 2015 PASAL 275
213791510276,PERMEN BUMN No 1379 Tahun 2015 PASAL 276
213791510277,PERMEN BUMN No 1379 Tahun 2015 PASAL 277
213791510278,PERMEN BUMN No 1379 Tahun 2015 PASAL 278
213791510279,PERMEN BUMN No 1379 Tahun 2015 PASAL 279
213791510280,PERMEN BUMN No 1379 Tahun 2015 PASAL 280
213791510281,PERMEN BUMN No 1379 Tahun 2015 PASAL 281
213791510282,PERMEN BUMN No 1379 Tahun 2015 PASAL 282
213791510283,PERMEN BUMN No 1379 Tahun 2015 PASAL 283
213791510284,PERMEN BUMN No 1379 Tahun 2015 PASAL 284
213791510285,PERMEN BUMN No 1379 Tahun 2015 PASAL 285
213791510286,PERMEN BUMN No 1379 Tahun 2015 PASAL 286
213791510287,PERMEN BUMN No 1379 Tahun 2015 PASAL 287
213791510288,PERMEN BUMN No 1379 Tahun 2015 PASAL 288
213791511289,PERMEN BUMN No 1379 Tahun 2015 PASAL 289
213791511290,PERMEN BUMN No 1379 Tahun 2015 PASAL 290
213791511291,PERMEN BUMN No 1379 Tahun 2015 PASAL 291
213791511292,PERMEN BUMN No 1379 Tahun 2015 PASAL 292
213791511293,PERMEN BUMN No 1379 Tahun 2015 PASAL 293
213791511294,PERMEN BUMN No 1379 Tahun 2015 PASAL 294
213791512295,PERMEN BUMN No 1379 Tahun 2015 PASAL 295
213791512296,PERMEN BUMN No 1379 Tahun 2015 PASAL 296
213791512297,PERMEN BUMN No 1379 Tahun 2015 PASAL 297
213791513298,PERMEN BUMN No 1379 Tahun 2015 PASAL 298
213791513299,PERMEN BUMN No 1379 Tahun 2015 PASAL 299
213791514300,PERMEN BUMN No 1379 Tahun 2015 PASAL 300
213791514301,PERMEN BUMN No 1379 Tahun 2015 PASAL 301
213791514302,PERMEN BUMN No 1379 Tahun 2015 PASAL 302
213791514303,PERMEN BUMN No 1379 Tahun 2015 PASAL 303
213791514304,PERMEN BUMN No 1379 Tahun 2015 PASAL 304
213791514305,PERMEN BUMN No 1379 Tahun 2015 PASAL 305
213791515306,PERMEN BUMN No 1379 Tahun 2015 PASAL 306
213791515307,PERMEN BUMN No 1379 Tahun 2015 PASAL 307
213791515308,PERMEN BUMN No 1379 Tahun 2015 PASAL 308
213791516309,PERMEN BUMN No 1379 Tahun 2015 PASAL 309
213791516310,PERMEN BUMN No 1379 Tahun 2015 PASAL 310
213791517311,PERMEN BUMN No 1379 Tahun 2015 PASAL 311
213791517312,PERMEN BUMN No 1379 Tahun 2015 PASAL 312
213791518313,PERMEN BUMN No 1379 Tahun 2015 PASAL 313
213791518314,PERMEN BUMN No 1379 Tahun 2015 PASAL 314
216131901001,PERMEN BUMN No 1613 Tahun 2019 PASAL 1
216131901002,PERMEN BUMN No 1613 Tahun 2019 PASAL 2
216131901003,PERMEN BUMN No 1613 Tahun 2019 PASAL 3
216131901004,PERMEN BUMN No 1613 Tahun 2019 PASAL 4
216131901005,PERMEN BUMN No 1613 Tahun 2019 PASAL 5
216131901006,PERMEN BUMN No 1613 Tahun 2019 PASAL 6
216131901007,PERMEN BUMN No 1613 Tahun 2019 PASAL 7
216131901008,PERMEN BUMN No 1613 Tahun 2019 PASAL 8
216131901009,PERMEN BUMN No 1613 Tahun 2019 PASAL 9
216131902010,PERMEN BUMN No 1613 Tahun 2019 PASAL 10
216131902011,PERMEN BUMN No 1613 Tahun 2019 PASAL 11
216131902012,PERMEN BUMN No 1613 Tahun 2019 PASAL 12
216131902013,PERMEN BUMN No 1613 Tahun 2019 PASAL 13
216131902014,PERMEN BUMN No 1613 Tahun 2019 PASAL 14
216131902015,PERMEN BUMN No 1613 Tahun 2019 PASAL 15
216131903016,PERMEN BUMN No 1613 Tahun 2019 PASAL 16
216131903017,PERMEN BUMN No 1613 Tahun 2019 PASAL 17
216131904018,PERMEN BUMN No 1613 Tahun 2019 PASAL 18
216131904019,PERMEN BUMN No 1613 Tahun 2019 PASAL 19
216131905020,PERMEN BUMN No 1613 Tahun 2019 PASAL 20
216131906021,PERMEN BUMN No 1613 Tahun 2019 PASAL 21
216131906022,PERMEN BUMN No 1613 Tahun 2019 PASAL 22
201762201001,PERMEN BUMN No 176 Tahun 2022 PASAL 1
201762201002,PERMEN BUMN No 176 Tahun 2022 PASAL 2
201762201003,PERMEN BUMN No 176 Tahun 2022 PASAL 3
201762201004,PERMEN BUMN No 176 Tahun 2022 PASAL 4
201762202005,PERMEN BUMN No 176 Tahun 2022 PASAL 5
201762202006,PERMEN BUMN No 176 Tahun 2022 PASAL 6
201762202007,PERMEN BUMN No 176 Tahun 2022 PASAL 7
201762202008,PERMEN BUMN No 176 Tahun 2022 PASAL 8
201762202009,PERMEN BUMN No 176 Tahun 2022 PASAL 9
201762202010,PERMEN BUMN No 176 Tahun 2022 PASAL 10
201762203011,PERMEN BUMN No 176 Tahun 2022 PASAL 11
201762203012,PERMEN BUMN No 176 Tahun 2022 PASAL 12
201762203013,PERMEN BUMN No 176 Tahun 2022 PASAL 13
201762203014,PERMEN BUMN No 176 Tahun 2022 PASAL 14
201762203015,PERMEN BUMN No 176 Tahun 2022 PASAL 15
201762203016,PERMEN BUMN No 176 Tahun 2022 PASAL 16
201762203017,PERMEN BUMN No 176 Tahun 2022 PASAL 17
201762203018,PERMEN BUMN No 176 Tahun 2022 PASAL 18
201762203019,PERMEN BUMN No 176 Tahun 2022 PASAL 19
201762203020,PERMEN BUMN No 176 Tahun 2022 PASAL 20
201762203021,PERMEN BUMN No 176 Tahun 2022 PASAL 21
201762204022,PERMEN BUMN No 176 Tahun 2022 PASAL 22
201762204023,PERMEN BUMN No 176 Tahun 2022 PASAL 23
201762204024,PERMEN BUMN No 176 Tahun 2022 PASAL 24
201762204025,PERMEN BUMN No 176 Tahun 2022 PASAL 25
201762205026,PERMEN BUMN No 176 Tahun 2022 PASAL 26
201762205027,PERMEN BUMN No 176 Tahun 2022 PASAL 27
201762205028,PERMEN BUMN No 176 Tahun 2022 PASAL 28
201762206029,PERMEN BUMN No 176 Tahun 2022 PASAL 29
201762206030,PERMEN BUMN No 176 Tahun 2022 PASAL 30
201762207031,PERMEN BUMN No 176 Tahun 2022 PASAL 31
201762207032,PERMEN BUMN No 176 Tahun 2022 PASAL 32
201832101001,PERMEN BUMN No 183 Tahun 2021 PASAL 1
201832101002,PERMEN BUMN No 183 Tahun 2021 PASAL 2
201832101003,PERMEN BUMN No 183 Tahun 2021 PASAL 3
201832102004,PERMEN BUMN No 183 Tahun 2021 PASAL 4
201832103005,PERMEN BUMN No 183 Tahun 2021 PASAL 5
201832104006,PERMEN BUMN No 183 Tahun 2021 PASAL 6
201832104007,PERMEN BUMN No 183 Tahun 2021 PASAL 7
201832104008,PERMEN BUMN No 183 Tahun 2021 PASAL 8
201832105009,PERMEN BUMN No 183 Tahun 2021 PASAL 9
201832105010,PERMEN BUMN No 183 Tahun 2021 PASAL 10
201832106011,PERMEN BUMN No 183 Tahun 2021 PASAL 11
201832106012,PERMEN BUMN No 183 Tahun 2021 PASAL 12
201832106013,PERMEN BUMN No 183 Tahun 2021 PASAL 13
201832107014,PERMEN BUMN No 183 Tahun 2021 PASAL 14
201832108015,PERMEN BUMN No 183 Tahun 2021 PASAL 15
201832108016,PERMEN BUMN No 183 Tahun 2021 PASAL 16
201832108017,PERMEN BUMN No 183 Tahun 2021 PASAL 17
202512101001,PERMEN BUMN No 251 Tahun 2021 PASAL 1
202512101002,PERMEN BUMN No 251 Tahun 2021 PASAL 2
202512101003,PERMEN BUMN No 251 Tahun 2021 PASAL 3
202512101004,PERMEN BUMN No 251 Tahun 2021 PASAL 4
202512101005,PERMEN BUMN No 251 Tahun 2021 PASAL 5
202512102006,PERMEN BUMN No 251 Tahun 2021 PASAL 6
202512102007,PERMEN BUMN No 251 Tahun 2021 PASAL 7
202512102008,PERMEN BUMN No 251 Tahun 2021 PASAL 8
202512102009,PERMEN BUMN No 251 Tahun 2021 PASAL 9
202512103010,PERMEN BUMN No 251 Tahun 2021 PASAL 10
202512103011,PERMEN BUMN No 251 Tahun 2021 PASAL 11
202512103012,PERMEN BUMN No 251 Tahun 2021 PASAL 12
202512103013,PERMEN BUMN No 251 Tahun 2021 PASAL 13
202512103014,PERMEN BUMN No 251 Tahun 2021 PASAL 14
202512103015,PERMEN BUMN No 251 Tahun 2021 PASAL 15
202512103016,PERMEN BUMN No 251 Tahun 2021 PASAL 16
202512103017,PERMEN BUMN No 251 Tahun 2021 PASAL 17
202512103018,PERMEN BUMN No 251 Tahun 2021 PASAL 18
202512103019,PERMEN BUMN No 251 Tahun 2021 PASAL 19
202512103020,PERMEN BUMN No 251 Tahun 2021 PASAL 20
202512103021,PERMEN BUMN No 251 Tahun 2021 PASAL 21
202512103022,PERMEN BUMN No 251 Tahun 2021 PASAL 22
202512103023,PERMEN BUMN No 251 Tahun 2021 PASAL 23
202512103024,PERMEN BUMN No 251 Tahun 2021 PASAL 24
202512103025,PERMEN BUMN No 251 Tahun 2021 PASAL 25
202512103026,PERMEN BUMN No 251 Tahun 2021 PASAL 26
202512103027,PERMEN BUMN No 251 Tahun 2021 PASAL 27
202512103028,PERMEN BUMN No 251 Tahun 2021 PASAL 28
202512103029,PERMEN BUMN No 251 Tahun 2021 PASAL 29
202512104030,PERMEN BUMN No 251 Tahun 2021 PASAL 30
202512104031,PERMEN BUMN No 251 Tahun 2021 PASAL 31
202512104032,PERMEN BUMN No 251 Tahun 2021 PASAL 32
202512104033,PERMEN BUMN No 251 Tahun 2021 PASAL 33
202512104034,PERMEN BUMN No 251 Tahun 2021 PASAL 34
202512104035,PERMEN BUMN No 251 Tahun 2021 PASAL 35
202512104036,PERMEN BUMN No 251 Tahun 2021 PASAL 36
202512104037,PERMEN BUMN No 251 Tahun 2021 PASAL 37
202512104038,PERMEN BUMN No 251 Tahun 2021 PASAL 38
202512104039,PERMEN BUMN No 251 Tahun 2021 PASAL 39
202512104040,PERMEN BUMN No 251 Tahun 2021 PASAL 40
202512104041,PERMEN BUMN No 251 Tahun 2021 PASAL 41
202512104042,PERMEN BUMN No 251 Tahun 2021 PASAL 42
202512104043,PERMEN BUMN No 251 Tahun 2021 PASAL 43
202512104044,PERMEN BUMN No 251 Tahun 2021 PASAL 44
202512104045,PERMEN BUMN No 251 Tahun 2021 PASAL 45
202512104046,PERMEN BUMN No 251 Tahun 2021 PASAL 46
202512104047,PERMEN BUMN No 251 Tahun 2021 PASAL 47
202512104048,PERMEN BUMN No 251 Tahun 2021 PASAL 48
202512104049,PERMEN BUMN No 251 Tahun 2021 PASAL 49
202512105050,PERMEN BUMN No 251 Tahun 2021 PASAL 50
202512105051,PERMEN BUMN No 251 Tahun 2021 PASAL 51
202512105052,PERMEN BUMN No 251 Tahun 2021 PASAL 52
202512105053,PERMEN BUMN No 251 Tahun 2021 PASAL 53
202512105054,PERMEN BUMN No 251 Tahun 2021 PASAL 54
202512105055,PERMEN BUMN No 251 Tahun 2021 PASAL 55
202512105056,PERMEN BUMN No 251 Tahun 2021 PASAL 56
202512105057,PERMEN BUMN No 251 Tahun 2021 PASAL 57
202512105058,PERMEN BUMN No 251 Tahun 2021 PASAL 58
202512105059,PERMEN BUMN No 251 Tahun 2021 PASAL 59
202512105060,PERMEN BUMN No 251 Tahun 2021 PASAL 60
202512105061,PERMEN BUMN No 251 Tahun 2021 PASAL 61
202512105062,PERMEN BUMN No 251 Tahun 2021 PASAL 62
202512105063,PERMEN BUMN No 251 Tahun 2021 PASAL 63
202512105064,PERMEN BUMN No 251 Tahun 2021 PASAL 64
202512105065,PERMEN BUMN No 251 Tahun 2021 PASAL 65
202512105066,PERMEN BUMN No 251 Tahun 2021 PASAL 66
202512105067,PERMEN BUMN No 251 Tahun 2021 PASAL 67
202512105068,PERMEN BUMN No 251 Tahun 2021 PASAL 68
202512105069,PERMEN BUMN No 251 Tahun 2021 PASAL 69
202512105070,PERMEN BUMN No 251 Tahun 2021 PASAL 70
202512105071,PERMEN BUMN No 251 Tahun 2021 PASAL 71
202512105072,PERMEN BUMN No 251 Tahun 2021 PASAL 72
202512105073,PERMEN BUMN No 251 Tahun 2021 PASAL 73
202512105074,PERMEN BUMN No 251 Tahun 2021 PASAL 74
202512105075,PERMEN BUMN No 251 Tahun 2021 PASAL 75
202512105076,PERMEN BUMN No 251 Tahun 2021 PASAL 76
202512105077,PERMEN BUMN No 251 Tahun 2021 PASAL 77
202512105078,PERMEN BUMN No 251 Tahun 2021 PASAL 78
202512105079,PERMEN BUMN No 251 Tahun 2021 PASAL 79
202512105080,PERMEN BUMN No 251 Tahun 2021 PASAL 80
202512106081,PERMEN BUMN No 251 Tahun 2021 PASAL 81
202512106082,PERMEN BUMN No 251 Tahun 2021 PASAL 82
202512106083,PERMEN BUMN No 251 Tahun 2021 PASAL 83
202512106084,PERMEN BUMN No 251 Tahun 2021 PASAL 84
202512106085,PERMEN BUMN No 251 Tahun 2021 PASAL 85
202512106086,PERMEN BUMN No 251 Tahun 2021 PASAL 86
202512106087,PERMEN BUMN No 251 Tahun 2021 PASAL 87
202512106088,PERMEN BUMN No 251 Tahun 2021 PASAL 88
202512106089,PERMEN BUMN No 251 Tahun 2021 PASAL 89
202512106090,PERMEN BUMN No 251 Tahun 2021 PASAL 90
202512107091,PERMEN BUMN No 251 Tahun 2021 PASAL 91
202512107092,PERMEN BUMN No 251 Tahun 2021 PASAL 92
202512107093,PERMEN BUMN No 251 Tahun 2021 PASAL 93
202512107094,PERMEN BUMN No 251 Tahun 2021 PASAL 94
202512107095,PERMEN BUMN No 251 Tahun 2021 PASAL 95
202512107096,PERMEN BUMN No 251 Tahun 2021 PASAL 96
202512107097,PERMEN BUMN No 251 Tahun 2021 PASAL 97
202512107098,PERMEN BUMN No 251 Tahun 2021 PASAL 98
202512107099,PERMEN BUMN No 251 Tahun 2021 PASAL 99
202512107100,PERMEN BUMN No 251 Tahun 2021 PASAL 100
202512107101,PERMEN BUMN No 251 Tahun 2021 PASAL 101
202512107102,PERMEN BUMN No 251 Tahun 2021 PASAL 102
202512107103,PERMEN BUMN No 251 Tahun 2021 PASAL 103
202512108104,PERMEN BUMN No 251 Tahun 2021 PASAL 104
202512108105,PERMEN BUMN No 251 Tahun 2021 PASAL 105
202512108106,PERMEN BUMN No 251 Tahun 2021 PASAL 106
202512108107,PERMEN BUMN No 251 Tahun 2021 PASAL 107
202512108108,PERMEN BUMN No 251 Tahun 2021 PASAL 108
202512108109,PERMEN BUMN No 251 Tahun 2021 PASAL 109
202512108110,PERMEN BUMN No 251 Tahun 2021 PASAL 110
202512108111,PERMEN BUMN No 251 Tahun 2021 PASAL 111
202512108112,PERMEN BUMN No 251 Tahun 2021 PASAL 112
202512108113,PERMEN BUMN No 251 Tahun 2021 PASAL 113
202512109114,PERMEN BUMN No 251 Tahun 2021 PASAL 114
202512109115,PERMEN BUMN No 251 Tahun 2021 PASAL 115
202512109116,PERMEN BUMN No 251 Tahun 2021 PASAL 116
202512109117,PERMEN BUMN No 251 Tahun 2021 PASAL 117
202512110118,PERMEN BUMN No 251 Tahun 2021 PASAL 118
202512110119,PERMEN BUMN No 251 Tahun 2021 PASAL 119
202512110120,PERMEN BUMN No 251 Tahun 2021 PASAL 120
202512111121,PERMEN BUMN No 251 Tahun 2021 PASAL 121
202512111122,PERMEN BUMN No 251 Tahun 2021 PASAL 122
202512111123,PERMEN BUMN No 251 Tahun 2021 PASAL 123
202512112124,PERMEN BUMN No 251 Tahun 2021 PASAL 124
202512112125,PERMEN BUMN No 251 Tahun 2021 PASAL 125
202512112126,PERMEN BUMN No 251 Tahun 2021 PASAL 126
202512112127,PERMEN BUMN No 251 Tahun 2021 PASAL 127
202512112128,PERMEN BUMN No 251 Tahun 2021 PASAL 128
202512112129,PERMEN BUMN No 251 Tahun 2021 PASAL 129
202512112130,PERMEN BUMN No 251 Tahun 2021 PASAL 130
202512112131,PERMEN BUMN No 251 Tahun 2021 PASAL 131
202512112132,PERMEN BUMN No 251 Tahun 2021 PASAL 132
202512112133,PERMEN BUMN No 251 Tahun 2021 PASAL 133
202512113134,PERMEN BUMN No 251 Tahun 2021 PASAL 134
202512113135,PERMEN BUMN No 251 Tahun 2021 PASAL 135
202512113136,PERMEN BUMN No 251 Tahun 2021 PASAL 136
202512114137,PERMEN BUMN No 251 Tahun 2021 PASAL 137
202512115138,PERMEN BUMN No 251 Tahun 2021 PASAL 138
202512116139,PERMEN BUMN No 251 Tahun 2021 PASAL 139
202512116140,PERMEN BUMN No 251 Tahun 2021 PASAL 140
202512117141,PERMEN BUMN No 251 Tahun 2021 PASAL 141
202512117142,PERMEN BUMN No 251 Tahun 2021 PASAL 142
202612301001,PERMEN BUMN No 261 Tahun 2023 PASAL 1
202612301002,PERMEN BUMN No 261 Tahun 2023 PASAL 2
202612302003,PERMEN BUMN No 261 Tahun 2023 PASAL 3
202612302004,PERMEN BUMN No 261 Tahun 2023 PASAL 4
202612302005,PERMEN BUMN No 261 Tahun 2023 PASAL 5
202612302006,PERMEN BUMN No 261 Tahun 2023 PASAL 6
202612302007,PERMEN BUMN No 261 Tahun 2023 PASAL 7
202612302008,PERMEN BUMN No 261 Tahun 2023 PASAL 8
202612302009,PERMEN BUMN No 261 Tahun 2023 PASAL 9
202612302010,PERMEN BUMN No 261 Tahun 2023 PASAL 10
202612302011,PERMEN BUMN No 261 Tahun 2023 PASAL 11
202612303012,PERMEN BUMN No 261 Tahun 2023 PASAL 12
202612303013,PERMEN BUMN No 261 Tahun 2023 PASAL 13
202612303014,PERMEN BUMN No 261 Tahun 2023 PASAL 14
202612303015,PERMEN BUMN No 261 Tahun 2023 PASAL 15
202612303016,PERMEN BUMN No 261 Tahun 2023 PASAL 16
202612303017,PERMEN BUMN No 261 Tahun 2023 PASAL 17
202612303018,PERMEN BUMN No 261 Tahun 2023 PASAL 18
202612303019,PERMEN BUMN No 261 Tahun 2023 PASAL 19
202612303020,PERMEN BUMN No 261 Tahun 2023 PASAL 20
202612303021,PERMEN BUMN No 261 Tahun 2023 PASAL 21
202612303022,PERMEN BUMN No 261 Tahun 2023 PASAL 22
202612303023,PERMEN BUMN No 261 Tahun 2023 PASAL 23
202612303024,PERMEN BUMN No 261 Tahun 2023 PASAL 24
202612303025,PERMEN BUMN No 261 Tahun 2023 PASAL 25
202612303026,PERMEN BUMN No 261 Tahun 2023 PASAL 26
202612303027,PERMEN BUMN No 261 Tahun 2023 PASAL 27
202612303028,PERMEN BUMN No 261 Tahun 2023 PASAL 28
202612303029,PERMEN BUMN No 261 Tahun 2023 PASAL 29
202612303030,PERMEN BUMN No 261 Tahun 2023 PASAL 30
202612303031,PERMEN BUMN No 261 Tahun 2023 PASAL 31
202612303032,PERMEN BUMN No 261 Tahun 2023 PASAL 32
202612303033,PERMEN BUMN No 261 Tahun 2023 PASAL 33
202612303034,PERMEN BUMN No 261 Tahun 2023 PASAL 34
202612303035,PERMEN BUMN No 261 Tahun 2023 PASAL 35
202612303036,PERMEN BUMN No 261 Tahun 2023 PASAL 36
202612303037,PERMEN BUMN No 261 Tahun 2023 PASAL 37
202612304038,PERMEN BUMN No 261 Tahun 2023 PASAL 38
202612305039,PERMEN BUMN No 261 Tahun 2023 PASAL 39
202612306040,PERMEN BUMN No 261 Tahun 2023 PASAL 40
202612306041,PERMEN BUMN No 261 Tahun 2023 PASAL 41
202612306042,PERMEN BUMN No 261 Tahun 2023 PASAL 42
202622301001,PERMEN BUMN No 262 Tahun 2023 PASAL 1
202622301002,PERMEN BUMN No 262 Tahun 2023 PASAL 2
202622302003,PERMEN BUMN No 262 Tahun 2023 PASAL 3
202622302004,PERMEN BUMN No 262 Tahun 2023 PASAL 4
202622302005,PERMEN BUMN No 262 Tahun 2023 PASAL 5
202622302006,PERMEN BUMN No 262 Tahun 2023 PASAL 6
202622302007,PERMEN BUMN No 262 Tahun 2023 PASAL 7
202622302008,PERMEN BUMN No 262 Tahun 2023 PASAL 8
202622302009,PERMEN BUMN No 262 Tahun 2023 PASAL 9
202622302010,PERMEN BUMN No 262 Tahun 2023 PASAL 10
202622302011,PERMEN BUMN No 262 Tahun 2023 PASAL 11
202622302012,PERMEN BUMN No 262 Tahun 2023 PASAL 12
202622302013,PERMEN BUMN No 262 Tahun 2023 PASAL 13
202622302014,PERMEN BUMN No 262 Tahun 2023 PASAL 14
202622302015,PERMEN BUMN No 262 Tahun 2023 PASAL 15
202622302016,PERMEN BUMN No 262 Tahun 2023 PASAL 16
202622302017,PERMEN BUMN No 262 Tahun 2023 PASAL 17
202622302018,PERMEN BUMN No 262 Tahun 2023 PASAL 18
202622302019,PERMEN BUMN No 262 Tahun 2023 PASAL 19
202622302020,PERMEN BUMN No 262 Tahun 2023 PASAL 20
202622302021,PERMEN BUMN No 262 Tahun 2023 PASAL 21
202622302022,PERMEN BUMN No 262 Tahun 2023 PASAL 22
202622302023,PERMEN BUMN No 262 Tahun 2023 PASAL 23
202622302024,PERMEN BUMN No 262 Tahun 2023 PASAL 24
202622302025,PERMEN BUMN No 262 Tahun 2023 PASAL 25
202622302026,PERMEN BUMN No 262 Tahun 2023 PASAL 26
202622302027,PERMEN BUMN No 262 Tahun 2023 PASAL 27
202622302028,PERMEN BUMN No 262 Tahun 2023 PASAL 28
202622302029,PERMEN BUMN No 262 Tahun 2023 PASAL 29
202622302030,PERMEN BUMN No 262 Tahun 2023 PASAL 30
202622302031,PERMEN BUMN No 262 Tahun 2023 PASAL 31
202622302032,PERMEN BUMN No 262 Tahun 2023 PASAL 32
202622302033,PERMEN BUMN No 262 Tahun 2023 PASAL 33
202622302034,PERMEN BUMN No 262 Tahun 2023 PASAL 34
202622302035,PERMEN BUMN No 262 Tahun 2023 PASAL 35
202622302036,PERMEN BUMN No 262 Tahun 2023 PASAL 36
202622302037,PERMEN BUMN No 262 Tahun 2023 PASAL 37
202622302038,PERMEN BUMN No 262 Tahun 2023 PASAL 38
202622302039,PERMEN BUMN No 262 Tahun 2023 PASAL 39
202622302040,PERMEN BUMN No 262 Tahun 2023 PASAL 40
202622302041,PERMEN BUMN No 262 Tahun 2023 PASAL 41
202622302042,PERMEN BUMN No 262 Tahun 2023 PASAL 42
202622302043,PERMEN BUMN No 262 Tahun 2023 PASAL 43
202622302044,PERMEN BUMN No 262 Tahun 2023 PASAL 44
202622302045,PERMEN BUMN No 262 Tahun 2023 PASAL 45
202622303046,PERMEN BUMN No 262 Tahun 2023 PASAL 46
202622303047,PERMEN BUMN No 262 Tahun 2023 PASAL 47
202622303048,PERMEN BUMN No 262 Tahun 2023 PASAL 48
202622303049,PERMEN BUMN No 262 Tahun 2023 PASAL 49
202622303050,PERMEN BUMN No 262 Tahun 2023 PASAL 50
202622303051,PERMEN BUMN No 262 Tahun 2023 PASAL 51
202622303052,PERMEN BUMN No 262 Tahun 2023 PASAL 52
202622303053,PERMEN BUMN No 262 Tahun 2023 PASAL 53
202622303054,PERMEN BUMN No 262 Tahun 2023 PASAL 54
202622303055,PERMEN BUMN No 262 Tahun 2023 PASAL 55
202622303056,PERMEN BUMN No 262 Tahun 2023 PASAL 56
202622303057,PERMEN BUMN No 262 Tahun 2023 PASAL 55
202622303058,PERMEN BUMN No 262 Tahun 2023 PASAL 57
202622303059,PERMEN BUMN No 262 Tahun 2023 PASAL 58
202622303060,PERMEN BUMN No 262 Tahun 2023 PASAL 59
202622303061,PERMEN BUMN No 262 Tahun 2023 PASAL 60
202622303062,PERMEN BUMN No 262 Tahun 2023 PASAL 61
202622303063,PERMEN BUMN No 262 Tahun 2023 PASAL 62
202622303064,PERMEN BUMN No 262 Tahun 2023 PASAL 63
202622303065,PERMEN BUMN No 262 Tahun 2023 PASAL 64
202622303066,PERMEN BUMN No 262 Tahun 2023 PASAL 65
202622303067,PERMEN BUMN No 262 Tahun 2023 PASAL 66
202622303068,PERMEN BUMN No 262 Tahun 2023 PASAL 67
202622303069,PERMEN BUMN No 262 Tahun 2023 PASAL 68
202622303070,PERMEN BUMN No 262 Tahun 2023 PASAL 69
202622303071,PERMEN BUMN No 262 Tahun 2023 PASAL 70
202622303072,PERMEN BUMN No 262 Tahun 2023 PASAL 71
202622303073,PERMEN BUMN No 262 Tahun 2023 PASAL 72
202622303074,PERMEN BUMN No 262 Tahun 2023 PASAL 73
202622303075,PERMEN BUMN No 262 Tahun 2023 PASAL 74
202622303076,PERMEN BUMN No 262 Tahun 2023 PASAL 75
202622304077,PERMEN BUMN No 262 Tahun 2023 PASAL 76
202622304078,PERMEN BUMN No 262 Tahun 2023 PASAL 77
202622304079,PERMEN BUMN No 262 Tahun 2023 PASAL 78
202622304080,PERMEN BUMN No 262 Tahun 2023 PASAL 79
202622304081,PERMEN BUMN No 262 Tahun 2023 PASAL 80
202622304082,PERMEN BUMN No 262 Tahun 2023 PASAL 81
202622304083,PERMEN BUMN No 262 Tahun 2023 PASAL 82
202622304084,PERMEN BUMN No 262 Tahun 2023 PASAL 83
202622305085,PERMEN BUMN No 262 Tahun 2023 PASAL 84
202622305086,PERMEN BUMN No 262 Tahun 2023 PASAL 85
202622305087,PERMEN BUMN No 262 Tahun 2023 PASAL 86
202622305088,PERMEN BUMN No 262 Tahun 2023 PASAL 87
202622305089,PERMEN BUMN No 262 Tahun 2023 PASAL 88
202622305090,PERMEN BUMN No 262 Tahun 2023 PASAL 89
202622305091,PERMEN BUMN No 262 Tahun 2023 PASAL 90
202622305092,PERMEN BUMN No 262 Tahun 2023 PASAL 91
202622305093,PERMEN BUMN No 262 Tahun 2023 PASAL 92
202622305094,PERMEN BUMN No 262 Tahun 2023 PASAL 93
202622305095,PERMEN BUMN No 262 Tahun 2023 PASAL 94
202622305096,PERMEN BUMN No 262 Tahun 2023 PASAL 95
202622305097,PERMEN BUMN No 262 Tahun 2023 PASAL 96
202622305098,PERMEN BUMN No 262 Tahun 2023 PASAL 97
202622305099,PERMEN BUMN No 262 Tahun 2023 PASAL 98
202622305100,PERMEN BUMN No 262 Tahun 2023 PASAL 99
202622305101,PERMEN BUMN No 262 Tahun 2023 PASAL 100
202622305102,PERMEN BUMN No 262 Tahun 2023 PASAL 101
202622305103,PERMEN BUMN No 262 Tahun 2023 PASAL 102
202622305104,PERMEN BUMN No 262 Tahun 2023 PASAL 103
202622305105,PERMEN BUMN No 262 Tahun 2023 PASAL 104
202622305106,PERMEN BUMN No 262 Tahun 2023 PASAL 105
202622305107,PERMEN BUMN No 262 Tahun 2023 PASAL 106
202622305108,PERMEN BUMN No 262 Tahun 2023 PASAL 107
202622305109,PERMEN BUMN No 262 Tahun 2023 PASAL 108
202622305110,PERMEN BUMN No 262 Tahun 2023 PASAL 109
202622306111,PERMEN BUMN No 262 Tahun 2023 PASAL 110
202622306112,PERMEN BUMN No 262 Tahun 2023 PASAL 111
202622306113,PERMEN BUMN No 262 Tahun 2023 PASAL 112
202622306114,PERMEN BUMN No 262 Tahun 2023 PASAL 113
202622306115,PERMEN BUMN No 262 Tahun 2023 PASAL 114
202622306116,PERMEN BUMN No 262 Tahun 2023 PASAL 115
202622306117,PERMEN BUMN No 262 Tahun 2023 PASAL 116
202622306118,PERMEN BUMN No 262 Tahun 2023 PASAL 117
202622306119,PERMEN BUMN No 262 Tahun 2023 PASAL 118
202622306120,PERMEN BUMN No 262 Tahun 2023 PASAL 119
202622306121,PERMEN BUMN No 262 Tahun 2023 PASAL 120
202622306122,PERMEN BUMN No 262 Tahun 2023 PASAL 121
202622306123,PERMEN BUMN No 262 Tahun 2023 PASAL 122
202622306124,PERMEN BUMN No 262 Tahun 2023 PASAL 123
202622306125,PERMEN BUMN No 262 Tahun 2023 PASAL 124
202622306126,PERMEN BUMN No 262 Tahun 2023 PASAL 125
202622306127,PERMEN BUMN No 262 Tahun 2023 PASAL 126
202622306128,PERMEN BUMN No 262 Tahun 2023 PASAL 127
202622306129,PERMEN BUMN No 262 Tahun 2023 PASAL 128
202622306130,PERMEN BUMN No 262 Tahun 2023 PASAL 129
202622306131,PERMEN BUMN No 262 Tahun 2023 PASAL 130
202622306132,PERMEN BUMN No 262 Tahun 2023 PASAL 131
202622306133,PERMEN BUMN No 262 Tahun 2023 PASAL 132
202622306134,PERMEN BUMN No 262 Tahun 2023 PASAL 133
202622306135,PERMEN BUMN No 262 Tahun 2023 PASAL 134
202622306136,PERMEN BUMN No 262 Tahun 2023 PASAL 135
202622306137,PERMEN BUMN No 262 Tahun 2023 PASAL 136
202622306138,PERMEN BUMN No 262 Tahun 2023 PASAL 137
202622306139,PERMEN BUMN No 262 Tahun 2023 PASAL 138
202622306140,PERMEN BUMN No 262 Tahun 2023 PASAL 139
202622306141,PERMEN BUMN No 262 Tahun 2023 PASAL 140
202622306142,PERMEN BUMN No 262 Tahun 2023 PASAL 141
202622306143,PERMEN BUMN No 262 Tahun 2023 PASAL 142
202622306144,PERMEN BUMN No 262 Tahun 2023 PASAL 143
202622306145,PERMEN BUMN No 262 Tahun 2023 PASAL 144
202622306146,PERMEN BUMN No 262 Tahun 2023 PASAL 145
202622306147,PERMEN BUMN No 262 Tahun 2023 PASAL 146
202622306148,PERMEN BUMN No 262 Tahun 2023 PASAL 147
202622306149,PERMEN BUMN No 262 Tahun 2023 PASAL 148
202622306150,PERMEN BUMN No 262 Tahun 2023 PASAL 149
202622306151,PERMEN BUMN No 262 Tahun 2023 PASAL 150
202622306152,PERMEN BUMN No 262 Tahun 2023 PASAL 151
202622306153,PERMEN BUMN No 262 Tahun 2023 PASAL 152
202622306154,PERMEN BUMN No 262 Tahun 2023 PASAL 153
202622306155,PERMEN BUMN No 262 Tahun 2023 PASAL 154
202622306156,PERMEN BUMN No 262 Tahun 2023 PASAL 155
202622306157,PERMEN BUMN No 262 Tahun 2023 PASAL 156
202622306158,PERMEN BUMN No 262 Tahun 2023 PASAL 157
202622306159,PERMEN BUMN No 262 Tahun 2023 PASAL 158
202622306160,PERMEN BUMN No 262 Tahun 2023 PASAL 159
202622306161,PERMEN BUMN No 262 Tahun 2023 PASAL 160
202622306162,PERMEN BUMN No 262 Tahun 2023 PASAL 161
202622306163,PERMEN BUMN No 262 Tahun 2023 PASAL 162
202622306164,PERMEN BUMN No 262 Tahun 2023 PASAL 163
202622306165,PERMEN BUMN No 262 Tahun 2023 PASAL 164
202622306166,PERMEN BUMN No 262 Tahun 2023 PASAL 165
202622306167,PERMEN BUMN No 262 Tahun 2023 PASAL 166
202622306168,PERMEN BUMN No 262 Tahun 2023 PASAL 167
202622306169,PERMEN BUMN No 262 Tahun 2023 PASAL 168
202622306170,PERMEN BUMN No 262 Tahun 2023 PASAL 169
202622306171,PERMEN BUMN No 262 Tahun 2023 PASAL 170
202622306172,PERMEN BUMN No 262 Tahun 2023 PASAL 171
202622306173,PERMEN BUMN No 262 Tahun 2023 PASAL 172
202622306174,PERMEN BUMN No 262 Tahun 2023 PASAL 173
202622306175,PERMEN BUMN No 262 Tahun 2023 PASAL 174
202622306176,PERMEN BUMN No 262 Tahun 2023 PASAL 175
202622306177,PERMEN BUMN No 262 Tahun 2023 PASAL 176
202622306178,PERMEN BUMN No 262 Tahun 2023 PASAL 177
202622306179,PERMEN BUMN No 262 Tahun 2023 PASAL 178
202622306180,PERMEN BUMN No 262 Tahun 2023 PASAL 179
202622306181,PERMEN BUMN No 262 Tahun 2023 PASAL 180
202622306182,PERMEN BUMN No 262 Tahun 2023 PASAL 181
202622306183,PERMEN BUMN No 262 Tahun 2023 PASAL 182
202622306184,PERMEN BUMN No 262 Tahun 2023 PASAL 183
202622306185,PERMEN BUMN No 262 Tahun 2023 PASAL 184
202622306186,PERMEN BUMN No 262 Tahun 2023 PASAL 185
202622306187,PERMEN BUMN No 262 Tahun 2023 PASAL 186
202622306188,PERMEN BUMN No 262 Tahun 2023 PASAL 187
202622306189,PERMEN BUMN No 262 Tahun 2023 PASAL 188
202622306190,PERMEN BUMN No 262 Tahun 2023 PASAL 189
202622306191,PERMEN BUMN No 262 Tahun 2023 PASAL 178
202622306192,PERMEN BUMN No 262 Tahun 2023 PASAL 190
202622306193,PERMEN BUMN No 262 Tahun 2023 PASAL 191
202622306194,PERMEN BUMN No 262 Tahun 2023 PASAL 192
202622306195,PERMEN BUMN No 262 Tahun 2023 PASAL 193
202622306196,PERMEN BUMN No 262 Tahun 2023 PASAL 194
202622306197,PERMEN BUMN No 262 Tahun 2023 PASAL 195
202622306198,PERMEN BUMN No 262 Tahun 2023 PASAL 196
202622306199,PERMEN BUMN No 262 Tahun 2023 PASAL 197
202622306200,PERMEN BUMN No 262 Tahun 2023 PASAL 198
202622306201,PERMEN BUMN No 262 Tahun 2023 PASAL 199
202622306202,PERMEN BUMN No 262 Tahun 2023 PASAL 200
202622306203,PERMEN BUMN No 262 Tahun 2023 PASAL 201
202622306204,PERMEN BUMN No 262 Tahun 2023 PASAL 202
202622307205,PERMEN BUMN No 262 Tahun 2023 PASAL 203
202622307206,PERMEN BUMN No 262 Tahun 2023 PASAL 204
202622307207,PERMEN BUMN No 262 Tahun 2023 PASAL 205
202622307208,PERMEN BUMN No 262 Tahun 2023 PASAL 206
202622307209,PERMEN BUMN No 262 Tahun 2023 PASAL 207
202622307210,PERMEN BUMN No 262 Tahun 2023 PASAL 208
202622307211,PERMEN BUMN No 262 Tahun 2023 PASAL 209
202622307212,PERMEN BUMN No 262 Tahun 2023 PASAL 210
202622308213,PERMEN BUMN No 262 Tahun 2023 PASAL 211
202622308214,PERMEN BUMN No 262 Tahun 2023 PASAL 212
202622308215,PERMEN BUMN No 262 Tahun 2023 PASAL 213
202622308216,PERMEN BUMN No 262 Tahun 2023 PASAL 214
202622308217,PERMEN BUMN No 262 Tahun 2023 PASAL 215
202622308218,PERMEN BUMN No 262 Tahun 2023 PASAL 216
202622308219,PERMEN BUMN No 262 Tahun 2023 PASAL 217
202622308220,PERMEN BUMN No 262 Tahun 2023 PASAL 218
202622308221,PERMEN BUMN No 262 Tahun 2023 PASAL 219
202622308222,PERMEN BUMN No 262 Tahun 2023 PASAL 220
202622308223,PERMEN BUMN No 262 Tahun 2023 PASAL 221
202622308224,PERMEN BUMN No 262 Tahun 2023 PASAL 222
202622308225,PERMEN BUMN No 262 Tahun 2023 PASAL 223
202622308226,PERMEN BUMN No 262 Tahun 2023 PASAL 224
202622309227,PERMEN BUMN No 262 Tahun 2023 PASAL 225
202622309228,PERMEN BUMN No 262 Tahun 2023 PASAL 226
202622309229,PERMEN BUMN No 262 Tahun 2023 PASAL 227
202622309230,PERMEN BUMN No 262 Tahun 2023 PASAL 228
202622309231,PERMEN BUMN No 262 Tahun 2023 PASAL 229
202632301001,PERMEN BUMN No 263 Tahun 2023 PASAL 1
202632301002,PERMEN BUMN No 263 Tahun 2023 PASAL 2
202632302003,PERMEN BUMN No 263 Tahun 2023 PASAL 3
202632302004,PERMEN BUMN No 263 Tahun 2023 PASAL 4
202632302005,PERMEN BUMN No 263 Tahun 2023 PASAL 5
202632302006,PERMEN BUMN No 263 Tahun 2023 PASAL 6
202632302007,PERMEN BUMN No 263 Tahun 2023 PASAL 7
202632302008,PERMEN BUMN No 263 Tahun 2023 PASAL 8
202632302009,PERMEN BUMN No 263 Tahun 2023 PASAL 9
202632302010,PERMEN BUMN No 263 Tahun 2023 PASAL 10
202632302011,PERMEN BUMN No 263 Tahun 2023 PASAL 11
202632302012,PERMEN BUMN No 263 Tahun 2023 PASAL 12
202632302013,PERMEN BUMN No 263 Tahun 2023 PASAL 13
202632302014,PERMEN BUMN No 263 Tahun 2023 PASAL 14
202632302015,PERMEN BUMN No 263 Tahun 2023 PASAL 15
202632302016,PERMEN BUMN No 263 Tahun 2023 PASAL 16
202632302017,PERMEN BUMN No 263 Tahun 2023 PASAL 17
202632302018,PERMEN BUMN No 263 Tahun 2023 PASAL 18
202632302019,PERMEN BUMN No 263 Tahun 2023 PASAL 19
202632303020,PERMEN BUMN No 263 Tahun 2023 PASAL 20
202632303021,PERMEN BUMN No 263 Tahun 2023 PASAL 21
202632303022,PERMEN BUMN No 263 Tahun 2023 PASAL 22
202632303023,PERMEN BUMN No 263 Tahun 2023 PASAL 23
202632303024,PERMEN BUMN No 263 Tahun 2023 PASAL 24
202632303025,PERMEN BUMN No 263 Tahun 2023 PASAL 25
202632303026,PERMEN BUMN No 263 Tahun 2023 PASAL 26
202632303027,PERMEN BUMN No 263 Tahun 2023 PASAL 27
202632303028,PERMEN BUMN No 263 Tahun 2023 PASAL 28
202632303029,PERMEN BUMN No 263 Tahun 2023 PASAL 29
202632304030,PERMEN BUMN No 263 Tahun 2023 PASAL 30
202632304031,PERMEN BUMN No 263 Tahun 2023 PASAL 31
202632304032,PERMEN BUMN No 263 Tahun 2023 PASAL 32
202632304033,PERMEN BUMN No 263 Tahun 2023 PASAL 33
202632304034,PERMEN BUMN No 263 Tahun 2023 PASAL 34
202632304035,PERMEN BUMN No 263 Tahun 2023 PASAL 35
202632304036,PERMEN BUMN No 263 Tahun 2023 PASAL 36
202632304037,PERMEN BUMN No 263 Tahun 2023 PASAL 37
202632304038,PERMEN BUMN No 263 Tahun 2023 PASAL 38
202632304039,PERMEN BUMN No 263 Tahun 2023 PASAL 39
202632304040,PERMEN BUMN No 263 Tahun 2023 PASAL 40
202632304041,PERMEN BUMN No 263 Tahun 2023 PASAL 41
202632304042,PERMEN BUMN No 263 Tahun 2023 PASAL 42
202632304043,PERMEN BUMN No 263 Tahun 2023 PASAL 43
202632305044,PERMEN BUMN No 263 Tahun 2023 PASAL 44
202632305045,PERMEN BUMN No 263 Tahun 2023 PASAL 45
202632305046,PERMEN BUMN No 263 Tahun 2023 PASAL 46
202632305047,PERMEN BUMN No 263 Tahun 2023 PASAL 47
202632305048,PERMEN BUMN No 263 Tahun 2023 PASAL 48
202632305049,PERMEN BUMN No 263 Tahun 2023 PASAL 49
202632305050,PERMEN BUMN No 263 Tahun 2023 PASAL 50
202632305051,PERMEN BUMN No 263 Tahun 2023 PASAL 51
202632305052,PERMEN BUMN No 263 Tahun 2023 PASAL 52
202632305053,PERMEN BUMN No 263 Tahun 2023 PASAL 53
202632305054,PERMEN BUMN No 263 Tahun 2023 PASAL 54
202632305055,PERMEN BUMN No 263 Tahun 2023 PASAL 55
202632305056,PERMEN BUMN No 263 Tahun 2023 PASAL 56
202632305057,PERMEN BUMN No 263 Tahun 2023 PASAL 57
202632305058,PERMEN BUMN No 263 Tahun 2023 PASAL 58
202632305059,PERMEN BUMN No 263 Tahun 2023 PASAL 59
202632305060,PERMEN BUMN No 263 Tahun 2023 PASAL 60
202632305061,PERMEN BUMN No 263 Tahun 2023 PASAL 61
202632305062,PERMEN BUMN No 263 Tahun 2023 PASAL 62
202632305063,PERMEN BUMN No 263 Tahun 2023 PASAL 63
202632305064,PERMEN BUMN No 263 Tahun 2023 PASAL 64
202632305065,PERMEN BUMN No 263 Tahun 2023 PASAL 65
202632306066,PERMEN BUMN No 263 Tahun 2023 PASAL 66
202632306067,PERMEN BUMN No 263 Tahun 2023 PASAL 67
202632306068,PERMEN BUMN No 263 Tahun 2023 PASAL 68
202632306069,PERMEN BUMN No 263 Tahun 2023 PASAL 69
202632306070,PERMEN BUMN No 263 Tahun 2023 PASAL 70
202632306071,PERMEN BUMN No 263 Tahun 2023 PASAL 71
202632306072,PERMEN BUMN No 263 Tahun 2023 PASAL 72
202632306073,PERMEN BUMN No 263 Tahun 2023 PASAL 73
202632306074,PERMEN BUMN No 263 Tahun 2023 PASAL 74
202632306075,PERMEN BUMN No 263 Tahun 2023 PASAL 75
202632307076,PERMEN BUMN No 263 Tahun 2023 PASAL 76
202632307077,PERMEN BUMN No 263 Tahun 2023 PASAL 77
202632307078,PERMEN BUMN No 263 Tahun 2023 PASAL 78
202632307079,PERMEN BUMN No 263 Tahun 2023 PASAL 79
202632307080,PERMEN BUMN No 263 Tahun 2023 PASAL 80
202632307081,PERMEN BUMN No 263 Tahun 2023 PASAL 81
202632307082,PERMEN BUMN No 263 Tahun 2023 PASAL 82
202632307083,PERMEN BUMN No 263 Tahun 2023 PASAL 83
202632307084,PERMEN BUMN No 263 Tahun 2023 PASAL 84
202632307085,PERMEN BUMN No 263 Tahun 2023 PASAL 85
202632307086,PERMEN BUMN No 263 Tahun 2023 PASAL 86
202632307087,PERMEN BUMN No 263 Tahun 2023 PASAL 87
202632307088,PERMEN BUMN No 263 Tahun 2023 PASAL 88
202632307089,PERMEN BUMN No 263 Tahun 2023 PASAL 89
202632307090,PERMEN BUMN No 263 Tahun 2023 PASAL 90
202632307091,PERMEN BUMN No 263 Tahun 2023 PASAL 91
202632307092,PERMEN BUMN No 263 Tahun 2023 PASAL 92
202632307093,PERMEN BUMN No 263 Tahun 2023 PASAL 93
202632307094,PERMEN BUMN No 263 Tahun 2023 PASAL 94
202632307095,PERMEN BUMN No 263 Tahun 2023 PASAL 95
202632307096,PERMEN BUMN No 263 Tahun 2023 PASAL 96
202632307097,PERMEN BUMN No 263 Tahun 2023 PASAL 97
202632307098,PERMEN BUMN No 263 Tahun 2023 PASAL 98
202632307099,PERMEN BUMN No 263 Tahun 2023 PASAL 99
202632307100,PERMEN BUMN No 263 Tahun 2023 PASAL 100
202632307101,PERMEN BUMN No 263 Tahun 2023 PASAL 101
202632307102,PERMEN BUMN No 263 Tahun 2023 PASAL 102
202632307103,PERMEN BUMN No 263 Tahun 2023 PASAL 103
202632307104,PERMEN BUMN No 263 Tahun 2023 PASAL 104
202632307105,PERMEN BUMN No 263 Tahun 2023 PASAL 105
202632307106,PERMEN BUMN No 263 Tahun 2023 PASAL 106
202632307107,PERMEN BUMN No 263 Tahun 2023 PASAL 107
202632307108,PERMEN BUMN No 263 Tahun 2023 PASAL 108
202632307109,PERMEN BUMN No 263 Tahun 2023 PASAL 109
202632307110,PERMEN BUMN No 263 Tahun 2023 PASAL 110
202632307111,PERMEN BUMN No 263 Tahun 2023 PASAL 111
202632307112,PERMEN BUMN No 263 Tahun 2023 PASAL 112
202632307113,PERMEN BUMN No 263 Tahun 2023 PASAL 113
202632307114,PERMEN BUMN No 263 Tahun 2023 PASAL 114
202632307115,PERMEN BUMN No 263 Tahun 2023 PASAL 115
202632307116,PERMEN BUMN No 263 Tahun 2023 PASAL 116
202632307117,PERMEN BUMN No 263 Tahun 2023 PASAL 117
202632307118,PERMEN BUMN No 263 Tahun 2023 PASAL 118
202632307119,PERMEN BUMN No 263 Tahun 2023 PASAL 119
202632307120,PERMEN BUMN No 263 Tahun 2023 PASAL 120
202632307121,PERMEN BUMN No 263 Tahun 2023 PASAL 121
202632307122,PERMEN BUMN No 263 Tahun 2023 PASAL 122
202632308123,PERMEN BUMN No 263 Tahun 2023 PASAL 123
202632308124,PERMEN BUMN No 263 Tahun 2023 PASAL 124
202632308125,PERMEN BUMN No 263 Tahun 2023 PASAL 125
202632308126,PERMEN BUMN No 263 Tahun 2023 PASAL 126
202632308127,PERMEN BUMN No 263 Tahun 2023 PASAL 127
202632308128,PERMEN BUMN No 263 Tahun 2023 PASAL 128
202632308129,PERMEN BUMN No 263 Tahun 2023 PASAL 129
202632308130,PERMEN BUMN No 263 Tahun 2023 PASAL 130
202632308131,PERMEN BUMN No 263 Tahun 2023 PASAL 131
202632308132,PERMEN BUMN No 263 Tahun 2023 PASAL 132
202632308133,PERMEN BUMN No 263 Tahun 2023 PASAL 133
202632308134,PERMEN BUMN No 263 Tahun 2023 PASAL 134
202632308135,PERMEN BUMN No 263 Tahun 2023 PASAL 135
202632308136,PERMEN BUMN No 263 Tahun 2023 PASAL 136
202632308137,PERMEN BUMN No 263 Tahun 2023 PASAL 137
202632308138,PERMEN BUMN No 263 Tahun 2023 PASAL 138
202632308139,PERMEN BUMN No 263 Tahun 2023 PASAL 139
202632308140,PERMEN BUMN No 263 Tahun 2023 PASAL 140
202632308141,PERMEN BUMN No 263 Tahun 2023 PASAL 141
202632308142,PERMEN BUMN No 263 Tahun 2023 PASAL 142
202632308143,PERMEN BUMN No 263 Tahun 2023 PASAL 143
202632308144,PERMEN BUMN No 263 Tahun 2023 PASAL 144
202632308145,PERMEN BUMN No 263 Tahun 2023 PASAL 145
202632308146,PERMEN BUMN No 263 Tahun 2023 PASAL 146
202632308147,PERMEN BUMN No 263 Tahun 2023 PASAL 147
202632308148,PERMEN BUMN No 263 Tahun 2023 PASAL 148
202632308149,PERMEN BUMN No 263 Tahun 2023 PASAL 149
202632308150,PERMEN BUMN No 263 Tahun 2023 PASAL 150
202632308151,PERMEN BUMN No 263 Tahun 2023 PASAL 151
202632308152,PERMEN BUMN No 263 Tahun 2023 PASAL 152
202632308153,PERMEN BUMN No 263 Tahun 2023 PASAL 153
202632308154,PERMEN BUMN No 263 Tahun 2023 PASAL 154
202632308155,PERMEN BUMN No 263 Tahun 2023 PASAL 155
202632308156,PERMEN BUMN No 263 Tahun 2023 PASAL 156
202632308157,PERMEN BUMN No 263 Tahun 2023 PASAL 157
202632308158,PERMEN BUMN No 263 Tahun 2023 PASAL 158
202632308159,PERMEN BUMN No 263 Tahun 2023 PASAL 159
202632308160,PERMEN BUMN No 263 Tahun 2023 PASAL 160
202632308161,PERMEN BUMN No 263 Tahun 2023 PASAL 161
202632308162,PERMEN BUMN No 263 Tahun 2023 PASAL 162
202632309163,PERMEN BUMN No 263 Tahun 2023 PASAL 163
202632309164,PERMEN BUMN No 263 Tahun 2023 PASAL 164
202632309165,PERMEN BUMN No 263 Tahun 2023 PASAL 165
202632310166,PERMEN BUMN No 263 Tahun 2023 PASAL 166
202632310167,PERMEN BUMN No 263 Tahun 2023 PASAL 167
202632311168,PERMEN BUMN No 263 Tahun 2023 PASAL 168
202632311169,PERMEN BUMN No 263 Tahun 2023 PASAL 169
202632311170,PERMEN BUMN No 263 Tahun 2023 PASAL 170
203402301001,PERMEN BUMN No 340 Tahun 2020 PASAL 1
203402301002,PERMEN BUMN No 340 Tahun 2020 PASAL 2
203402301003,PERMEN BUMN No 340 Tahun 2020 PASAL 3
203402301004,PERMEN BUMN No 340 Tahun 2020 PASAL 4
203402301005,PERMEN BUMN No 340 Tahun 2020 PASAL 5
203402302006,PERMEN BUMN No 340 Tahun 2020 PASAL 6
203402302007,PERMEN BUMN No 340 Tahun 2020 PASAL 7
203402302008,PERMEN BUMN No 340 Tahun 2020 PASAL 8
203402302009,PERMEN BUMN No 340 Tahun 2020 PASAL 9
203402303010,PERMEN BUMN No 340 Tahun 2020 PASAL 10
203402303011,PERMEN BUMN No 340 Tahun 2020 PASAL 11
203402303012,PERMEN BUMN No 340 Tahun 2020 PASAL 12
203402303013,PERMEN BUMN No 340 Tahun 2020 PASAL 13
203402303014,PERMEN BUMN No 340 Tahun 2020 PASAL 14
203402303015,PERMEN BUMN No 340 Tahun 2020 PASAL 15
203402303016,PERMEN BUMN No 340 Tahun 2020 PASAL 16
203402303017,PERMEN BUMN No 340 Tahun 2020 PASAL 17
203402303018,PERMEN BUMN No 340 Tahun 2020 PASAL 18
203402303019,PERMEN BUMN No 340 Tahun 2020 PASAL 19
203402303020,PERMEN BUMN No 340 Tahun 2020 PASAL 20
203402303021,PERMEN BUMN No 340 Tahun 2020 PASAL 21
203402303022,PERMEN BUMN No 340 Tahun 2020 PASAL 22
203402303023,PERMEN BUMN No 340 Tahun 2020 PASAL 23
203402303024,PERMEN BUMN No 340 Tahun 2020 PASAL 24
203402303025,PERMEN BUMN No 340 Tahun 2020 PASAL 25
203402303026,PERMEN BUMN No 340 Tahun 2020 PASAL 26
203402303027,PERMEN BUMN No 340 Tahun 2020 PASAL 27
203402303028,PERMEN BUMN No 340 Tahun 2020 PASAL 28
203402303029,PERMEN BUMN No 340 Tahun 2020 PASAL 29
203402304030,PERMEN BUMN No 340 Tahun 2020 PASAL 30
203402304031,PERMEN BUMN No 340 Tahun 2020 PASAL 31
203402304032,PERMEN BUMN No 340 Tahun 2020 PASAL 32
203402304033,PERMEN BUMN No 340 Tahun 2020 PASAL 33
203402304034,PERMEN BUMN No 340 Tahun 2020 PASAL 34
203402304035,PERMEN BUMN No 340 Tahun 2020 PASAL 35
203402304036,PERMEN BUMN No 340 Tahun 2020 PASAL 36
203402304037,PERMEN BUMN No 340 Tahun 2020 PASAL 37
203402304038,PERMEN BUMN No 340 Tahun 2020 PASAL 38
203402304039,PERMEN BUMN No 340 Tahun 2020 PASAL 39
203402304040,PERMEN BUMN No 340 Tahun 2020 PASAL 40
203402304041,PERMEN BUMN No 340 Tahun 2020 PASAL 41
203402304042,PERMEN BUMN No 340 Tahun 2020 PASAL 42
203402304043,PERMEN BUMN No 340 Tahun 2020 PASAL 43
203402304044,PERMEN BUMN No 340 Tahun 2020 PASAL 44
203402304045,PERMEN BUMN No 340 Tahun 2020 PASAL 45
203402304046,PERMEN BUMN No 340 Tahun 2020 PASAL 46
203402304047,PERMEN BUMN No 340 Tahun 2020 PASAL 47
203402304048,PERMEN BUMN No 340 Tahun 2020 PASAL 48
203402304049,PERMEN BUMN No 340 Tahun 2020 PASAL 49
203402305050,PERMEN BUMN No 340 Tahun 2020 PASAL 50
203402305051,PERMEN BUMN No 340 Tahun 2020 PASAL 51
203402305052,PERMEN BUMN No 340 Tahun 2020 PASAL 52
203402305053,PERMEN BUMN No 340 Tahun 2020 PASAL 53
203402305054,PERMEN BUMN No 340 Tahun 2020 PASAL 54
203402305055,PERMEN BUMN No 340 Tahun 2020 PASAL 55
203402305056,PERMEN BUMN No 340 Tahun 2020 PASAL 56
203402305057,PERMEN BUMN No 340 Tahun 2020 PASAL 57
203402305058,PERMEN BUMN No 340 Tahun 2020 PASAL 58
203402305059,PERMEN BUMN No 340 Tahun 2020 PASAL 59
203402305060,PERMEN BUMN No 340 Tahun 2020 PASAL 60
203402305061,PERMEN BUMN No 340 Tahun 2020 PASAL 61
203402305062,PERMEN BUMN No 340 Tahun 2020 PASAL 62
203402305063,PERMEN BUMN No 340 Tahun 2020 PASAL 63
203402305064,PERMEN BUMN No 340 Tahun 2020 PASAL 64
203402305065,PERMEN BUMN No 340 Tahun 2020 PASAL 65
203402305066,PERMEN BUMN No 340 Tahun 2020 PASAL 66
203402305067,PERMEN BUMN No 340 Tahun 2020 PASAL 67
203402305068,PERMEN BUMN No 340 Tahun 2020 PASAL 68
203402305069,PERMEN BUMN No 340 Tahun 2020 PASAL 69
203402305070,PERMEN BUMN No 340 Tahun 2020 PASAL 70
203402305071,PERMEN BUMN No 340 Tahun 2020 PASAL 71
203402305072,PERMEN BUMN No 340 Tahun 2020 PASAL 72
203402305073,PERMEN BUMN No 340 Tahun 2020 PASAL 73
203402305074,PERMEN BUMN No 340 Tahun 2020 PASAL 74
203402305075,PERMEN BUMN No 340 Tahun 2020 PASAL 75
203402305076,PERMEN BUMN No 340 Tahun 2020 PASAL 76
203402305077,PERMEN BUMN No 340 Tahun 2020 PASAL 77
203402305078,PERMEN BUMN No 340 Tahun 2020 PASAL 78
203402305079,PERMEN BUMN No 340 Tahun 2020 PASAL 79
203402305080,PERMEN BUMN No 340 Tahun 2020 PASAL 80
203402306081,PERMEN BUMN No 340 Tahun 2020 PASAL 81
203402306082,PERMEN BUMN No 340 Tahun 2020 PASAL 82
203402306083,PERMEN BUMN No 340 Tahun 2020 PASAL 83
203402306084,PERMEN BUMN No 340 Tahun 2020 PASAL 84
203402306085,PERMEN BUMN No 340 Tahun 2020 PASAL 85
203402306086,PERMEN BUMN No 340 Tahun 2020 PASAL 86
203402306087,PERMEN BUMN No 340 Tahun 2020 PASAL 87
203402306088,PERMEN BUMN No 340 Tahun 2020 PASAL 88
203402306089,PERMEN BUMN No 340 Tahun 2020 PASAL 89
203402306090,PERMEN BUMN No 340 Tahun 2020 PASAL 90
203402307091,PERMEN BUMN No 340 Tahun 2020 PASAL 91
203402307092,PERMEN BUMN No 340 Tahun 2020 PASAL 92
203402307093,PERMEN BUMN No 340 Tahun 2020 PASAL 93
203402307094,PERMEN BUMN No 340 Tahun 2020 PASAL 94
203402307095,PERMEN BUMN No 340 Tahun 2020 PASAL 95
203402307096,PERMEN BUMN No 340 Tahun 2020 PASAL 96
203402307097,PERMEN BUMN No 340 Tahun 2020 PASAL 97
203402307098,PERMEN BUMN No 340 Tahun 2020 PASAL 98
203402307099,PERMEN BUMN No 340 Tahun 2020 PASAL 99
203402307100,PERMEN BUMN No 340 Tahun 2020 PASAL 100
203402307101,PERMEN BUMN No 340 Tahun 2020 PASAL 101
203402307102,PERMEN BUMN No 340 Tahun 2020 PASAL 102
203402307103,PERMEN BUMN No 340 Tahun 2020 PASAL 103
203402308104,PERMEN BUMN No 340 Tahun 2020 PASAL 104
203402308105,PERMEN BUMN No 340 Tahun 2020 PASAL 105
203402308106,PERMEN BUMN No 340 Tahun 2020 PASAL 106
203402308107,PERMEN BUMN No 340 Tahun 2020 PASAL 107
203402308108,PERMEN BUMN No 340 Tahun 2020 PASAL 108
203402308109,PERMEN BUMN No 340 Tahun 2020 PASAL 109
203402308110,PERMEN BUMN No 340 Tahun 2020 PASAL 110
203402308111,PERMEN BUMN No 340 Tahun 2020 PASAL 111
203402308112,PERMEN BUMN No 340 Tahun 2020 PASAL 112
203402308113,PERMEN BUMN No 340 Tahun 2020 PASAL 113
203402309114,PERMEN BUMN No 340 Tahun 2020 PASAL 114
203402309115,PERMEN BUMN No 340 Tahun 2020 PASAL 115
203402309116,PERMEN BUMN No 340 Tahun 2020 PASAL 116
203402309117,PERMEN BUMN No 340 Tahun 2020 PASAL 117
203402310118,PERMEN BUMN No 340 Tahun 2020 PASAL 118
203402310119,PERMEN BUMN No 340 Tahun 2020 PASAL 119
203402310120,PERMEN BUMN No 340 Tahun 2020 PASAL 120
203402311121,PERMEN BUMN No 340 Tahun 2020 PASAL 121
203402311122,PERMEN BUMN No 340 Tahun 2020 PASAL 122
203402311123,PERMEN BUMN No 340 Tahun 2020 PASAL 123
203402312124,PERMEN BUMN No 340 Tahun 2020 PASAL 124
203402312125,PERMEN BUMN No 340 Tahun 2020 PASAL 125
203402312126,PERMEN BUMN No 340 Tahun 2020 PASAL 126
203402312127,PERMEN BUMN No 340 Tahun 2020 PASAL 127
203402312128,PERMEN BUMN No 340 Tahun 2020 PASAL 128
203402312129,PERMEN BUMN No 340 Tahun 2020 PASAL 129
203402312130,PERMEN BUMN No 340 Tahun 2020 PASAL 130
203402312131,PERMEN BUMN No 340 Tahun 2020 PASAL 131
203402312132,PERMEN BUMN No 340 Tahun 2020 PASAL 132
203402312133,PERMEN BUMN No 340 Tahun 2020 PASAL 133
203402313134,PERMEN BUMN No 340 Tahun 2020 PASAL 134
203402313135,PERMEN BUMN No 340 Tahun 2020 PASAL 135
203402313136,PERMEN BUMN No 340 Tahun 2020 PASAL 136
203402314137,PERMEN BUMN No 340 Tahun 2020 PASAL 137
203402315138,PERMEN BUMN No 340 Tahun 2020 PASAL 138
203402315139,PERMEN BUMN No 340 Tahun 2020 PASAL 139
203402316140,PERMEN BUMN No 340 Tahun 2020 PASAL 140
203402316141,PERMEN BUMN No 340 Tahun 2020 PASAL 141
204382101001,PERMEN BUMN No 438 Tahun 2021 PASAL 1
204382102002,PERMEN BUMN No 438 Tahun 2021 PASAL 2
204382102003,PERMEN BUMN No 438 Tahun 2021 PASAL 3
204382102004,PERMEN BUMN No 438 Tahun 2021 PASAL 4
204382102005,PERMEN BUMN No 438 Tahun 2021 PASAL 5
204382103006,PERMEN BUMN No 438 Tahun 2021 PASAL 6
204382103007,PERMEN BUMN No 438 Tahun 2021 PASAL 7
204382103008,PERMEN BUMN No 438 Tahun 2021 PASAL 8
204382103009,PERMEN BUMN No 438 Tahun 2021 PASAL 9
204382103010,PERMEN BUMN No 438 Tahun 2021 PASAL 10
204382103011,PERMEN BUMN No 438 Tahun 2021 PASAL 11
204382103012,PERMEN BUMN No 438 Tahun 2021 PASAL 12
204382103013,PERMEN BUMN No 438 Tahun 2021 PASAL 13
204382103014,PERMEN BUMN No 438 Tahun 2021 PASAL 14
204382103015,PERMEN BUMN No 438 Tahun 2021 PASAL 15
204382103016,PERMEN BUMN No 438 Tahun 2021 PASAL 16
204382103017,PERMEN BUMN No 438 Tahun 2021 PASAL 17
204382103018,PERMEN BUMN No 438 Tahun 2021 PASAL 18
204382103019,PERMEN BUMN No 438 Tahun 2021 PASAL 19
204382103020,PERMEN BUMN No 438 Tahun 2021 PASAL 20
204382103021,PERMEN BUMN No 438 Tahun 2021 PASAL 21
204382103022,PERMEN BUMN No 438 Tahun 2021 PASAL 22
204382103023,PERMEN BUMN No 438 Tahun 2021 PASAL 23
204382114024,PERMEN BUMN No 438 Tahun 2021 PASAL 24
204382114025,PERMEN BUMN No 438 Tahun 2021 PASAL 25
204382105026,PERMEN BUMN No 438 Tahun 2021 PASAL 26
204382105027,PERMEN BUMN No 438 Tahun 2021 PASAL 27
204382106028,PERMEN BUMN No 438 Tahun 2021 PASAL 28
204382107029,PERMEN BUMN No 438 Tahun 2021 PASAL 29
204382107030,PERMEN BUMN No 438 Tahun 2021 PASAL 30
204382107031,PERMEN BUMN No 438 Tahun 2021 PASAL 31
204382107032,PERMEN BUMN No 438 Tahun 2021 PASAL 32
204731801001,PERMEN BUMN No 473 Tahun 2018 PASAL 1
204731802002,PERMEN BUMN No 473 Tahun 2018 PASAL 2
204731802003,PERMEN BUMN No 473 Tahun 2018 PASAL 3
204731802004,PERMEN BUMN No 473 Tahun 2018 PASAL 4
204731803005,PERMEN BUMN No 473 Tahun 2018 PASAL 5
204731804006,PERMEN BUMN No 473 Tahun 2018 PASAL 6
204731804007,PERMEN BUMN No 473 Tahun 2018 PASAL 7
204731804008,PERMEN BUMN No 473 Tahun 2018 PASAL 8
204731805009,PERMEN BUMN No 473 Tahun 2018 PASAL 9
204731805010,PERMEN BUMN No 473 Tahun 2018 PASAL 10
204731805011,PERMEN BUMN No 473 Tahun 2018 PASAL 11
204731805012,PERMEN BUMN No 473 Tahun 2018 PASAL 12
204731806013,PERMEN BUMN No 473 Tahun 2018 PASAL 13
204731806014,PERMEN BUMN No 473 Tahun 2018 PASAL 14
204731807015,PERMEN BUMN No 473 Tahun 2018 PASAL 15
204731807016,PERMEN BUMN No 473 Tahun 2018 PASAL 16
204731807017,PERMEN BUMN No 473 Tahun 2018 PASAL 17
204731807018,PERMEN BUMN No 473 Tahun 2018 PASAL 18
204731807019,PERMEN BUMN No 473 Tahun 2018 PASAL 19
204731807020,PERMEN BUMN No 473 Tahun 2018 PASAL 20
204731807021,PERMEN BUMN No 473 Tahun 2018 PASAL 21
204731807022,PERMEN BUMN No 473 Tahun 2018 PASAL 22
204731807023,PERMEN BUMN No 473 Tahun 2018 PASAL 23
204731807024,PERMEN BUMN No 473 Tahun 2018 PASAL 24
204731808025,PERMEN BUMN No 473 Tahun 2018 PASAL 25
204731808026,PERMEN BUMN No 473 Tahun 2018 PASAL 26
204731808027,PERMEN BUMN No 473 Tahun 2018 PASAL 27
204731808028,PERMEN BUMN No 473 Tahun 2018 PASAL 28
204731809029,PERMEN BUMN No 473 Tahun 2018 PASAL 29
204731809030,PERMEN BUMN No 473 Tahun 2018 PASAL 30
204731809031,PERMEN BUMN No 473 Tahun 2018 PASAL 31
204731809032,PERMEN BUMN No 473 Tahun 2018 PASAL 32
204731809033,PERMEN BUMN No 473 Tahun 2018 PASAL 33
204731810034,PERMEN BUMN No 473 Tahun 2018 PASAL 34
204731810035,PERMEN BUMN No 473 Tahun 2018 PASAL 35
205762201001,PERMEN BUMN No 576 Tahun 2022 PASAL 1
205762201002,PERMEN BUMN No 576 Tahun 2022 PASAL 2
205762201003,PERMEN BUMN No 576 Tahun 2022 PASAL 3
205762202004,PERMEN BUMN No 576 Tahun 2022 PASAL 4
205762202005,PERMEN BUMN No 576 Tahun 2022 PASAL 5
205762202006,PERMEN BUMN No 576 Tahun 2022 PASAL 6
205762203007,PERMEN BUMN No 576 Tahun 2022 PASAL 7
205762203008,PERMEN BUMN No 576 Tahun 2022 PASAL 8
205762203009,PERMEN BUMN No 576 Tahun 2022 PASAL 9
205762204010,PERMEN BUMN No 576 Tahun 2022 PASAL 10
205762205011,PERMEN BUMN No 576 Tahun 2022 PASAL 11
205762206012,PERMEN BUMN No 576 Tahun 2022 PASAL 12
207842001001,PERMEN BUMN No 784 Tahun 2020 PASAL 1
207842001002,PERMEN BUMN No 784 Tahun 2020 PASAL 2
207842002003,PERMEN BUMN No 784 Tahun 2020 PASAL 3
207842002004,PERMEN BUMN No 784 Tahun 2020 PASAL 4
207842002005,PERMEN BUMN No 784 Tahun 2020 PASAL 5
207842003006,PERMEN BUMN No 784 Tahun 2020 PASAL 6
207842003007,PERMEN BUMN No 784 Tahun 2020 PASAL 7
207842003008,PERMEN BUMN No 784 Tahun 2020 PASAL 8
207842003009,PERMEN BUMN No 784 Tahun 2020 PASAL 9
207842003010,PERMEN BUMN No 784 Tahun 2020 PASAL 10
207842003011,PERMEN BUMN No 784 Tahun 2020 PASAL 11
207842003012,PERMEN BUMN No 784 Tahun 2020 PASAL 12
207842003013,PERMEN BUMN No 784 Tahun 2020 PASAL 13
207842004014,PERMEN BUMN No 784 Tahun 2020 PASAL 14
207842005015,PERMEN BUMN No 784 Tahun 2020 PASAL 15
207842005016,PERMEN BUMN No 784 Tahun 2020 PASAL 16
207842005017,PERMEN BUMN No 784 Tahun 2020 PASAL 17
207842005018,PERMEN BUMN No 784 Tahun 2020 PASAL 18
207842005019,PERMEN BUMN No 784 Tahun 2020 PASAL 19
207842006020,PERMEN BUMN No 784 Tahun 2020 PASAL 20
207842006021,PERMEN BUMN No 784 Tahun 2020 PASAL 21
207842006022,PERMEN BUMN No 784 Tahun 2020 PASAL 22
207842007023,PERMEN BUMN No 784 Tahun 2020 PASAL 23
207842007024,PERMEN BUMN No 784 Tahun 2020 PASAL 24
207842007025,PERMEN BUMN No 784 Tahun 2020 PASAL 25
207842008026,PERMEN BUMN No 784 Tahun 2020 PASAL 26
208152101001,PERMEN BUMN No 815 Tahun 2021 PASAL 1
208152102002,PERMEN BUMN No 815 Tahun 2021 PASAL 2
208152102003,PERMEN BUMN No 815 Tahun 2021 PASAL 3
208152102004,PERMEN BUMN No 815 Tahun 2021 PASAL 4
208152102005,PERMEN BUMN No 815 Tahun 2021 PASAL 5
208152102006,PERMEN BUMN No 815 Tahun 2021 PASAL 6
208152103007,PERMEN BUMN No 815 Tahun 2021 PASAL 7
208152103008,PERMEN BUMN No 815 Tahun 2021 PASAL 8
208152103009,PERMEN BUMN No 815 Tahun 2021 PASAL 9
208152104010,PERMEN BUMN No 815 Tahun 2021 PASAL 10
208152105011,PERMEN BUMN No 815 Tahun 2021 PASAL 11
208152106012,PERMEN BUMN No 815 Tahun 2021 PASAL 12
208152106013,PERMEN BUMN No 815 Tahun 2021 PASAL 13
208152107014,PERMEN BUMN No 815 Tahun 2021 PASAL 14
208152107015,PERMEN BUMN No 815 Tahun 2021 PASAL 15
208352208026,PERMEN BUMN No 835 Tahun 2022 PASAL 26
208352208027,PERMEN BUMN No 835 Tahun 2022 PASAL 27
208352208028,PERMEN BUMN No 835 Tahun 2022 PASAL 28
208352208029,PERMEN BUMN No 835 Tahun 2022 PASAL 29
208352209030,PERMEN BUMN No 835 Tahun 2022 PASAL 30
208352209031,PERMEN BUMN No 835 Tahun 2022 PASAL 31
208352209032,PERMEN BUMN No 835 Tahun 2022 PASAL 32
208352210033,PERMEN BUMN No 835 Tahun 2022 PASAL 33
208352210034,PERMEN BUMN No 835 Tahun 2022 PASAL 34
208352210035,PERMEN BUMN No 835 Tahun 2022 PASAL 35
209342102003,PERMEN BUMN No 934 Tahun 2021 PASAL 3
209342102004,PERMEN BUMN No 934 Tahun 2021 PASAL 4
209342102005,PERMEN BUMN No 934 Tahun 2021 PASAL 5
209342102006,PERMEN BUMN No 934 Tahun 2021 PASAL 6
209342102007,PERMEN BUMN No 934 Tahun 2021 PASAL 7
209342102008,PERMEN BUMN No 934 Tahun 2021 PASAL 8
209342102009,PERMEN BUMN No 934 Tahun 2021 PASAL 9
209342102010,PERMEN BUMN No 934 Tahun 2021 PASAL 10
209342102011,PERMEN BUMN No 934 Tahun 2021 PASAL 11
209342102012,PERMEN BUMN No 934 Tahun 2021 PASAL 12
209342102013,PERMEN BUMN No 934 Tahun 2021 PASAL 13
209342102014,PERMEN BUMN No 934 Tahun 2021 PASAL 14
209342103015,PERMEN BUMN No 934 Tahun 2021 PASAL 15
209342104016,PERMEN BUMN No 934 Tahun 2021 PASAL 16
209342104017,PERMEN BUMN No 934 Tahun 2021 PASAL 17
209342105018,PERMEN BUMN No 934 Tahun 2021 PASAL 18
209342105019,PERMEN BUMN No 934 Tahun 2021 PASAL 19
209342105020,PERMEN BUMN No 934 Tahun 2021 PASAL 20
209342106021,PERMEN BUMN No 934 Tahun 2021 PASAL 21
209342106022,PERMEN BUMN No 934 Tahun 2021 PASAL 22
209342106023,PERMEN BUMN No 934 Tahun 2021 PASAL 23
209342107024,PERMEN BUMN No 934 Tahun 2021 PASAL 24
209342107025,PERMEN BUMN No 934 Tahun 2021 PASAL 25
209342107026,PERMEN BUMN No 934 Tahun 2021 PASAL 26
209342107027,PERMEN BUMN No 934 Tahun 2021 PASAL 27
209342108028,PERMEN BUMN No 934 Tahun 2021 PASAL 28
209582101001,PERMEN BUMN No 958 Tahun 2021  PASAL 1
209582102002,PERMEN BUMN No 958 Tahun 2021  PASAL 2
209582102003,PERMEN BUMN No 958 Tahun 2021  PASAL 3
209582102004,PERMEN BUMN No 958 Tahun 2021  PASAL 4
209582103005,PERMEN BUMN No 958 Tahun 2021  PASAL 5
209582103006,PERMEN BUMN No 958 Tahun 2021  PASAL 6
209582103007,PERMEN BUMN No 958 Tahun 2021  PASAL 7
209582103008,PERMEN BUMN No 958 Tahun 2021  PASAL 8
209582103009,PERMEN BUMN No 958 Tahun 2021  PASAL 9
209582103010,PERMEN BUMN No 958 Tahun 2021  PASAL 10
209582103011,PERMEN BUMN No 958 Tahun 2021  PASAL 11
209582104012,PERMEN BUMN No 958 Tahun 2021  PASAL 12
209582105013,PERMEN BUMN No 958 Tahun 2021  PASAL 13
209582105014,PERMEN BUMN No 958 Tahun 2021  PASAL 14
209582106015,PERMEN BUMN No 958 Tahun 2021  PASAL 15
209582106016,PERMEN BUMN No 958 Tahun 2021  PASAL 16
209582107017,PERMEN BUMN No 958 Tahun 2021  PASAL 17
209582107018,PERMEN BUMN No 958 Tahun 2021  PASAL 18
209582108019,PERMEN BUMN No 958 Tahun 2021  PASAL 19
209582108020,PERMEN BUMN No 958 Tahun 2021  PASAL 20
209582109021,PERMEN BUMN No 958 Tahun 2021  PASAL 21
209582110022,PERMEN BUMN No 958 Tahun 2021  PASAL 22
209582110023,PERMEN BUMN No 958 Tahun 2021  PASAL 23
209582110024,PERMEN BUMN No 958 Tahun 2021  PASAL 24
209612202004,PERMEN BUMN No 961 Tahun 2022 PASAL 4
209612202005,PERMEN BUMN No 961 Tahun 2022 PASAL 5
209612202006,PERMEN BUMN No 961 Tahun 2022 PASAL 6
209612202007,PERMEN BUMN No 961 Tahun 2022 PASAL 7
209612202013,PERMEN BUMN No 961 Tahun 2022 PASAL 13
209612202015,PERMEN BUMN No 961 Tahun 2022 PASAL 15
300292101001,PP No 29 Tahun 2021 PASAL 1
300292101002,PP No 29 Tahun 2021 PASAL 2
300292102003,PP No 29 Tahun 2021 PASAL 3
300292102004,PP No 29 Tahun 2021 PASAL 4
300292102005,PP No 29 Tahun 2021 PASAL 5
300292102006,PP No 29 Tahun 2021 PASAL 6
300292102007,PP No 29 Tahun 2021 PASAL 7
300292102008,PP No 29 Tahun 2021 PASAL 8
300292102009,PP No 29 Tahun 2021 PASAL 9
300292102010,PP No 29 Tahun 2021 PASAL 10
300292102011,PP No 29 Tahun 2021 PASAL 11
300292102012,PP No 29 Tahun 2021 PASAL 12
300292102013,PP No 29 Tahun 2021 PASAL 13
300292102014,PP No 29 Tahun 2021 PASAL 14
300292102015,PP No 29 Tahun 2021 PASAL 15
300292102016,PP No 29 Tahun 2021 PASAL 16
300292102017,PP No 29 Tahun 2021 PASAL 17
300292102018,PP No 29 Tahun 2021 PASAL 18
300292102019,PP No 29 Tahun 2021 PASAL 19
300292103020,PP No 29 Tahun 2021 PASAL 20
300292103021,PP No 29 Tahun 2021 PASAL 21
300292103022,PP No 29 Tahun 2021 PASAL 22
300292103023,PP No 29 Tahun 2021 PASAL 23
300292103024,PP No 29 Tahun 2021 PASAL 24
300292103025,PP No 29 Tahun 2021 PASAL 25
300292103026,PP No 29 Tahun 2021 PASAL 26
300292103027,PP No 29 Tahun 2021 PASAL 27
300292103028,PP No 29 Tahun 2021 PASAL 28
300292103029,PP No 29 Tahun 2021 PASAL 29
300292103030,PP No 29 Tahun 2021 PASAL 30
300292103031,PP No 29 Tahun 2021 PASAL 31
300292104032,PP No 29 Tahun 2021 PASAL 32
300292104033,PP No 29 Tahun 2021 PASAL 33
300292104034,PP No 29 Tahun 2021 PASAL 34
300292104035,PP No 29 Tahun 2021 PASAL 35
300292104036,PP No 29 Tahun 2021 PASAL 36
300292104037,PP No 29 Tahun 2021 PASAL 37
300292104038,PP No 29 Tahun 2021 PASAL 38
300292104039,PP No 29 Tahun 2021 PASAL 39
300292104040,PP No 29 Tahun 2021 PASAL 40
300292104041,PP No 29 Tahun 2021 PASAL 41
300292104042,PP No 29 Tahun 2021 PASAL 42
300292104043,PP No 29 Tahun 2021 PASAL 43
300292104044,PP No 29 Tahun 2021 PASAL 44
300292104045,PP No 29 Tahun 2021 PASAL 45
300292104046,PP No 29 Tahun 2021 PASAL 46
300292104047,PP No 29 Tahun 2021 PASAL 47
300292104048,PP No 29 Tahun 2021 PASAL 48
300292104049,PP No 29 Tahun 2021 PASAL 49
300292104050,PP No 29 Tahun 2021 PASAL 50
300292104051,PP No 29 Tahun 2021 PASAL 51
300292104052,PP No 29 Tahun 2021 PASAL 52
300292104053,PP No 29 Tahun 2021 PASAL 53
300292104054,PP No 29 Tahun 2021 PASAL 54
300292104055,PP No 29 Tahun 2021 PASAL 55
300292104056,PP No 29 Tahun 2021 PASAL 56
300292104057,PP No 29 Tahun 2021 PASAL 57
300292104058,PP No 29 Tahun 2021 PASAL 58
300292104059,PP No 29 Tahun 2021 PASAL 59
300292105060,PP No 29 Tahun 2021 PASAL 60
300292105061,PP No 29 Tahun 2021 PASAL 61
300292105062,PP No 29 Tahun 2021 PASAL 62
300292105063,PP No 29 Tahun 2021 PASAL 63
300292105064,PP No 29 Tahun 2021 PASAL 64
300292105065,PP No 29 Tahun 2021 PASAL 65
300292105066,PP No 29 Tahun 2021 PASAL 66
300292105067,PP No 29 Tahun 2021 PASAL 67
300292105068,PP No 29 Tahun 2021 PASAL 68
300292105069,PP No 29 Tahun 2021 PASAL 69
300292105070,PP No 29 Tahun 2021 PASAL 70
300292105071,PP No 29 Tahun 2021 PASAL 71
300292105072,PP No 29 Tahun 2021 PASAL 72
300292105073,PP No 29 Tahun 2021 PASAL 73
300292105074,PP No 29 Tahun 2021 PASAL 74
300292105075,PP No 29 Tahun 2021 PASAL 75
300292105076,PP No 29 Tahun 2021 PASAL 76
300292105077,PP No 29 Tahun 2021 PASAL 77
300292105078,PP No 29 Tahun 2021 PASAL 78
300292105079,PP No 29 Tahun 2021 PASAL 79
300292105080,PP No 29 Tahun 2021 PASAL 80
300292105081,PP No 29 Tahun 2021 PASAL 81
300292105082,PP No 29 Tahun 2021 PASAL 82
300292105083,PP No 29 Tahun 2021 PASAL 83
300292105084,PP No 29 Tahun 2021 PASAL 84
300292105085,PP No 29 Tahun 2021 PASAL 85
300292105086,PP No 29 Tahun 2021 PASAL 86
300292105087,PP No 29 Tahun 2021 PASAL 87
300292105088,PP No 29 Tahun 2021 PASAL 88
300292105089,PP No 29 Tahun 2021 PASAL 89
300292105090,PP No 29 Tahun 2021 PASAL 90
300292105091,PP No 29 Tahun 2021 PASAL 91
300292105092,PP No 29 Tahun 2021 PASAL 92
300292105093,PP No 29 Tahun 2021 PASAL 93
300292105094,PP No 29 Tahun 2021 PASAL 94
300292105095,PP No 29 Tahun 2021 PASAL 95
300292105096,PP No 29 Tahun 2021 PASAL 96
300292105097,PP No 29 Tahun 2021 PASAL 97
300292105098,PP No 29 Tahun 2021 PASAL 98
300292105099,PP No 29 Tahun 2021 PASAL 99
300292106000,PP No 29 Tahun 2021 PASAL 100
300292106001,PP No 29 Tahun 2021 PASAL 101
300292106002,PP No 29 Tahun 2021 PASAL 102
300292107003,PP No 29 Tahun 2021 PASAL 103
300292107004,PP No 29 Tahun 2021 PASAL 104
300292107005,PP No 29 Tahun 2021 PASAL 105
300292107006,PP No 29 Tahun 2021 PASAL 106
300292108007,PP No 29 Tahun 2021 PASAL 107
300292108008,PP No 29 Tahun 2021 PASAL 108
300292108009,PP No 29 Tahun 2021 PASAL 109
300292108010,PP No 29 Tahun 2021 PASAL 110
300292108011,PP No 29 Tahun 2021 PASAL 111
300292108012,PP No 29 Tahun 2021 PASAL 112
300292109013,PP No 29 Tahun 2021 PASAL 113
300292109014,PP No 29 Tahun 2021 PASAL 114
300292109015,PP No 29 Tahun 2021 PASAL 115
300292109016,PP No 29 Tahun 2021 PASAL 116
300292109017,PP No 29 Tahun 2021 PASAL 117
300292109018,PP No 29 Tahun 2021 PASAL 118
300292109019,PP No 29 Tahun 2021 PASAL 119
300292109020,PP No 29 Tahun 2021 PASAL 120
300292109021,PP No 29 Tahun 2021 PASAL 121
300292109022,PP No 29 Tahun 2021 PASAL 122
300292109023,PP No 29 Tahun 2021 PASAL 123
300292109024,PP No 29 Tahun 2021 PASAL 124
300292109025,PP No 29 Tahun 2021 PASAL 125
300292109026,PP No 29 Tahun 2021 PASAL 126
300292109027,PP No 29 Tahun 2021 PASAL 127
300292110028,PP No 29 Tahun 2021 PASAL 128
300292110029,PP No 29 Tahun 2021 PASAL 129
300292110030,PP No 29 Tahun 2021 PASAL 130
300292110031,PP No 29 Tahun 2021 PASAL 131
300292110032,PP No 29 Tahun 2021 PASAL 132
300292110033,PP No 29 Tahun 2021 PASAL 133
300292110034,PP No 29 Tahun 2021 PASAL 134
300292110035,PP No 29 Tahun 2021 PASAL 135
300292110036,PP No 29 Tahun 2021 PASAL 136
300292110037,PP No 29 Tahun 2021 PASAL 137
300292111038,PP No 29 Tahun 2021 PASAL 138
300292111039,PP No 29 Tahun 2021 PASAL 139
300292111040,PP No 29 Tahun 2021 PASAL 140
300292111041,PP No 29 Tahun 2021 PASAL 141
300292111042,PP No 29 Tahun 2021 PASAL 142
300292111043,PP No 29 Tahun 2021 PASAL 143
300292111044,PP No 29 Tahun 2021 PASAL 144
300292111045,PP No 29 Tahun 2021 PASAL 145
300292111046,PP No 29 Tahun 2021 PASAL 146
300292111047,PP No 29 Tahun 2021 PASAL 147
300292111048,PP No 29 Tahun 2021 PASAL 148
300292111049,PP No 29 Tahun 2021 PASAL 149
300292111050,PP No 29 Tahun 2021 PASAL 150
300292111051,PP No 29 Tahun 2021 PASAL 151
300292111052,PP No 29 Tahun 2021 PASAL 152
300292111053,PP No 29 Tahun 2021 PASAL 153
300292111054,PP No 29 Tahun 2021 PASAL 154
300292111055,PP No 29 Tahun 2021 PASAL 155
300292111056,PP No 29 Tahun 2021 PASAL 156
300292111057,PP No 29 Tahun 2021 PASAL 157
300292111058,PP No 29 Tahun 2021 PASAL 158
300292111059,PP No 29 Tahun 2021 PASAL 159
300292111060,PP No 29 Tahun 2021 PASAL 160
300292111061,PP No 29 Tahun 2021 PASAL 161
300292111062,PP No 29 Tahun 2021 PASAL 162
300292111063,PP No 29 Tahun 2021 PASAL 163
300292111064,PP No 29 Tahun 2021 PASAL 164
300292111065,PP No 29 Tahun 2021 PASAL 165
300292112066,PP No 29 Tahun 2021 PASAL 166
300292112067,PP No 29 Tahun 2021 PASAL 167
300292112068,PP No 29 Tahun 2021 PASAL 168
300292112069,PP No 29 Tahun 2021 PASAL 169
300292112070,PP No 29 Tahun 2021 PASAL 170
300292112071,PP No 29 Tahun 2021 PASAL 171
300292112072,PP No 29 Tahun 2021 PASAL 172
300292112073,PP No 29 Tahun 2021 PASAL 173
300292113074,PP No 29 Tahun 2021 PASAL 174
300292113075,PP No 29 Tahun 2021 PASAL 175
300292114076,PP No 29 Tahun 2021 PASAL 176
300292115077,PP No 29 Tahun 2021 PASAL 177
300292115078,PP No 29 Tahun 2021 PASAL 178
300292115079,PP No 29 Tahun 2021 PASAL 179
300330501001,PP No 33 Tahun 2005 PASAL 1
300330501002,PP No 33 Tahun 2005 PASAL 2
300330501003,PP No 33 Tahun 2005 PASAL 3
300330501004,PP No 33 Tahun 2005 PASAL 4
300330502005,PP No 33 Tahun 2005 PASAL 5
300330502006,PP No 33 Tahun 2005 PASAL 6
300330503007,PP No 33 Tahun 2005 PASAL 7
300330503008,PP No 33 Tahun 2005 PASAL 8
300330503009,PP No 33 Tahun 2005 PASAL 9
300330504010,PP No 33 Tahun 2005 PASAL 10
300330504011,PP No 33 Tahun 2005 PASAL 11
300330504012,PP No 33 Tahun 2005 PASAL 12
300330504013,PP No 33 Tahun 2005 PASAL 13
300330504014,PP No 33 Tahun 2005 PASAL 14
300330504015,PP No 33 Tahun 2005 PASAL 15
300330504016,PP No 33 Tahun 2005 PASAL 16
300330504017,PP No 33 Tahun 2005 PASAL 17
300330504018,PP No 33 Tahun 2005 PASAL 18
300330504019,PP No 33 Tahun 2005 PASAL 19
300330504020,PP No 33 Tahun 2005 PASAL 20
300330504021,PP No 33 Tahun 2005 PASAL 21
300330504022,PP No 33 Tahun 2005 PASAL 22
300330505023,PP No 33 Tahun 2005 PASAL 23
300330505024,PP No 33 Tahun 2005 PASAL 24
300330506025,PP No 33 Tahun 2005 PASAL 25
300330507026,PP No 33 Tahun 2005 PASAL 26
300040301001,PP No 4 Tahun 2003 PASAL 1
300040301002,PP No 4 Tahun 2003 PASAL 2
300040301003,PP No 4 Tahun 2003 PASAL 3
300040302004,PP No 4 Tahun 2003 PASAL 4
300040303005,PP No 4 Tahun 2003 PASAL 5
300040303006,PP No 4 Tahun 2003 PASAL 6
300342101001,PP No 34 Tahun 2021 PASAL 1
300342102002,PP No 34 Tahun 2021 PASAL 2
300342102003,PP No 34 Tahun 2021 PASAL 3
300342102004,PP No 34 Tahun 2021 PASAL 4
300342102005,PP No 34 Tahun 2021 PASAL 5
300342102006,PP No 34 Tahun 2021 PASAL 6
300342102007,PP No 34 Tahun 2021 PASAL 7
300342102008,PP No 34 Tahun 2021 PASAL 8
300342102009,PP No 34 Tahun 2021 PASAL 9
300342102010,PP No 34 Tahun 2021 PASAL 10
300342102011,PP No 34 Tahun 2021 PASAL 11
300342103012,PP No 34 Tahun 2021 PASAL 12
300342103013,PP No 34 Tahun 2021 PASAL 13
300342103014,PP No 34 Tahun 2021 PASAL 14
300342103015,PP No 34 Tahun 2021 PASAL 15
300342103016,PP No 34 Tahun 2021 PASAL 16
300342103017,PP No 34 Tahun 2021 PASAL 17
300342103018,PP No 34 Tahun 2021 PASAL 18
300342103019,PP No 34 Tahun 2021 PASAL 19
300342103020,PP No 34 Tahun 2021 PASAL 20
300342103021,PP No 34 Tahun 2021 PASAL 21
300342103022,PP No 34 Tahun 2021 PASAL 22
300342103023,PP No 34 Tahun 2021 PASAL 23
300342103024,PP No 34 Tahun 2021 PASAL 24
300342103025,PP No 34 Tahun 2021 PASAL 25
300342103026,PP No 34 Tahun 2021 PASAL 26
300342104027,PP No 34 Tahun 2021 PASAL 27
300342105028,PP No 34 Tahun 2021 PASAL 28
300342105029,PP No 34 Tahun 2021 PASAL 29
300342105030,PP No 34 Tahun 2021 PASAL 30
300342105031,PP No 34 Tahun 2021 PASAL 31
300342106032,PP No 34 Tahun 2021 PASAL 32
300342106033,PP No 34 Tahun 2021 PASAL 33
300342106034,PP No 34 Tahun 2021 PASAL 34
300342106035,PP No 34 Tahun 2021 PASAL 35
300342107036,PP No 34 Tahun 2021 PASAL 36
300342107037,PP No 34 Tahun 2021 PASAL 37
300342107038,PP No 34 Tahun 2021 PASAL 38
300342107039,PP No 34 Tahun 2021 PASAL 39
300342107040,PP No 34 Tahun 2021 PASAL 40
300342107041,PP No 34 Tahun 2021 PASAL 41
300342107042,PP No 34 Tahun 2021 PASAL 42
300342108043,PP No 34 Tahun 2021 PASAL 43
300342109044,PP No 34 Tahun 2021 PASAL 44
300342110045,PP No 34 Tahun 2021 PASAL 45
300342111046,PP No 34 Tahun 2021 PASAL 46
300342111047,PP No 34 Tahun 2021 PASAL 47
300342111048,PP No 34 Tahun 2021 PASAL 48
300352106060,PP No 35 Tahun 2021 PASAL 60
300352107061,PP No 35 Tahun 2021 PASAL 61
300352107062,PP No 35 Tahun 2021 PASAL 62
300352108063,PP No 35 Tahun 2021 PASAL 63
300352109064,PP No 35 Tahun 2021 PASAL 64
300352109065,PP No 35 Tahun 2021 PASAL 65
300352109066,PP No 35 Tahun 2021 PASAL 66
300362101001,PP No 36 Tahun 2021 PASAL 1
300362101002,PP No 36 Tahun 2021 PASAL 2
300362101003,PP No 36 Tahun 2021 PASAL 3
300362102004,PP No 36 Tahun 2021 PASAL 4
300362102005,PP No 36 Tahun 2021 PASAL 5
300362102006,PP No 36 Tahun 2021 PASAL 6
300362102007,PP No 36 Tahun 2021 PASAL 7
300362102008,PP No 36 Tahun 2021 PASAL 8
300362102009,PP No 36 Tahun 2021 PASAL 9
300362102010,PP No 36 Tahun 2021 PASAL 10
300362102011,PP No 36 Tahun 2021 PASAL 11
300362102012,PP No 36 Tahun 2021 PASAL 12
300362102013,PP No 36 Tahun 2021 PASAL 13
300362103014,PP No 36 Tahun 2021 PASAL 14
300362103015,PP No 36 Tahun 2021 PASAL 15
300362103016,PP No 36 Tahun 2021 PASAL 16
300362103017,PP No 36 Tahun 2021 PASAL 17
300362103018,PP No 36 Tahun 2021 PASAL 18
300362103019,PP No 36 Tahun 2021 PASAL 19
300362104020,PP No 36 Tahun 2021 PASAL 20
300362104021,PP No 36 Tahun 2021 PASAL 21
300362104022,PP No 36 Tahun 2021 PASAL 22
300362105023,PP No 36 Tahun 2021 PASAL 23
300362105024,PP No 36 Tahun 2021 PASAL 24
300362105025,PP No 36 Tahun 2021 PASAL 25
300362105026,PP No 36 Tahun 2021 PASAL 26
300362105027,PP No 36 Tahun 2021 PASAL 27
300362105028,PP No 36 Tahun 2021 PASAL 28
300362105029,PP No 36 Tahun 2021 PASAL 29
300362105030,PP No 36 Tahun 2021 PASAL 30
300362105031,PP No 36 Tahun 2021 PASAL 31
300362105032,PP No 36 Tahun 2021 PASAL 32
300362105033,PP No 36 Tahun 2021 PASAL 33
300362105034,PP No 36 Tahun 2021 PASAL 34
300362105035,PP No 36 Tahun 2021 PASAL 35
300362106036,PP No 36 Tahun 2021 PASAL 36
300362106037,PP No 36 Tahun 2021 PASAL 37
300362106038,PP No 36 Tahun 2021 PASAL 38
300362107039,PP No 36 Tahun 2021 PASAL 39
300362107040,PP No 36 Tahun 2021 PASAL 40
300362107041,PP No 36 Tahun 2021 PASAL 41
300362107042,PP No 36 Tahun 2021 PASAL 42
300362107043,PP No 36 Tahun 2021 PASAL 43
300362107044,PP No 36 Tahun 2021 PASAL 44
300362107045,PP No 36 Tahun 2021 PASAL 45
300362107046,PP No 36 Tahun 2021 PASAL 46
300362107047,PP No 36 Tahun 2021 PASAL 47
300362107048,PP No 36 Tahun 2021 PASAL 48
300362107049,PP No 36 Tahun 2021 PASAL 49
300362107050,PP No 36 Tahun 2021 PASAL 50
300362107051,PP No 36 Tahun 2021 PASAL 51
300362107052,PP No 36 Tahun 2021 PASAL 52
300362108053,PP No 36 Tahun 2021 PASAL 53
300362108054,PP No 36 Tahun 2021 PASAL 54
300362108055,PP No 36 Tahun 2021 PASAL 55
300362108056,PP No 36 Tahun 2021 PASAL 56
300362108057,PP No 36 Tahun 2021 PASAL 57
300362109058,PP No 36 Tahun 2021 PASAL 58
300362109059,PP No 36 Tahun 2021 PASAL 59
300362109060,PP No 36 Tahun 2021 PASAL 60
300362109061,PP No 36 Tahun 2021 PASAL 61
300362109062,PP No 36 Tahun 2021 PASAL 62
300362109063,PP No 36 Tahun 2021 PASAL 63
300362109064,PP No 36 Tahun 2021 PASAL 64
300362109065,PP No 36 Tahun 2021 PASAL 65
300362110066,PP No 36 Tahun 2021 PASAL 66
300362110067,PP No 36 Tahun 2021 PASAL 67
300362110068,PP No 36 Tahun 2021 PASAL 68
300362111069,PP No 36 Tahun 2021 PASAL 69
300362111070,PP No 36 Tahun 2021 PASAL 70
300362111071,PP No 36 Tahun 2021 PASAL 71
300362111072,PP No 36 Tahun 2021 PASAL 72
300362111073,PP No 36 Tahun 2021 PASAL 73
300362111074,PP No 36 Tahun 2021 PASAL 74
300362111075,PP No 36 Tahun 2021 PASAL 75
300362111076,PP No 36 Tahun 2021 PASAL 76
300362111077,PP No 36 Tahun 2021 PASAL 77
300362112078,PP No 36 Tahun 2021 PASAL 78
300362113079,PP No 36 Tahun 2021 PASAL 79
300362113080,PP No 36 Tahun 2021 PASAL 80
300362113081,PP No 36 Tahun 2021 PASAL 81
300362114082,PP No 36 Tahun 2021 PASAL 82
300362114083,PP No 36 Tahun 2021 PASAL 83
300362115084,PP No 36 Tahun 2021 PASAL 84
300362115085,PP No 36 Tahun 2021 PASAL 85
300362115086,PP No 36 Tahun 2021 PASAL 86
300372101001,PP No 37 Tahun 2021 PASAL 1
300372101002,PP No 37 Tahun 2021 PASAL 2
300372101003,PP No 37 Tahun 2021 PASAL 3
300372102004,PP No 37 Tahun 2021 PASAL 4
300372102005,PP No 37 Tahun 2021 PASAL 5
300372102006,PP No 37 Tahun 2021 PASAL 6
300372102007,PP No 37 Tahun 2021 PASAL 7
300372102008,PP No 37 Tahun 2021 PASAL 8
300372102009,PP No 37 Tahun 2021 PASAL 9
300372102010,PP No 37 Tahun 2021 PASAL 10
300372103011,PP No 37 Tahun 2021 PASAL 11
300372103012,PP No 37 Tahun 2021 PASAL 12
300372103013,PP No 37 Tahun 2021 PASAL 13
300372103014,PP No 37 Tahun 2021 PASAL 14
300372103015,PP No 37 Tahun 2021 PASAL 15
300372103016,PP No 37 Tahun 2021 PASAL 16
300372103017,PP No 37 Tahun 2021 PASAL 17
300372104018,PP No 37 Tahun 2021 PASAL 18
300372104019,PP No 37 Tahun 2021 PASAL 19
300372104020,PP No 37 Tahun 2021 PASAL 20
300372104021,PP No 37 Tahun 2021 PASAL 21
300372104022,PP No 37 Tahun 2021 PASAL 22
300372104023,PP No 37 Tahun 2021 PASAL 23
300372104024,PP No 37 Tahun 2021 PASAL 24
300372104025,PP No 37 Tahun 2021 PASAL 25
300372104026,PP No 37 Tahun 2021 PASAL 26
300372104027,PP No 37 Tahun 2021 PASAL 27
300372104028,PP No 37 Tahun 2021 PASAL 28
300372104029,PP No 37 Tahun 2021 PASAL 29
300372104030,PP No 37 Tahun 2021 PASAL 30
300372104031,PP No 37 Tahun 2021 PASAL 31
300372104032,PP No 37 Tahun 2021 PASAL 32
300372104033,PP No 37 Tahun 2021 PASAL 33
300372104034,PP No 37 Tahun 2021 PASAL 34
300372104035,PP No 37 Tahun 2021 PASAL 35
300372104036,PP No 37 Tahun 2021 PASAL 36
300372104037,PP No 37 Tahun 2021 PASAL 37
300372104038,PP No 37 Tahun 2021 PASAL 38
300372104039,PP No 37 Tahun 2021 PASAL 39
300372104040,PP No 37 Tahun 2021 PASAL 40
300372104041,PP No 37 Tahun 2021 PASAL 41
300372105042,PP No 37 Tahun 2021 PASAL 42
300372105043,PP No 37 Tahun 2021 PASAL 43
300372106044,PP No 37 Tahun 2021 PASAL 44
300372107045,PP No 37 Tahun 2021 PASAL 45
300372108046,PP No 37 Tahun 2021 PASAL 46
300372108047,PP No 37 Tahun 2021 PASAL 47
300372109048,PP No 37 Tahun 2021 PASAL 48
300372109049,PP No 37 Tahun 2021 PASAL 49
300372109050,PP No 37 Tahun 2021 PASAL 50
300501201001,PP No 50 Tahun 2012 PASAL 1
300501201002,PP No 50 Tahun 2012 PASAL 2
300501201003,PP No 50 Tahun 2012 PASAL 3
300501202004,PP No 50 Tahun 2012 PASAL 4
300501202005,PP No 50 Tahun 2012 PASAL 5
300501202006,PP No 50 Tahun 2012 PASAL 6
300501202007,PP No 50 Tahun 2012 PASAL 7
300501202008,PP No 50 Tahun 2012 PASAL 8
300501202009,PP No 50 Tahun 2012 PASAL 9
300501202010,PP No 50 Tahun 2012 PASAL 10
300501202011,PP No 50 Tahun 2012 PASAL 11
300501202012,PP No 50 Tahun 2012 PASAL 12
300501202013,PP No 50 Tahun 2012 PASAL 13
300501202014,PP No 50 Tahun 2012 PASAL 14
300501202015,PP No 50 Tahun 2012 PASAL 15
300501203016,PP No 50 Tahun 2012 PASAL 16
300501200017,PP No 50 Tahun 2012 PASAL 17
300501204018,PP No 50 Tahun 2012 PASAL 18
300501204019,PP No 50 Tahun 2012 PASAL 19
300501204020,PP No 50 Tahun 2012 PASAL 20
300501205021,PP No 50 Tahun 2012 PASAL 21
300501206022,PP No 50 Tahun 2012 PASAL 22
100130301001,UU No 13 Tahun 2003 PASAL 1
100130302002,UU No 13 Tahun 2003 PASAL 2
100130302003,UU No 13 Tahun 2003 PASAL 3
100130302004,UU No 13 Tahun 2003 PASAL 4
100130303005,UU No 13 Tahun 2003 PASAL 5
100130303006,UU No 13 Tahun 2003 PASAL 6
100130304007,UU No 13 Tahun 2003 PASAL 7
100130304008,UU No 13 Tahun 2003 PASAL 8
100130305009,UU No 13 Tahun 2003 PASAL 9
100130305010,UU No 13 Tahun 2003 PASAL 10
100130305011,UU No 13 Tahun 2003 PASAL 11
100130305012,UU No 13 Tahun 2003 PASAL 12
100130305013,UU No 13 Tahun 2003 PASAL 13
100130305014,UU No 13 Tahun 2003 PASAL 14
100130305015,UU No 13 Tahun 2003 PASAL 15
100130305016,UU No 13 Tahun 2003 PASAL 16
100130305017,UU No 13 Tahun 2003 PASAL 17
100130305018,UU No 13 Tahun 2003 PASAL 18
100130305019,UU No 13 Tahun 2003 PASAL 19
100130305020,UU No 13 Tahun 2003 PASAL 20
100130305021,UU No 13 Tahun 2003 PASAL 21
100130305022,UU No 13 Tahun 2003 PASAL 22
100130305023,UU No 13 Tahun 2003 PASAL 23
100130305024,UU No 13 Tahun 2003 PASAL 24
100130305025,UU No 13 Tahun 2003 PASAL 25
100130305026,UU No 13 Tahun 2003 PASAL 26
100130305027,UU No 13 Tahun 2003 PASAL 27
100130305028,UU No 13 Tahun 2003 PASAL 28
100130305029,UU No 13 Tahun 2003 PASAL 29
100130305030,UU No 13 Tahun 2003 PASAL 30
100130306031,UU No 13 Tahun 2003 PASAL 31
100130306032,UU No 13 Tahun 2003 PASAL 32
100130306034,UU No 13 Tahun 2003 PASAL 34
100130306035,UU No 13 Tahun 2003 PASAL 35
100130306036,UU No 13 Tahun 2003 PASAL 36
100130306037,UU No 13 Tahun 2003 PASAL 37
100130306038,UU No 13 Tahun 2003 PASAL 38
100130307039,UU No 13 Tahun 2003 PASAL 39
100130307040,UU No 13 Tahun 2003 PASAL 40
100130307041,UU No 13 Tahun 2003 PASAL 41
100130308042,UU No 13 Tahun 2003 PASAL 42
100130308043,UU No 13 Tahun 2003 PASAL 43
100130308044,UU No 13 Tahun 2003 PASAL 44
100130308045,UU No 13 Tahun 2003 PASAL 45
100130308046,UU No 13 Tahun 2003 PASAL 46
100130308047,UU No 13 Tahun 2003 PASAL 47
100130308048,UU No 13 Tahun 2003 PASAL 48
100130308049,UU No 13 Tahun 2003 PASAL 49
100130309050,UU No 13 Tahun 2003 PASAL 50
100130309051,UU No 13 Tahun 2003 PASAL 51
100130309052,UU No 13 Tahun 2003 PASAL 52
100130309053,UU No 13 Tahun 2003 PASAL 53
100130309054,UU No 13 Tahun 2003 PASAL 54
100130309055,UU No 13 Tahun 2003 PASAL 55
100130309056,UU No 13 Tahun 2003 PASAL 56
100130309057,UU No 13 Tahun 2003 PASAL 57
100130309058,UU No 13 Tahun 2003 PASAL 58
100130309059,UU No 13 Tahun 2003 PASAL 59
100130309060,UU No 13 Tahun 2003 PASAL 60
100130309061,UU No 13 Tahun 2003 PASAL 61
100130309063,UU No 13 Tahun 2003 PASAL 63
100130309064,UU No 13 Tahun 2003 PASAL 64
100130309065,UU No 13 Tahun 2003 PASAL 65
100130309066,UU No 13 Tahun 2003 PASAL 66
100130310067,UU No 13 Tahun 2003 PASAL 67
100130310068,UU No 13 Tahun 2003 PASAL 68
100130310069,UU No 13 Tahun 2003 PASAL 69
100130310070,UU No 13 Tahun 2003 PASAL 70
100130310071,UU No 13 Tahun 2003 PASAL 71
100130310072,UU No 13 Tahun 2003 PASAL 72
100130310073,UU No 13 Tahun 2003 PASAL 73
100130310074,UU No 13 Tahun 2003 PASAL 74
100130310075,UU No 13 Tahun 2003 PASAL 75
100130310076,UU No 13 Tahun 2003 PASAL 76
100130310077,UU No 13 Tahun 2003 PASAL 77
100130310078,UU No 13 Tahun 2003 PASAL 78
100130310079,UU No 13 Tahun 2003 PASAL 79
100130310080,UU No 13 Tahun 2003 PASAL 80
100130310081,UU No 13 Tahun 2003 PASAL 81
100130310082,UU No 13 Tahun 2003 PASAL 82
100130310083,UU No 13 Tahun 2003 PASAL 83
100130310084,UU No 13 Tahun 2003 PASAL 84
100130310085,UU No 13 Tahun 2003 PASAL 85
100130310086,UU No 13 Tahun 2003 PASAL 86
100130310087,UU No 13 Tahun 2003 PASAL 87
100130310088,UU No 13 Tahun 2003 PASAL 88
100130310089,UU No 13 Tahun 2003 PASAL 89
100130310090,UU No 13 Tahun 2003 PASAL 90
100130310091,UU No 13 Tahun 2003 PASAL 91
100130310092,UU No 13 Tahun 2003 PASAL 92
100130310093,UU No 13 Tahun 2003 PASAL 93
100130310094,UU No 13 Tahun 2003 PASAL 94
100130310095,UU No 13 Tahun 2003 PASAL 95
100130310096,UU No 13 Tahun 2003 PASAL 96
100130310097,UU No 13 Tahun 2003 PASAL 97
100130310098,UU No 13 Tahun 2003 PASAL 98
100130310099,UU No 13 Tahun 2003 PASAL 99
100130310100,UU No 13 Tahun 2003 PASAL 100
100130310101,UU No 13 Tahun 2003 PASAL 101
100130311102,UU No 13 Tahun 2003 PASAL 102
100130311103,UU No 13 Tahun 2003 PASAL 103
100130311104,UU No 13 Tahun 2003 PASAL 104
100130311105,UU No 13 Tahun 2003 PASAL 105
100130311106,UU No 13 Tahun 2003 PASAL 106
100130311107,UU No 13 Tahun 2003 PASAL 107
100130311108,UU No 13 Tahun 2003 PASAL 108
100130311109,UU No 13 Tahun 2003 PASAL 109
100130311110,UU No 13 Tahun 2003 PASAL 110
100130311111,UU No 13 Tahun 2003 PASAL 111
100130311112,UU No 13 Tahun 2003 PASAL 112
100130311113,UU No 13 Tahun 2003 PASAL 113
100130311114,UU No 13 Tahun 2003 PASAL 114
100130311115,UU No 13 Tahun 2003 PASAL 115
100130311116,UU No 13 Tahun 2003 PASAL 116
100130311117,UU No 13 Tahun 2003 PASAL 117
100130311118,UU No 13 Tahun 2003 PASAL 118
100130311119,UU No 13 Tahun 2003 PASAL 119
100130311120,UU No 13 Tahun 2003 PASAL 120
100130311121,UU No 13 Tahun 2003 PASAL 121
100130311122,UU No 13 Tahun 2003 PASAL 122
100130311123,UU No 13 Tahun 2003 PASAL 123
100130311124,UU No 13 Tahun 2003 PASAL 124
100130311125,UU No 13 Tahun 2003 PASAL 125
100130311126,UU No 13 Tahun 2003 PASAL 126
100130311127,UU No 13 Tahun 2003 PASAL 127
100130311128,UU No 13 Tahun 2003 PASAL 128
100130311129,UU No 13 Tahun 2003 PASAL 129
100130311130,UU No 13 Tahun 2003 PASAL 130
100130311131,UU No 13 Tahun 2003 PASAL 131
100130311132,UU No 13 Tahun 2003 PASAL 132
100130311134,UU No 13 Tahun 2003 PASAL 134
100130311135,UU No 13 Tahun 2003 PASAL 135
100130311136,UU No 13 Tahun 2003 PASAL 136
100130311137,UU No 13 Tahun 2003 PASAL 137
100130311138,UU No 13 Tahun 2003 PASAL 138
100130311139,UU No 13 Tahun 2003 PASAL 139
100130311140,UU No 13 Tahun 2003 PASAL 140
100130311141,UU No 13 Tahun 2003 PASAL 141
100130311142,UU No 13 Tahun 2003 PASAL 142
100130311143,UU No 13 Tahun 2003 PASAL 143
100130311144,UU No 13 Tahun 2003 PASAL 144
100130311145,UU No 13 Tahun 2003 PASAL 145
100130311146,UU No 13 Tahun 2003 PASAL 146
100130311147,UU No 13 Tahun 2003 PASAL 147
100130311148,UU No 13 Tahun 2003 PASAL 148
100130311149,UU No 13 Tahun 2003 PASAL 149
100130312150,UU No 13 Tahun 2003 PASAL 150
100130312151,UU No 13 Tahun 2003 PASAL 151
100130312152,UU No 13 Tahun 2003 PASAL 152
100130312153,UU No 13 Tahun 2003 PASAL 153
100130312154,UU No 13 Tahun 2003 PASAL 154
100130312155,UU No 13 Tahun 2003 PASAL 155
100130312156,UU No 13 Tahun 2003 PASAL 156
100130312157,UU No 13 Tahun 2003 PASAL 157
100130312158,UU No 13 Tahun 2003 PASAL 158
100130312159,UU No 13 Tahun 2003 PASAL 159
100130312160,UU No 13 Tahun 2003 PASAL 160
100130312161,UU No 13 Tahun 2003 PASAL 161
100130312162,UU No 13 Tahun 2003 PASAL 162
100130312163,UU No 13 Tahun 2003 PASAL 163
100130312164,UU No 13 Tahun 2003 PASAL 164
100130312165,UU No 13 Tahun 2003 PASAL 165
100130312166,UU No 13 Tahun 2003 PASAL 166
100130312167,UU No 13 Tahun 2003 PASAL 167
100130312168,UU No 13 Tahun 2003 PASAL 168
100130312169,UU No 13 Tahun 2003 PASAL 169
100130312170,UU No 13 Tahun 2003 PASAL 170
100130312171,UU No 13 Tahun 2003 PASAL 171
100130312172,UU No 13 Tahun 2003 PASAL 172
100130313173,UU No 13 Tahun 2003 PASAL 173
100130313174,UU No 13 Tahun 2003 PASAL 174
100130313175,UU No 13 Tahun 2003 PASAL 175
100130314176,UU No 13 Tahun 2003 PASAL 176
100130314177,UU No 13 Tahun 2003 PASAL 177
100130314178,UU No 13 Tahun 2003 PASAL 178
100130314179,UU No 13 Tahun 2003 PASAL 179
100130314180,UU No 13 Tahun 2003 PASAL 180
100130314181,UU No 13 Tahun 2003 PASAL 181
100130315182,UU No 13 Tahun 2003 PASAL 182
100130316183,UU No 13 Tahun 2003 PASAL 183
100130316184,UU No 13 Tahun 2003 PASAL 184
100130316185,UU No 13 Tahun 2003 PASAL 185
100130316186,UU No 13 Tahun 2003 PASAL 186
100130316187,UU No 13 Tahun 2003 PASAL 187
100130316188,UU No 13 Tahun 2003 PASAL 188
100130316189,UU No 13 Tahun 2003 PASAL 189
100130316190,UU No 13 Tahun 2003 PASAL 190
100130317191,UU No 13 Tahun 2003 PASAL 191
100130318192,UU No 13 Tahun 2003 PASAL 192
100130318193,UU No 13 Tahun 2003 PASAL 193
100141901001,UU No 14 Tahun 2019 PASAL 1
100141901002,UU No 14 Tahun 2019 PASAL 2
100141901003,UU No 14 Tahun 2019 PASAL 3
100141902004,UU No 14 Tahun 2019 PASAL 4
100141902005,UU No 14 Tahun 2019 PASAL 5
100141902006,UU No 14 Tahun 2019 PASAL 6
100141902007,UU No 14 Tahun 2019 PASAL 7
100141902008,UU No 14 Tahun 2019 PASAL 8
100141902009,UU No 14 Tahun 2019 PASAL 9
100141902010,UU No 14 Tahun 2019 PASAL 10
100141902011,UU No 14 Tahun 2019 PASAL 11
100141902012,UU No 14 Tahun 2019 PASAL 12
100141902013,UU No 14 Tahun 2019 PASAL 13
100141902014,UU No 14 Tahun 2019 PASAL 14
100141903015,UU No 14 Tahun 2019 PASAL 15
100141903016,UU No 14 Tahun 2019 PASAL 16
100141903017,UU No 14 Tahun 2019 PASAL 17
100141903018,UU No 14 Tahun 2019 PASAL 18
100141904019,UU No 14 Tahun 2019 PASAL 19
100141904020,UU No 14 Tahun 2019 PASAL 20
100141904021,UU No 14 Tahun 2019 PASAL 21
100141904022,UU No 14 Tahun 2019 PASAL 22
100141904023,UU No 14 Tahun 2019 PASAL 23
100141904024,UU No 14 Tahun 2019 PASAL 24
100141904025,UU No 14 Tahun 2019 PASAL 25
100141904026,UU No 14 Tahun 2019 PASAL 26
100141904027,UU No 14 Tahun 2019 PASAL 27
100141905028,UU No 14 Tahun 2019 PASAL 28
100141905029,UU No 14 Tahun 2019 PASAL 29
100141905030,UU No 14 Tahun 2019 PASAL 30
100141905031,UU No 14 Tahun 2019 PASAL 31
100141905032,UU No 14 Tahun 2019 PASAL 32
100141905033,UU No 14 Tahun 2019 PASAL 33
100141905034,UU No 14 Tahun 2019 PASAL 34
100141905035,UU No 14 Tahun 2019 PASAL 35
100141905036,UU No 14 Tahun 2019 PASAL 36
100141905037,UU No 14 Tahun 2019 PASAL 37
100141905038,UU No 14 Tahun 2019 PASAL 38
100141905039,UU No 14 Tahun 2019 PASAL 39
100141905040,UU No 14 Tahun 2019 PASAL 40
100141906041,UU No 14 Tahun 2019 PASAL 41
100141906042,UU No 14 Tahun 2019 PASAL 42
100141906043,UU No 14 Tahun 2019 PASAL 43
100141906044,UU No 14 Tahun 2019 PASAL 44
100141906045,UU No 14 Tahun 2019 PASAL 45
100141907046,UU No 14 Tahun 2019 PASAL 46
100141907047,UU No 14 Tahun 2019 PASAL 47
100141907048,UU No 14 Tahun 2019 PASAL 48
100141908049,UU No 14 Tahun 2019 PASAL 49
100141908050,UU No 14 Tahun 2019 PASAL 50
100141909051,UU No 14 Tahun 2019 PASAL 51
100141909052,UU No 14 Tahun 2019 PASAL 52
100141909053,UU No 14 Tahun 2019 PASAL 53
100141909054,UU No 14 Tahun 2019 PASAL 54
100141909055,UU No 14 Tahun 2019 PASAL 55
100141909056,UU No 14 Tahun 2019 PASAL 56
100141910057,UU No 14 Tahun 2019 PASAL 57
100141910058,UU No 14 Tahun 2019 PASAL 58
100141911059,UU No 14 Tahun 2019 PASAL 59
100141911060,UU No 14 Tahun 2019 PASAL 60
100141911061,UU No 14 Tahun 2019 PASAL 61
100141911062,UU No 14 Tahun 2019 PASAL 62
100141912063,UU No 14 Tahun 2019 PASAL 63
100141912064,UU No 14 Tahun 2019 PASAL 64
100141912065,UU No 14 Tahun 2019 PASAL 65
100141912066,UU No 14 Tahun 2019 PASAL 66
100141912067,UU No 14 Tahun 2019 PASAL 67
100141912068,UU No 14 Tahun 2019 PASAL 68
100141912069,UU No 14 Tahun 2019 PASAL 69
100181701001,UU No 18 Tahun 2017 PASAL 1
100181701002,UU No 18 Tahun 2017 PASAL 2
100181701003,UU No 18 Tahun 2017 PASAL 3
100181702004,UU No 18 Tahun 2017 PASAL 4
100181702005,UU No 18 Tahun 2017 PASAL 5
100181702006,UU No 18 Tahun 2017 PASAL 6
100181703007,UU No 18 Tahun 2017 PASAL 7
100181703008,UU No 18 Tahun 2017 PASAL 8
100181703009,UU No 18 Tahun 2017 PASAL 9
100181703010,UU No 18 Tahun 2017 PASAL 10
100181703011,UU No 18 Tahun 2017 PASAL 11
100181703012,UU No 18 Tahun 2017 PASAL 12
100181703013,UU No 18 Tahun 2017 PASAL 13
100181703014,UU No 18 Tahun 2017 PASAL 14
100181703015,UU No 18 Tahun 2017 PASAL 15
100181703016,UU No 18 Tahun 2017 PASAL 16
100181703017,UU No 18 Tahun 2017 PASAL 17
100181703018,UU No 18 Tahun 2017 PASAL 18
100181703019,UU No 18 Tahun 2017 PASAL 19
100181703020,UU No 18 Tahun 2017 PASAL 20
100181703021,UU No 18 Tahun 2017 PASAL 21
100181703022,UU No 18 Tahun 2017 PASAL 22
100181703023,UU No 18 Tahun 2017 PASAL 23
100181703024,UU No 18 Tahun 2017 PASAL 24
100181703025,UU No 18 Tahun 2017 PASAL 25
100181703026,UU No 18 Tahun 2017 PASAL 26
100181703027,UU No 18 Tahun 2017 PASAL 27
100181703028,UU No 18 Tahun 2017 PASAL 28
100181703029,UU No 18 Tahun 2017 PASAL 29
100181703030,UU No 18 Tahun 2017 PASAL 30
100181703031,UU No 18 Tahun 2017 PASAL 31
100181703032,UU No 18 Tahun 2017 PASAL 32
100181703033,UU No 18 Tahun 2017 PASAL 33
100181703034,UU No 18 Tahun 2017 PASAL 34
100181703035,UU No 18 Tahun 2017 PASAL 35
100181703036,UU No 18 Tahun 2017 PASAL 36
100181703037,UU No 18 Tahun 2017 PASAL 37
100181704038,UU No 18 Tahun 2017 PASAL 38
100181705039,UU No 18 Tahun 2017 PASAL 39
100181705040,UU No 18 Tahun 2017 PASAL 40
100181705041,UU No 18 Tahun 2017 PASAL 41
100181705042,UU No 18 Tahun 2017 PASAL 42
100181705043,UU No 18 Tahun 2017 PASAL 43
100181706044,UU No 18 Tahun 2017 PASAL 44
100181706045,UU No 18 Tahun 2017 PASAL 45
100181706046,UU No 18 Tahun 2017 PASAL 46
100181706047,UU No 18 Tahun 2017 PASAL 47
100181706048,UU No 18 Tahun 2017 PASAL 48
100181707049,UU No 18 Tahun 2017 PASAL 49
100181707050,UU No 18 Tahun 2017 PASAL 50
100181707051,UU No 18 Tahun 2017 PASAL 51
100181707052,UU No 18 Tahun 2017 PASAL 52
100181707053,UU No 18 Tahun 2017 PASAL 53
100181707054,UU No 18 Tahun 2017 PASAL 54
100181707055,UU No 18 Tahun 2017 PASAL 55
100181707056,UU No 18 Tahun 2017 PASAL 56
100181707057,UU No 18 Tahun 2017 PASAL 57
100181707058,UU No 18 Tahun 2017 PASAL 58
100181707059,UU No 18 Tahun 2017 PASAL 59
100181707060,UU No 18 Tahun 2017 PASAL 60
100181707061,UU No 18 Tahun 2017 PASAL 61
100181707062,UU No 18 Tahun 2017 PASAL 62
100181707063,UU No 18 Tahun 2017 PASAL 63
100181707064,UU No 18 Tahun 2017 PASAL 64
100181707065,UU No 18 Tahun 2017 PASAL 65
100181707066,UU No 18 Tahun 2017 PASAL 66
100181707067,UU No 18 Tahun 2017 PASAL 67
100181707068,UU No 18 Tahun 2017 PASAL 68
100181707069,UU No 18 Tahun 2017 PASAL 69
100181707070,UU No 18 Tahun 2017 PASAL 70
100181707071,UU No 18 Tahun 2017 PASAL 71
100181707072,UU No 18 Tahun 2017 PASAL 72
100181707073,UU No 18 Tahun 2017 PASAL 73
100181707074,UU No 18 Tahun 2017 PASAL 74
100181708075,UU No 18 Tahun 2017 PASAL 75
100181708076,UU No 18 Tahun 2017 PASAL 76
100181709077,UU No 18 Tahun 2017 PASAL 77
100181710078,UU No 18 Tahun 2017 PASAL 78
100181711079,UU No 18 Tahun 2017 PASAL 79
100181711080,UU No 18 Tahun 2017 PASAL 80
100181711081,UU No 18 Tahun 2017 PASAL 81
100181711082,UU No 18 Tahun 2017 PASAL 82
100181711083,UU No 18 Tahun 2017 PASAL 83
100181711084,UU No 18 Tahun 2017 PASAL 84
100181711085,UU No 18 Tahun 2017 PASAL 85
100181711086,UU No 18 Tahun 2017 PASAL 86
100181711087,UU No 18 Tahun 2017 PASAL 87
100181712088,UU No 18 Tahun 2017 PASAL 88
100181713089,UU No 18 Tahun 2017 PASAL 89
100181713090,UU No 18 Tahun 2017 PASAL 90
100181713091,UU No 18 Tahun 2017 PASAL 91
100190301001,UU No 19 Tahun 2003 PASAL 1
100190301002,UU No 19 Tahun 2003 PASAL 2
100190301004,UU No 19 Tahun 2003 PASAL 4
100190301005,UU No 19 Tahun 2003 PASAL 5
100190301006,UU No 19 Tahun 2003 PASAL 6
100190301007,UU No 19 Tahun 2003 PASAL 7
100190301008,UU No 19 Tahun 2003 PASAL 8
100190301009,UU No 19 Tahun 2003 PASAL 9
100190302010,UU No 19 Tahun 2003 PASAL 10
100190302011,UU No 19 Tahun 2003 PASAL 11
100190302012,UU No 19 Tahun 2003 PASAL 12
100190302013,UU No 19 Tahun 2003 PASAL 13
100190302014,UU No 19 Tahun 2003 PASAL 14
100190302015,UU No 19 Tahun 2003 PASAL 15
100190302016,UU No 19 Tahun 2003 PASAL 16
100190302017,UU No 19 Tahun 2003 PASAL 17
100190302018,UU No 19 Tahun 2003 PASAL 18
100190302019,UU No 19 Tahun 2003 PASAL 19
100190302020,UU No 19 Tahun 2003 PASAL 20
100190302021,UU No 19 Tahun 2003 PASAL 21
100190302022,UU No 19 Tahun 2003 PASAL 22
100190302023,UU No 19 Tahun 2003 PASAL 23
100190302024,UU No 19 Tahun 2003 PASAL 24
100190302025,UU No 19 Tahun 2003 PASAL 25
100190302026,UU No 19 Tahun 2003 PASAL 26
100190302027,UU No 19 Tahun 2003 PASAL 27
100190302028,UU No 19 Tahun 2003 PASAL 28
100190302029,UU No 19 Tahun 2003 PASAL 29
100190302030,UU No 19 Tahun 2003 PASAL 30
100190302031,UU No 19 Tahun 2003 PASAL 31
100190302032,UU No 19 Tahun 2003 PASAL 32
100190302033,UU No 19 Tahun 2003 PASAL 33
100190302034,UU No 19 Tahun 2003 PASAL 34
100190303035,UU No 19 Tahun 2003 PASAL 35
100190303036,UU No 19 Tahun 2003 PASAL 36
100190303037,UU No 19 Tahun 2003 PASAL 37
100190303038,UU No 19 Tahun 2003 PASAL 38
100190303039,UU No 19 Tahun 2003 PASAL 39
100190303040,UU No 19 Tahun 2003 PASAL 40
100190303041,UU No 19 Tahun 2003 PASAL 41
100190303042,UU No 19 Tahun 2003 PASAL 42
100190303043,UU No 19 Tahun 2003 PASAL 43
100190303044,UU No 19 Tahun 2003 PASAL 44
100190303045,UU No 19 Tahun 2003 PASAL 45
100190303046,UU No 19 Tahun 2003 PASAL 46
100190303047,UU No 19 Tahun 2003 PASAL 47
100190303048,UU No 19 Tahun 2003 PASAL 48
100190303049,UU No 19 Tahun 2003 PASAL 49
100190303050,UU No 19 Tahun 2003 PASAL 50
100190303051,UU No 19 Tahun 2003 PASAL 51
100190303052,UU No 19 Tahun 2003 PASAL 52
100190303053,UU No 19 Tahun 2003 PASAL 53
100190303054,UU No 19 Tahun 2003 PASAL 54
100190303055,UU No 19 Tahun 2003 PASAL 55
100190303056,UU No 19 Tahun 2003 PASAL 56
100190303057,UU No 19 Tahun 2003 PASAL 57
100190303058,UU No 19 Tahun 2003 PASAL 58
100190303059,UU No 19 Tahun 2003 PASAL 59
100190303060,UU No 19 Tahun 2003 PASAL 60
100190303061,UU No 19 Tahun 2003 PASAL 61
100190303062,UU No 19 Tahun 2003 PASAL 62
100190304063,UU No 19 Tahun 2003 PASAL 63
100190304064,UU No 19 Tahun 2003 PASAL 64
100190304065,UU No 19 Tahun 2003 PASAL 65
100190305066,UU No 19 Tahun 2003 PASAL 66
100190306067,UU No 19 Tahun 2003 PASAL 67
100190306068,UU No 19 Tahun 2003 PASAL 68
100190306069,UU No 19 Tahun 2003 PASAL 69
100190306070,UU No 19 Tahun 2003 PASAL 70
100190307071,UU No 19 Tahun 2003 PASAL 71
100190308072,UU No 19 Tahun 2003 PASAL 72
100190308073,UU No 19 Tahun 2003 PASAL 73
100190308074,UU No 19 Tahun 2003 PASAL 74
100190308075,UU No 19 Tahun 2003 PASAL 75
100190308076,UU No 19 Tahun 2003 PASAL 76
100190308077,UU No 19 Tahun 2003 PASAL 77
100190308078,UU No 19 Tahun 2003 PASAL 78
100190308079,UU No 19 Tahun 2003 PASAL 79
100190308080,UU No 19 Tahun 2003 PASAL 80
100190308081,UU No 19 Tahun 2003 PASAL 81
100190308082,UU No 19 Tahun 2003 PASAL 82
100190308083,UU No 19 Tahun 2003 PASAL 83
100190308084,UU No 19 Tahun 2003 PASAL 84
100190308085,UU No 19 Tahun 2003 PASAL 85
100190308086,UU No 19 Tahun 2003 PASAL 86
100190309087,UU No 19 Tahun 2003 PASAL 87
100190309088,UU No 19 Tahun 2003 PASAL 88
100190309089,UU No 19 Tahun 2003 PASAL 89
100190309090,UU No 19 Tahun 2003 PASAL 90
100190309091,UU No 19 Tahun 2003 PASAL 91
100190309092,UU No 19 Tahun 2003 PASAL 92
100190310093,UU No 19 Tahun 2003 PASAL 93
100190311094,UU No 19 Tahun 2003 PASAL 94
100190311095,UU No 19 Tahun 2003 PASAL 95
100210001001,UU No 21 Tahun 2000 PASAL 1
100210002002,UU No 21 Tahun 2000 PASAL 2
100210002003,UU No 21 Tahun 2000 PASAL 3
100210002004,UU No 21 Tahun 2000 PASAL 4
100210003005,UU No 21 Tahun 2000 PASAL 5
100210003006,UU No 21 Tahun 2000 PASAL 6
100210003007,UU No 21 Tahun 2000 PASAL 7
100210003008,UU No 21 Tahun 2000 PASAL 8
100210003009,UU No 21 Tahun 2000 PASAL 9
100210003010,UU No 21 Tahun 2000 PASAL 10
100210003011,UU No 21 Tahun 2000 PASAL 11
100210004012,UU No 21 Tahun 2000 PASAL 12
100210004013,UU No 21 Tahun 2000 PASAL 13
100210004014,UU No 21 Tahun 2000 PASAL 14
100210004015,UU No 21 Tahun 2000 PASAL 15
100210004016,UU No 21 Tahun 2000 PASAL 16
100210004017,UU No 21 Tahun 2000 PASAL 17
100210005018,UU No 21 Tahun 2000 PASAL 18
100210005019,UU No 21 Tahun 2000 PASAL 19
100210005020,UU No 21 Tahun 2000 PASAL 20
100210005021,UU No 21 Tahun 2000 PASAL 21
100210005022,UU No 21 Tahun 2000 PASAL 22
100210005023,UU No 21 Tahun 2000 PASAL 23
100210005024,UU No 21 Tahun 2000 PASAL 24
100210006025,UU No 21 Tahun 2000 PASAL 25
100210006026,UU No 21 Tahun 2000 PASAL 26
100210006027,UU No 21 Tahun 2000 PASAL 27
100210007028,UU No 21 Tahun 2000 PASAL 28
100210007029,UU No 21 Tahun 2000 PASAL 29
100210008030,UU No 21 Tahun 2000 PASAL 30
100210008031,UU No 21 Tahun 2000 PASAL 31
100210008032,UU No 21 Tahun 2000 PASAL 32
100210008033,UU No 21 Tahun 2000 PASAL 33
100210008034,UU No 21 Tahun 2000 PASAL 34
100210009035,UU No 21 Tahun 2000 PASAL 35
100210009036,UU No 21 Tahun 2000 PASAL 36
100210010037,UU No 21 Tahun 2000 PASAL 37
100210010038,UU No 21 Tahun 2000 PASAL 38
100210010039,UU No 21 Tahun 2000 PASAL 39
100210011040,UU No 21 Tahun 2000 PASAL 40
100210011041,UU No 21 Tahun 2000 PASAL 41
100210012042,UU No 21 Tahun 2000 PASAL 42
100210012043,UU No 21 Tahun 2000 PASAL 43
100210013044,UU No 21 Tahun 2000 PASAL 44
100210014045,UU No 21 Tahun 2000 PASAL 45
100210014046,UU No 21 Tahun 2000 PASAL 46
100210015047,UU No 21 Tahun 2000 PASAL 47
100020401001,UU No 2 Tahun 2004 PASAL 1
100020401002,UU No 2 Tahun 2004 PASAL 2
100020401003,UU No 2 Tahun 2004 PASAL 3
100020401004,UU No 2 Tahun 2004 PASAL 4
100020401005,UU No 2 Tahun 2004 PASAL 5
100020402006,UU No 2 Tahun 2004 PASAL 6
100020402007,UU No 2 Tahun 2004 PASAL 7
100020402008,UU No 2 Tahun 2004 PASAL 8
100020402009,UU No 2 Tahun 2004 PASAL 9
100020402010,UU No 2 Tahun 2004 PASAL 10
100020402011,UU No 2 Tahun 2004 PASAL 11
100020402012,UU No 2 Tahun 2004 PASAL 12
100020402013,UU No 2 Tahun 2004 PASAL 13
100020402014,UU No 2 Tahun 2004 PASAL 14
100020402015,UU No 2 Tahun 2004 PASAL 15
100020402016,UU No 2 Tahun 2004 PASAL 16
100020402017,UU No 2 Tahun 2004 PASAL 17
100020402018,UU No 2 Tahun 2004 PASAL 18
100020402019,UU No 2 Tahun 2004 PASAL 19
100020402020,UU No 2 Tahun 2004 PASAL 20
100020402021,UU No 2 Tahun 2004 PASAL 21
100020402022,UU No 2 Tahun 2004 PASAL 22
100020402024,UU No 2 Tahun 2004 PASAL 24
100020402025,UU No 2 Tahun 2004 PASAL 25
100020402026,UU No 2 Tahun 2004 PASAL 26
100020402027,UU No 2 Tahun 2004 PASAL 27
100020402028,UU No 2 Tahun 2004 PASAL 28
100020402029,UU No 2 Tahun 2004 PASAL 29
100020402030,UU No 2 Tahun 2004 PASAL 30
100020402031,UU No 2 Tahun 2004 PASAL 31
100020402032,UU No 2 Tahun 2004 PASAL 32
100020402033,UU No 2 Tahun 2004 PASAL 33
100020402034,UU No 2 Tahun 2004 PASAL 34
100020402035,UU No 2 Tahun 2004 PASAL 35
100020402036,UU No 2 Tahun 2004 PASAL 36
100020402037,UU No 2 Tahun 2004 PASAL 37
100020402038,UU No 2 Tahun 2004 PASAL 38
100020402039,UU No 2 Tahun 2004 PASAL 39
100020402040,UU No 2 Tahun 2004 PASAL 40
100020402041,UU No 2 Tahun 2004 PASAL 41
100020402042,UU No 2 Tahun 2004 PASAL 42
100020402043,UU No 2 Tahun 2004 PASAL 43
100020402044,UU No 2 Tahun 2004 PASAL 44
100020402045,UU No 2 Tahun 2004 PASAL 45
100020402046,UU No 2 Tahun 2004 PASAL 46
100020402047,UU No 2 Tahun 2004 PASAL 47
100020402048,UU No 2 Tahun 2004 PASAL 48
100020402049,UU No 2 Tahun 2004 PASAL 49
100020402050,UU No 2 Tahun 2004 PASAL 50
100020402051,UU No 2 Tahun 2004 PASAL 51
100020402052,UU No 2 Tahun 2004 PASAL 52
100020402053,UU No 2 Tahun 2004 PASAL 53
100020402054,UU No 2 Tahun 2004 PASAL 54
100020403055,UU No 2 Tahun 2004 PASAL 55
100020403056,UU No 2 Tahun 2004 PASAL 56
100020403057,UU No 2 Tahun 2004 PASAL 57
100020403058,UU No 2 Tahun 2004 PASAL 58
100020403059,UU No 2 Tahun 2004 PASAL 59
100020403060,UU No 2 Tahun 2004 PASAL 60
100020403061,UU No 2 Tahun 2004 PASAL 61
100020403062,UU No 2 Tahun 2004 PASAL 62
100020403063,UU No 2 Tahun 2004 PASAL 63
100020403064,UU No 2 Tahun 2004 PASAL 64
100020403065,UU No 2 Tahun 2004 PASAL 65
100020403066,UU No 2 Tahun 2004 PASAL 66
100020403067,UU No 2 Tahun 2004 PASAL 67
100020403068,UU No 2 Tahun 2004 PASAL 68
100020403069,UU No 2 Tahun 2004 PASAL 69
100020403070,UU No 2 Tahun 2004 PASAL 70
100020403071,UU No 2 Tahun 2004 PASAL 71
100020403072,UU No 2 Tahun 2004 PASAL 72
100020403073,UU No 2 Tahun 2004 PASAL 73
100020403074,UU No 2 Tahun 2004 PASAL 74
100020403075,UU No 2 Tahun 2004 PASAL 75
100020403077,UU No 2 Tahun 2004 PASAL 77
100020403078,UU No 2 Tahun 2004 PASAL 78
100020403079,UU No 2 Tahun 2004 PASAL 79
100020403080,UU No 2 Tahun 2004 PASAL 80
100020404081,UU No 2 Tahun 2004 PASAL 81
100020404082,UU No 2 Tahun 2004 PASAL 82
100020404083,UU No 2 Tahun 2004 PASAL 83
100020404084,UU No 2 Tahun 2004 PASAL 84
100020404085,UU No 2 Tahun 2004 PASAL 85
100020404086,UU No 2 Tahun 2004 PASAL 86
100020404087,UU No 2 Tahun 2004 PASAL 87
100020404088,UU No 2 Tahun 2004 PASAL 88
100020404089,UU No 2 Tahun 2004 PASAL 89
100020404090,UU No 2 Tahun 2004 PASAL 90
100020404091,UU No 2 Tahun 2004 PASAL 91
100020404092,UU No 2 Tahun 2004 PASAL 92
100020404093,UU No 2 Tahun 2004 PASAL 93
100020404094,UU No 2 Tahun 2004 PASAL 94
100020404095,UU No 2 Tahun 2004 PASAL 95
100020404096,UU No 2 Tahun 2004 PASAL 96
100020404097,UU No 2 Tahun 2004 PASAL 97
100020404098,UU No 2 Tahun 2004 PASAL 98
100020404099,UU No 2 Tahun 2004 PASAL 99
100020404100,UU No 2 Tahun 2004 PASAL 100
100020404101,UU No 2 Tahun 2004 PASAL 101
100020404102,UU No 2 Tahun 2004 PASAL 102
100020404103,UU No 2 Tahun 2004 PASAL 103
100020404104,UU No 2 Tahun 2004 PASAL 104
100020404105,UU No 2 Tahun 2004 PASAL 105
100020404107,UU No 2 Tahun 2004 PASAL 107
100020404108,UU No 2 Tahun 2004 PASAL 108
100020404109,UU No 2 Tahun 2004 PASAL 109
100020404110,UU No 2 Tahun 2004 PASAL 110
100020404111,UU No 2 Tahun 2004 PASAL 111
100020404112,UU No 2 Tahun 2004 PASAL 112
100020404113,UU No 2 Tahun 2004 PASAL 113
100020404114,UU No 2 Tahun 2004 PASAL 114
100020404115,UU No 2 Tahun 2004 PASAL 115
100020405116,UU No 2 Tahun 2004 PASAL 116
100020405117,UU No 2 Tahun 2004 PASAL 117
100020405118,UU No 2 Tahun 2004 PASAL 118
100020405119,UU No 2 Tahun 2004 PASAL 119
100020405120,UU No 2 Tahun 2004 PASAL 120
100020405121,UU No 2 Tahun 2004 PASAL 121
100020405122,UU No 2 Tahun 2004 PASAL 122
100020406123,UU No 2 Tahun 2004 PASAL 123
100020407124,UU No 2 Tahun 2004 PASAL 124
100020408125,UU No 2 Tahun 2004 PASAL 125
100020408126,UU No 2 Tahun 2004 PASAL 126
100400401001,UU No 40 Tahun 2004 PASAL 1
100400402002,UU No 40 Tahun 2004 PASAL 2
100400402003,UU No 40 Tahun 2004 PASAL 3
100400402004,UU No 40 Tahun 2004 PASAL 4
100400403005,UU No 40 Tahun 2004 PASAL 5
100400404006,UU No 40 Tahun 2004 PASAL 6
100400404007,UU No 40 Tahun 2004 PASAL 7
100400404008,UU No 40 Tahun 2004 PASAL 8
100400404009,UU No 40 Tahun 2004 PASAL 9
100400404010,UU No 40 Tahun 2004 PASAL 10
100400404011,UU No 40 Tahun 2004 PASAL 11
100400404012,UU No 40 Tahun 2004 PASAL 12
100400405013,UU No 40 Tahun 2004 PASAL 13
100400405014,UU No 40 Tahun 2004 PASAL 14
100400405015,UU No 40 Tahun 2004 PASAL 15
100400405016,UU No 40 Tahun 2004 PASAL 16
100400405017,UU No 40 Tahun 2004 PASAL 17
100400406018,UU No 40 Tahun 2004 PASAL 18
100400406019,UU No 40 Tahun 2004 PASAL 19
100400406020,UU No 40 Tahun 2004 PASAL 20
100400406021,UU No 40 Tahun 2004 PASAL 21
100400406022,UU No 40 Tahun 2004 PASAL 22
100400406023,UU No 40 Tahun 2004 PASAL 23
100400406024,UU No 40 Tahun 2004 PASAL 24
100400406025,UU No 40 Tahun 2004 PASAL 25
100400406026,UU No 40 Tahun 2004 PASAL 26
100400406027,UU No 40 Tahun 2004 PASAL 27
100400406028,UU No 40 Tahun 2004 PASAL 28
100400406029,UU No 40 Tahun 2004 PASAL 29
100400406030,UU No 40 Tahun 2004 PASAL 30
100400406031,UU No 40 Tahun 2004 PASAL 31
100400406032,UU No 40 Tahun 2004 PASAL 32
100400406033,UU No 40 Tahun 2004 PASAL 33
100400406034,UU No 40 Tahun 2004 PASAL 34
100400406035,UU No 40 Tahun 2004 PASAL 35
100400406036,UU No 40 Tahun 2004 PASAL 36
100400406037,UU No 40 Tahun 2004 PASAL 37
100400406038,UU No 40 Tahun 2004 PASAL 38
100400406039,UU No 40 Tahun 2004 PASAL 39
100400406040,UU No 40 Tahun 2004 PASAL 40
100400406041,UU No 40 Tahun 2004 PASAL 41
100400406042,UU No 40 Tahun 2004 PASAL 42
100400406043,UU No 40 Tahun 2004 PASAL 43
100400406044,UU No 40 Tahun 2004 PASAL 44
100400406045,UU No 40 Tahun 2004 PASAL 45
100400406046,UU No 40 Tahun 2004 PASAL 46
100400407047,UU No 40 Tahun 2004 PASAL 47
100400407048,UU No 40 Tahun 2004 PASAL 48
100400407049,UU No 40 Tahun 2004 PASAL 49
100400407050,UU No 40 Tahun 2004 PASAL 50
100400407051,UU No 40 Tahun 2004 PASAL 51
100400408052,UU No 40 Tahun 2004 PASAL 52
100400409053,UU No 40 Tahun 2004 PASAL 53
100400704063,UU No 40 Tahun 2007 PASAL 63
100400704064,UU No 40 Tahun 2007 PASAL 64
100400704065,UU No 40 Tahun 2007 PASAL 65
100400704066,UU No 40 Tahun 2007 PASAL 66
100400704067,UU No 40 Tahun 2007 PASAL 67
100400704068,UU No 40 Tahun 2007 PASAL 68
100400704069,UU No 40 Tahun 2007 PASAL 69
100400704070,UU No 40 Tahun 2007 PASAL 70
100400704071,UU No 40 Tahun 2007 PASAL 71
100400704072,UU No 40 Tahun 2007 PASAL 72
100400704073,UU No 40 Tahun 2007 PASAL 73
100400705074,UU No 40 Tahun 2007 PASAL 74
100400706075,UU No 40 Tahun 2007 PASAL 75
100400706076,UU No 40 Tahun 2007 PASAL 76
100400706077,UU No 40 Tahun 2007 PASAL 77
100400706078,UU No 40 Tahun 2007 PASAL 78
100400706079,UU No 40 Tahun 2007 PASAL 79
100400706080,UU No 40 Tahun 2007 PASAL 80
100400706081,UU No 40 Tahun 2007 PASAL 81
100400706082,UU No 40 Tahun 2007 PASAL 82
100400706083,UU No 40 Tahun 2007 PASAL 83
100400706084,UU No 40 Tahun 2007 PASAL 84
100400706085,UU No 40 Tahun 2007 PASAL 85
100400706086,UU No 40 Tahun 2007 PASAL 86
100400706087,UU No 40 Tahun 2007 PASAL 87
100400706088,UU No 40 Tahun 2007 PASAL 88
100400706089,UU No 40 Tahun 2007 PASAL 89
100400706090,UU No 40 Tahun 2007 PASAL 90
100400706091,UU No 40 Tahun 2007 PASAL 91
100400707092,UU No 40 Tahun 2007 PASAL 92
100400707093,UU No 40 Tahun 2007 PASAL 93
100400707094,UU No 40 Tahun 2007 PASAL 94
100400707095,UU No 40 Tahun 2007 PASAL 95
100400707096,UU No 40 Tahun 2007 PASAL 96
100400707097,UU No 40 Tahun 2007 PASAL 97
100400707098,UU No 40 Tahun 2007 PASAL 98
100400707099,UU No 40 Tahun 2007 PASAL 99
100400707100,UU No 40 Tahun 2007 PASAL 100
100400707101,UU No 40 Tahun 2007 PASAL 101
100400707102,UU No 40 Tahun 2007 PASAL 102
100400707103,UU No 40 Tahun 2007 PASAL 103
100400707104,UU No 40 Tahun 2007 PASAL 104
100400707105,UU No 40 Tahun 2007 PASAL 105
100400707106,UU No 40 Tahun 2007 PASAL 106
100400707107,UU No 40 Tahun 2007 PASAL 107
100400707108,UU No 40 Tahun 2007 PASAL 108
100400707109,UU No 40 Tahun 2007 PASAL 109
100400707110,UU No 40 Tahun 2007 PASAL 110
100400707111,UU No 40 Tahun 2007 PASAL 111
100400707112,UU No 40 Tahun 2007 PASAL 112
100400707113,UU No 40 Tahun 2007 PASAL 113
100400707114,UU No 40 Tahun 2007 PASAL 114
100400707115,UU No 40 Tahun 2007 PASAL 115
100400707116,UU No 40 Tahun 2007 PASAL 116
100400707117,UU No 40 Tahun 2007 PASAL 117
100400707118,UU No 40 Tahun 2007 PASAL 118
100400707119,UU No 40 Tahun 2007 PASAL 119
100400707120,UU No 40 Tahun 2007 PASAL 120
100400707121,UU No 40 Tahun 2007 PASAL 121
100400708122,UU No 40 Tahun 2007 PASAL 122
100400708123,UU No 40 Tahun 2007 PASAL 123
100400708124,UU No 40 Tahun 2007 PASAL 124
100400708125,UU No 40 Tahun 2007 PASAL 125
100400708126,UU No 40 Tahun 2007 PASAL 126
100400708127,UU No 40 Tahun 2007 PASAL 127
100400708128,UU No 40 Tahun 2007 PASAL 128
100400708129,UU No 40 Tahun 2007 PASAL 129
100400708130,UU No 40 Tahun 2007 PASAL 130
100400708131,UU No 40 Tahun 2007 PASAL 131
100400708132,UU No 40 Tahun 2007 PASAL 132
100400708133,UU No 40 Tahun 2007 PASAL 133
100400708134,UU No 40 Tahun 2007 PASAL 134
100400708135,UU No 40 Tahun 2007 PASAL 135
100400708136,UU No 40 Tahun 2007 PASAL 136
100400708137,UU No 40 Tahun 2007 PASAL 137
100400709138,UU No 40 Tahun 2007 PASAL 138
100400709139,UU No 40 Tahun 2007 PASAL 139
100400709140,UU No 40 Tahun 2007 PASAL 140
100400709141,UU No 40 Tahun 2007 PASAL 141
100400710142,UU No 40 Tahun 2007 PASAL 142
100400710143,UU No 40 Tahun 2007 PASAL 143
100400710144,UU No 40 Tahun 2007 PASAL 144
100400710145,UU No 40 Tahun 2007 PASAL 145
100400710146,UU No 40 Tahun 2007 PASAL 146
100400710147,UU No 40 Tahun 2007 PASAL 147
100400710148,UU No 40 Tahun 2007 PASAL 148
100400710149,UU No 40 Tahun 2007 PASAL 149
100400710150,UU No 40 Tahun 2007 PASAL 150
100400710151,UU No 40 Tahun 2007 PASAL 151
100400710152,UU No 40 Tahun 2007 PASAL 152
100400711153,UU No 40 Tahun 2007 PASAL 153
100400712154,UU No 40 Tahun 2007 PASAL 154
100400712155,UU No 40 Tahun 2007 PASAL 155
100400712156,UU No 40 Tahun 2007 PASAL 156
100400713157,UU No 40 Tahun 2007 PASAL 157
100400713158,UU No 40 Tahun 2007 PASAL 158
100400714159,UU No 40 Tahun 2007 PASAL 159
100400714160,UU No 40 Tahun 2007 PASAL 160
100400714161,UU No 40 Tahun 2007 PASAL 161
100059903004,UU No 5 Tahun 1999 PASAL 4
100059903006,UU No 5 Tahun 1999 PASAL 6
100059903014,UU No 5 Tahun 1999 PASAL 14
100059904018,UU No 5 Tahun 1999 PASAL 18
100059904023,UU No 5 Tahun 1999 PASAL 23
100059905026,UU No 5 Tahun 1999 PASAL 26
100059905028,UU No 5 Tahun 1999 PASAL 28
100059906030,UU No 5 Tahun 1999 PASAL 30
100059906031,UU No 5 Tahun 1999 PASAL 31
100059906032,UU No 5 Tahun 1999 PASAL 32
100059906033,UU No 5 Tahun 1999 PASAL 33
100059906034,UU No 5 Tahun 1999 PASAL 34
100059906035,UU No 5 Tahun 1999 PASAL 35
100059906036,UU No 5 Tahun 1999 PASAL 37
100059907039,UU No 5 Tahun 1999 PASAL 39
100059907042,UU No 5 Tahun 1999 PASAL 42
100059907043,UU No 5 Tahun 1999 PASAL 43
100059907044,UU No 5 Tahun 1999 PASAL 44
100059907046,UU No 5 Tahun 1999 PASAL 46
100059908047,UU No 5 Tahun 1999 PASAL 47
100059908049,UU No 5 Tahun 1999 PASAL 49
100059909050,UU No 5 Tahun 1999 PASAL 50
100059910053,UU No 5 Tahun 1999 PASAL 53
100089901001,UU No 8 Tahun 1999 PASAL 1
100089902002,UU No 8 Tahun 1999 PASAL 2
100089902003,UU No 8 Tahun 1999 PASAL 3
100089903004,UU No 8 Tahun 1999 PASAL 4
100089903005,UU No 8 Tahun 1999 PASAL 5
100089903006,UU No 8 Tahun 1999 PASAL 6
100089903007,UU No 8 Tahun 1999 PASAL 7
100089904008,UU No 8 Tahun 1999 PASAL 8
100089904009,UU No 8 Tahun 1999 PASAL 9
100089904010,UU No 8 Tahun 1999 PASAL 10
100089904011,UU No 8 Tahun 1999 PASAL 11
100089904012,UU No 8 Tahun 1999 PASAL 12
100089904013,UU No 8 Tahun 1999 PASAL 13
100089904014,UU No 8 Tahun 1999 PASAL 14
100089904015,UU No 8 Tahun 1999 PASAL 15
100089904016,UU No 8 Tahun 1999 PASAL 16
100089904017,UU No 8 Tahun 1999 PASAL 17
100089905018,UU No 8 Tahun 1999 PASAL 18
100089906019,UU No 8 Tahun 1999 PASAL 19
100089906020,UU No 8 Tahun 1999 PASAL 20
100089906021,UU No 8 Tahun 1999 PASAL 21
100089906022,UU No 8 Tahun 1999 PASAL 22
100089906023,UU No 8 Tahun 1999 PASAL 23
100089906024,UU No 8 Tahun 1999 PASAL 24
100089906025,UU No 8 Tahun 1999 PASAL 25
100089906026,UU No 8 Tahun 1999 PASAL 26
100089906027,UU No 8 Tahun 1999 PASAL 27
100089906028,UU No 8 Tahun 1999 PASAL 28
100089907029,UU No 8 Tahun 1999 PASAL 29
100089907030,UU No 8 Tahun 1999 PASAL 30
100089908031,UU No 8 Tahun 1999 PASAL 31
100089908032,UU No 8 Tahun 1999 PASAL 32
100089908033,UU No 8 Tahun 1999 PASAL 33
100089908034,UU No 8 Tahun 1999 PASAL 34
100089908035,UU No 8 Tahun 1999 PASAL 35
100089908036,UU No 8 Tahun 1999 PASAL 36
100089908037,UU No 8 Tahun 1999 PASAL 37
100089908038,UU No 8 Tahun 1999 PASAL 38
100089908039,UU No 8 Tahun 1999 PASAL 39
100089908040,UU No 8 Tahun 1999 PASAL 40
100089908041,UU No 8 Tahun 1999 PASAL 41
100089908042,UU No 8 Tahun 1999 PASAL 42
100089908043,UU No 8 Tahun 1999 PASAL 43
100089909044,UU No 8 Tahun 1999 PASAL 44
100089910045,UU No 8 Tahun 1999 PASAL 45
100089910046,UU No 8 Tahun 1999 PASAL 46
100089910047,UU No 8 Tahun 1999 PASAL 47
100089910048,UU No 8 Tahun 1999 PASAL 48
100089911049,UU No 8 Tahun 1999 PASAL 49
100089911050,UU No 8 Tahun 1999 PASAL 50
100089911051,UU No 8 Tahun 1999 PASAL 51
100089911052,UU No 8 Tahun 1999 PASAL 52
100089911053,UU No 8 Tahun 1999 PASAL 53
100089911054,UU No 8 Tahun 1999 PASAL 54
100089911055,UU No 8 Tahun 1999 PASAL 55
100089911056,UU No 8 Tahun 1999 PASAL 56
100089911057,UU No 8 Tahun 1999 PASAL 57
100089911058,UU No 8 Tahun 1999 PASAL 58
100089912059,UU No 8 Tahun 1999 PASAL 59
100089913060,UU No 8 Tahun 1999 PASAL 60
100089913061,UU No 8 Tahun 1999 PASAL 61
100089913062,UU No 8 Tahun 1999 PASAL 62
100089913063,UU No 8 Tahun 1999 PASAL 63
100089914064,UU No 8 Tahun 1999 PASAL 64
100089915065,UU No 8 Tahun 1999 PASAL 65
100081601001,UU No 8 Tahun 2016 PASAL 1
100081601002,UU No 8 Tahun 2016 PASAL 2
100081601003,UU No 8 Tahun 2016 PASAL 3
100081602004,UU No 8 Tahun 2016 PASAL 4
100081603005,UU No 8 Tahun 2016 PASAL 5
100081603006,UU No 8 Tahun 2016 PASAL 6
100081603007,UU No 8 Tahun 2016 PASAL 7
100081603008,UU No 8 Tahun 2016 PASAL 8
100081603009,UU No 8 Tahun 2016 PASAL 9
100081603010,UU No 8 Tahun 2016 PASAL 10
100081603011,UU No 8 Tahun 2016 PASAL 11
100081603012,UU No 8 Tahun 2016 PASAL 12
100081603013,UU No 8 Tahun 2016 PASAL 13
100081603014,UU No 8 Tahun 2016 PASAL 14
100081603015,UU No 8 Tahun 2016 PASAL 15
100081603016,UU No 8 Tahun 2016 PASAL 16
100081603017,UU No 8 Tahun 2016 PASAL 17
100081603018,UU No 8 Tahun 2016 PASAL 18
100081603019,UU No 8 Tahun 2016 PASAL 19
100081603020,UU No 8 Tahun 2016 PASAL 20
100081603021,UU No 8 Tahun 2016 PASAL 21
100081603022,UU No 8 Tahun 2016 PASAL 22
100081603023,UU No 8 Tahun 2016 PASAL 23
100081603024,UU No 8 Tahun 2016 PASAL 24
100081603025,UU No 8 Tahun 2016 PASAL 25
100081603026,UU No 8 Tahun 2016 PASAL 26
100081604027,UU No 8 Tahun 2016 PASAL 27
100081604028,UU No 8 Tahun 2016 PASAL 28
100081604029,UU No 8 Tahun 2016 PASAL 29
100081604030,UU No 8 Tahun 2016 PASAL 30
100081604031,UU No 8 Tahun 2016 PASAL 31
100081604032,UU No 8 Tahun 2016 PASAL 32
100081604033,UU No 8 Tahun 2016 PASAL 33
100081604034,UU No 8 Tahun 2016 PASAL 34
100081604035,UU No 8 Tahun 2016 PASAL 35
100081604036,UU No 8 Tahun 2016 PASAL 36
100081604037,UU No 8 Tahun 2016 PASAL 37
100081604038,UU No 8 Tahun 2016 PASAL 38
100081604039,UU No 8 Tahun 2016 PASAL 39
100081604040,UU No 8 Tahun 2016 PASAL 40
100081604041,UU No 8 Tahun 2016 PASAL 41
100081604042,UU No 8 Tahun 2016 PASAL 42
100081604043,UU No 8 Tahun 2016 PASAL 43
100081604044,UU No 8 Tahun 2016 PASAL 44
100081604045,UU No 8 Tahun 2016 PASAL 45
100081604046,UU No 8 Tahun 2016 PASAL 46
100081604047,UU No 8 Tahun 2016 PASAL 47
100081604048,UU No 8 Tahun 2016 PASAL 48
100081604049,UU No 8 Tahun 2016 PASAL 49
100081604050,UU No 8 Tahun 2016 PASAL 50
100081604051,UU No 8 Tahun 2016 PASAL 51
100081604052,UU No 8 Tahun 2016 PASAL 52
100081604053,UU No 8 Tahun 2016 PASAL 53
100081604054,UU No 8 Tahun 2016 PASAL 54
100081604055,UU No 8 Tahun 2016 PASAL 55
100081604056,UU No 8 Tahun 2016 PASAL 56
100081604057,UU No 8 Tahun 2016 PASAL 57
100081604058,UU No 8 Tahun 2016 PASAL 58
100081604059,UU No 8 Tahun 2016 PASAL 59
100081604060,UU No 8 Tahun 2016 PASAL 60
100081604061,UU No 8 Tahun 2016 PASAL 61
100081604062,UU No 8 Tahun 2016 PASAL 62
100081604063,UU No 8 Tahun 2016 PASAL 63
100081604064,UU No 8 Tahun 2016 PASAL 64
100081604065,UU No 8 Tahun 2016 PASAL 65
100081604066,UU No 8 Tahun 2016 PASAL 66
100081604067,UU No 8 Tahun 2016 PASAL 67
100081604068,UU No 8 Tahun 2016 PASAL 68
100081604069,UU No 8 Tahun 2016 PASAL 69
100081604070,UU No 8 Tahun 2016 PASAL 70
100081604071,UU No 8 Tahun 2016 PASAL 71
100081604072,UU No 8 Tahun 2016 PASAL 72
100081604073,UU No 8 Tahun 2016 PASAL 73
100081604074,UU No 8 Tahun 2016 PASAL 74
100081604075,UU No 8 Tahun 2016 PASAL 75
100081604076,UU No 8 Tahun 2016 PASAL 76
100081604077,UU No 8 Tahun 2016 PASAL 77
100081604078,UU No 8 Tahun 2016 PASAL 78
100081604079,UU No 8 Tahun 2016 PASAL 79
100081604080,UU No 8 Tahun 2016 PASAL 80
100081604081,UU No 8 Tahun 2016 PASAL 81
100081604082,UU No 8 Tahun 2016 PASAL 82
100081604083,UU No 8 Tahun 2016 PASAL 83
100081604084,UU No 8 Tahun 2016 PASAL 84
100081604085,UU No 8 Tahun 2016 PASAL 85
100081604086,UU No 8 Tahun 2016 PASAL 86
100081604087,UU No 8 Tahun 2016 PASAL 87
100081604088,UU No 8 Tahun 2016 PASAL 88
100081604089,UU No 8 Tahun 2016 PASAL 89
100081604090,UU No 8 Tahun 2016 PASAL 90
100081604091,UU No 8 Tahun 2016 PASAL 91
100081604092,UU No 8 Tahun 2016 PASAL 92
100081604093,UU No 8 Tahun 2016 PASAL 93
100081604094,UU No 8 Tahun 2016 PASAL 94
100081604095,UU No 8 Tahun 2016 PASAL 95
100081604096,UU No 8 Tahun 2016 PASAL 96
100081604097,UU No 8 Tahun 2016 PASAL 97
100081604098,UU No 8 Tahun 2016 PASAL 98
100081604099,UU No 8 Tahun 2016 PASAL 99
100081604100,UU No 8 Tahun 2016 PASAL 100
100081604101,UU No 8 Tahun 2016 PASAL 101
100081604102,UU No 8 Tahun 2016 PASAL 102
100081604103,UU No 8 Tahun 2016 PASAL 103
100081604104,UU No 8 Tahun 2016 PASAL 104
100081604105,UU No 8 Tahun 2016 PASAL 105
100081604106,UU No 8 Tahun 2016 PASAL 106
100081604107,UU No 8 Tahun 2016 PASAL 107
100081604108,UU No 8 Tahun 2016 PASAL 108
100081604109,UU No 8 Tahun 2016 PASAL 109
100081604110,UU No 8 Tahun 2016 PASAL 110
100081604111,UU No 8 Tahun 2016 PASAL 111
100081604112,UU No 8 Tahun 2016 PASAL 112
100081604113,UU No 8 Tahun 2016 PASAL 113
100081604114,UU No 8 Tahun 2016 PASAL 114
100081604115,UU No 8 Tahun 2016 PASAL 115
100081604116,UU No 8 Tahun 2016 PASAL 116
100081604117,UU No 8 Tahun 2016 PASAL 117
100081604118,UU No 8 Tahun 2016 PASAL 118
100081604119,UU No 8 Tahun 2016 PASAL 119
100081604120,UU No 8 Tahun 2016 PASAL 120
100081604121,UU No 8 Tahun 2016 PASAL 121
100081604122,UU No 8 Tahun 2016 PASAL 122
100081604123,UU No 8 Tahun 2016 PASAL 123
100081604124,UU No 8 Tahun 2016 PASAL 124
100081604125,UU No 8 Tahun 2016 PASAL 125
100081604126,UU No 8 Tahun 2016 PASAL 126
100081604127,UU No 8 Tahun 2016 PASAL 127
100081604128,UU No 8 Tahun 2016 PASAL 128
100081605129,UU No 8 Tahun 2016 PASAL 129
100081605130,UU No 8 Tahun 2016 PASAL 130
100081606131,UU No 8 Tahun 2016 PASAL 131
100081606132,UU No 8 Tahun 2016 PASAL 132
100081606133,UU No 8 Tahun 2016 PASAL 133
100081606134,UU No 8 Tahun 2016 PASAL 134
100081607135,UU No 8 Tahun 2016 PASAL 135
100081608136,UU No 8 Tahun 2016 PASAL 136
100081608137,UU No 8 Tahun 2016 PASAL 137
100081609138,UU No 8 Tahun 2016 PASAL 138
100081609139,UU No 8 Tahun 2016 PASAL 139
100081609140,UU No 8 Tahun 2016 PASAL 140
100081609141,UU No 8 Tahun 2016 PASAL 141
100081610142,UU No 8 Tahun 2016 PASAL 142
100081610143,UU No 8 Tahun 2016 PASAL 143
100081611144,UU No 8 Tahun 2016 PASAL 144
100081611145,UU No 8 Tahun 2016 PASAL 145
100081612146,UU No 8 Tahun 2016 PASAL 146
100081612147,UU No 8 Tahun 2016 PASAL 147
100081613148,UU No 8 Tahun 2016 PASAL 148
100081613149,UU No 8 Tahun 2016 PASAL 149
100081613150,UU No 8 Tahun 2016 PASAL 150
100081613151,UU No 8 Tahun 2016 PASAL 151
100081613152,UU No 8 Tahun 2016 PASAL 152
100081613153,UU No 8 Tahun 2016 PASAL 153
211471700001,PERMEN BUMN No 1147 Tahun 2017 PASAL 1
211471700002,PERMEN BUMN No 1147 Tahun 2017 PASAL 2
211471700003,PERMEN BUMN No 1147 Tahun 2017 PASAL 3
211471700004,PERMEN BUMN No 1147 Tahun 2017 PASAL 4
211471700005,PERMEN BUMN No 1147 Tahun 2017 PASAL 5
211471700006,PERMEN BUMN No 1147 Tahun 2017 PASAL 6
211471700007,PERMEN BUMN No 1147 Tahun 2017 PASAL 7
211471700008,PERMEN BUMN No 1147 Tahun 2017 PASAL 8
211471700009,PERMEN BUMN No 1147 Tahun 2017 PASAL 9
211471700010,PERMEN BUMN No 1147 Tahun 2017 PASAL 10
211471700011,PERMEN BUMN No 1147 Tahun 2017 PASAL 11
211471700012,PERMEN BUMN No 1147 Tahun 2017 PASAL 12
211471700013,PERMEN BUMN No 1147 Tahun 2017 PASAL 13
211471700014,PERMEN BUMN No 1147 Tahun 2017 PASAL 14
211471700015,PERMEN BUMN No 1147 Tahun 2017 PASAL 15
211961900001,PERMEN BUMN No 1196 Tahun 2019 PASAL 1
211961900002,PERMEN BUMN No 1196 Tahun 2019 PASAL 2
211961900003,PERMEN BUMN No 1196 Tahun 2019 PASAL 3
211961900004,PERMEN BUMN No 1196 Tahun 2019 PASAL 4
211961900005,PERMEN BUMN No 1196 Tahun 2019 PASAL 5
211961900006,PERMEN BUMN No 1196 Tahun 2019 PASAL 6
211961900007,PERMEN BUMN No 1196 Tahun 2019 PASAL 7
217011500001,PERMEN BUMN No 1701 Tahun 2015 PASAL 1
217011500002,PERMEN BUMN No 1701 Tahun 2015 PASAL 2
217011500003,PERMEN BUMN No 1701 Tahun 2015 PASAL 3
217021500001,PERMEN BUMN No 1702 Tahun 2015 PASAL 1
217021500002,PERMEN BUMN No 1702 Tahun 2015 PASAL 2
217021500003,PERMEN BUMN No 1702 Tahun 2015 PASAL 3
217021500004,PERMEN BUMN No 1702 Tahun 2015 PASAL 4
217601400001,PERMEN BUMN No 1760 Tahun 2014 PASAL 1
217601400002,PERMEN BUMN No 1760 Tahun 2014 PASAL 2
217601400003,PERMEN BUMN No 1760 Tahun 2014 PASAL 3
217601400004,PERMEN BUMN No 1760 Tahun 2014 PASAL 4
203111800001,PERMEN BUMN No 311 Tahun 2018 PASAL 1
203111800002,PERMEN BUMN No 311 Tahun 2018 PASAL 2
203111800003,PERMEN BUMN No 311 Tahun 2018 PASAL 3
203111800004,PERMEN BUMN No 311 Tahun 2018 PASAL 4
203111800005,PERMEN BUMN No 311 Tahun 2018 PASAL 5
204131400001,PERMEN BUMN No 413 Tahun 2014 PASAL 1
204131400002,PERMEN BUMN No 413 Tahun 2014 PASAL 2
204131400003,PERMEN BUMN No 413 Tahun 2014 PASAL 3
204131400004,PERMEN BUMN No 413 Tahun 2014 PASAL 4
204141400001,PERMEN BUMN No 414 Tahun 2014 PASAL 1
204141400002,PERMEN BUMN No 414 Tahun 2014 PASAL 2
204141400003,PERMEN BUMN No 414 Tahun 2014 PASAL 3
204141400004,PERMEN BUMN No 414 Tahun 2014 PASAL 4
204141400005,PERMEN BUMN No 414 Tahun 2014 PASAL 5
208352200015,PERMEN BUMN No 835 Tahun 2022 PASAL 15
208352200016,PERMEN BUMN No 835 Tahun 2022 PASAL 16
208352200017,PERMEN BUMN No 835 Tahun 2022 PASAL 17
208352200018,PERMEN BUMN No 835 Tahun 2022 PASAL 18
208352200019,PERMEN BUMN No 835 Tahun 2022 PASAL 19
208352200020,PERMEN BUMN No 835 Tahun 2022 PASAL 20
208352200021,PERMEN BUMN No 835 Tahun 2022 PASAL 21
208352200022,PERMEN BUMN No 835 Tahun 2022 PASAL 22
208352200023,PERMEN BUMN No 835 Tahun 2022 PASAL 23
208352200024,PERMEN BUMN No 835 Tahun 2022 PASAL 24
208352200025,PERMEN BUMN No 835 Tahun 2022 PASAL 25
209342100002,PERMEN BUMN No 934 Tahun 2021 PASAL 2
209392200006,PERMEN BUMN No 939 Tahun 2022 PASAL 6
209392200010,PERMEN BUMN No 939 Tahun 2022 PASAL 10
209392200012,PERMEN BUMN No 939 Tahun 2022 PASAL 12
209392200021,PERMEN BUMN No 939 Tahun 2022 PASAL 21
209392200022,PERMEN BUMN No 939 Tahun 2022 PASAL 22
209392200023,PERMEN BUMN No 939 Tahun 2022 PASAL 23
209392200024,PERMEN BUMN No 939 Tahun 2022 PASAL 24
209392200025,PERMEN BUMN No 939 Tahun 2022 PASAL 25
209612200001,PERMEN BUMN No 961 Tahun 2022 PASAL 1
209612200002,PERMEN BUMN No 961 Tahun 2022 PASAL 2
211471700001,PERMEN BUMN No 1147 Tahun 2017 PASAL 1
211471700002,PERMEN BUMN No 1147 Tahun 2017 PASAL 2
211471700003,PERMEN BUMN No 1147 Tahun 2017 PASAL 3
211471700004,PERMEN BUMN No 1147 Tahun 2017 PASAL 4
211471700005,PERMEN BUMN No 1147 Tahun 2017 PASAL 5
211471700006,PERMEN BUMN No 1147 Tahun 2017 PASAL 6
211471700007,PERMEN BUMN No 1147 Tahun 2017 PASAL 7
211471700008,PERMEN BUMN No 1147 Tahun 2017 PASAL 8
211471700009,PERMEN BUMN No 1147 Tahun 2017 PASAL 9
211471700010,PERMEN BUMN No 1147 Tahun 2017 PASAL 10
211471700011,PERMEN BUMN No 1147 Tahun 2017 PASAL 11
211471700012,PERMEN BUMN No 1147 Tahun 2017 PASAL 12
211471700013,PERMEN BUMN No 1147 Tahun 2017 PASAL 13
211471700014,PERMEN BUMN No 1147 Tahun 2017 PASAL 14
211471700015,PERMEN BUMN No 1147 Tahun 2017 PASAL 15
204472100001,PERMEN BUMN No 447 Tahun 2021  PASAL 1
204472100002,PERMEN BUMN No 447 Tahun 2021  PASAL 2
200461800001,PERMEN BUMN No 46 Tahun 2018  PASAL 1
200461800002,PERMEN BUMN No 46 Tahun 2018  PASAL 2
200461800003,PERMEN BUMN No 46 Tahun 2018  PASAL 3
200461800004,PERMEN BUMN No 46 Tahun 2018  PASAL 4
200461800005,PERMEN BUMN No 46 Tahun 2018  PASAL 5
200461800006,PERMEN BUMN No 46 Tahun 2018  PASAL 6
200461800007,PERMEN BUMN No 46 Tahun 2018  PASAL 7
200461800008,PERMEN BUMN No 46 Tahun 2018  PASAL 8
200461800009,PERMEN BUMN No 46 Tahun 2018  PASAL 9
200461800010,PERMEN BUMN No 46 Tahun 2018  PASAL 10
208122100001,PERMEN BUMN No 812 Tahun 2021  PASAL 1
208122100002,PERMEN BUMN No 812 Tahun 2021  PASAL 2
208122100003,PERMEN BUMN No 812 Tahun 2021  PASAL 3
208122100005,PERMEN BUMN No 812 Tahun 2021  PASAL 5
300410300001,PP No 41 Tahun 2003 PASAL 1
300410300002,PP No 41 Tahun 2003 PASAL 2
300410300003,PP No 41 Tahun 2003 PASAL 3
300410300004,PP No 41 Tahun 2003 PASAL 4
300410300005,PP No 41 Tahun 2003 PASAL 5
300410300006,PP No 41 Tahun 2003 PASAL 6
300642300001,PP No 64 Tahun 2023 PASAL 1
300642300002,PP No 64 Tahun 2023 PASAL 2
300642300003,PP No 64 Tahun 2023 PASAL 3
300352100037,PP No 35 Tahun 2021 PASAL 37
300352100038,PP No 35 Tahun 2021 PASAL 38
300352100039,PP No 35 Tahun 2021 PASAL 39
300352100040,PP No 35 Tahun 2021 PASAL 40
300352100041,PP No 35 Tahun 2021 PASAL 41
300352100042,PP No 35 Tahun 2021 PASAL 42
300352100043,PP No 35 Tahun 2021 PASAL 43
300352100044,PP No 35 Tahun 2021 PASAL 44
300352100045,PP No 35 Tahun 2021 PASAL 45
300352100046,PP No 35 Tahun 2021 PASAL 46
300352100047,PP No 35 Tahun 2021 PASAL 47
300352100048,PP No 35 Tahun 2021 PASAL 48
300352100049,PP No 35 Tahun 2021 PASAL 49
300352100050,PP No 35 Tahun 2021 PASAL 50
300352100051,PP No 35 Tahun 2021 PASAL 51
300352100052,PP No 35 Tahun 2021 PASAL 52
300352100053,PP No 35 Tahun 2021 PASAL 53
300352100054,PP No 35 Tahun 2021 PASAL 54
300352100055,PP No 35 Tahun 2021 PASAL 55
300352100056,PP No 35 Tahun 2021 PASAL 56
300352100057,PP No 35 Tahun 2021 PASAL 57
300352100058,PP No 35 Tahun 2021 PASAL 58
300352100059,PP No 35 Tahun 2021 PASAL 59
300197300001,PP No 19 Tahun 1973 PASAL 1
300197300002,PP No 19 Tahun 1973 PASAL 2
300197300003,PP No 19 Tahun 1973 PASAL 3
300197300004,PP No 19 Tahun 1973 PASAL 4
300197300005,PP No 19 Tahun 1973 PASAL 5
300197300006,PP No 19 Tahun 1973 PASAL 6
100182300001,UU No 18 Tahun 2023 PASAL 1
100182300002,UU No 18 Tahun 2023 PASAL 2
100182300003,UU No 18 Tahun 2023 PASAL 3
100182300004,UU No 18 Tahun 2023 PASAL 4
100182300005,UU No 18 Tahun 2023 PASAL 5
100182300006,UU No 18 Tahun 2023 PASAL 6
100182300007,UU No 18 Tahun 2023 PASAL 7
100182300008,UU No 18 Tahun 2023 PASAL 8
100182300009,UU No 18 Tahun 2023 PASAL 9
100182300010,UU No 18 Tahun 2023 Pasal 10
100182300011,UU No 18 Tahun 2023 PASAL 11
100182300012,UU No 18 Tahun 2023 PASAL 12
100182300013,UU No 18 Tahun 2023 PASAL 13
100017000001,UU No 1 Tahun 1970 PASAL 1
100017000002,UU No 1 Tahun 1970 PASAL 2
100017000003,UU No 1 Tahun 1970 PASAL 3
100017000004,UU No 1 Tahun 1970 PASAL 4
100017000005,UU No 1 Tahun 1970 PASAL 5
100017000006,UU No 1 Tahun 1970 PASAL 6
100017000007,UU No 1 Tahun 1970 PASAL 7
100017000008,UU No 1 Tahun 1970 PASAL 8
100017000009,UU No 1 Tahun 1970 PASAL 9
100017000010,UU No 1 Tahun 1970 PASAL 10
100017000011,UU No 1 Tahun 1970 PASAL 11
100017000012,UU No 1 Tahun 1970 PASAL 12
100017000013,UU No 1 Tahun 1970 PASAL 13
100017000014,UU No 1 Tahun 1970 PASAL 14
100017000015,UU No 1 Tahun 1970 PASAL 15
100017000016,UU No 1 Tahun 1970 PASAL 16
100017000017,UU No 1 Tahun 1970 PASAL 17
100017000018,UU No 1 Tahun 1970 PASAL 18
100400700035,UU No 40 Tahun 2007 PASAL 35
100400700036,UU No 40 Tahun 2007 PASAL 36
100400700037,UU No 40 Tahun 2007 PASAL 37
100400700038,UU No 40 Tahun 2007 PASAL 38
100400700039,UU No 40 Tahun 2007 PASAL 39
100400700040,UU No 40 Tahun 2007 PASAL 40
100400700041,UU No 40 Tahun 2007 PASAL 41
100400700042,UU No 40 Tahun 2007 PASAL 42
100400700043,UU No 40 Tahun 2007 PASAL 43
100400700044,UU No 40 Tahun 2007 PASAL 44
100400700045,UU No 40 Tahun 2007 PASAL 45
100400700046,UU No 40 Tahun 2007 PASAL 46
100400700047,UU No 40 Tahun 2007 PASAL 47
100400700048,UU No 40 Tahun 2007 PASAL 48
100400700049,UU No 40 Tahun 2007 PASAL 49
100400700050,UU No 40 Tahun 2007 PASAL 50
100400700051,UU No 40 Tahun 2007 PASAL 51
100400700052,UU No 40 Tahun 2007 PASAL 52
100400700053,UU No 40 Tahun 2007 PASAL 53
100400700054,UU No 40 Tahun 2007 PASAL 54
100400700055,UU No 40 Tahun 2007 PASAL 55
100400700056,UU No 40 Tahun 2007 PASAL 56
100400700057,UU No 40 Tahun 2007 PASAL 57
100400700058,UU No 40 Tahun 2007 PASAL 58
100400700059,UU No 40 Tahun 2007 PASAL 59
100400700060,UU No 40 Tahun 2007 PASAL 60
100400700061,UU No 40 Tahun 2007 PASAL 61
100400700062,UU No 40 Tahun 2007 PASAL 62
100062300001,UU No 6 Tahun 2023 PASAL 1
100062300002,UU No 6 Tahun 2023 PASAL 2
